序号,单词,文件
1,a,C:\GTT\EnglishDB\Words\a\a.md
2,aback,C:\GTT\EnglishDB\Words\a\aback.md
3,abandon,C:\GTT\EnglishDB\Words\a\abandon.md
4,abandoned,C:\GTT\EnglishDB\Words\a\abandoned.md
5,abandonment,C:\GTT\EnglishDB\Words\a\abandonment.md
6,abate,C:\GTT\EnglishDB\Words\a\abate.md
7,abatement,C:\GTT\EnglishDB\Words\a\abatement.md
8,abbreviated,C:\GTT\EnglishDB\Words\a\abbreviated.md
9,abdicate,C:\GTT\EnglishDB\Words\a\abdicate.md
10,abdomen,C:\GTT\EnglishDB\Words\a\abdomen.md
11,abdominal,C:\GTT\EnglishDB\Words\a\abdominal.md
12,abduct,C:\GTT\EnglishDB\Words\a\abduct.md
13,abduction,C:\GTT\EnglishDB\Words\a\abduction.md
14,aberration,C:\GTT\EnglishDB\Words\a\aberration.md
15,abet,C:\GTT\EnglishDB\Words\a\abet.md
16,abhor,C:\GTT\EnglishDB\Words\a\abhor.md
17,abide,C:\GTT\EnglishDB\Words\a\abide.md
18,abiding,C:\GTT\EnglishDB\Words\a\abiding.md
19,ability,C:\GTT\EnglishDB\Words\a\ability.md
20,abject,C:\GTT\EnglishDB\Words\a\abject.md
21,ablaze,C:\GTT\EnglishDB\Words\a\ablaze.md
22,able,C:\GTT\EnglishDB\Words\a\able.md
23,abnormal,C:\GTT\EnglishDB\Words\a\abnormal.md
24,abnormality,C:\GTT\EnglishDB\Words\a\abnormality.md
25,aboard,C:\GTT\EnglishDB\Words\a\aboard.md
26,abolish,C:\GTT\EnglishDB\Words\a\abolish.md
27,abolition,C:\GTT\EnglishDB\Words\a\abolition.md
28,abolitionist,C:\GTT\EnglishDB\Words\a\abolitionist.md
29,abomination,C:\GTT\EnglishDB\Words\a\abomination.md
30,aboriginal,C:\GTT\EnglishDB\Words\a\aboriginal.md
31,abort,C:\GTT\EnglishDB\Words\a\abort.md
32,abortion,C:\GTT\EnglishDB\Words\a\abortion.md
33,abound,C:\GTT\EnglishDB\Words\a\abound.md
34,about,C:\GTT\EnglishDB\Words\a\about.md
35,above,C:\GTT\EnglishDB\Words\a\above.md
36,abrasion,C:\GTT\EnglishDB\Words\a\abrasion.md
37,abrasive,C:\GTT\EnglishDB\Words\a\abrasive.md
38,abreast,C:\GTT\EnglishDB\Words\a\abreast.md
39,abroad,C:\GTT\EnglishDB\Words\a\abroad.md
40,abrupt,C:\GTT\EnglishDB\Words\a\abrupt.md
41,abruptly,C:\GTT\EnglishDB\Words\a\abruptly.md
42,abscess,C:\GTT\EnglishDB\Words\a\abscess.md
43,absence,C:\GTT\EnglishDB\Words\a\absence.md
44,absent,C:\GTT\EnglishDB\Words\a\absent.md
45,absentee,C:\GTT\EnglishDB\Words\a\absentee.md
46,absently,C:\GTT\EnglishDB\Words\a\absently.md
47,absolute,C:\GTT\EnglishDB\Words\a\absolute.md
48,absolutely,C:\GTT\EnglishDB\Words\a\absolutely.md
49,absolve,C:\GTT\EnglishDB\Words\a\absolve.md
50,absorb,C:\GTT\EnglishDB\Words\a\absorb.md
51,absorbing,C:\GTT\EnglishDB\Words\a\absorbing.md
52,absorption,C:\GTT\EnglishDB\Words\a\absorption.md
53,abstain,C:\GTT\EnglishDB\Words\a\abstain.md
54,abstinence,C:\GTT\EnglishDB\Words\a\abstinence.md
55,abstract,C:\GTT\EnglishDB\Words\a\abstract.md
56,abstraction,C:\GTT\EnglishDB\Words\a\abstraction.md
57,absurd,C:\GTT\EnglishDB\Words\a\absurd.md
58,absurdity,C:\GTT\EnglishDB\Words\a\absurdity.md
59,absurdly,C:\GTT\EnglishDB\Words\a\absurdly.md
60,abundance,C:\GTT\EnglishDB\Words\a\abundance.md
61,abundant,C:\GTT\EnglishDB\Words\a\abundant.md
62,abundantly,C:\GTT\EnglishDB\Words\a\abundantly.md
63,abuse,C:\GTT\EnglishDB\Words\a\abuse.md
64,abusive,C:\GTT\EnglishDB\Words\a\abusive.md
65,abut,C:\GTT\EnglishDB\Words\a\abut.md
66,abysmal,C:\GTT\EnglishDB\Words\a\abysmal.md
67,abyss,C:\GTT\EnglishDB\Words\a\abyss.md
68,academia,C:\GTT\EnglishDB\Words\a\academia.md
69,academic,C:\GTT\EnglishDB\Words\a\academic.md
70,academically,C:\GTT\EnglishDB\Words\a\academically.md
71,academy,C:\GTT\EnglishDB\Words\a\academy.md
72,accede,C:\GTT\EnglishDB\Words\a\accede.md
73,accelerate,C:\GTT\EnglishDB\Words\a\accelerate.md
74,accelerated,C:\GTT\EnglishDB\Words\a\accelerated.md
75,acceleration,C:\GTT\EnglishDB\Words\a\acceleration.md
76,accelerator,C:\GTT\EnglishDB\Words\a\accelerator.md
77,accent,C:\GTT\EnglishDB\Words\a\accent.md
78,accentuate,C:\GTT\EnglishDB\Words\a\accentuate.md
79,accept,C:\GTT\EnglishDB\Words\a\accept.md
80,acceptability,C:\GTT\EnglishDB\Words\a\acceptability.md
81,acceptable,C:\GTT\EnglishDB\Words\a\acceptable.md
82,acceptance,C:\GTT\EnglishDB\Words\a\acceptance.md
83,accepted,C:\GTT\EnglishDB\Words\a\accepted.md
84,access,C:\GTT\EnglishDB\Words\a\access.md
85,accessibility,C:\GTT\EnglishDB\Words\a\accessibility.md
86,accessible,C:\GTT\EnglishDB\Words\a\accessible.md
87,accession,C:\GTT\EnglishDB\Words\a\accession.md
88,accessory,C:\GTT\EnglishDB\Words\a\accessory.md
89,accident,C:\GTT\EnglishDB\Words\a\accident.md
90,accidental,C:\GTT\EnglishDB\Words\a\accidental.md
91,accidentally,C:\GTT\EnglishDB\Words\a\accidentally.md
92,acclaim,C:\GTT\EnglishDB\Words\a\acclaim.md
93,accolade,C:\GTT\EnglishDB\Words\a\accolade.md
94,accommodate,C:\GTT\EnglishDB\Words\a\accommodate.md
95,accommodation,C:\GTT\EnglishDB\Words\a\accommodation.md
96,accompaniment,C:\GTT\EnglishDB\Words\a\accompaniment.md
97,accompany,C:\GTT\EnglishDB\Words\a\accompany.md
98,accompanying,C:\GTT\EnglishDB\Words\a\accompanying.md
99,accomplice,C:\GTT\EnglishDB\Words\a\accomplice.md
100,accomplish,C:\GTT\EnglishDB\Words\a\accomplish.md
101,accomplished,C:\GTT\EnglishDB\Words\a\accomplished.md
102,accomplishment,C:\GTT\EnglishDB\Words\a\accomplishment.md
103,accord,C:\GTT\EnglishDB\Words\a\accord.md
104,accordance,C:\GTT\EnglishDB\Words\a\accordance.md
105,according,C:\GTT\EnglishDB\Words\a\according.md
106,accordingly,C:\GTT\EnglishDB\Words\a\accordingly.md
107,accordion,C:\GTT\EnglishDB\Words\a\accordion.md
108,accost,C:\GTT\EnglishDB\Words\a\accost.md
109,account,C:\GTT\EnglishDB\Words\a\account.md
110,accountability,C:\GTT\EnglishDB\Words\a\accountability.md
111,accountable,C:\GTT\EnglishDB\Words\a\accountable.md
112,accountant,C:\GTT\EnglishDB\Words\a\accountant.md
113,accounting,C:\GTT\EnglishDB\Words\a\accounting.md
114,accredit,C:\GTT\EnglishDB\Words\a\accredit.md
115,accreditation,C:\GTT\EnglishDB\Words\a\accreditation.md
116,accredited,C:\GTT\EnglishDB\Words\a\accredited.md
117,accretion,C:\GTT\EnglishDB\Words\a\accretion.md
118,accrue,C:\GTT\EnglishDB\Words\a\accrue.md
119,acculturation,C:\GTT\EnglishDB\Words\a\acculturation.md
120,accumulate,C:\GTT\EnglishDB\Words\a\accumulate.md
121,accumulation,C:\GTT\EnglishDB\Words\a\accumulation.md
122,accuracy,C:\GTT\EnglishDB\Words\a\accuracy.md
123,accurate,C:\GTT\EnglishDB\Words\a\accurate.md
124,accurately,C:\GTT\EnglishDB\Words\a\accurately.md
125,accusation,C:\GTT\EnglishDB\Words\a\accusation.md
126,accuse,C:\GTT\EnglishDB\Words\a\accuse.md
127,accused,C:\GTT\EnglishDB\Words\a\accused.md
128,accuser,C:\GTT\EnglishDB\Words\a\accuser.md
129,accustom,C:\GTT\EnglishDB\Words\a\accustom.md
130,accustomed,C:\GTT\EnglishDB\Words\a\accustomed.md
131,ace,C:\GTT\EnglishDB\Words\a\ace.md
132,ache,C:\GTT\EnglishDB\Words\a\ache.md
133,achievable,C:\GTT\EnglishDB\Words\a\achievable.md
134,achieve,C:\GTT\EnglishDB\Words\a\achieve.md
135,achievement,C:\GTT\EnglishDB\Words\a\achievement.md
136,aching,C:\GTT\EnglishDB\Words\a\aching.md
137,acid,C:\GTT\EnglishDB\Words\a\acid.md
138,acidic,C:\GTT\EnglishDB\Words\a\acidic.md
139,acidity,C:\GTT\EnglishDB\Words\a\acidity.md
140,acknowledge,C:\GTT\EnglishDB\Words\a\acknowledge.md
141,acknowledged,C:\GTT\EnglishDB\Words\a\acknowledged.md
142,acknowledgement,C:\GTT\EnglishDB\Words\a\acknowledgement.md
143,acknowledgment,C:\GTT\EnglishDB\Words\a\acknowledgment.md
144,acne,C:\GTT\EnglishDB\Words\a\acne.md
145,acorn,C:\GTT\EnglishDB\Words\a\acorn.md
146,acoustic,C:\GTT\EnglishDB\Words\a\acoustic.md
147,acquaint,C:\GTT\EnglishDB\Words\a\acquaint.md
148,acquaintance,C:\GTT\EnglishDB\Words\a\acquaintance.md
149,acquiesce,C:\GTT\EnglishDB\Words\a\acquiesce.md
150,acquiescence,C:\GTT\EnglishDB\Words\a\acquiescence.md
151,acquire,C:\GTT\EnglishDB\Words\a\acquire.md
152,acquired,C:\GTT\EnglishDB\Words\a\acquired.md
153,acquisition,C:\GTT\EnglishDB\Words\a\acquisition.md
154,acquit,C:\GTT\EnglishDB\Words\a\acquit.md
155,acquittal,C:\GTT\EnglishDB\Words\a\acquittal.md
156,acreage,C:\GTT\EnglishDB\Words\a\acreage.md
157,acrid,C:\GTT\EnglishDB\Words\a\acrid.md
158,acrobat,C:\GTT\EnglishDB\Words\a\acrobat.md
159,acronym,C:\GTT\EnglishDB\Words\a\acronym.md
160,across,C:\GTT\EnglishDB\Words\a\across.md
161,acrylic,C:\GTT\EnglishDB\Words\a\acrylic.md
162,act,C:\GTT\EnglishDB\Words\a\act.md
163,acting,C:\GTT\EnglishDB\Words\a\acting.md
164,action,C:\GTT\EnglishDB\Words\a\action.md
165,activation,C:\GTT\EnglishDB\Words\a\activation.md
166,active,C:\GTT\EnglishDB\Words\a\active.md
167,actively,C:\GTT\EnglishDB\Words\a\actively.md
168,activism,C:\GTT\EnglishDB\Words\a\activism.md
169,activist,C:\GTT\EnglishDB\Words\a\activist.md
170,activity,C:\GTT\EnglishDB\Words\a\activity.md
171,actor,C:\GTT\EnglishDB\Words\a\actor.md
172,actress,C:\GTT\EnglishDB\Words\a\actress.md
173,actual,C:\GTT\EnglishDB\Words\a\actual.md
174,actuality,C:\GTT\EnglishDB\Words\a\actuality.md
175,actually,C:\GTT\EnglishDB\Words\a\actually.md
176,actuator,C:\GTT\EnglishDB\Words\a\actuator.md
177,acuity,C:\GTT\EnglishDB\Words\a\acuity.md
178,acumen,C:\GTT\EnglishDB\Words\a\acumen.md
179,acupuncture,C:\GTT\EnglishDB\Words\a\acupuncture.md
180,acute,C:\GTT\EnglishDB\Words\a\acute.md
181,acutely,C:\GTT\EnglishDB\Words\a\acutely.md
182,ad,C:\GTT\EnglishDB\Words\a\ad.md
183,adage,C:\GTT\EnglishDB\Words\a\adage.md
184,adamant,C:\GTT\EnglishDB\Words\a\adamant.md
185,adapt,C:\GTT\EnglishDB\Words\a\adapt.md
186,adaptability,C:\GTT\EnglishDB\Words\a\adaptability.md
187,adaptable,C:\GTT\EnglishDB\Words\a\adaptable.md
188,adaptation,C:\GTT\EnglishDB\Words\a\adaptation.md
189,adapter,C:\GTT\EnglishDB\Words\a\adapter.md
190,adaptive,C:\GTT\EnglishDB\Words\a\adaptive.md
191,add,C:\GTT\EnglishDB\Words\a\add.md
192,added,C:\GTT\EnglishDB\Words\a\added.md
193,addict,C:\GTT\EnglishDB\Words\a\addict.md
194,addiction,C:\GTT\EnglishDB\Words\a\addiction.md
195,addictive,C:\GTT\EnglishDB\Words\a\addictive.md
196,addition,C:\GTT\EnglishDB\Words\a\addition.md
197,additional,C:\GTT\EnglishDB\Words\a\additional.md
198,additionally,C:\GTT\EnglishDB\Words\a\additionally.md
199,additive,C:\GTT\EnglishDB\Words\a\additive.md
200,address,C:\GTT\EnglishDB\Words\a\address.md
201,adept,C:\GTT\EnglishDB\Words\a\adept.md
202,adequacy,C:\GTT\EnglishDB\Words\a\adequacy.md
203,adequately,C:\GTT\EnglishDB\Words\a\adequately.md
204,adhere,C:\GTT\EnglishDB\Words\a\adhere.md
205,adherence,C:\GTT\EnglishDB\Words\a\adherence.md
206,adherent,C:\GTT\EnglishDB\Words\a\adherent.md
207,adhesive,C:\GTT\EnglishDB\Words\a\adhesive.md
208,adjacent,C:\GTT\EnglishDB\Words\a\adjacent.md
209,adjective,C:\GTT\EnglishDB\Words\a\adjective.md
210,adjoin,C:\GTT\EnglishDB\Words\a\adjoin.md
211,adjoining,C:\GTT\EnglishDB\Words\a\adjoining.md
212,adjourn,C:\GTT\EnglishDB\Words\a\adjourn.md
213,adjudicate,C:\GTT\EnglishDB\Words\a\adjudicate.md
214,adjunct,C:\GTT\EnglishDB\Words\a\adjunct.md
215,adjust,C:\GTT\EnglishDB\Words\a\adjust.md
216,adjustable,C:\GTT\EnglishDB\Words\a\adjustable.md
217,adjusted,C:\GTT\EnglishDB\Words\a\adjusted.md
218,adjuster,C:\GTT\EnglishDB\Words\a\adjuster.md
219,adjustment,C:\GTT\EnglishDB\Words\a\adjustment.md
220,administer,C:\GTT\EnglishDB\Words\a\administer.md
221,administration,C:\GTT\EnglishDB\Words\a\administration.md
222,administrative,C:\GTT\EnglishDB\Words\a\administrative.md
223,administrator,C:\GTT\EnglishDB\Words\a\administrator.md
224,admirable,C:\GTT\EnglishDB\Words\a\admirable.md
225,admirably,C:\GTT\EnglishDB\Words\a\admirably.md
226,admiral,C:\GTT\EnglishDB\Words\a\admiral.md
227,admiration,C:\GTT\EnglishDB\Words\a\admiration.md
228,admire,C:\GTT\EnglishDB\Words\a\admire.md
229,admirer,C:\GTT\EnglishDB\Words\a\admirer.md
230,admiring,C:\GTT\EnglishDB\Words\a\admiring.md
231,admission,C:\GTT\EnglishDB\Words\a\admission.md
232,admit,C:\GTT\EnglishDB\Words\a\admit.md
233,admittedly,C:\GTT\EnglishDB\Words\a\admittedly.md
234,admonish,C:\GTT\EnglishDB\Words\a\admonish.md
235,admonition,C:\GTT\EnglishDB\Words\a\admonition.md
236,adobe,C:\GTT\EnglishDB\Words\a\adobe.md
237,adolescence,C:\GTT\EnglishDB\Words\a\adolescence.md
238,adolescent,C:\GTT\EnglishDB\Words\a\adolescent.md
239,adopt,C:\GTT\EnglishDB\Words\a\adopt.md
240,adopted,C:\GTT\EnglishDB\Words\a\adopted.md
241,adoption,C:\GTT\EnglishDB\Words\a\adoption.md
242,adoptive,C:\GTT\EnglishDB\Words\a\adoptive.md
243,adorable,C:\GTT\EnglishDB\Words\a\adorable.md
244,adoration,C:\GTT\EnglishDB\Words\a\adoration.md
245,adore,C:\GTT\EnglishDB\Words\a\adore.md
246,adoring,C:\GTT\EnglishDB\Words\a\adoring.md
247,adorn,C:\GTT\EnglishDB\Words\a\adorn.md
248,adornment,C:\GTT\EnglishDB\Words\a\adornment.md
249,adrift,C:\GTT\EnglishDB\Words\a\adrift.md
250,adulation,C:\GTT\EnglishDB\Words\a\adulation.md
251,adult,C:\GTT\EnglishDB\Words\a\adult.md
252,adultery,C:\GTT\EnglishDB\Words\a\adultery.md
253,adulthood,C:\GTT\EnglishDB\Words\a\adulthood.md
254,advance,C:\GTT\EnglishDB\Words\a\advance.md
255,advanced,C:\GTT\EnglishDB\Words\a\advanced.md
256,advancement,C:\GTT\EnglishDB\Words\a\advancement.md
257,advantage,C:\GTT\EnglishDB\Words\a\advantage.md
258,advantageous,C:\GTT\EnglishDB\Words\a\advantageous.md
259,advent,C:\GTT\EnglishDB\Words\a\advent.md
260,adventure,C:\GTT\EnglishDB\Words\a\adventure.md
261,adventurer,C:\GTT\EnglishDB\Words\a\adventurer.md
262,adventurous,C:\GTT\EnglishDB\Words\a\adventurous.md
263,adversarial,C:\GTT\EnglishDB\Words\a\adversarial.md
264,adversary,C:\GTT\EnglishDB\Words\a\adversary.md
265,adverse,C:\GTT\EnglishDB\Words\a\adverse.md
266,adversely,C:\GTT\EnglishDB\Words\a\adversely.md
267,adversity,C:\GTT\EnglishDB\Words\a\adversity.md
268,advertise,C:\GTT\EnglishDB\Words\a\advertise.md
269,advertisement,C:\GTT\EnglishDB\Words\a\advertisement.md
270,advertiser,C:\GTT\EnglishDB\Words\a\advertiser.md
271,advertising,C:\GTT\EnglishDB\Words\a\advertising.md
272,advice,C:\GTT\EnglishDB\Words\a\advice.md
273,advisable,C:\GTT\EnglishDB\Words\a\advisable.md
274,advise,C:\GTT\EnglishDB\Words\a\advise.md
275,adviser,C:\GTT\EnglishDB\Words\a\adviser.md
276,advisor,C:\GTT\EnglishDB\Words\a\advisor.md
277,advisory,C:\GTT\EnglishDB\Words\a\advisory.md
278,advocacy,C:\GTT\EnglishDB\Words\a\advocacy.md
279,advocate,C:\GTT\EnglishDB\Words\a\advocate.md
280,aegis,C:\GTT\EnglishDB\Words\a\aegis.md
281,aerial,C:\GTT\EnglishDB\Words\a\aerial.md
282,aerobic,C:\GTT\EnglishDB\Words\a\aerobic.md
283,aerobics,C:\GTT\EnglishDB\Words\a\aerobics.md
284,aerodynamic,C:\GTT\EnglishDB\Words\a\aerodynamic.md
285,aerosol,C:\GTT\EnglishDB\Words\a\aerosol.md
286,aerospace,C:\GTT\EnglishDB\Words\a\aerospace.md
287,aesthetic,C:\GTT\EnglishDB\Words\a\aesthetic.md
288,aesthetically,C:\GTT\EnglishDB\Words\a\aesthetically.md
289,aesthetics,C:\GTT\EnglishDB\Words\a\aesthetics.md
290,afar,C:\GTT\EnglishDB\Words\a\afar.md
291,affable,C:\GTT\EnglishDB\Words\a\affable.md
292,affair,C:\GTT\EnglishDB\Words\a\affair.md
293,affect,C:\GTT\EnglishDB\Words\a\affect.md
294,affected,C:\GTT\EnglishDB\Words\a\affected.md
295,affection,C:\GTT\EnglishDB\Words\a\affection.md
296,affectionate,C:\GTT\EnglishDB\Words\a\affectionate.md
297,affectionately,C:\GTT\EnglishDB\Words\a\affectionately.md
298,affective,C:\GTT\EnglishDB\Words\a\affective.md
299,affidavit,C:\GTT\EnglishDB\Words\a\affidavit.md
300,affiliate,C:\GTT\EnglishDB\Words\a\affiliate.md
301,affiliated,C:\GTT\EnglishDB\Words\a\affiliated.md
302,affiliation,C:\GTT\EnglishDB\Words\a\affiliation.md
303,affinity,C:\GTT\EnglishDB\Words\a\affinity.md
304,affirm,C:\GTT\EnglishDB\Words\a\affirm.md
305,affirmation,C:\GTT\EnglishDB\Words\a\affirmation.md
306,affirmative,C:\GTT\EnglishDB\Words\a\affirmative.md
307,affix,C:\GTT\EnglishDB\Words\a\affix.md
308,afflict,C:\GTT\EnglishDB\Words\a\afflict.md
309,affliction,C:\GTT\EnglishDB\Words\a\affliction.md
310,affluence,C:\GTT\EnglishDB\Words\a\affluence.md
311,affluent,C:\GTT\EnglishDB\Words\a\affluent.md
312,afford,C:\GTT\EnglishDB\Words\a\afford.md
313,affront,C:\GTT\EnglishDB\Words\a\affront.md
314,aficionado,C:\GTT\EnglishDB\Words\a\aficionado.md
315,afield,C:\GTT\EnglishDB\Words\a\afield.md
316,afloat,C:\GTT\EnglishDB\Words\a\afloat.md
317,afoot,C:\GTT\EnglishDB\Words\a\afoot.md
318,aforementioned,C:\GTT\EnglishDB\Words\a\aforementioned.md
319,afraid,C:\GTT\EnglishDB\Words\a\afraid.md
320,aft,C:\GTT\EnglishDB\Words\a\aft.md
321,after,C:\GTT\EnglishDB\Words\a\after.md
322,afterlife,C:\GTT\EnglishDB\Words\a\afterlife.md
323,aftermath,C:\GTT\EnglishDB\Words\a\aftermath.md
324,afternoon,C:\GTT\EnglishDB\Words\a\afternoon.md
325,aftershock,C:\GTT\EnglishDB\Words\a\aftershock.md
326,afterthought,C:\GTT\EnglishDB\Words\a\afterthought.md
327,afterward,C:\GTT\EnglishDB\Words\a\afterward.md
328,afterwards,C:\GTT\EnglishDB\Words\a\afterwards.md
329,again,C:\GTT\EnglishDB\Words\a\again.md
330,against,C:\GTT\EnglishDB\Words\a\against.md
331,age,C:\GTT\EnglishDB\Words\a\age.md
332,aged,C:\GTT\EnglishDB\Words\a\aged.md
333,agency,C:\GTT\EnglishDB\Words\a\agency.md
334,agenda,C:\GTT\EnglishDB\Words\a\agenda.md
335,agent,C:\GTT\EnglishDB\Words\a\agent.md
336,aggravate,C:\GTT\EnglishDB\Words\a\aggravate.md
337,aggregate,C:\GTT\EnglishDB\Words\a\aggregate.md
338,aggregation,C:\GTT\EnglishDB\Words\a\aggregation.md
339,aggression,C:\GTT\EnglishDB\Words\a\aggression.md
340,aggressive,C:\GTT\EnglishDB\Words\a\aggressive.md
341,aggressively,C:\GTT\EnglishDB\Words\a\aggressively.md
342,aggressor,C:\GTT\EnglishDB\Words\a\aggressor.md
343,aghast,C:\GTT\EnglishDB\Words\a\aghast.md
344,agile,C:\GTT\EnglishDB\Words\a\agile.md
345,agility,C:\GTT\EnglishDB\Words\a\agility.md
346,aging,C:\GTT\EnglishDB\Words\a\aging.md
347,agitate,C:\GTT\EnglishDB\Words\a\agitate.md
348,agitated,C:\GTT\EnglishDB\Words\a\agitated.md
349,agitation,C:\GTT\EnglishDB\Words\a\agitation.md
350,ago,C:\GTT\EnglishDB\Words\a\ago.md
351,agonize,C:\GTT\EnglishDB\Words\a\agonize.md
352,agonizing,C:\GTT\EnglishDB\Words\a\agonizing.md
353,agony,C:\GTT\EnglishDB\Words\a\agony.md
354,agrarian,C:\GTT\EnglishDB\Words\a\agrarian.md
355,agree,C:\GTT\EnglishDB\Words\a\agree.md
356,agreeable,C:\GTT\EnglishDB\Words\a\agreeable.md
357,agreed,C:\GTT\EnglishDB\Words\a\agreed.md
358,agreement,C:\GTT\EnglishDB\Words\a\agreement.md
359,agribusiness,C:\GTT\EnglishDB\Words\a\agribusiness.md
360,agricultural,C:\GTT\EnglishDB\Words\a\agricultural.md
361,agriculture,C:\GTT\EnglishDB\Words\a\agriculture.md
362,ah,C:\GTT\EnglishDB\Words\a\ah.md
363,aha,C:\GTT\EnglishDB\Words\a\aha.md
364,ahead,C:\GTT\EnglishDB\Words\a\ahead.md
365,aid,C:\GTT\EnglishDB\Words\a\aid.md
366,aide,C:\GTT\EnglishDB\Words\a\aide.md
367,ail,C:\GTT\EnglishDB\Words\a\ail.md
368,ailing,C:\GTT\EnglishDB\Words\a\ailing.md
369,ailment,C:\GTT\EnglishDB\Words\a\ailment.md
370,aim,C:\GTT\EnglishDB\Words\a\aim.md
371,aimlessly,C:\GTT\EnglishDB\Words\a\aimlessly.md
372,air,C:\GTT\EnglishDB\Words\a\air.md
373,airborne,C:\GTT\EnglishDB\Words\a\airborne.md
374,aircraft,C:\GTT\EnglishDB\Words\a\aircraft.md
375,airfare,C:\GTT\EnglishDB\Words\a\airfare.md
376,airfield,C:\GTT\EnglishDB\Words\a\airfield.md
377,airflow,C:\GTT\EnglishDB\Words\a\airflow.md
378,airing,C:\GTT\EnglishDB\Words\a\airing.md
379,airline,C:\GTT\EnglishDB\Words\a\airline.md
380,airliner,C:\GTT\EnglishDB\Words\a\airliner.md
381,airman,C:\GTT\EnglishDB\Words\a\airman.md
382,airplane,C:\GTT\EnglishDB\Words\a\airplane.md
383,airport,C:\GTT\EnglishDB\Words\a\airport.md
384,airspace,C:\GTT\EnglishDB\Words\a\airspace.md
385,airstrip,C:\GTT\EnglishDB\Words\a\airstrip.md
386,airtight,C:\GTT\EnglishDB\Words\a\airtight.md
387,airwaves,C:\GTT\EnglishDB\Words\a\airwaves.md
388,airway,C:\GTT\EnglishDB\Words\a\airway.md
389,airy,C:\GTT\EnglishDB\Words\a\airy.md
390,aisle,C:\GTT\EnglishDB\Words\a\aisle.md
391,ajar,C:\GTT\EnglishDB\Words\a\ajar.md
392,akin,C:\GTT\EnglishDB\Words\a\akin.md
393,alarm,C:\GTT\EnglishDB\Words\a\alarm.md
394,alarming,C:\GTT\EnglishDB\Words\a\alarming.md
395,alas,C:\GTT\EnglishDB\Words\a\alas.md
396,albeit,C:\GTT\EnglishDB\Words\a\albeit.md
397,album,C:\GTT\EnglishDB\Words\a\album.md
398,alchemy,C:\GTT\EnglishDB\Words\a\alchemy.md
399,alcohol,C:\GTT\EnglishDB\Words\a\alcohol.md
400,alcoholic,C:\GTT\EnglishDB\Words\a\alcoholic.md
401,alcoholism,C:\GTT\EnglishDB\Words\a\alcoholism.md
402,alcove,C:\GTT\EnglishDB\Words\a\alcove.md
403,alderman,C:\GTT\EnglishDB\Words\a\alderman.md
404,ale,C:\GTT\EnglishDB\Words\a\ale.md
405,alert,C:\GTT\EnglishDB\Words\a\alert.md
406,alertness,C:\GTT\EnglishDB\Words\a\alertness.md
407,alfalfa,C:\GTT\EnglishDB\Words\a\alfalfa.md
408,algae,C:\GTT\EnglishDB\Words\a\algae.md
409,algebra,C:\GTT\EnglishDB\Words\a\algebra.md
410,algorithm,C:\GTT\EnglishDB\Words\a\algorithm.md
411,alibi,C:\GTT\EnglishDB\Words\a\alibi.md
412,alien,C:\GTT\EnglishDB\Words\a\alien.md
413,alienate,C:\GTT\EnglishDB\Words\a\alienate.md
414,alienated,C:\GTT\EnglishDB\Words\a\alienated.md
415,alienation,C:\GTT\EnglishDB\Words\a\alienation.md
416,alight,C:\GTT\EnglishDB\Words\a\alight.md
417,align,C:\GTT\EnglishDB\Words\a\align.md
418,alignment,C:\GTT\EnglishDB\Words\a\alignment.md
419,alike,C:\GTT\EnglishDB\Words\a\alike.md
420,alive,C:\GTT\EnglishDB\Words\a\alive.md
421,all,C:\GTT\EnglishDB\Words\a\all.md
422,allay,C:\GTT\EnglishDB\Words\a\allay.md
423,allegation,C:\GTT\EnglishDB\Words\a\allegation.md
424,allege,C:\GTT\EnglishDB\Words\a\allege.md
425,alleged,C:\GTT\EnglishDB\Words\a\alleged.md
426,allegedly,C:\GTT\EnglishDB\Words\a\allegedly.md
427,allegiance,C:\GTT\EnglishDB\Words\a\allegiance.md
428,allegorical,C:\GTT\EnglishDB\Words\a\allegorical.md
429,allegory,C:\GTT\EnglishDB\Words\a\allegory.md
430,allergen,C:\GTT\EnglishDB\Words\a\allergen.md
431,allergic,C:\GTT\EnglishDB\Words\a\allergic.md
432,allergy,C:\GTT\EnglishDB\Words\a\allergy.md
433,alleviate,C:\GTT\EnglishDB\Words\a\alleviate.md
434,alley,C:\GTT\EnglishDB\Words\a\alley.md
435,alleyway,C:\GTT\EnglishDB\Words\a\alleyway.md
436,alliance,C:\GTT\EnglishDB\Words\a\alliance.md
437,allied,C:\GTT\EnglishDB\Words\a\allied.md
438,alligator,C:\GTT\EnglishDB\Words\a\alligator.md
439,allocate,C:\GTT\EnglishDB\Words\a\allocate.md
440,allocation,C:\GTT\EnglishDB\Words\a\allocation.md
441,allot,C:\GTT\EnglishDB\Words\a\allot.md
442,allotment,C:\GTT\EnglishDB\Words\a\allotment.md
443,allow,C:\GTT\EnglishDB\Words\a\allow.md
444,allowable,C:\GTT\EnglishDB\Words\a\allowable.md
445,allowance,C:\GTT\EnglishDB\Words\a\allowance.md
446,alloy,C:\GTT\EnglishDB\Words\a\alloy.md
447,allude,C:\GTT\EnglishDB\Words\a\allude.md
448,allure,C:\GTT\EnglishDB\Words\a\allure.md
449,alluring,C:\GTT\EnglishDB\Words\a\alluring.md
450,allusion,C:\GTT\EnglishDB\Words\a\allusion.md
451,ally,C:\GTT\EnglishDB\Words\a\ally.md
452,almighty,C:\GTT\EnglishDB\Words\a\almighty.md
453,almond,C:\GTT\EnglishDB\Words\a\almond.md
454,almost,C:\GTT\EnglishDB\Words\a\almost.md
455,aloft,C:\GTT\EnglishDB\Words\a\aloft.md
456,alone,C:\GTT\EnglishDB\Words\a\alone.md
457,along,C:\GTT\EnglishDB\Words\a\along.md
458,alongside,C:\GTT\EnglishDB\Words\a\alongside.md
459,aloof,C:\GTT\EnglishDB\Words\a\aloof.md
460,aloud,C:\GTT\EnglishDB\Words\a\aloud.md
461,alpha,C:\GTT\EnglishDB\Words\a\alpha.md
462,alphabet,C:\GTT\EnglishDB\Words\a\alphabet.md
463,alpine,C:\GTT\EnglishDB\Words\a\alpine.md
464,already,C:\GTT\EnglishDB\Words\a\already.md
465,alright,C:\GTT\EnglishDB\Words\a\alright.md
466,also,C:\GTT\EnglishDB\Words\a\also.md
467,altar,C:\GTT\EnglishDB\Words\a\altar.md
468,alter,C:\GTT\EnglishDB\Words\a\alter.md
469,alteration,C:\GTT\EnglishDB\Words\a\alteration.md
470,altercation,C:\GTT\EnglishDB\Words\a\altercation.md
471,alternate,C:\GTT\EnglishDB\Words\a\alternate.md
472,alternately,C:\GTT\EnglishDB\Words\a\alternately.md
473,alternating,C:\GTT\EnglishDB\Words\a\alternating.md
474,alternative,C:\GTT\EnglishDB\Words\a\alternative.md
475,alternatively,C:\GTT\EnglishDB\Words\a\alternatively.md
476,although,C:\GTT\EnglishDB\Words\a\although.md
477,altitude,C:\GTT\EnglishDB\Words\a\altitude.md
478,altogether,C:\GTT\EnglishDB\Words\a\altogether.md
479,altruism,C:\GTT\EnglishDB\Words\a\altruism.md
480,alum,C:\GTT\EnglishDB\Words\a\alum.md
481,aluminum,C:\GTT\EnglishDB\Words\a\aluminum.md
482,alumnus,C:\GTT\EnglishDB\Words\a\alumnus.md
483,always,C:\GTT\EnglishDB\Words\a\always.md
484,amalgam,C:\GTT\EnglishDB\Words\a\amalgam.md
485,amass,C:\GTT\EnglishDB\Words\a\amass.md
486,amateur,C:\GTT\EnglishDB\Words\a\amateur.md
487,amaze,C:\GTT\EnglishDB\Words\a\amaze.md
488,amazed,C:\GTT\EnglishDB\Words\a\amazed.md
489,amazement,C:\GTT\EnglishDB\Words\a\amazement.md
490,amazing,C:\GTT\EnglishDB\Words\a\amazing.md
491,amazingly,C:\GTT\EnglishDB\Words\a\amazingly.md
492,ambassador,C:\GTT\EnglishDB\Words\a\ambassador.md
493,amber,C:\GTT\EnglishDB\Words\a\amber.md
494,ambience,C:\GTT\EnglishDB\Words\a\ambience.md
495,ambient,C:\GTT\EnglishDB\Words\a\ambient.md
496,ambiguity,C:\GTT\EnglishDB\Words\a\ambiguity.md
497,ambiguous,C:\GTT\EnglishDB\Words\a\ambiguous.md
498,ambition,C:\GTT\EnglishDB\Words\a\ambition.md
499,ambitious,C:\GTT\EnglishDB\Words\a\ambitious.md
500,ambivalence,C:\GTT\EnglishDB\Words\a\ambivalence.md
501,ambivalent,C:\GTT\EnglishDB\Words\a\ambivalent.md
502,amble,C:\GTT\EnglishDB\Words\a\amble.md
503,ambulance,C:\GTT\EnglishDB\Words\a\ambulance.md
504,ambush,C:\GTT\EnglishDB\Words\a\ambush.md
505,ameliorate,C:\GTT\EnglishDB\Words\a\ameliorate.md
506,amen,C:\GTT\EnglishDB\Words\a\amen.md
507,amenable,C:\GTT\EnglishDB\Words\a\amenable.md
508,amend,C:\GTT\EnglishDB\Words\a\amend.md
509,amendment,C:\GTT\EnglishDB\Words\a\amendment.md
510,amends,C:\GTT\EnglishDB\Words\a\amends.md
511,amenities,C:\GTT\EnglishDB\Words\a\amenities.md
512,amiable,C:\GTT\EnglishDB\Words\a\amiable.md
513,amid,C:\GTT\EnglishDB\Words\a\amid.md
514,amidst,C:\GTT\EnglishDB\Words\a\amidst.md
515,amino,C:\GTT\EnglishDB\Words\a\amino.md
516,amiss,C:\GTT\EnglishDB\Words\a\amiss.md
517,ammo,C:\GTT\EnglishDB\Words\a\ammo.md
518,ammonia,C:\GTT\EnglishDB\Words\a\ammonia.md
519,ammunition,C:\GTT\EnglishDB\Words\a\ammunition.md
520,amnesia,C:\GTT\EnglishDB\Words\a\amnesia.md
521,amnesty,C:\GTT\EnglishDB\Words\a\amnesty.md
522,amok,C:\GTT\EnglishDB\Words\a\amok.md
523,among,C:\GTT\EnglishDB\Words\a\among.md
524,amongst,C:\GTT\EnglishDB\Words\a\amongst.md
525,amorous,C:\GTT\EnglishDB\Words\a\amorous.md
526,amorphous,C:\GTT\EnglishDB\Words\a\amorphous.md
527,amount,C:\GTT\EnglishDB\Words\a\amount.md
528,amphetamine,C:\GTT\EnglishDB\Words\a\amphetamine.md
529,amphibian,C:\GTT\EnglishDB\Words\a\amphibian.md
530,amphibious,C:\GTT\EnglishDB\Words\a\amphibious.md
531,amphitheater,C:\GTT\EnglishDB\Words\a\amphitheater.md
532,ample,C:\GTT\EnglishDB\Words\a\ample.md
533,amplification,C:\GTT\EnglishDB\Words\a\amplification.md
534,amplifier,C:\GTT\EnglishDB\Words\a\amplifier.md
535,amplify,C:\GTT\EnglishDB\Words\a\amplify.md
536,amplitude,C:\GTT\EnglishDB\Words\a\amplitude.md
537,amply,C:\GTT\EnglishDB\Words\a\amply.md
538,amputate,C:\GTT\EnglishDB\Words\a\amputate.md
539,amputation,C:\GTT\EnglishDB\Words\a\amputation.md
540,amputee,C:\GTT\EnglishDB\Words\a\amputee.md
541,amulet,C:\GTT\EnglishDB\Words\a\amulet.md
542,amuse,C:\GTT\EnglishDB\Words\a\amuse.md
543,amused,C:\GTT\EnglishDB\Words\a\amused.md
544,amusement,C:\GTT\EnglishDB\Words\a\amusement.md
545,amusing,C:\GTT\EnglishDB\Words\a\amusing.md
546,anachronism,C:\GTT\EnglishDB\Words\a\anachronism.md
547,anachronistic,C:\GTT\EnglishDB\Words\a\anachronistic.md
548,anaerobic,C:\GTT\EnglishDB\Words\a\anaerobic.md
549,anal,C:\GTT\EnglishDB\Words\a\anal.md
550,analog,C:\GTT\EnglishDB\Words\a\analog.md
551,analogous,C:\GTT\EnglishDB\Words\a\analogous.md
552,analogy,C:\GTT\EnglishDB\Words\a\analogy.md
553,analyse,C:\GTT\EnglishDB\Words\a\analyse.md
554,analysis,C:\GTT\EnglishDB\Words\a\analysis.md
555,analyst,C:\GTT\EnglishDB\Words\a\analyst.md
556,analytic,C:\GTT\EnglishDB\Words\a\analytic.md
557,analytical,C:\GTT\EnglishDB\Words\a\analytical.md
558,analyze,C:\GTT\EnglishDB\Words\a\analyze.md
559,analyzer,C:\GTT\EnglishDB\Words\a\analyzer.md
560,anarchist,C:\GTT\EnglishDB\Words\a\anarchist.md
561,anarchy,C:\GTT\EnglishDB\Words\a\anarchy.md
562,anathema,C:\GTT\EnglishDB\Words\a\anathema.md
563,anatomical,C:\GTT\EnglishDB\Words\a\anatomical.md
564,anatomy,C:\GTT\EnglishDB\Words\a\anatomy.md
565,ancestor,C:\GTT\EnglishDB\Words\a\ancestor.md
566,ancestral,C:\GTT\EnglishDB\Words\a\ancestral.md
567,ancestry,C:\GTT\EnglishDB\Words\a\ancestry.md
568,anchor,C:\GTT\EnglishDB\Words\a\anchor.md
569,anchovy,C:\GTT\EnglishDB\Words\a\anchovy.md
570,ancient,C:\GTT\EnglishDB\Words\a\ancient.md
571,ancillary,C:\GTT\EnglishDB\Words\a\ancillary.md
572,and,C:\GTT\EnglishDB\Words\a\and.md
573,anecdotal,C:\GTT\EnglishDB\Words\a\anecdotal.md
574,anecdote,C:\GTT\EnglishDB\Words\a\anecdote.md
575,anemia,C:\GTT\EnglishDB\Words\a\anemia.md
576,anemic,C:\GTT\EnglishDB\Words\a\anemic.md
577,anesthesia,C:\GTT\EnglishDB\Words\a\anesthesia.md
578,anesthesiologist,C:\GTT\EnglishDB\Words\a\anesthesiologist.md
579,aneurysm,C:\GTT\EnglishDB\Words\a\aneurysm.md
580,anew,C:\GTT\EnglishDB\Words\a\anew.md
581,angel,C:\GTT\EnglishDB\Words\a\angel.md
582,angelic,C:\GTT\EnglishDB\Words\a\angelic.md
583,anger,C:\GTT\EnglishDB\Words\a\anger.md
584,angle,C:\GTT\EnglishDB\Words\a\angle.md
585,angled,C:\GTT\EnglishDB\Words\a\angled.md
586,angler,C:\GTT\EnglishDB\Words\a\angler.md
587,angling,C:\GTT\EnglishDB\Words\a\angling.md
588,angrily,C:\GTT\EnglishDB\Words\a\angrily.md
589,angry,C:\GTT\EnglishDB\Words\a\angry.md
590,angst,C:\GTT\EnglishDB\Words\a\angst.md
591,anguish,C:\GTT\EnglishDB\Words\a\anguish.md
592,anguished,C:\GTT\EnglishDB\Words\a\anguished.md
593,angular,C:\GTT\EnglishDB\Words\a\angular.md
594,animal,C:\GTT\EnglishDB\Words\a\animal.md
595,animate,C:\GTT\EnglishDB\Words\a\animate.md
596,animated,C:\GTT\EnglishDB\Words\a\animated.md
597,animation,C:\GTT\EnglishDB\Words\a\animation.md
598,animosity,C:\GTT\EnglishDB\Words\a\animosity.md
599,ankle,C:\GTT\EnglishDB\Words\a\ankle.md
600,annal,C:\GTT\EnglishDB\Words\a\annal.md
601,annex,C:\GTT\EnglishDB\Words\a\annex.md
602,annexation,C:\GTT\EnglishDB\Words\a\annexation.md
603,annihilate,C:\GTT\EnglishDB\Words\a\annihilate.md
604,annihilation,C:\GTT\EnglishDB\Words\a\annihilation.md
605,anniversary,C:\GTT\EnglishDB\Words\a\anniversary.md
606,announce,C:\GTT\EnglishDB\Words\a\announce.md
607,announcement,C:\GTT\EnglishDB\Words\a\announcement.md
608,announcer,C:\GTT\EnglishDB\Words\a\announcer.md
609,annoy,C:\GTT\EnglishDB\Words\a\annoy.md
610,annoyance,C:\GTT\EnglishDB\Words\a\annoyance.md
611,annoying,C:\GTT\EnglishDB\Words\a\annoying.md
612,annual,C:\GTT\EnglishDB\Words\a\annual.md
613,annually,C:\GTT\EnglishDB\Words\a\annually.md
614,annuity,C:\GTT\EnglishDB\Words\a\annuity.md
615,anoint,C:\GTT\EnglishDB\Words\a\anoint.md
616,anomalous,C:\GTT\EnglishDB\Words\a\anomalous.md
617,anomaly,C:\GTT\EnglishDB\Words\a\anomaly.md
618,anonymity,C:\GTT\EnglishDB\Words\a\anonymity.md
619,anonymous,C:\GTT\EnglishDB\Words\a\anonymous.md
620,anonymously,C:\GTT\EnglishDB\Words\a\anonymously.md
621,anorexia,C:\GTT\EnglishDB\Words\a\anorexia.md
622,another,C:\GTT\EnglishDB\Words\a\another.md
623,answer,C:\GTT\EnglishDB\Words\a\answer.md
624,antagonism,C:\GTT\EnglishDB\Words\a\antagonism.md
625,antagonist,C:\GTT\EnglishDB\Words\a\antagonist.md
626,antagonistic,C:\GTT\EnglishDB\Words\a\antagonistic.md
627,antagonize,C:\GTT\EnglishDB\Words\a\antagonize.md
628,antebellum,C:\GTT\EnglishDB\Words\a\antebellum.md
629,antecedent,C:\GTT\EnglishDB\Words\a\antecedent.md
630,antelope,C:\GTT\EnglishDB\Words\a\antelope.md
631,antenna,C:\GTT\EnglishDB\Words\a\antenna.md
632,anterior,C:\GTT\EnglishDB\Words\a\anterior.md
633,anthem,C:\GTT\EnglishDB\Words\a\anthem.md
634,anthology,C:\GTT\EnglishDB\Words\a\anthology.md
635,anthrax,C:\GTT\EnglishDB\Words\a\anthrax.md
636,anthropological,C:\GTT\EnglishDB\Words\a\anthropological.md
637,anthropologist,C:\GTT\EnglishDB\Words\a\anthropologist.md
638,anthropology,C:\GTT\EnglishDB\Words\a\anthropology.md
639,anti,C:\GTT\EnglishDB\Words\a\anti.md
640,antibiotic,C:\GTT\EnglishDB\Words\a\antibiotic.md
641,antibody,C:\GTT\EnglishDB\Words\a\antibody.md
642,anticipate,C:\GTT\EnglishDB\Words\a\anticipate.md
643,anticipation,C:\GTT\EnglishDB\Words\a\anticipation.md
644,antics,C:\GTT\EnglishDB\Words\a\antics.md
645,antidote,C:\GTT\EnglishDB\Words\a\antidote.md
646,antigen,C:\GTT\EnglishDB\Words\a\antigen.md
647,antioxidant,C:\GTT\EnglishDB\Words\a\antioxidant.md
648,antipathy,C:\GTT\EnglishDB\Words\a\antipathy.md
649,antiquated,C:\GTT\EnglishDB\Words\a\antiquated.md
650,antique,C:\GTT\EnglishDB\Words\a\antique.md
651,antiquity,C:\GTT\EnglishDB\Words\a\antiquity.md
652,antiseptic,C:\GTT\EnglishDB\Words\a\antiseptic.md
653,antisocial,C:\GTT\EnglishDB\Words\a\antisocial.md
654,antithesis,C:\GTT\EnglishDB\Words\a\antithesis.md
655,antithetical,C:\GTT\EnglishDB\Words\a\antithetical.md
656,antler,C:\GTT\EnglishDB\Words\a\antler.md
657,anvil,C:\GTT\EnglishDB\Words\a\anvil.md
658,anxiety,C:\GTT\EnglishDB\Words\a\anxiety.md
659,anxious,C:\GTT\EnglishDB\Words\a\anxious.md
660,anxiously,C:\GTT\EnglishDB\Words\a\anxiously.md
661,any,C:\GTT\EnglishDB\Words\a\any.md
662,anybody,C:\GTT\EnglishDB\Words\a\anybody.md
663,anyhow,C:\GTT\EnglishDB\Words\a\anyhow.md
664,anymore,C:\GTT\EnglishDB\Words\a\anymore.md
665,anyone,C:\GTT\EnglishDB\Words\a\anyone.md
666,anyplace,C:\GTT\EnglishDB\Words\a\anyplace.md
667,anything,C:\GTT\EnglishDB\Words\a\anything.md
668,anyway,C:\GTT\EnglishDB\Words\a\anyway.md
669,anywhere,C:\GTT\EnglishDB\Words\a\anywhere.md
670,apart,C:\GTT\EnglishDB\Words\a\apart.md
671,apartheid,C:\GTT\EnglishDB\Words\a\apartheid.md
672,apartment,C:\GTT\EnglishDB\Words\a\apartment.md
673,apathy,C:\GTT\EnglishDB\Words\a\apathy.md
674,aperture,C:\GTT\EnglishDB\Words\a\aperture.md
675,apex,C:\GTT\EnglishDB\Words\a\apex.md
676,aphid,C:\GTT\EnglishDB\Words\a\aphid.md
677,apiece,C:\GTT\EnglishDB\Words\a\apiece.md
678,apnea,C:\GTT\EnglishDB\Words\a\apnea.md
679,apocalypse,C:\GTT\EnglishDB\Words\a\apocalypse.md
680,apocalyptic,C:\GTT\EnglishDB\Words\a\apocalyptic.md
681,apolitical,C:\GTT\EnglishDB\Words\a\apolitical.md
682,apologetic,C:\GTT\EnglishDB\Words\a\apologetic.md
683,apologetically,C:\GTT\EnglishDB\Words\a\apologetically.md
684,apologist,C:\GTT\EnglishDB\Words\a\apologist.md
685,apologize,C:\GTT\EnglishDB\Words\a\apologize.md
686,apology,C:\GTT\EnglishDB\Words\a\apology.md
687,apostle,C:\GTT\EnglishDB\Words\a\apostle.md
688,apostolic,C:\GTT\EnglishDB\Words\a\apostolic.md
689,appal,C:\GTT\EnglishDB\Words\a\appal.md
690,appalling,C:\GTT\EnglishDB\Words\a\appalling.md
691,apparatus,C:\GTT\EnglishDB\Words\a\apparatus.md
692,apparel,C:\GTT\EnglishDB\Words\a\apparel.md
693,apparent,C:\GTT\EnglishDB\Words\a\apparent.md
694,apparently,C:\GTT\EnglishDB\Words\a\apparently.md
695,apparition,C:\GTT\EnglishDB\Words\a\apparition.md
696,appeal,C:\GTT\EnglishDB\Words\a\appeal.md
697,appealing,C:\GTT\EnglishDB\Words\a\appealing.md
698,appear,C:\GTT\EnglishDB\Words\a\appear.md
699,appearance,C:\GTT\EnglishDB\Words\a\appearance.md
700,appease,C:\GTT\EnglishDB\Words\a\appease.md
701,appellate,C:\GTT\EnglishDB\Words\a\appellate.md
702,appendage,C:\GTT\EnglishDB\Words\a\appendage.md
703,appendix,C:\GTT\EnglishDB\Words\a\appendix.md
704,appetite,C:\GTT\EnglishDB\Words\a\appetite.md
705,appetizer,C:\GTT\EnglishDB\Words\a\appetizer.md
706,applaud,C:\GTT\EnglishDB\Words\a\applaud.md
707,applause,C:\GTT\EnglishDB\Words\a\applause.md
708,apple,C:\GTT\EnglishDB\Words\a\apple.md
709,appliance,C:\GTT\EnglishDB\Words\a\appliance.md
710,applicability,C:\GTT\EnglishDB\Words\a\applicability.md
711,applicable,C:\GTT\EnglishDB\Words\a\applicable.md
712,applicant,C:\GTT\EnglishDB\Words\a\applicant.md
713,application,C:\GTT\EnglishDB\Words\a\application.md
714,applied,C:\GTT\EnglishDB\Words\a\applied.md
715,apply,C:\GTT\EnglishDB\Words\a\apply.md
716,appoint,C:\GTT\EnglishDB\Words\a\appoint.md
717,appointed,C:\GTT\EnglishDB\Words\a\appointed.md
718,appointee,C:\GTT\EnglishDB\Words\a\appointee.md
719,appraisal,C:\GTT\EnglishDB\Words\a\appraisal.md
720,appraise,C:\GTT\EnglishDB\Words\a\appraise.md
721,appraiser,C:\GTT\EnglishDB\Words\a\appraiser.md
722,appreciate,C:\GTT\EnglishDB\Words\a\appreciate.md
723,appreciation,C:\GTT\EnglishDB\Words\a\appreciation.md
724,appreciative,C:\GTT\EnglishDB\Words\a\appreciative.md
725,apprehend,C:\GTT\EnglishDB\Words\a\apprehend.md
726,apprehension,C:\GTT\EnglishDB\Words\a\apprehension.md
727,apprehensive,C:\GTT\EnglishDB\Words\a\apprehensive.md
728,apprentice,C:\GTT\EnglishDB\Words\a\apprentice.md
729,apprenticeship,C:\GTT\EnglishDB\Words\a\apprenticeship.md
730,approach,C:\GTT\EnglishDB\Words\a\approach.md
731,appropriate,C:\GTT\EnglishDB\Words\a\appropriate.md
732,appropriately,C:\GTT\EnglishDB\Words\a\appropriately.md
733,appropriation,C:\GTT\EnglishDB\Words\a\appropriation.md
734,approval,C:\GTT\EnglishDB\Words\a\approval.md
735,approve,C:\GTT\EnglishDB\Words\a\approve.md
736,approved,C:\GTT\EnglishDB\Words\a\approved.md
737,approvingly,C:\GTT\EnglishDB\Words\a\approvingly.md
738,approximate,C:\GTT\EnglishDB\Words\a\approximate.md
739,approximately,C:\GTT\EnglishDB\Words\a\approximately.md
740,approximation,C:\GTT\EnglishDB\Words\a\approximation.md
741,apricot,C:\GTT\EnglishDB\Words\a\apricot.md
742,apron,C:\GTT\EnglishDB\Words\a\apron.md
743,apt,C:\GTT\EnglishDB\Words\a\apt.md
744,aptitude,C:\GTT\EnglishDB\Words\a\aptitude.md
745,aptly,C:\GTT\EnglishDB\Words\a\aptly.md
746,aquaculture,C:\GTT\EnglishDB\Words\a\aquaculture.md
747,aquarium,C:\GTT\EnglishDB\Words\a\aquarium.md
748,aquatic,C:\GTT\EnglishDB\Words\a\aquatic.md
749,aquifer,C:\GTT\EnglishDB\Words\a\aquifer.md
750,arbiter,C:\GTT\EnglishDB\Words\a\arbiter.md
751,arbitrarily,C:\GTT\EnglishDB\Words\a\arbitrarily.md
752,arbitrary,C:\GTT\EnglishDB\Words\a\arbitrary.md
753,arbitration,C:\GTT\EnglishDB\Words\a\arbitration.md
754,arbitrator,C:\GTT\EnglishDB\Words\a\arbitrator.md
755,arbor,C:\GTT\EnglishDB\Words\a\arbor.md
756,arc,C:\GTT\EnglishDB\Words\a\arc.md
757,arcade,C:\GTT\EnglishDB\Words\a\arcade.md
758,arcane,C:\GTT\EnglishDB\Words\a\arcane.md
759,arch,C:\GTT\EnglishDB\Words\a\arch.md
760,archaeological,C:\GTT\EnglishDB\Words\a\archaeological.md
761,archaeologist,C:\GTT\EnglishDB\Words\a\archaeologist.md
762,archaeology,C:\GTT\EnglishDB\Words\a\archaeology.md
763,archaic,C:\GTT\EnglishDB\Words\a\archaic.md
764,archbishop,C:\GTT\EnglishDB\Words\a\archbishop.md
765,archdiocese,C:\GTT\EnglishDB\Words\a\archdiocese.md
766,arched,C:\GTT\EnglishDB\Words\a\arched.md
767,archer,C:\GTT\EnglishDB\Words\a\archer.md
768,archetypal,C:\GTT\EnglishDB\Words\a\archetypal.md
769,archetype,C:\GTT\EnglishDB\Words\a\archetype.md
770,archipelago,C:\GTT\EnglishDB\Words\a\archipelago.md
771,architect,C:\GTT\EnglishDB\Words\a\architect.md
772,architectural,C:\GTT\EnglishDB\Words\a\architectural.md
773,architecture,C:\GTT\EnglishDB\Words\a\architecture.md
774,archival,C:\GTT\EnglishDB\Words\a\archival.md
775,archive,C:\GTT\EnglishDB\Words\a\archive.md
776,archway,C:\GTT\EnglishDB\Words\a\archway.md
777,ardent,C:\GTT\EnglishDB\Words\a\ardent.md
778,arduous,C:\GTT\EnglishDB\Words\a\arduous.md
779,area,C:\GTT\EnglishDB\Words\a\area.md
780,arena,C:\GTT\EnglishDB\Words\a\arena.md
781,arguably,C:\GTT\EnglishDB\Words\a\arguably.md
782,argue,C:\GTT\EnglishDB\Words\a\argue.md
783,argument,C:\GTT\EnglishDB\Words\a\argument.md
784,aria,C:\GTT\EnglishDB\Words\a\aria.md
785,arid,C:\GTT\EnglishDB\Words\a\arid.md
786,arise,C:\GTT\EnglishDB\Words\a\arise.md
787,aristocracy,C:\GTT\EnglishDB\Words\a\aristocracy.md
788,aristocrat,C:\GTT\EnglishDB\Words\a\aristocrat.md
789,aristocratic,C:\GTT\EnglishDB\Words\a\aristocratic.md
790,arithmetic,C:\GTT\EnglishDB\Words\a\arithmetic.md
791,ark,C:\GTT\EnglishDB\Words\a\ark.md
792,arm,C:\GTT\EnglishDB\Words\a\arm.md
793,armament,C:\GTT\EnglishDB\Words\a\armament.md
794,armchair,C:\GTT\EnglishDB\Words\a\armchair.md
795,armed,C:\GTT\EnglishDB\Words\a\armed.md
796,armor,C:\GTT\EnglishDB\Words\a\armor.md
797,armored,C:\GTT\EnglishDB\Words\a\armored.md
798,armpit,C:\GTT\EnglishDB\Words\a\armpit.md
799,army,C:\GTT\EnglishDB\Words\a\army.md
800,aroma,C:\GTT\EnglishDB\Words\a\aroma.md
801,aromatic,C:\GTT\EnglishDB\Words\a\aromatic.md
802,around,C:\GTT\EnglishDB\Words\a\around.md
803,arousal,C:\GTT\EnglishDB\Words\a\arousal.md
804,arouse,C:\GTT\EnglishDB\Words\a\arouse.md
805,arrange,C:\GTT\EnglishDB\Words\a\arrange.md
806,arrangement,C:\GTT\EnglishDB\Words\a\arrangement.md
807,array,C:\GTT\EnglishDB\Words\a\array.md
808,arrest,C:\GTT\EnglishDB\Words\a\arrest.md
809,arrival,C:\GTT\EnglishDB\Words\a\arrival.md
810,arrive,C:\GTT\EnglishDB\Words\a\arrive.md
811,arrogance,C:\GTT\EnglishDB\Words\a\arrogance.md
812,arrogant,C:\GTT\EnglishDB\Words\a\arrogant.md
813,arrow,C:\GTT\EnglishDB\Words\a\arrow.md
814,arsenal,C:\GTT\EnglishDB\Words\a\arsenal.md
815,arsenic,C:\GTT\EnglishDB\Words\a\arsenic.md
816,arson,C:\GTT\EnglishDB\Words\a\arson.md
817,art,C:\GTT\EnglishDB\Words\a\art.md
818,arterial,C:\GTT\EnglishDB\Words\a\arterial.md
819,artery,C:\GTT\EnglishDB\Words\a\artery.md
820,artful,C:\GTT\EnglishDB\Words\a\artful.md
821,artfully,C:\GTT\EnglishDB\Words\a\artfully.md
822,arthritic,C:\GTT\EnglishDB\Words\a\arthritic.md
823,arthritis,C:\GTT\EnglishDB\Words\a\arthritis.md
824,artichoke,C:\GTT\EnglishDB\Words\a\artichoke.md
825,article,C:\GTT\EnglishDB\Words\a\article.md
826,articulate,C:\GTT\EnglishDB\Words\a\articulate.md
827,articulation,C:\GTT\EnglishDB\Words\a\articulation.md
828,artifact,C:\GTT\EnglishDB\Words\a\artifact.md
829,artifice,C:\GTT\EnglishDB\Words\a\artifice.md
830,artificial,C:\GTT\EnglishDB\Words\a\artificial.md
831,artificially,C:\GTT\EnglishDB\Words\a\artificially.md
832,artillery,C:\GTT\EnglishDB\Words\a\artillery.md
833,artisan,C:\GTT\EnglishDB\Words\a\artisan.md
834,artist,C:\GTT\EnglishDB\Words\a\artist.md
835,artistic,C:\GTT\EnglishDB\Words\a\artistic.md
836,artistically,C:\GTT\EnglishDB\Words\a\artistically.md
837,artistry,C:\GTT\EnglishDB\Words\a\artistry.md
838,artwork,C:\GTT\EnglishDB\Words\a\artwork.md
839,arugula,C:\GTT\EnglishDB\Words\a\arugula.md
840,as,C:\GTT\EnglishDB\Words\a\as.md
841,asbestos,C:\GTT\EnglishDB\Words\a\asbestos.md
842,ascend,C:\GTT\EnglishDB\Words\a\ascend.md
843,ascendancy,C:\GTT\EnglishDB\Words\a\ascendancy.md
844,ascending,C:\GTT\EnglishDB\Words\a\ascending.md
845,ascension,C:\GTT\EnglishDB\Words\a\ascension.md
846,ascent,C:\GTT\EnglishDB\Words\a\ascent.md
847,ascertain,C:\GTT\EnglishDB\Words\a\ascertain.md
848,ascetic,C:\GTT\EnglishDB\Words\a\ascetic.md
849,ascribe,C:\GTT\EnglishDB\Words\a\ascribe.md
850,ash,C:\GTT\EnglishDB\Words\a\ash.md
851,ashamed,C:\GTT\EnglishDB\Words\a\ashamed.md
852,ashore,C:\GTT\EnglishDB\Words\a\ashore.md
853,ashtray,C:\GTT\EnglishDB\Words\a\ashtray.md
854,aside,C:\GTT\EnglishDB\Words\a\aside.md
855,ask,C:\GTT\EnglishDB\Words\a\ask.md
856,askew,C:\GTT\EnglishDB\Words\a\askew.md
857,asking,C:\GTT\EnglishDB\Words\a\asking.md
858,asleep,C:\GTT\EnglishDB\Words\a\asleep.md
859,asparagus,C:\GTT\EnglishDB\Words\a\asparagus.md
860,aspect,C:\GTT\EnglishDB\Words\a\aspect.md
861,aspen,C:\GTT\EnglishDB\Words\a\aspen.md
862,asphalt,C:\GTT\EnglishDB\Words\a\asphalt.md
863,aspiration,C:\GTT\EnglishDB\Words\a\aspiration.md
864,aspire,C:\GTT\EnglishDB\Words\a\aspire.md
865,aspirin,C:\GTT\EnglishDB\Words\a\aspirin.md
866,aspiring,C:\GTT\EnglishDB\Words\a\aspiring.md
867,ass,C:\GTT\EnglishDB\Words\a\ass.md
868,assail,C:\GTT\EnglishDB\Words\a\assail.md
869,assailant,C:\GTT\EnglishDB\Words\a\assailant.md
870,assassin,C:\GTT\EnglishDB\Words\a\assassin.md
871,assassinate,C:\GTT\EnglishDB\Words\a\assassinate.md
872,assassination,C:\GTT\EnglishDB\Words\a\assassination.md
873,assault,C:\GTT\EnglishDB\Words\a\assault.md
874,assay,C:\GTT\EnglishDB\Words\a\assay.md
875,assemblage,C:\GTT\EnglishDB\Words\a\assemblage.md
876,assemble,C:\GTT\EnglishDB\Words\a\assemble.md
877,assembled,C:\GTT\EnglishDB\Words\a\assembled.md
878,assembly,C:\GTT\EnglishDB\Words\a\assembly.md
879,assent,C:\GTT\EnglishDB\Words\a\assent.md
880,assert,C:\GTT\EnglishDB\Words\a\assert.md
881,assertion,C:\GTT\EnglishDB\Words\a\assertion.md
882,assertive,C:\GTT\EnglishDB\Words\a\assertive.md
883,assess,C:\GTT\EnglishDB\Words\a\assess.md
884,assessment,C:\GTT\EnglishDB\Words\a\assessment.md
885,assessor,C:\GTT\EnglishDB\Words\a\assessor.md
886,asset,C:\GTT\EnglishDB\Words\a\asset.md
887,assign,C:\GTT\EnglishDB\Words\a\assign.md
888,assignment,C:\GTT\EnglishDB\Words\a\assignment.md
889,assimilate,C:\GTT\EnglishDB\Words\a\assimilate.md
890,assimilation,C:\GTT\EnglishDB\Words\a\assimilation.md
891,assist,C:\GTT\EnglishDB\Words\a\assist.md
892,assistance,C:\GTT\EnglishDB\Words\a\assistance.md
893,assistant,C:\GTT\EnglishDB\Words\a\assistant.md
894,associate,C:\GTT\EnglishDB\Words\a\associate.md
895,associated,C:\GTT\EnglishDB\Words\a\associated.md
896,association,C:\GTT\EnglishDB\Words\a\association.md
897,assorted,C:\GTT\EnglishDB\Words\a\assorted.md
898,assortment,C:\GTT\EnglishDB\Words\a\assortment.md
899,assuage,C:\GTT\EnglishDB\Words\a\assuage.md
900,assume,C:\GTT\EnglishDB\Words\a\assume.md
901,assumed,C:\GTT\EnglishDB\Words\a\assumed.md
902,assumption,C:\GTT\EnglishDB\Words\a\assumption.md
903,assurance,C:\GTT\EnglishDB\Words\a\assurance.md
904,assure,C:\GTT\EnglishDB\Words\a\assure.md
905,assured,C:\GTT\EnglishDB\Words\a\assured.md
906,asterisk,C:\GTT\EnglishDB\Words\a\asterisk.md
907,asteroid,C:\GTT\EnglishDB\Words\a\asteroid.md
908,asthma,C:\GTT\EnglishDB\Words\a\asthma.md
909,astonish,C:\GTT\EnglishDB\Words\a\astonish.md
910,astonished,C:\GTT\EnglishDB\Words\a\astonished.md
911,astonishing,C:\GTT\EnglishDB\Words\a\astonishing.md
912,astonishment,C:\GTT\EnglishDB\Words\a\astonishment.md
913,astound,C:\GTT\EnglishDB\Words\a\astound.md
914,astounding,C:\GTT\EnglishDB\Words\a\astounding.md
915,astray,C:\GTT\EnglishDB\Words\a\astray.md
916,astride,C:\GTT\EnglishDB\Words\a\astride.md
917,astronaut,C:\GTT\EnglishDB\Words\a\astronaut.md
918,astronomer,C:\GTT\EnglishDB\Words\a\astronomer.md
919,astronomical,C:\GTT\EnglishDB\Words\a\astronomical.md
920,astronomy,C:\GTT\EnglishDB\Words\a\astronomy.md
921,astrophysicist,C:\GTT\EnglishDB\Words\a\astrophysicist.md
922,astute,C:\GTT\EnglishDB\Words\a\astute.md
923,asylum,C:\GTT\EnglishDB\Words\a\asylum.md
924,asymmetrical,C:\GTT\EnglishDB\Words\a\asymmetrical.md
925,asymmetry,C:\GTT\EnglishDB\Words\a\asymmetry.md
926,at,C:\GTT\EnglishDB\Words\a\at.md
927,atheist,C:\GTT\EnglishDB\Words\a\atheist.md
928,athlete,C:\GTT\EnglishDB\Words\a\athlete.md
929,athletic,C:\GTT\EnglishDB\Words\a\athletic.md
930,athleticism,C:\GTT\EnglishDB\Words\a\athleticism.md
931,athletics,C:\GTT\EnglishDB\Words\a\athletics.md
932,atlas,C:\GTT\EnglishDB\Words\a\atlas.md
933,atmosphere,C:\GTT\EnglishDB\Words\a\atmosphere.md
934,atmospheric,C:\GTT\EnglishDB\Words\a\atmospheric.md
935,atom,C:\GTT\EnglishDB\Words\a\atom.md
936,atomic,C:\GTT\EnglishDB\Words\a\atomic.md
937,atonement,C:\GTT\EnglishDB\Words\a\atonement.md
938,atop,C:\GTT\EnglishDB\Words\a\atop.md
939,atrium,C:\GTT\EnglishDB\Words\a\atrium.md
940,atrocity,C:\GTT\EnglishDB\Words\a\atrocity.md
941,attach,C:\GTT\EnglishDB\Words\a\attach.md
942,attached,C:\GTT\EnglishDB\Words\a\attached.md
943,attachment,C:\GTT\EnglishDB\Words\a\attachment.md
944,attack,C:\GTT\EnglishDB\Words\a\attack.md
945,attacker,C:\GTT\EnglishDB\Words\a\attacker.md
946,attain,C:\GTT\EnglishDB\Words\a\attain.md
947,attainable,C:\GTT\EnglishDB\Words\a\attainable.md
948,attainment,C:\GTT\EnglishDB\Words\a\attainment.md
949,attempt,C:\GTT\EnglishDB\Words\a\attempt.md
950,attend,C:\GTT\EnglishDB\Words\a\attend.md
951,attendance,C:\GTT\EnglishDB\Words\a\attendance.md
952,attendant,C:\GTT\EnglishDB\Words\a\attendant.md
953,attendee,C:\GTT\EnglishDB\Words\a\attendee.md
954,attention,C:\GTT\EnglishDB\Words\a\attention.md
955,attentive,C:\GTT\EnglishDB\Words\a\attentive.md
956,attentively,C:\GTT\EnglishDB\Words\a\attentively.md
957,attest,C:\GTT\EnglishDB\Words\a\attest.md
958,attic,C:\GTT\EnglishDB\Words\a\attic.md
959,attire,C:\GTT\EnglishDB\Words\a\attire.md
960,attitude,C:\GTT\EnglishDB\Words\a\attitude.md
961,attitudinal,C:\GTT\EnglishDB\Words\a\attitudinal.md
962,attorney,C:\GTT\EnglishDB\Words\a\attorney.md
963,attract,C:\GTT\EnglishDB\Words\a\attract.md
964,attraction,C:\GTT\EnglishDB\Words\a\attraction.md
965,attractive,C:\GTT\EnglishDB\Words\a\attractive.md
966,attributable,C:\GTT\EnglishDB\Words\a\attributable.md
967,attribute,C:\GTT\EnglishDB\Words\a\attribute.md
968,attribution,C:\GTT\EnglishDB\Words\a\attribution.md
969,attrition,C:\GTT\EnglishDB\Words\a\attrition.md
970,attune,C:\GTT\EnglishDB\Words\a\attune.md
971,atypical,C:\GTT\EnglishDB\Words\a\atypical.md
972,auburn,C:\GTT\EnglishDB\Words\a\auburn.md
973,auction,C:\GTT\EnglishDB\Words\a\auction.md
974,auctioneer,C:\GTT\EnglishDB\Words\a\auctioneer.md
975,audacious,C:\GTT\EnglishDB\Words\a\audacious.md
976,audacity,C:\GTT\EnglishDB\Words\a\audacity.md
977,audible,C:\GTT\EnglishDB\Words\a\audible.md
978,audience,C:\GTT\EnglishDB\Words\a\audience.md
979,audio,C:\GTT\EnglishDB\Words\a\audio.md
980,audiotape,C:\GTT\EnglishDB\Words\a\audiotape.md
981,audit,C:\GTT\EnglishDB\Words\a\audit.md
982,auditing,C:\GTT\EnglishDB\Words\a\auditing.md
983,audition,C:\GTT\EnglishDB\Words\a\audition.md
984,auditor,C:\GTT\EnglishDB\Words\a\auditor.md
985,auditorium,C:\GTT\EnglishDB\Words\a\auditorium.md
986,auditory,C:\GTT\EnglishDB\Words\a\auditory.md
987,augment,C:\GTT\EnglishDB\Words\a\augment.md
988,aunt,C:\GTT\EnglishDB\Words\a\aunt.md
989,aura,C:\GTT\EnglishDB\Words\a\aura.md
990,aural,C:\GTT\EnglishDB\Words\a\aural.md
991,auspice,C:\GTT\EnglishDB\Words\a\auspice.md
992,austere,C:\GTT\EnglishDB\Words\a\austere.md
993,austerity,C:\GTT\EnglishDB\Words\a\austerity.md
994,authentic,C:\GTT\EnglishDB\Words\a\authentic.md
995,authenticity,C:\GTT\EnglishDB\Words\a\authenticity.md
996,author,C:\GTT\EnglishDB\Words\a\author.md
997,authorial,C:\GTT\EnglishDB\Words\a\authorial.md
998,authoritarian,C:\GTT\EnglishDB\Words\a\authoritarian.md
999,authoritarianism,C:\GTT\EnglishDB\Words\a\authoritarianism.md
1000,authoritative,C:\GTT\EnglishDB\Words\a\authoritative.md
1001,authority,C:\GTT\EnglishDB\Words\a\authority.md
1002,authorization,C:\GTT\EnglishDB\Words\a\authorization.md
1003,authorize,C:\GTT\EnglishDB\Words\a\authorize.md
1004,authorized,C:\GTT\EnglishDB\Words\a\authorized.md
1005,authorship,C:\GTT\EnglishDB\Words\a\authorship.md
1006,autism,C:\GTT\EnglishDB\Words\a\autism.md
1007,autistic,C:\GTT\EnglishDB\Words\a\autistic.md
1008,auto,C:\GTT\EnglishDB\Words\a\auto.md
1009,autobiography,C:\GTT\EnglishDB\Words\a\autobiography.md
1010,autocratic,C:\GTT\EnglishDB\Words\a\autocratic.md
1011,autograph,C:\GTT\EnglishDB\Words\a\autograph.md
1012,automaker,C:\GTT\EnglishDB\Words\a\automaker.md
1013,automate,C:\GTT\EnglishDB\Words\a\automate.md
1014,automatic,C:\GTT\EnglishDB\Words\a\automatic.md
1015,automatically,C:\GTT\EnglishDB\Words\a\automatically.md
1016,automation,C:\GTT\EnglishDB\Words\a\automation.md
1017,automobile,C:\GTT\EnglishDB\Words\a\automobile.md
1018,automotive,C:\GTT\EnglishDB\Words\a\automotive.md
1019,autonomous,C:\GTT\EnglishDB\Words\a\autonomous.md
1020,autonomy,C:\GTT\EnglishDB\Words\a\autonomy.md
1021,autopsy,C:\GTT\EnglishDB\Words\a\autopsy.md
1022,autumn,C:\GTT\EnglishDB\Words\a\autumn.md
1023,auxiliary,C:\GTT\EnglishDB\Words\a\auxiliary.md
1024,avail,C:\GTT\EnglishDB\Words\a\avail.md
1025,availability,C:\GTT\EnglishDB\Words\a\availability.md
1026,available,C:\GTT\EnglishDB\Words\a\available.md
1027,avalanche,C:\GTT\EnglishDB\Words\a\avalanche.md
1028,avatar,C:\GTT\EnglishDB\Words\a\avatar.md
1029,avenge,C:\GTT\EnglishDB\Words\a\avenge.md
1030,avenue,C:\GTT\EnglishDB\Words\a\avenue.md
1031,average,C:\GTT\EnglishDB\Words\a\average.md
1032,aversion,C:\GTT\EnglishDB\Words\a\aversion.md
1033,avert,C:\GTT\EnglishDB\Words\a\avert.md
1034,avian,C:\GTT\EnglishDB\Words\a\avian.md
1035,aviation,C:\GTT\EnglishDB\Words\a\aviation.md
1036,aviator,C:\GTT\EnglishDB\Words\a\aviator.md
1037,avid,C:\GTT\EnglishDB\Words\a\avid.md
1038,avocado,C:\GTT\EnglishDB\Words\a\avocado.md
1039,avoid,C:\GTT\EnglishDB\Words\a\avoid.md
1040,aw,C:\GTT\EnglishDB\Words\a\aw.md
1041,await,C:\GTT\EnglishDB\Words\a\await.md
1042,awake,C:\GTT\EnglishDB\Words\a\awake.md
1043,awaken,C:\GTT\EnglishDB\Words\a\awaken.md
1044,awakening,C:\GTT\EnglishDB\Words\a\awakening.md
1045,award,C:\GTT\EnglishDB\Words\a\award.md
1046,aware,C:\GTT\EnglishDB\Words\a\aware.md
1047,awareness,C:\GTT\EnglishDB\Words\a\awareness.md
1048,awash,C:\GTT\EnglishDB\Words\a\awash.md
1049,away,C:\GTT\EnglishDB\Words\a\away.md
1050,awe,C:\GTT\EnglishDB\Words\a\awe.md
1051,awed,C:\GTT\EnglishDB\Words\a\awed.md
1052,awesome,C:\GTT\EnglishDB\Words\a\awesome.md
1053,awful,C:\GTT\EnglishDB\Words\a\awful.md
1054,awfully,C:\GTT\EnglishDB\Words\a\awfully.md
1055,awhile,C:\GTT\EnglishDB\Words\a\awhile.md
1056,awkward,C:\GTT\EnglishDB\Words\a\awkward.md
1057,awkwardly,C:\GTT\EnglishDB\Words\a\awkwardly.md
1058,awkwardness,C:\GTT\EnglishDB\Words\a\awkwardness.md
1059,awning,C:\GTT\EnglishDB\Words\a\awning.md
1060,awry,C:\GTT\EnglishDB\Words\a\awry.md
1061,ax,C:\GTT\EnglishDB\Words\a\ax.md
1062,axe,C:\GTT\EnglishDB\Words\a\axe.md
1063,axial,C:\GTT\EnglishDB\Words\a\axial.md
1064,axiom,C:\GTT\EnglishDB\Words\a\axiom.md
1065,axle,C:\GTT\EnglishDB\Words\a\axle.md
1066,aye,C:\GTT\EnglishDB\Words\a\aye.md
1067,azalea,C:\GTT\EnglishDB\Words\a\azalea.md
1068,babble,C:\GTT\EnglishDB\Words\b\babble.md
1069,babe,C:\GTT\EnglishDB\Words\b\babe.md
1070,baboon,C:\GTT\EnglishDB\Words\b\baboon.md
1071,baby,C:\GTT\EnglishDB\Words\b\baby.md
1072,bachelor,C:\GTT\EnglishDB\Words\b\bachelor.md
1073,back,C:\GTT\EnglishDB\Words\b\back.md
1074,backbone,C:\GTT\EnglishDB\Words\b\backbone.md
1075,backdrop,C:\GTT\EnglishDB\Words\b\backdrop.md
1076,backer,C:\GTT\EnglishDB\Words\b\backer.md
1077,backfire,C:\GTT\EnglishDB\Words\b\backfire.md
1078,background,C:\GTT\EnglishDB\Words\b\background.md
1079,backing,C:\GTT\EnglishDB\Words\b\backing.md
1080,backlash,C:\GTT\EnglishDB\Words\b\backlash.md
1081,backlog,C:\GTT\EnglishDB\Words\b\backlog.md
1082,backpack,C:\GTT\EnglishDB\Words\b\backpack.md
1083,backseat,C:\GTT\EnglishDB\Words\b\backseat.md
1084,backside,C:\GTT\EnglishDB\Words\b\backside.md
1085,backstage,C:\GTT\EnglishDB\Words\b\backstage.md
1086,backtrack,C:\GTT\EnglishDB\Words\b\backtrack.md
1087,backup,C:\GTT\EnglishDB\Words\b\backup.md
1088,backward,C:\GTT\EnglishDB\Words\b\backward.md
1089,backwards,C:\GTT\EnglishDB\Words\b\backwards.md
1090,backwater,C:\GTT\EnglishDB\Words\b\backwater.md
1091,backyard,C:\GTT\EnglishDB\Words\b\backyard.md
1092,bacon,C:\GTT\EnglishDB\Words\b\bacon.md
1093,bacteria,C:\GTT\EnglishDB\Words\b\bacteria.md
1094,bacterial,C:\GTT\EnglishDB\Words\b\bacterial.md
1095,bad,C:\GTT\EnglishDB\Words\b\bad.md
1096,badge,C:\GTT\EnglishDB\Words\b\badge.md
1097,badly,C:\GTT\EnglishDB\Words\b\badly.md
1098,baffle,C:\GTT\EnglishDB\Words\b\baffle.md
1099,baffling,C:\GTT\EnglishDB\Words\b\baffling.md
1100,bag,C:\GTT\EnglishDB\Words\b\bag.md
1101,bagel,C:\GTT\EnglishDB\Words\b\bagel.md
1102,baggage,C:\GTT\EnglishDB\Words\b\baggage.md
1103,baggy,C:\GTT\EnglishDB\Words\b\baggy.md
1104,bail,C:\GTT\EnglishDB\Words\b\bail.md
1105,bailout,C:\GTT\EnglishDB\Words\b\bailout.md
1106,bait,C:\GTT\EnglishDB\Words\b\bait.md
1107,bake,C:\GTT\EnglishDB\Words\b\bake.md
1108,baker,C:\GTT\EnglishDB\Words\b\baker.md
1109,bakery,C:\GTT\EnglishDB\Words\b\bakery.md
1110,baking,C:\GTT\EnglishDB\Words\b\baking.md
1111,balance,C:\GTT\EnglishDB\Words\b\balance.md
1112,balanced,C:\GTT\EnglishDB\Words\b\balanced.md
1113,balcony,C:\GTT\EnglishDB\Words\b\balcony.md
1114,bald,C:\GTT\EnglishDB\Words\b\bald.md
1115,balding,C:\GTT\EnglishDB\Words\b\balding.md
1116,bale,C:\GTT\EnglishDB\Words\b\bale.md
1117,balk,C:\GTT\EnglishDB\Words\b\balk.md
1118,ball,C:\GTT\EnglishDB\Words\b\ball.md
1119,ballad,C:\GTT\EnglishDB\Words\b\ballad.md
1120,ballast,C:\GTT\EnglishDB\Words\b\ballast.md
1121,ballerina,C:\GTT\EnglishDB\Words\b\ballerina.md
1122,ballet,C:\GTT\EnglishDB\Words\b\ballet.md
1123,ballistic,C:\GTT\EnglishDB\Words\b\ballistic.md
1124,balloon,C:\GTT\EnglishDB\Words\b\balloon.md
1125,ballot,C:\GTT\EnglishDB\Words\b\ballot.md
1126,ballplayer,C:\GTT\EnglishDB\Words\b\ballplayer.md
1127,ballroom,C:\GTT\EnglishDB\Words\b\ballroom.md
1128,balm,C:\GTT\EnglishDB\Words\b\balm.md
1129,balmy,C:\GTT\EnglishDB\Words\b\balmy.md
1130,balsamic,C:\GTT\EnglishDB\Words\b\balsamic.md
1131,bamboo,C:\GTT\EnglishDB\Words\b\bamboo.md
1132,ban,C:\GTT\EnglishDB\Words\b\ban.md
1133,banal,C:\GTT\EnglishDB\Words\b\banal.md
1134,banana,C:\GTT\EnglishDB\Words\b\banana.md
1135,band,C:\GTT\EnglishDB\Words\b\band.md
1136,bandage,C:\GTT\EnglishDB\Words\b\bandage.md
1137,bandanna,C:\GTT\EnglishDB\Words\b\bandanna.md
1138,bandit,C:\GTT\EnglishDB\Words\b\bandit.md
1139,bandwagon,C:\GTT\EnglishDB\Words\b\bandwagon.md
1140,bandwidth,C:\GTT\EnglishDB\Words\b\bandwidth.md
1141,bang,C:\GTT\EnglishDB\Words\b\bang.md
1142,banish,C:\GTT\EnglishDB\Words\b\banish.md
1143,banister,C:\GTT\EnglishDB\Words\b\banister.md
1144,banjo,C:\GTT\EnglishDB\Words\b\banjo.md
1145,bank,C:\GTT\EnglishDB\Words\b\bank.md
1146,banker,C:\GTT\EnglishDB\Words\b\banker.md
1147,banking,C:\GTT\EnglishDB\Words\b\banking.md
1148,bankrupt,C:\GTT\EnglishDB\Words\b\bankrupt.md
1149,bankruptcy,C:\GTT\EnglishDB\Words\b\bankruptcy.md
1150,banner,C:\GTT\EnglishDB\Words\b\banner.md
1151,banquet,C:\GTT\EnglishDB\Words\b\banquet.md
1152,banter,C:\GTT\EnglishDB\Words\b\banter.md
1153,baptism,C:\GTT\EnglishDB\Words\b\baptism.md
1154,baptize,C:\GTT\EnglishDB\Words\b\baptize.md
1155,bar,C:\GTT\EnglishDB\Words\b\bar.md
1156,barb,C:\GTT\EnglishDB\Words\b\barb.md
1157,barbarian,C:\GTT\EnglishDB\Words\b\barbarian.md
1158,barbaric,C:\GTT\EnglishDB\Words\b\barbaric.md
1159,barbecue,C:\GTT\EnglishDB\Words\b\barbecue.md
1160,barbed,C:\GTT\EnglishDB\Words\b\barbed.md
1161,barber,C:\GTT\EnglishDB\Words\b\barber.md
1162,bare,C:\GTT\EnglishDB\Words\b\bare.md
1163,barefoot,C:\GTT\EnglishDB\Words\b\barefoot.md
1164,barely,C:\GTT\EnglishDB\Words\b\barely.md
1165,bargain,C:\GTT\EnglishDB\Words\b\bargain.md
1166,bargaining,C:\GTT\EnglishDB\Words\b\bargaining.md
1167,barge,C:\GTT\EnglishDB\Words\b\barge.md
1168,baritone,C:\GTT\EnglishDB\Words\b\baritone.md
1169,bark,C:\GTT\EnglishDB\Words\b\bark.md
1170,barley,C:\GTT\EnglishDB\Words\b\barley.md
1171,barn,C:\GTT\EnglishDB\Words\b\barn.md
1172,barometer,C:\GTT\EnglishDB\Words\b\barometer.md
1173,baron,C:\GTT\EnglishDB\Words\b\baron.md
1174,baroque,C:\GTT\EnglishDB\Words\b\baroque.md
1175,barracks,C:\GTT\EnglishDB\Words\b\barracks.md
1176,barrage,C:\GTT\EnglishDB\Words\b\barrage.md
1177,barrel,C:\GTT\EnglishDB\Words\b\barrel.md
1178,barren,C:\GTT\EnglishDB\Words\b\barren.md
1179,barricade,C:\GTT\EnglishDB\Words\b\barricade.md
1180,barrier,C:\GTT\EnglishDB\Words\b\barrier.md
1181,barring,C:\GTT\EnglishDB\Words\b\barring.md
1182,bartender,C:\GTT\EnglishDB\Words\b\bartender.md
1183,barter,C:\GTT\EnglishDB\Words\b\barter.md
1184,basal,C:\GTT\EnglishDB\Words\b\basal.md
1185,base,C:\GTT\EnglishDB\Words\b\base.md
1186,baseball,C:\GTT\EnglishDB\Words\b\baseball.md
1187,baseline,C:\GTT\EnglishDB\Words\b\baseline.md
1188,baseman,C:\GTT\EnglishDB\Words\b\baseman.md
1189,basement,C:\GTT\EnglishDB\Words\b\basement.md
1190,bash,C:\GTT\EnglishDB\Words\b\bash.md
1191,basically,C:\GTT\EnglishDB\Words\b\basically.md
1192,basil,C:\GTT\EnglishDB\Words\b\basil.md
1193,basin,C:\GTT\EnglishDB\Words\b\basin.md
1194,basis,C:\GTT\EnglishDB\Words\b\basis.md
1195,bask,C:\GTT\EnglishDB\Words\b\bask.md
1196,basket,C:\GTT\EnglishDB\Words\b\basket.md
1197,basketball,C:\GTT\EnglishDB\Words\b\basketball.md
1198,bass,C:\GTT\EnglishDB\Words\b\bass.md
1199,bassist,C:\GTT\EnglishDB\Words\b\bassist.md
1200,bastard,C:\GTT\EnglishDB\Words\b\bastard.md
1201,baste,C:\GTT\EnglishDB\Words\b\baste.md
1202,bastion,C:\GTT\EnglishDB\Words\b\bastion.md
1203,bat,C:\GTT\EnglishDB\Words\b\bat.md
1204,batch,C:\GTT\EnglishDB\Words\b\batch.md
1205,bath,C:\GTT\EnglishDB\Words\b\bath.md
1206,bathe,C:\GTT\EnglishDB\Words\b\bathe.md
1207,bathing,C:\GTT\EnglishDB\Words\b\bathing.md
1208,bathrobe,C:\GTT\EnglishDB\Words\b\bathrobe.md
1209,bathroom,C:\GTT\EnglishDB\Words\b\bathroom.md
1210,bathtub,C:\GTT\EnglishDB\Words\b\bathtub.md
1211,baton,C:\GTT\EnglishDB\Words\b\baton.md
1212,battalion,C:\GTT\EnglishDB\Words\b\battalion.md
1213,batter,C:\GTT\EnglishDB\Words\b\batter.md
1214,battered,C:\GTT\EnglishDB\Words\b\battered.md
1215,battery,C:\GTT\EnglishDB\Words\b\battery.md
1216,batting,C:\GTT\EnglishDB\Words\b\batting.md
1217,battle,C:\GTT\EnglishDB\Words\b\battle.md
1218,battlefield,C:\GTT\EnglishDB\Words\b\battlefield.md
1219,battleground,C:\GTT\EnglishDB\Words\b\battleground.md
1220,battleship,C:\GTT\EnglishDB\Words\b\battleship.md
1221,bawl,C:\GTT\EnglishDB\Words\b\bawl.md
1222,bay,C:\GTT\EnglishDB\Words\b\bay.md
1223,bayonet,C:\GTT\EnglishDB\Words\b\bayonet.md
1224,bayou,C:\GTT\EnglishDB\Words\b\bayou.md
1225,bazaar,C:\GTT\EnglishDB\Words\b\bazaar.md
1226,be,C:\GTT\EnglishDB\Words\b\be.md
1227,beach,C:\GTT\EnglishDB\Words\b\beach.md
1228,beacon,C:\GTT\EnglishDB\Words\b\beacon.md
1229,bead,C:\GTT\EnglishDB\Words\b\bead.md
1230,beaded,C:\GTT\EnglishDB\Words\b\beaded.md
1231,beak,C:\GTT\EnglishDB\Words\b\beak.md
1232,beam,C:\GTT\EnglishDB\Words\b\beam.md
1233,bean,C:\GTT\EnglishDB\Words\b\bean.md
1234,bear,C:\GTT\EnglishDB\Words\b\bear.md
1235,beard,C:\GTT\EnglishDB\Words\b\beard.md
1236,bearded,C:\GTT\EnglishDB\Words\b\bearded.md
1237,bearer,C:\GTT\EnglishDB\Words\b\bearer.md
1238,bearing,C:\GTT\EnglishDB\Words\b\bearing.md
1239,beast,C:\GTT\EnglishDB\Words\b\beast.md
1240,beat,C:\GTT\EnglishDB\Words\b\beat.md
1241,beaten,C:\GTT\EnglishDB\Words\b\beaten.md
1242,beater,C:\GTT\EnglishDB\Words\b\beater.md
1243,beating,C:\GTT\EnglishDB\Words\b\beating.md
1244,beau,C:\GTT\EnglishDB\Words\b\beau.md
1245,beautiful,C:\GTT\EnglishDB\Words\b\beautiful.md
1246,beautifully,C:\GTT\EnglishDB\Words\b\beautifully.md
1247,beauty,C:\GTT\EnglishDB\Words\b\beauty.md
1248,beaver,C:\GTT\EnglishDB\Words\b\beaver.md
1249,because,C:\GTT\EnglishDB\Words\b\because.md
1250,beckon,C:\GTT\EnglishDB\Words\b\beckon.md
1251,become,C:\GTT\EnglishDB\Words\b\become.md
1252,bed,C:\GTT\EnglishDB\Words\b\bed.md
1253,bedding,C:\GTT\EnglishDB\Words\b\bedding.md
1254,bedrock,C:\GTT\EnglishDB\Words\b\bedrock.md
1255,bedroom,C:\GTT\EnglishDB\Words\b\bedroom.md
1256,bedside,C:\GTT\EnglishDB\Words\b\bedside.md
1257,bedspread,C:\GTT\EnglishDB\Words\b\bedspread.md
1258,bedtime,C:\GTT\EnglishDB\Words\b\bedtime.md
1259,beef,C:\GTT\EnglishDB\Words\b\beef.md
1260,beefy,C:\GTT\EnglishDB\Words\b\beefy.md
1261,beehive,C:\GTT\EnglishDB\Words\b\beehive.md
1262,beep,C:\GTT\EnglishDB\Words\b\beep.md
1263,beeper,C:\GTT\EnglishDB\Words\b\beeper.md
1264,beer,C:\GTT\EnglishDB\Words\b\beer.md
1265,beet,C:\GTT\EnglishDB\Words\b\beet.md
1266,beetle,C:\GTT\EnglishDB\Words\b\beetle.md
1267,befall,C:\GTT\EnglishDB\Words\b\befall.md
1268,befit,C:\GTT\EnglishDB\Words\b\befit.md
1269,before,C:\GTT\EnglishDB\Words\b\before.md
1270,beforehand,C:\GTT\EnglishDB\Words\b\beforehand.md
1271,befriend,C:\GTT\EnglishDB\Words\b\befriend.md
1272,beg,C:\GTT\EnglishDB\Words\b\beg.md
1273,beggar,C:\GTT\EnglishDB\Words\b\beggar.md
1274,begin,C:\GTT\EnglishDB\Words\b\begin.md
1275,beginner,C:\GTT\EnglishDB\Words\b\beginner.md
1276,beginning,C:\GTT\EnglishDB\Words\b\beginning.md
1277,behalf,C:\GTT\EnglishDB\Words\b\behalf.md
1278,behave,C:\GTT\EnglishDB\Words\b\behave.md
1279,behavior,C:\GTT\EnglishDB\Words\b\behavior.md
1280,behavioral,C:\GTT\EnglishDB\Words\b\behavioral.md
1281,behaviour,C:\GTT\EnglishDB\Words\b\behaviour.md
1282,behead,C:\GTT\EnglishDB\Words\b\behead.md
1283,behemoth,C:\GTT\EnglishDB\Words\b\behemoth.md
1284,behest,C:\GTT\EnglishDB\Words\b\behest.md
1285,behind,C:\GTT\EnglishDB\Words\b\behind.md
1286,behold,C:\GTT\EnglishDB\Words\b\behold.md
1287,beholden,C:\GTT\EnglishDB\Words\b\beholden.md
1288,beholder,C:\GTT\EnglishDB\Words\b\beholder.md
1289,beige,C:\GTT\EnglishDB\Words\b\beige.md
1290,being,C:\GTT\EnglishDB\Words\b\being.md
1291,belated,C:\GTT\EnglishDB\Words\b\belated.md
1292,belch,C:\GTT\EnglishDB\Words\b\belch.md
1293,belie,C:\GTT\EnglishDB\Words\b\belie.md
1294,belief,C:\GTT\EnglishDB\Words\b\belief.md
1295,believable,C:\GTT\EnglishDB\Words\b\believable.md
1296,believe,C:\GTT\EnglishDB\Words\b\believe.md
1297,believer,C:\GTT\EnglishDB\Words\b\believer.md
1298,belittle,C:\GTT\EnglishDB\Words\b\belittle.md
1299,bell,C:\GTT\EnglishDB\Words\b\bell.md
1300,belle,C:\GTT\EnglishDB\Words\b\belle.md
1301,belligerent,C:\GTT\EnglishDB\Words\b\belligerent.md
1302,bellow,C:\GTT\EnglishDB\Words\b\bellow.md
1303,belly,C:\GTT\EnglishDB\Words\b\belly.md
1304,belong,C:\GTT\EnglishDB\Words\b\belong.md
1305,belongings,C:\GTT\EnglishDB\Words\b\belongings.md
1306,beloved,C:\GTT\EnglishDB\Words\b\beloved.md
1307,below,C:\GTT\EnglishDB\Words\b\below.md
1308,belt,C:\GTT\EnglishDB\Words\b\belt.md
1309,bemoan,C:\GTT\EnglishDB\Words\b\bemoan.md
1310,bemused,C:\GTT\EnglishDB\Words\b\bemused.md
1311,bench,C:\GTT\EnglishDB\Words\b\bench.md
1312,benchmark,C:\GTT\EnglishDB\Words\b\benchmark.md
1313,bend,C:\GTT\EnglishDB\Words\b\bend.md
1314,beneath,C:\GTT\EnglishDB\Words\b\beneath.md
1315,benefactor,C:\GTT\EnglishDB\Words\b\benefactor.md
1316,beneficial,C:\GTT\EnglishDB\Words\b\beneficial.md
1317,beneficiary,C:\GTT\EnglishDB\Words\b\beneficiary.md
1318,benefit,C:\GTT\EnglishDB\Words\b\benefit.md
1319,benevolence,C:\GTT\EnglishDB\Words\b\benevolence.md
1320,benevolent,C:\GTT\EnglishDB\Words\b\benevolent.md
1321,benign,C:\GTT\EnglishDB\Words\b\benign.md
1322,bent,C:\GTT\EnglishDB\Words\b\bent.md
1323,bequeath,C:\GTT\EnglishDB\Words\b\bequeath.md
1324,bequest,C:\GTT\EnglishDB\Words\b\bequest.md
1325,berate,C:\GTT\EnglishDB\Words\b\berate.md
1326,bereaved,C:\GTT\EnglishDB\Words\b\bereaved.md
1327,bereft,C:\GTT\EnglishDB\Words\b\bereft.md
1328,beret,C:\GTT\EnglishDB\Words\b\beret.md
1329,berry,C:\GTT\EnglishDB\Words\b\berry.md
1330,berth,C:\GTT\EnglishDB\Words\b\berth.md
1331,beset,C:\GTT\EnglishDB\Words\b\beset.md
1332,beside,C:\GTT\EnglishDB\Words\b\beside.md
1333,besides,C:\GTT\EnglishDB\Words\b\besides.md
1334,besiege,C:\GTT\EnglishDB\Words\b\besiege.md
1335,best,C:\GTT\EnglishDB\Words\b\best.md
1336,bestow,C:\GTT\EnglishDB\Words\b\bestow.md
1337,bet,C:\GTT\EnglishDB\Words\b\bet.md
1338,beta,C:\GTT\EnglishDB\Words\b\beta.md
1339,betray,C:\GTT\EnglishDB\Words\b\betray.md
1340,betrayal,C:\GTT\EnglishDB\Words\b\betrayal.md
1341,better,C:\GTT\EnglishDB\Words\b\better.md
1342,betting,C:\GTT\EnglishDB\Words\b\betting.md
1343,between,C:\GTT\EnglishDB\Words\b\between.md
1344,beverage,C:\GTT\EnglishDB\Words\b\beverage.md
1345,beware,C:\GTT\EnglishDB\Words\b\beware.md
1346,bewildering,C:\GTT\EnglishDB\Words\b\bewildering.md
1347,bewilderment,C:\GTT\EnglishDB\Words\b\bewilderment.md
1348,beyond,C:\GTT\EnglishDB\Words\b\beyond.md
1349,bias,C:\GTT\EnglishDB\Words\b\bias.md
1350,biased,C:\GTT\EnglishDB\Words\b\biased.md
1351,biblical,C:\GTT\EnglishDB\Words\b\biblical.md
1352,bibliography,C:\GTT\EnglishDB\Words\b\bibliography.md
1353,biceps,C:\GTT\EnglishDB\Words\b\biceps.md
1354,bicker,C:\GTT\EnglishDB\Words\b\bicker.md
1355,bicycle,C:\GTT\EnglishDB\Words\b\bicycle.md
1356,bid,C:\GTT\EnglishDB\Words\b\bid.md
1357,bidder,C:\GTT\EnglishDB\Words\b\bidder.md
1358,bidding,C:\GTT\EnglishDB\Words\b\bidding.md
1359,bide,C:\GTT\EnglishDB\Words\b\bide.md
1360,big,C:\GTT\EnglishDB\Words\b\big.md
1361,bigot,C:\GTT\EnglishDB\Words\b\bigot.md
1362,bigotry,C:\GTT\EnglishDB\Words\b\bigotry.md
1363,bike,C:\GTT\EnglishDB\Words\b\bike.md
1364,biker,C:\GTT\EnglishDB\Words\b\biker.md
1365,bikini,C:\GTT\EnglishDB\Words\b\bikini.md
1366,bilateral,C:\GTT\EnglishDB\Words\b\bilateral.md
1367,bile,C:\GTT\EnglishDB\Words\b\bile.md
1368,bilingual,C:\GTT\EnglishDB\Words\b\bilingual.md
1369,bill,C:\GTT\EnglishDB\Words\b\bill.md
1370,billboard,C:\GTT\EnglishDB\Words\b\billboard.md
1371,billiards,C:\GTT\EnglishDB\Words\b\billiards.md
1372,billing,C:\GTT\EnglishDB\Words\b\billing.md
1373,billion,C:\GTT\EnglishDB\Words\b\billion.md
1374,billionaire,C:\GTT\EnglishDB\Words\b\billionaire.md
1375,billow,C:\GTT\EnglishDB\Words\b\billow.md
1376,binary,C:\GTT\EnglishDB\Words\b\binary.md
1377,bind,C:\GTT\EnglishDB\Words\b\bind.md
1378,binder,C:\GTT\EnglishDB\Words\b\binder.md
1379,binding,C:\GTT\EnglishDB\Words\b\binding.md
1380,binge,C:\GTT\EnglishDB\Words\b\binge.md
1381,bingo,C:\GTT\EnglishDB\Words\b\bingo.md
1382,binoculars,C:\GTT\EnglishDB\Words\b\binoculars.md
1383,biochemical,C:\GTT\EnglishDB\Words\b\biochemical.md
1384,biochemistry,C:\GTT\EnglishDB\Words\b\biochemistry.md
1385,biographer,C:\GTT\EnglishDB\Words\b\biographer.md
1386,biographical,C:\GTT\EnglishDB\Words\b\biographical.md
1387,biography,C:\GTT\EnglishDB\Words\b\biography.md
1388,biological,C:\GTT\EnglishDB\Words\b\biological.md
1389,biologically,C:\GTT\EnglishDB\Words\b\biologically.md
1390,biologist,C:\GTT\EnglishDB\Words\b\biologist.md
1391,biology,C:\GTT\EnglishDB\Words\b\biology.md
1392,biomass,C:\GTT\EnglishDB\Words\b\biomass.md
1393,biopsy,C:\GTT\EnglishDB\Words\b\biopsy.md
1394,biosphere,C:\GTT\EnglishDB\Words\b\biosphere.md
1395,biotechnology,C:\GTT\EnglishDB\Words\b\biotechnology.md
1396,bipartisan,C:\GTT\EnglishDB\Words\b\bipartisan.md
1397,bipolar,C:\GTT\EnglishDB\Words\b\bipolar.md
1398,birch,C:\GTT\EnglishDB\Words\b\birch.md
1399,bird,C:\GTT\EnglishDB\Words\b\bird.md
1400,birdie,C:\GTT\EnglishDB\Words\b\birdie.md
1401,birth,C:\GTT\EnglishDB\Words\b\birth.md
1402,birthday,C:\GTT\EnglishDB\Words\b\birthday.md
1403,birthplace,C:\GTT\EnglishDB\Words\b\birthplace.md
1404,birthright,C:\GTT\EnglishDB\Words\b\birthright.md
1405,biscuit,C:\GTT\EnglishDB\Words\b\biscuit.md
1406,bisexual,C:\GTT\EnglishDB\Words\b\bisexual.md
1407,bishop,C:\GTT\EnglishDB\Words\b\bishop.md
1408,bison,C:\GTT\EnglishDB\Words\b\bison.md
1409,bistro,C:\GTT\EnglishDB\Words\b\bistro.md
1410,bit,C:\GTT\EnglishDB\Words\b\bit.md
1411,bitch,C:\GTT\EnglishDB\Words\b\bitch.md
1412,biting,C:\GTT\EnglishDB\Words\b\biting.md
1413,bitter,C:\GTT\EnglishDB\Words\b\bitter.md
1414,bitterly,C:\GTT\EnglishDB\Words\b\bitterly.md
1415,bitterness,C:\GTT\EnglishDB\Words\b\bitterness.md
1416,bittersweet,C:\GTT\EnglishDB\Words\b\bittersweet.md
1417,biz,C:\GTT\EnglishDB\Words\b\biz.md
1418,bizarre,C:\GTT\EnglishDB\Words\b\bizarre.md
1419,black,C:\GTT\EnglishDB\Words\b\black.md
1420,blackberry,C:\GTT\EnglishDB\Words\b\blackberry.md
1421,blackboard,C:\GTT\EnglishDB\Words\b\blackboard.md
1422,blacken,C:\GTT\EnglishDB\Words\b\blacken.md
1423,blackjack,C:\GTT\EnglishDB\Words\b\blackjack.md
1424,blackmail,C:\GTT\EnglishDB\Words\b\blackmail.md
1425,blackness,C:\GTT\EnglishDB\Words\b\blackness.md
1426,blackout,C:\GTT\EnglishDB\Words\b\blackout.md
1427,blacksmith,C:\GTT\EnglishDB\Words\b\blacksmith.md
1428,blacktop,C:\GTT\EnglishDB\Words\b\blacktop.md
1429,bladder,C:\GTT\EnglishDB\Words\b\bladder.md
1430,blade,C:\GTT\EnglishDB\Words\b\blade.md
1431,blah,C:\GTT\EnglishDB\Words\b\blah.md
1432,blame,C:\GTT\EnglishDB\Words\b\blame.md
1433,blanch,C:\GTT\EnglishDB\Words\b\blanch.md
1434,bland,C:\GTT\EnglishDB\Words\b\bland.md
1435,blank,C:\GTT\EnglishDB\Words\b\blank.md
1436,blanket,C:\GTT\EnglishDB\Words\b\blanket.md
1437,blankly,C:\GTT\EnglishDB\Words\b\blankly.md
1438,blare,C:\GTT\EnglishDB\Words\b\blare.md
1439,blasphemy,C:\GTT\EnglishDB\Words\b\blasphemy.md
1440,blast,C:\GTT\EnglishDB\Words\b\blast.md
1441,blatant,C:\GTT\EnglishDB\Words\b\blatant.md
1442,blatantly,C:\GTT\EnglishDB\Words\b\blatantly.md
1443,blaze,C:\GTT\EnglishDB\Words\b\blaze.md
1444,blazer,C:\GTT\EnglishDB\Words\b\blazer.md
1445,blazing,C:\GTT\EnglishDB\Words\b\blazing.md
1446,bleach,C:\GTT\EnglishDB\Words\b\bleach.md
1447,bleachers,C:\GTT\EnglishDB\Words\b\bleachers.md
1448,bleak,C:\GTT\EnglishDB\Words\b\bleak.md
1449,bleed,C:\GTT\EnglishDB\Words\b\bleed.md
1450,bleeding,C:\GTT\EnglishDB\Words\b\bleeding.md
1451,blemish,C:\GTT\EnglishDB\Words\b\blemish.md
1452,blend,C:\GTT\EnglishDB\Words\b\blend.md
1453,blender,C:\GTT\EnglishDB\Words\b\blender.md
1454,bless,C:\GTT\EnglishDB\Words\b\bless.md
1455,blessed,C:\GTT\EnglishDB\Words\b\blessed.md
1456,blessing,C:\GTT\EnglishDB\Words\b\blessing.md
1457,blight,C:\GTT\EnglishDB\Words\b\blight.md
1458,blind,C:\GTT\EnglishDB\Words\b\blind.md
1459,blindfold,C:\GTT\EnglishDB\Words\b\blindfold.md
1460,blinding,C:\GTT\EnglishDB\Words\b\blinding.md
1461,blindly,C:\GTT\EnglishDB\Words\b\blindly.md
1462,blindness,C:\GTT\EnglishDB\Words\b\blindness.md
1463,blink,C:\GTT\EnglishDB\Words\b\blink.md
1464,blinking,C:\GTT\EnglishDB\Words\b\blinking.md
1465,blip,C:\GTT\EnglishDB\Words\b\blip.md
1466,bliss,C:\GTT\EnglishDB\Words\b\bliss.md
1467,blissful,C:\GTT\EnglishDB\Words\b\blissful.md
1468,blister,C:\GTT\EnglishDB\Words\b\blister.md
1469,blithely,C:\GTT\EnglishDB\Words\b\blithely.md
1470,blitz,C:\GTT\EnglishDB\Words\b\blitz.md
1471,blizzard,C:\GTT\EnglishDB\Words\b\blizzard.md
1472,bloated,C:\GTT\EnglishDB\Words\b\bloated.md
1473,blob,C:\GTT\EnglishDB\Words\b\blob.md
1474,bloc,C:\GTT\EnglishDB\Words\b\bloc.md
1475,block,C:\GTT\EnglishDB\Words\b\block.md
1476,blockade,C:\GTT\EnglishDB\Words\b\blockade.md
1477,blockage,C:\GTT\EnglishDB\Words\b\blockage.md
1478,blockbuster,C:\GTT\EnglishDB\Words\b\blockbuster.md
1479,blocking,C:\GTT\EnglishDB\Words\b\blocking.md
1480,blond,C:\GTT\EnglishDB\Words\b\blond.md
1481,blonde,C:\GTT\EnglishDB\Words\b\blonde.md
1482,blood,C:\GTT\EnglishDB\Words\b\blood.md
1483,bloodless,C:\GTT\EnglishDB\Words\b\bloodless.md
1484,bloodshed,C:\GTT\EnglishDB\Words\b\bloodshed.md
1485,bloody,C:\GTT\EnglishDB\Words\b\bloody.md
1486,bloom,C:\GTT\EnglishDB\Words\b\bloom.md
1487,blooming,C:\GTT\EnglishDB\Words\b\blooming.md
1488,blossom,C:\GTT\EnglishDB\Words\b\blossom.md
1489,blot,C:\GTT\EnglishDB\Words\b\blot.md
1490,blouse,C:\GTT\EnglishDB\Words\b\blouse.md
1491,blow,C:\GTT\EnglishDB\Words\b\blow.md
1492,blower,C:\GTT\EnglishDB\Words\b\blower.md
1493,blown,C:\GTT\EnglishDB\Words\b\blown.md
1494,blowout,C:\GTT\EnglishDB\Words\b\blowout.md
1495,blue,C:\GTT\EnglishDB\Words\b\blue.md
1496,blueberry,C:\GTT\EnglishDB\Words\b\blueberry.md
1497,bluegrass,C:\GTT\EnglishDB\Words\b\bluegrass.md
1498,blueprint,C:\GTT\EnglishDB\Words\b\blueprint.md
1499,bluff,C:\GTT\EnglishDB\Words\b\bluff.md
1500,bluish,C:\GTT\EnglishDB\Words\b\bluish.md
1501,blunder,C:\GTT\EnglishDB\Words\b\blunder.md
1502,blunt,C:\GTT\EnglishDB\Words\b\blunt.md
1503,bluntly,C:\GTT\EnglishDB\Words\b\bluntly.md
1504,blur,C:\GTT\EnglishDB\Words\b\blur.md
1505,blurry,C:\GTT\EnglishDB\Words\b\blurry.md
1506,blurt,C:\GTT\EnglishDB\Words\b\blurt.md
1507,blush,C:\GTT\EnglishDB\Words\b\blush.md
1508,boar,C:\GTT\EnglishDB\Words\b\boar.md
1509,board,C:\GTT\EnglishDB\Words\b\board.md
1510,boarder,C:\GTT\EnglishDB\Words\b\boarder.md
1511,boarding,C:\GTT\EnglishDB\Words\b\boarding.md
1512,boardroom,C:\GTT\EnglishDB\Words\b\boardroom.md
1513,boardwalk,C:\GTT\EnglishDB\Words\b\boardwalk.md
1514,boast,C:\GTT\EnglishDB\Words\b\boast.md
1515,boat,C:\GTT\EnglishDB\Words\b\boat.md
1516,boater,C:\GTT\EnglishDB\Words\b\boater.md
1517,boating,C:\GTT\EnglishDB\Words\b\boating.md
1518,bob,C:\GTT\EnglishDB\Words\b\bob.md
1519,bode,C:\GTT\EnglishDB\Words\b\bode.md
1520,bodice,C:\GTT\EnglishDB\Words\b\bodice.md
1521,bodily,C:\GTT\EnglishDB\Words\b\bodily.md
1522,body,C:\GTT\EnglishDB\Words\b\body.md
1523,bodyguard,C:\GTT\EnglishDB\Words\b\bodyguard.md
1524,bog,C:\GTT\EnglishDB\Words\b\bog.md
1525,bogey,C:\GTT\EnglishDB\Words\b\bogey.md
1526,bogus,C:\GTT\EnglishDB\Words\b\bogus.md
1527,bohemian,C:\GTT\EnglishDB\Words\b\bohemian.md
1528,boil,C:\GTT\EnglishDB\Words\b\boil.md
1529,boiler,C:\GTT\EnglishDB\Words\b\boiler.md
1530,boiling,C:\GTT\EnglishDB\Words\b\boiling.md
1531,boisterous,C:\GTT\EnglishDB\Words\b\boisterous.md
1532,bold,C:\GTT\EnglishDB\Words\b\bold.md
1533,boldly,C:\GTT\EnglishDB\Words\b\boldly.md
1534,boldness,C:\GTT\EnglishDB\Words\b\boldness.md
1535,bolster,C:\GTT\EnglishDB\Words\b\bolster.md
1536,bolt,C:\GTT\EnglishDB\Words\b\bolt.md
1537,bomb,C:\GTT\EnglishDB\Words\b\bomb.md
1538,bombardment,C:\GTT\EnglishDB\Words\b\bombardment.md
1539,bomber,C:\GTT\EnglishDB\Words\b\bomber.md
1540,bombshell,C:\GTT\EnglishDB\Words\b\bombshell.md
1541,bonanza,C:\GTT\EnglishDB\Words\b\bonanza.md
1542,bond,C:\GTT\EnglishDB\Words\b\bond.md
1543,bondage,C:\GTT\EnglishDB\Words\b\bondage.md
1544,bone,C:\GTT\EnglishDB\Words\b\bone.md
1545,boneless,C:\GTT\EnglishDB\Words\b\boneless.md
1546,bonfire,C:\GTT\EnglishDB\Words\b\bonfire.md
1547,bonnet,C:\GTT\EnglishDB\Words\b\bonnet.md
1548,bonus,C:\GTT\EnglishDB\Words\b\bonus.md
1549,bony,C:\GTT\EnglishDB\Words\b\bony.md
1550,boo,C:\GTT\EnglishDB\Words\b\boo.md
1551,boob,C:\GTT\EnglishDB\Words\b\boob.md
1552,book,C:\GTT\EnglishDB\Words\b\book.md
1553,bookcase,C:\GTT\EnglishDB\Words\b\bookcase.md
1554,booking,C:\GTT\EnglishDB\Words\b\booking.md
1555,bookkeeping,C:\GTT\EnglishDB\Words\b\bookkeeping.md
1556,booklet,C:\GTT\EnglishDB\Words\b\booklet.md
1557,bookseller,C:\GTT\EnglishDB\Words\b\bookseller.md
1558,bookshelf,C:\GTT\EnglishDB\Words\b\bookshelf.md
1559,bookstore,C:\GTT\EnglishDB\Words\b\bookstore.md
1560,boom,C:\GTT\EnglishDB\Words\b\boom.md
1561,booming,C:\GTT\EnglishDB\Words\b\booming.md
1562,boon,C:\GTT\EnglishDB\Words\b\boon.md
1563,boost,C:\GTT\EnglishDB\Words\b\boost.md
1564,booster,C:\GTT\EnglishDB\Words\b\booster.md
1565,boot,C:\GTT\EnglishDB\Words\b\boot.md
1566,booth,C:\GTT\EnglishDB\Words\b\booth.md
1567,booty,C:\GTT\EnglishDB\Words\b\booty.md
1568,booze,C:\GTT\EnglishDB\Words\b\booze.md
1569,border,C:\GTT\EnglishDB\Words\b\border.md
1570,borderline,C:\GTT\EnglishDB\Words\b\borderline.md
1571,bore,C:\GTT\EnglishDB\Words\b\bore.md
1572,bored,C:\GTT\EnglishDB\Words\b\bored.md
1573,boredom,C:\GTT\EnglishDB\Words\b\boredom.md
1574,boring,C:\GTT\EnglishDB\Words\b\boring.md
1575,born,C:\GTT\EnglishDB\Words\b\born.md
1576,borough,C:\GTT\EnglishDB\Words\b\borough.md
1577,borrow,C:\GTT\EnglishDB\Words\b\borrow.md
1578,borrowed,C:\GTT\EnglishDB\Words\b\borrowed.md
1579,borrower,C:\GTT\EnglishDB\Words\b\borrower.md
1580,borrowing,C:\GTT\EnglishDB\Words\b\borrowing.md
1581,bosom,C:\GTT\EnglishDB\Words\b\bosom.md
1582,boss,C:\GTT\EnglishDB\Words\b\boss.md
1583,bot,C:\GTT\EnglishDB\Words\b\bot.md
1584,botanical,C:\GTT\EnglishDB\Words\b\botanical.md
1585,botanist,C:\GTT\EnglishDB\Words\b\botanist.md
1586,botch,C:\GTT\EnglishDB\Words\b\botch.md
1587,both,C:\GTT\EnglishDB\Words\b\both.md
1588,bother,C:\GTT\EnglishDB\Words\b\bother.md
1589,bottle,C:\GTT\EnglishDB\Words\b\bottle.md
1590,bottled,C:\GTT\EnglishDB\Words\b\bottled.md
1591,bottleneck,C:\GTT\EnglishDB\Words\b\bottleneck.md
1592,bottom,C:\GTT\EnglishDB\Words\b\bottom.md
1593,bottomless,C:\GTT\EnglishDB\Words\b\bottomless.md
1594,bough,C:\GTT\EnglishDB\Words\b\bough.md
1595,boulder,C:\GTT\EnglishDB\Words\b\boulder.md
1596,boulevard,C:\GTT\EnglishDB\Words\b\boulevard.md
1597,bounce,C:\GTT\EnglishDB\Words\b\bounce.md
1598,bouncer,C:\GTT\EnglishDB\Words\b\bouncer.md
1599,bouncing,C:\GTT\EnglishDB\Words\b\bouncing.md
1600,bound,C:\GTT\EnglishDB\Words\b\bound.md
1601,boundary,C:\GTT\EnglishDB\Words\b\boundary.md
1602,boundless,C:\GTT\EnglishDB\Words\b\boundless.md
1603,bountiful,C:\GTT\EnglishDB\Words\b\bountiful.md
1604,bounty,C:\GTT\EnglishDB\Words\b\bounty.md
1605,bouquet,C:\GTT\EnglishDB\Words\b\bouquet.md
1606,bourbon,C:\GTT\EnglishDB\Words\b\bourbon.md
1607,bourgeois,C:\GTT\EnglishDB\Words\b\bourgeois.md
1608,bourgeoisie,C:\GTT\EnglishDB\Words\b\bourgeoisie.md
1609,bout,C:\GTT\EnglishDB\Words\b\bout.md
1610,boutique,C:\GTT\EnglishDB\Words\b\boutique.md
1611,bow,C:\GTT\EnglishDB\Words\b\bow.md
1612,bowel,C:\GTT\EnglishDB\Words\b\bowel.md
1613,bowl,C:\GTT\EnglishDB\Words\b\bowl.md
1614,bowler,C:\GTT\EnglishDB\Words\b\bowler.md
1615,bowling,C:\GTT\EnglishDB\Words\b\bowling.md
1616,box,C:\GTT\EnglishDB\Words\b\box.md
1617,boxer,C:\GTT\EnglishDB\Words\b\boxer.md
1618,boxing,C:\GTT\EnglishDB\Words\b\boxing.md
1619,boy,C:\GTT\EnglishDB\Words\b\boy.md
1620,boycott,C:\GTT\EnglishDB\Words\b\boycott.md
1621,boyfriend,C:\GTT\EnglishDB\Words\b\boyfriend.md
1622,boyhood,C:\GTT\EnglishDB\Words\b\boyhood.md
1623,bra,C:\GTT\EnglishDB\Words\b\bra.md
1624,brace,C:\GTT\EnglishDB\Words\b\brace.md
1625,bracelet,C:\GTT\EnglishDB\Words\b\bracelet.md
1626,bracket,C:\GTT\EnglishDB\Words\b\bracket.md
1627,brag,C:\GTT\EnglishDB\Words\b\brag.md
1628,braid,C:\GTT\EnglishDB\Words\b\braid.md
1629,braille,C:\GTT\EnglishDB\Words\b\braille.md
1630,brain,C:\GTT\EnglishDB\Words\b\brain.md
1631,brainchild,C:\GTT\EnglishDB\Words\b\brainchild.md
1632,brainwash,C:\GTT\EnglishDB\Words\b\brainwash.md
1633,brake,C:\GTT\EnglishDB\Words\b\brake.md
1634,bran,C:\GTT\EnglishDB\Words\b\bran.md
1635,branch,C:\GTT\EnglishDB\Words\b\branch.md
1636,branching,C:\GTT\EnglishDB\Words\b\branching.md
1637,brand,C:\GTT\EnglishDB\Words\b\brand.md
1638,brandish,C:\GTT\EnglishDB\Words\b\brandish.md
1639,brandy,C:\GTT\EnglishDB\Words\b\brandy.md
1640,brash,C:\GTT\EnglishDB\Words\b\brash.md
1641,brass,C:\GTT\EnglishDB\Words\b\brass.md
1642,brat,C:\GTT\EnglishDB\Words\b\brat.md
1643,bravado,C:\GTT\EnglishDB\Words\b\bravado.md
1644,brave,C:\GTT\EnglishDB\Words\b\brave.md
1645,bravely,C:\GTT\EnglishDB\Words\b\bravely.md
1646,bravery,C:\GTT\EnglishDB\Words\b\bravery.md
1647,brawl,C:\GTT\EnglishDB\Words\b\brawl.md
1648,brazen,C:\GTT\EnglishDB\Words\b\brazen.md
1649,breach,C:\GTT\EnglishDB\Words\b\breach.md
1650,bread,C:\GTT\EnglishDB\Words\b\bread.md
1651,breadth,C:\GTT\EnglishDB\Words\b\breadth.md
1652,breadwinner,C:\GTT\EnglishDB\Words\b\breadwinner.md
1653,break,C:\GTT\EnglishDB\Words\b\break.md
1654,breakaway,C:\GTT\EnglishDB\Words\b\breakaway.md
1655,breakdown,C:\GTT\EnglishDB\Words\b\breakdown.md
1656,breaker,C:\GTT\EnglishDB\Words\b\breaker.md
1657,breakfast,C:\GTT\EnglishDB\Words\b\breakfast.md
1658,breaking,C:\GTT\EnglishDB\Words\b\breaking.md
1659,breakout,C:\GTT\EnglishDB\Words\b\breakout.md
1660,breakthrough,C:\GTT\EnglishDB\Words\b\breakthrough.md
1661,breakup,C:\GTT\EnglishDB\Words\b\breakup.md
1662,breast,C:\GTT\EnglishDB\Words\b\breast.md
1663,breath,C:\GTT\EnglishDB\Words\b\breath.md
1664,breathe,C:\GTT\EnglishDB\Words\b\breathe.md
1665,breather,C:\GTT\EnglishDB\Words\b\breather.md
1666,breathing,C:\GTT\EnglishDB\Words\b\breathing.md
1667,breathless,C:\GTT\EnglishDB\Words\b\breathless.md
1668,breathlessly,C:\GTT\EnglishDB\Words\b\breathlessly.md
1669,breathtaking,C:\GTT\EnglishDB\Words\b\breathtaking.md
1670,breech,C:\GTT\EnglishDB\Words\b\breech.md
1671,breed,C:\GTT\EnglishDB\Words\b\breed.md
1672,breeder,C:\GTT\EnglishDB\Words\b\breeder.md
1673,breeding,C:\GTT\EnglishDB\Words\b\breeding.md
1674,breeze,C:\GTT\EnglishDB\Words\b\breeze.md
1675,breezy,C:\GTT\EnglishDB\Words\b\breezy.md
1676,brew,C:\GTT\EnglishDB\Words\b\brew.md
1677,brewer,C:\GTT\EnglishDB\Words\b\brewer.md
1678,brewery,C:\GTT\EnglishDB\Words\b\brewery.md
1679,brewing,C:\GTT\EnglishDB\Words\b\brewing.md
1680,bribe,C:\GTT\EnglishDB\Words\b\bribe.md
1681,bribery,C:\GTT\EnglishDB\Words\b\bribery.md
1682,brick,C:\GTT\EnglishDB\Words\b\brick.md
1683,bridal,C:\GTT\EnglishDB\Words\b\bridal.md
1684,bride,C:\GTT\EnglishDB\Words\b\bride.md
1685,bridesmaid,C:\GTT\EnglishDB\Words\b\bridesmaid.md
1686,bridge,C:\GTT\EnglishDB\Words\b\bridge.md
1687,bridle,C:\GTT\EnglishDB\Words\b\bridle.md
1688,brief,C:\GTT\EnglishDB\Words\b\brief.md
1689,briefcase,C:\GTT\EnglishDB\Words\b\briefcase.md
1690,briefing,C:\GTT\EnglishDB\Words\b\briefing.md
1691,briefly,C:\GTT\EnglishDB\Words\b\briefly.md
1692,brigade,C:\GTT\EnglishDB\Words\b\brigade.md
1693,bright,C:\GTT\EnglishDB\Words\b\bright.md
1694,brighten,C:\GTT\EnglishDB\Words\b\brighten.md
1695,brightly,C:\GTT\EnglishDB\Words\b\brightly.md
1696,brightness,C:\GTT\EnglishDB\Words\b\brightness.md
1697,brilliance,C:\GTT\EnglishDB\Words\b\brilliance.md
1698,brilliant,C:\GTT\EnglishDB\Words\b\brilliant.md
1699,brilliantly,C:\GTT\EnglishDB\Words\b\brilliantly.md
1700,brim,C:\GTT\EnglishDB\Words\b\brim.md
1701,brine,C:\GTT\EnglishDB\Words\b\brine.md
1702,bring,C:\GTT\EnglishDB\Words\b\bring.md
1703,brink,C:\GTT\EnglishDB\Words\b\brink.md
1704,brisk,C:\GTT\EnglishDB\Words\b\brisk.md
1705,briskly,C:\GTT\EnglishDB\Words\b\briskly.md
1706,bristle,C:\GTT\EnglishDB\Words\b\bristle.md
1707,brittle,C:\GTT\EnglishDB\Words\b\brittle.md
1708,broach,C:\GTT\EnglishDB\Words\b\broach.md
1709,broad,C:\GTT\EnglishDB\Words\b\broad.md
1710,broadband,C:\GTT\EnglishDB\Words\b\broadband.md
1711,broadcast,C:\GTT\EnglishDB\Words\b\broadcast.md
1712,broadcaster,C:\GTT\EnglishDB\Words\b\broadcaster.md
1713,broadcasting,C:\GTT\EnglishDB\Words\b\broadcasting.md
1714,broaden,C:\GTT\EnglishDB\Words\b\broaden.md
1715,broadly,C:\GTT\EnglishDB\Words\b\broadly.md
1716,broadside,C:\GTT\EnglishDB\Words\b\broadside.md
1717,broccoli,C:\GTT\EnglishDB\Words\b\broccoli.md
1718,brochure,C:\GTT\EnglishDB\Words\b\brochure.md
1719,broil,C:\GTT\EnglishDB\Words\b\broil.md
1720,broiler,C:\GTT\EnglishDB\Words\b\broiler.md
1721,broke,C:\GTT\EnglishDB\Words\b\broke.md
1722,broken,C:\GTT\EnglishDB\Words\b\broken.md
1723,broker,C:\GTT\EnglishDB\Words\b\broker.md
1724,brokerage,C:\GTT\EnglishDB\Words\b\brokerage.md
1725,bronze,C:\GTT\EnglishDB\Words\b\bronze.md
1726,brooch,C:\GTT\EnglishDB\Words\b\brooch.md
1727,brood,C:\GTT\EnglishDB\Words\b\brood.md
1728,brook,C:\GTT\EnglishDB\Words\b\brook.md
1729,broom,C:\GTT\EnglishDB\Words\b\broom.md
1730,broth,C:\GTT\EnglishDB\Words\b\broth.md
1731,brothel,C:\GTT\EnglishDB\Words\b\brothel.md
1732,brother,C:\GTT\EnglishDB\Words\b\brother.md
1733,brotherhood,C:\GTT\EnglishDB\Words\b\brotherhood.md
1734,brow,C:\GTT\EnglishDB\Words\b\brow.md
1735,brown,C:\GTT\EnglishDB\Words\b\brown.md
1736,brownie,C:\GTT\EnglishDB\Words\b\brownie.md
1737,brownstone,C:\GTT\EnglishDB\Words\b\brownstone.md
1738,browse,C:\GTT\EnglishDB\Words\b\browse.md
1739,browser,C:\GTT\EnglishDB\Words\b\browser.md
1740,bruise,C:\GTT\EnglishDB\Words\b\bruise.md
1741,brunch,C:\GTT\EnglishDB\Words\b\brunch.md
1742,brunt,C:\GTT\EnglishDB\Words\b\brunt.md
1743,brush,C:\GTT\EnglishDB\Words\b\brush.md
1744,brutal,C:\GTT\EnglishDB\Words\b\brutal.md
1745,brutality,C:\GTT\EnglishDB\Words\b\brutality.md
1746,brutalize,C:\GTT\EnglishDB\Words\b\brutalize.md
1747,brutally,C:\GTT\EnglishDB\Words\b\brutally.md
1748,brute,C:\GTT\EnglishDB\Words\b\brute.md
1749,bubble,C:\GTT\EnglishDB\Words\b\bubble.md
1750,bubbly,C:\GTT\EnglishDB\Words\b\bubbly.md
1751,buck,C:\GTT\EnglishDB\Words\b\buck.md
1752,bucket,C:\GTT\EnglishDB\Words\b\bucket.md
1753,buckle,C:\GTT\EnglishDB\Words\b\buckle.md
1754,bucolic,C:\GTT\EnglishDB\Words\b\bucolic.md
1755,bud,C:\GTT\EnglishDB\Words\b\bud.md
1756,budding,C:\GTT\EnglishDB\Words\b\budding.md
1757,buddy,C:\GTT\EnglishDB\Words\b\buddy.md
1758,budge,C:\GTT\EnglishDB\Words\b\budge.md
1759,budget,C:\GTT\EnglishDB\Words\b\budget.md
1760,budgetary,C:\GTT\EnglishDB\Words\b\budgetary.md
1761,buff,C:\GTT\EnglishDB\Words\b\buff.md
1762,buffalo,C:\GTT\EnglishDB\Words\b\buffalo.md
1763,buffer,C:\GTT\EnglishDB\Words\b\buffer.md
1764,buffet,C:\GTT\EnglishDB\Words\b\buffet.md
1765,bug,C:\GTT\EnglishDB\Words\b\bug.md
1766,buggy,C:\GTT\EnglishDB\Words\b\buggy.md
1767,build,C:\GTT\EnglishDB\Words\b\build.md
1768,builder,C:\GTT\EnglishDB\Words\b\builder.md
1769,building,C:\GTT\EnglishDB\Words\b\building.md
1770,bulb,C:\GTT\EnglishDB\Words\b\bulb.md
1771,bulge,C:\GTT\EnglishDB\Words\b\bulge.md
1772,bulimia,C:\GTT\EnglishDB\Words\b\bulimia.md
1773,bulk,C:\GTT\EnglishDB\Words\b\bulk.md
1774,bulkhead,C:\GTT\EnglishDB\Words\b\bulkhead.md
1775,bulky,C:\GTT\EnglishDB\Words\b\bulky.md
1776,bull,C:\GTT\EnglishDB\Words\b\bull.md
1777,bulldoze,C:\GTT\EnglishDB\Words\b\bulldoze.md
1778,bulldozer,C:\GTT\EnglishDB\Words\b\bulldozer.md
1779,bullet,C:\GTT\EnglishDB\Words\b\bullet.md
1780,bulletin,C:\GTT\EnglishDB\Words\b\bulletin.md
1781,bullish,C:\GTT\EnglishDB\Words\b\bullish.md
1782,bullpen,C:\GTT\EnglishDB\Words\b\bullpen.md
1783,bullshit,C:\GTT\EnglishDB\Words\b\bullshit.md
1784,bully,C:\GTT\EnglishDB\Words\b\bully.md
1785,bulwark,C:\GTT\EnglishDB\Words\b\bulwark.md
1786,bum,C:\GTT\EnglishDB\Words\b\bum.md
1787,bump,C:\GTT\EnglishDB\Words\b\bump.md
1788,bumper,C:\GTT\EnglishDB\Words\b\bumper.md
1789,bumpy,C:\GTT\EnglishDB\Words\b\bumpy.md
1790,bun,C:\GTT\EnglishDB\Words\b\bun.md
1791,bunch,C:\GTT\EnglishDB\Words\b\bunch.md
1792,bundle,C:\GTT\EnglishDB\Words\b\bundle.md
1793,bungalow,C:\GTT\EnglishDB\Words\b\bungalow.md
1794,bunk,C:\GTT\EnglishDB\Words\b\bunk.md
1795,bunker,C:\GTT\EnglishDB\Words\b\bunker.md
1796,bunny,C:\GTT\EnglishDB\Words\b\bunny.md
1797,buoy,C:\GTT\EnglishDB\Words\b\buoy.md
1798,buoyant,C:\GTT\EnglishDB\Words\b\buoyant.md
1799,burden,C:\GTT\EnglishDB\Words\b\burden.md
1800,burdensome,C:\GTT\EnglishDB\Words\b\burdensome.md
1801,bureau,C:\GTT\EnglishDB\Words\b\bureau.md
1802,bureaucracy,C:\GTT\EnglishDB\Words\b\bureaucracy.md
1803,bureaucrat,C:\GTT\EnglishDB\Words\b\bureaucrat.md
1804,bureaucratic,C:\GTT\EnglishDB\Words\b\bureaucratic.md
1805,burger,C:\GTT\EnglishDB\Words\b\burger.md
1806,burglar,C:\GTT\EnglishDB\Words\b\burglar.md
1807,burglary,C:\GTT\EnglishDB\Words\b\burglary.md
1808,burial,C:\GTT\EnglishDB\Words\b\burial.md
1809,burlap,C:\GTT\EnglishDB\Words\b\burlap.md
1810,burly,C:\GTT\EnglishDB\Words\b\burly.md
1811,burn,C:\GTT\EnglishDB\Words\b\burn.md
1812,burner,C:\GTT\EnglishDB\Words\b\burner.md
1813,burning,C:\GTT\EnglishDB\Words\b\burning.md
1814,burnout,C:\GTT\EnglishDB\Words\b\burnout.md
1815,burnt,C:\GTT\EnglishDB\Words\b\burnt.md
1816,burrito,C:\GTT\EnglishDB\Words\b\burrito.md
1817,burrow,C:\GTT\EnglishDB\Words\b\burrow.md
1818,burst,C:\GTT\EnglishDB\Words\b\burst.md
1819,bury,C:\GTT\EnglishDB\Words\b\bury.md
1820,bus,C:\GTT\EnglishDB\Words\b\bus.md
1821,bush,C:\GTT\EnglishDB\Words\b\bush.md
1822,bushel,C:\GTT\EnglishDB\Words\b\bushel.md
1823,bushy,C:\GTT\EnglishDB\Words\b\bushy.md
1824,busily,C:\GTT\EnglishDB\Words\b\busily.md
1825,business,C:\GTT\EnglishDB\Words\b\business.md
1826,businessman,C:\GTT\EnglishDB\Words\b\businessman.md
1827,bust,C:\GTT\EnglishDB\Words\b\bust.md
1828,bustle,C:\GTT\EnglishDB\Words\b\bustle.md
1829,bustling,C:\GTT\EnglishDB\Words\b\bustling.md
1830,busy,C:\GTT\EnglishDB\Words\b\busy.md
1831,but,C:\GTT\EnglishDB\Words\b\but.md
1832,butcher,C:\GTT\EnglishDB\Words\b\butcher.md
1833,butler,C:\GTT\EnglishDB\Words\b\butler.md
1834,butt,C:\GTT\EnglishDB\Words\b\butt.md
1835,butter,C:\GTT\EnglishDB\Words\b\butter.md
1836,butterfly,C:\GTT\EnglishDB\Words\b\butterfly.md
1837,buttermilk,C:\GTT\EnglishDB\Words\b\buttermilk.md
1838,buttery,C:\GTT\EnglishDB\Words\b\buttery.md
1839,buttocks,C:\GTT\EnglishDB\Words\b\buttocks.md
1840,button,C:\GTT\EnglishDB\Words\b\button.md
1841,buttress,C:\GTT\EnglishDB\Words\b\buttress.md
1842,buy,C:\GTT\EnglishDB\Words\b\buy.md
1843,buyer,C:\GTT\EnglishDB\Words\b\buyer.md
1844,buzz,C:\GTT\EnglishDB\Words\b\buzz.md
1845,buzzer,C:\GTT\EnglishDB\Words\b\buzzer.md
1846,by,C:\GTT\EnglishDB\Words\b\by.md
1847,bye,C:\GTT\EnglishDB\Words\b\bye.md
1848,bygone,C:\GTT\EnglishDB\Words\b\bygone.md
1849,bypass,C:\GTT\EnglishDB\Words\b\bypass.md
1850,bystander,C:\GTT\EnglishDB\Words\b\bystander.md
1851,cab,C:\GTT\EnglishDB\Words\c\cab.md
1852,cabaret,C:\GTT\EnglishDB\Words\c\cabaret.md
1853,cabbage,C:\GTT\EnglishDB\Words\c\cabbage.md
1854,cabin,C:\GTT\EnglishDB\Words\c\cabin.md
1855,cabinet,C:\GTT\EnglishDB\Words\c\cabinet.md
1856,cable,C:\GTT\EnglishDB\Words\c\cable.md
1857,cache,C:\GTT\EnglishDB\Words\c\cache.md
1858,cachet,C:\GTT\EnglishDB\Words\c\cachet.md
1859,cackle,C:\GTT\EnglishDB\Words\c\cackle.md
1860,cacophony,C:\GTT\EnglishDB\Words\c\cacophony.md
1861,cactus,C:\GTT\EnglishDB\Words\c\cactus.md
1862,cadaver,C:\GTT\EnglishDB\Words\c\cadaver.md
1863,caddie,C:\GTT\EnglishDB\Words\c\caddie.md
1864,cadence,C:\GTT\EnglishDB\Words\c\cadence.md
1865,cadet,C:\GTT\EnglishDB\Words\c\cadet.md
1866,cadmium,C:\GTT\EnglishDB\Words\c\cadmium.md
1867,cadre,C:\GTT\EnglishDB\Words\c\cadre.md
1868,cafe,C:\GTT\EnglishDB\Words\c\cafe.md
1869,cafeteria,C:\GTT\EnglishDB\Words\c\cafeteria.md
1870,caffeine,C:\GTT\EnglishDB\Words\c\caffeine.md
1871,cage,C:\GTT\EnglishDB\Words\c\cage.md
1872,cajole,C:\GTT\EnglishDB\Words\c\cajole.md
1873,cake,C:\GTT\EnglishDB\Words\c\cake.md
1874,calamity,C:\GTT\EnglishDB\Words\c\calamity.md
1875,calcium,C:\GTT\EnglishDB\Words\c\calcium.md
1876,calculate,C:\GTT\EnglishDB\Words\c\calculate.md
1877,calculated,C:\GTT\EnglishDB\Words\c\calculated.md
1878,calculation,C:\GTT\EnglishDB\Words\c\calculation.md
1879,calculator,C:\GTT\EnglishDB\Words\c\calculator.md
1880,calculus,C:\GTT\EnglishDB\Words\c\calculus.md
1881,calendar,C:\GTT\EnglishDB\Words\c\calendar.md
1882,calf,C:\GTT\EnglishDB\Words\c\calf.md
1883,caliber,C:\GTT\EnglishDB\Words\c\caliber.md
1884,calibrate,C:\GTT\EnglishDB\Words\c\calibrate.md
1885,calibration,C:\GTT\EnglishDB\Words\c\calibration.md
1886,call,C:\GTT\EnglishDB\Words\c\call.md
1887,caller,C:\GTT\EnglishDB\Words\c\caller.md
1888,calligraphy,C:\GTT\EnglishDB\Words\c\calligraphy.md
1889,calling,C:\GTT\EnglishDB\Words\c\calling.md
1890,callous,C:\GTT\EnglishDB\Words\c\callous.md
1891,calm,C:\GTT\EnglishDB\Words\c\calm.md
1892,calmly,C:\GTT\EnglishDB\Words\c\calmly.md
1893,cam,C:\GTT\EnglishDB\Words\c\cam.md
1894,camaraderie,C:\GTT\EnglishDB\Words\c\camaraderie.md
1895,camcorder,C:\GTT\EnglishDB\Words\c\camcorder.md
1896,camel,C:\GTT\EnglishDB\Words\c\camel.md
1897,cameo,C:\GTT\EnglishDB\Words\c\cameo.md
1898,camera,C:\GTT\EnglishDB\Words\c\camera.md
1899,cameraman,C:\GTT\EnglishDB\Words\c\cameraman.md
1900,camouflage,C:\GTT\EnglishDB\Words\c\camouflage.md
1901,camp,C:\GTT\EnglishDB\Words\c\camp.md
1902,campaign,C:\GTT\EnglishDB\Words\c\campaign.md
1903,campaigner,C:\GTT\EnglishDB\Words\c\campaigner.md
1904,camper,C:\GTT\EnglishDB\Words\c\camper.md
1905,campfire,C:\GTT\EnglishDB\Words\c\campfire.md
1906,campground,C:\GTT\EnglishDB\Words\c\campground.md
1907,camping,C:\GTT\EnglishDB\Words\c\camping.md
1908,campsite,C:\GTT\EnglishDB\Words\c\campsite.md
1909,campus,C:\GTT\EnglishDB\Words\c\campus.md
1910,can,C:\GTT\EnglishDB\Words\c\can.md
1911,canal,C:\GTT\EnglishDB\Words\c\canal.md
1912,cancel,C:\GTT\EnglishDB\Words\c\cancel.md
1913,cancellation,C:\GTT\EnglishDB\Words\c\cancellation.md
1914,cancer,C:\GTT\EnglishDB\Words\c\cancer.md
1915,cancerous,C:\GTT\EnglishDB\Words\c\cancerous.md
1916,candid,C:\GTT\EnglishDB\Words\c\candid.md
1917,candidacy,C:\GTT\EnglishDB\Words\c\candidacy.md
1918,candidate,C:\GTT\EnglishDB\Words\c\candidate.md
1919,candidly,C:\GTT\EnglishDB\Words\c\candidly.md
1920,candle,C:\GTT\EnglishDB\Words\c\candle.md
1921,candlelight,C:\GTT\EnglishDB\Words\c\candlelight.md
1922,candlestick,C:\GTT\EnglishDB\Words\c\candlestick.md
1923,candor,C:\GTT\EnglishDB\Words\c\candor.md
1924,candy,C:\GTT\EnglishDB\Words\c\candy.md
1925,cane,C:\GTT\EnglishDB\Words\c\cane.md
1926,canine,C:\GTT\EnglishDB\Words\c\canine.md
1927,canister,C:\GTT\EnglishDB\Words\c\canister.md
1928,canned,C:\GTT\EnglishDB\Words\c\canned.md
1929,cannibal,C:\GTT\EnglishDB\Words\c\cannibal.md
1930,cannibalism,C:\GTT\EnglishDB\Words\c\cannibalism.md
1931,canning,C:\GTT\EnglishDB\Words\c\canning.md
1932,cannon,C:\GTT\EnglishDB\Words\c\cannon.md
1933,canoe,C:\GTT\EnglishDB\Words\c\canoe.md
1934,canoeing,C:\GTT\EnglishDB\Words\c\canoeing.md
1935,canon,C:\GTT\EnglishDB\Words\c\canon.md
1936,canonical,C:\GTT\EnglishDB\Words\c\canonical.md
1937,canopy,C:\GTT\EnglishDB\Words\c\canopy.md
1938,cantaloupe,C:\GTT\EnglishDB\Words\c\cantaloupe.md
1939,canteen,C:\GTT\EnglishDB\Words\c\canteen.md
1940,canvas,C:\GTT\EnglishDB\Words\c\canvas.md
1941,canyon,C:\GTT\EnglishDB\Words\c\canyon.md
1942,cap,C:\GTT\EnglishDB\Words\c\cap.md
1943,capability,C:\GTT\EnglishDB\Words\c\capability.md
1944,capable,C:\GTT\EnglishDB\Words\c\capable.md
1945,capacity,C:\GTT\EnglishDB\Words\c\capacity.md
1946,cape,C:\GTT\EnglishDB\Words\c\cape.md
1947,caper,C:\GTT\EnglishDB\Words\c\caper.md
1948,capital,C:\GTT\EnglishDB\Words\c\capital.md
1949,capitalism,C:\GTT\EnglishDB\Words\c\capitalism.md
1950,capitalist,C:\GTT\EnglishDB\Words\c\capitalist.md
1951,capitalization,C:\GTT\EnglishDB\Words\c\capitalization.md
1952,capitalize,C:\GTT\EnglishDB\Words\c\capitalize.md
1953,capitol,C:\GTT\EnglishDB\Words\c\capitol.md
1954,capitulate,C:\GTT\EnglishDB\Words\c\capitulate.md
1955,cappuccino,C:\GTT\EnglishDB\Words\c\cappuccino.md
1956,capricious,C:\GTT\EnglishDB\Words\c\capricious.md
1957,capsule,C:\GTT\EnglishDB\Words\c\capsule.md
1958,captain,C:\GTT\EnglishDB\Words\c\captain.md
1959,caption,C:\GTT\EnglishDB\Words\c\caption.md
1960,captivate,C:\GTT\EnglishDB\Words\c\captivate.md
1961,captivating,C:\GTT\EnglishDB\Words\c\captivating.md
1962,captive,C:\GTT\EnglishDB\Words\c\captive.md
1963,captivity,C:\GTT\EnglishDB\Words\c\captivity.md
1964,captor,C:\GTT\EnglishDB\Words\c\captor.md
1965,capture,C:\GTT\EnglishDB\Words\c\capture.md
1966,car,C:\GTT\EnglishDB\Words\c\car.md
1967,caramel,C:\GTT\EnglishDB\Words\c\caramel.md
1968,caravan,C:\GTT\EnglishDB\Words\c\caravan.md
1969,carbohydrate,C:\GTT\EnglishDB\Words\c\carbohydrate.md
1970,carbon,C:\GTT\EnglishDB\Words\c\carbon.md
1971,carcass,C:\GTT\EnglishDB\Words\c\carcass.md
1972,carcinogen,C:\GTT\EnglishDB\Words\c\carcinogen.md
1973,carcinoma,C:\GTT\EnglishDB\Words\c\carcinoma.md
1974,card,C:\GTT\EnglishDB\Words\c\card.md
1975,cardboard,C:\GTT\EnglishDB\Words\c\cardboard.md
1976,cardiac,C:\GTT\EnglishDB\Words\c\cardiac.md
1977,cardigan,C:\GTT\EnglishDB\Words\c\cardigan.md
1978,cardinal,C:\GTT\EnglishDB\Words\c\cardinal.md
1979,cardiologist,C:\GTT\EnglishDB\Words\c\cardiologist.md
1980,cardiovascular,C:\GTT\EnglishDB\Words\c\cardiovascular.md
1981,care,C:\GTT\EnglishDB\Words\c\care.md
1982,careen,C:\GTT\EnglishDB\Words\c\careen.md
1983,career,C:\GTT\EnglishDB\Words\c\career.md
1984,carefree,C:\GTT\EnglishDB\Words\c\carefree.md
1985,careful,C:\GTT\EnglishDB\Words\c\careful.md
1986,carefully,C:\GTT\EnglishDB\Words\c\carefully.md
1987,careless,C:\GTT\EnglishDB\Words\c\careless.md
1988,carelessly,C:\GTT\EnglishDB\Words\c\carelessly.md
1989,caress,C:\GTT\EnglishDB\Words\c\caress.md
1990,caretaker,C:\GTT\EnglishDB\Words\c\caretaker.md
1991,cargo,C:\GTT\EnglishDB\Words\c\cargo.md
1992,caribou,C:\GTT\EnglishDB\Words\c\caribou.md
1993,caricature,C:\GTT\EnglishDB\Words\c\caricature.md
1994,carmaker,C:\GTT\EnglishDB\Words\c\carmaker.md
1995,carnage,C:\GTT\EnglishDB\Words\c\carnage.md
1996,carnation,C:\GTT\EnglishDB\Words\c\carnation.md
1997,carnival,C:\GTT\EnglishDB\Words\c\carnival.md
1998,carnivore,C:\GTT\EnglishDB\Words\c\carnivore.md
1999,carol,C:\GTT\EnglishDB\Words\c\carol.md
2000,carousel,C:\GTT\EnglishDB\Words\c\carousel.md
2001,carp,C:\GTT\EnglishDB\Words\c\carp.md
2002,carpenter,C:\GTT\EnglishDB\Words\c\carpenter.md
2003,carpet,C:\GTT\EnglishDB\Words\c\carpet.md
2004,carpeting,C:\GTT\EnglishDB\Words\c\carpeting.md
2005,carriage,C:\GTT\EnglishDB\Words\c\carriage.md
2006,carrier,C:\GTT\EnglishDB\Words\c\carrier.md
2007,carrot,C:\GTT\EnglishDB\Words\c\carrot.md
2008,carry,C:\GTT\EnglishDB\Words\c\carry.md
2009,carrying,C:\GTT\EnglishDB\Words\c\carrying.md
2010,cart,C:\GTT\EnglishDB\Words\c\cart.md
2011,cartel,C:\GTT\EnglishDB\Words\c\cartel.md
2012,cartilage,C:\GTT\EnglishDB\Words\c\cartilage.md
2013,carton,C:\GTT\EnglishDB\Words\c\carton.md
2014,cartoon,C:\GTT\EnglishDB\Words\c\cartoon.md
2015,cartoonist,C:\GTT\EnglishDB\Words\c\cartoonist.md
2016,cartridge,C:\GTT\EnglishDB\Words\c\cartridge.md
2017,carve,C:\GTT\EnglishDB\Words\c\carve.md
2018,carved,C:\GTT\EnglishDB\Words\c\carved.md
2019,carver,C:\GTT\EnglishDB\Words\c\carver.md
2020,carving,C:\GTT\EnglishDB\Words\c\carving.md
2021,cascade,C:\GTT\EnglishDB\Words\c\cascade.md
2022,case,C:\GTT\EnglishDB\Words\c\case.md
2023,caseload,C:\GTT\EnglishDB\Words\c\caseload.md
2024,caseworker,C:\GTT\EnglishDB\Words\c\caseworker.md
2025,cash,C:\GTT\EnglishDB\Words\c\cash.md
2026,cashier,C:\GTT\EnglishDB\Words\c\cashier.md
2027,cashmere,C:\GTT\EnglishDB\Words\c\cashmere.md
2028,casing,C:\GTT\EnglishDB\Words\c\casing.md
2029,casino,C:\GTT\EnglishDB\Words\c\casino.md
2030,casket,C:\GTT\EnglishDB\Words\c\casket.md
2031,casserole,C:\GTT\EnglishDB\Words\c\casserole.md
2032,cassette,C:\GTT\EnglishDB\Words\c\cassette.md
2033,cast,C:\GTT\EnglishDB\Words\c\cast.md
2034,caste,C:\GTT\EnglishDB\Words\c\caste.md
2035,casting,C:\GTT\EnglishDB\Words\c\casting.md
2036,castle,C:\GTT\EnglishDB\Words\c\castle.md
2037,casual,C:\GTT\EnglishDB\Words\c\casual.md
2038,casually,C:\GTT\EnglishDB\Words\c\casually.md
2039,casualty,C:\GTT\EnglishDB\Words\c\casualty.md
2040,cataclysmic,C:\GTT\EnglishDB\Words\c\cataclysmic.md
2041,catalog,C:\GTT\EnglishDB\Words\c\catalog.md
2042,catalogue,C:\GTT\EnglishDB\Words\c\catalogue.md
2043,catalyst,C:\GTT\EnglishDB\Words\c\catalyst.md
2044,catalytic,C:\GTT\EnglishDB\Words\c\catalytic.md
2045,catapult,C:\GTT\EnglishDB\Words\c\catapult.md
2046,cataract,C:\GTT\EnglishDB\Words\c\cataract.md
2047,catastrophe,C:\GTT\EnglishDB\Words\c\catastrophe.md
2048,catastrophic,C:\GTT\EnglishDB\Words\c\catastrophic.md
2049,catch,C:\GTT\EnglishDB\Words\c\catch.md
2050,catcher,C:\GTT\EnglishDB\Words\c\catcher.md
2051,catchy,C:\GTT\EnglishDB\Words\c\catchy.md
2052,catechism,C:\GTT\EnglishDB\Words\c\catechism.md
2053,categorical,C:\GTT\EnglishDB\Words\c\categorical.md
2054,categorize,C:\GTT\EnglishDB\Words\c\categorize.md
2055,category,C:\GTT\EnglishDB\Words\c\category.md
2056,cater,C:\GTT\EnglishDB\Words\c\cater.md
2057,caterer,C:\GTT\EnglishDB\Words\c\caterer.md
2058,caterpillar,C:\GTT\EnglishDB\Words\c\caterpillar.md
2059,catfish,C:\GTT\EnglishDB\Words\c\catfish.md
2060,catharsis,C:\GTT\EnglishDB\Words\c\catharsis.md
2061,cathedral,C:\GTT\EnglishDB\Words\c\cathedral.md
2062,catheter,C:\GTT\EnglishDB\Words\c\catheter.md
2063,cattle,C:\GTT\EnglishDB\Words\c\cattle.md
2064,catwalk,C:\GTT\EnglishDB\Words\c\catwalk.md
2065,caucus,C:\GTT\EnglishDB\Words\c\caucus.md
2066,cauldron,C:\GTT\EnglishDB\Words\c\cauldron.md
2067,cauliflower,C:\GTT\EnglishDB\Words\c\cauliflower.md
2068,causal,C:\GTT\EnglishDB\Words\c\causal.md
2069,causality,C:\GTT\EnglishDB\Words\c\causality.md
2070,causation,C:\GTT\EnglishDB\Words\c\causation.md
2071,cause,C:\GTT\EnglishDB\Words\c\cause.md
2072,caustic,C:\GTT\EnglishDB\Words\c\caustic.md
2073,caution,C:\GTT\EnglishDB\Words\c\caution.md
2074,cautionary,C:\GTT\EnglishDB\Words\c\cautionary.md
2075,cautious,C:\GTT\EnglishDB\Words\c\cautious.md
2076,cautiously,C:\GTT\EnglishDB\Words\c\cautiously.md
2077,cavalry,C:\GTT\EnglishDB\Words\c\cavalry.md
2078,cave,C:\GTT\EnglishDB\Words\c\cave.md
2079,caveat,C:\GTT\EnglishDB\Words\c\caveat.md
2080,cavern,C:\GTT\EnglishDB\Words\c\cavern.md
2081,cavernous,C:\GTT\EnglishDB\Words\c\cavernous.md
2082,caviar,C:\GTT\EnglishDB\Words\c\caviar.md
2083,cavity,C:\GTT\EnglishDB\Words\c\cavity.md
2084,cayenne,C:\GTT\EnglishDB\Words\c\cayenne.md
2085,cease,C:\GTT\EnglishDB\Words\c\cease.md
2086,cedar,C:\GTT\EnglishDB\Words\c\cedar.md
2087,cede,C:\GTT\EnglishDB\Words\c\cede.md
2088,ceiling,C:\GTT\EnglishDB\Words\c\ceiling.md
2089,celeb,C:\GTT\EnglishDB\Words\c\celeb.md
2090,celebrate,C:\GTT\EnglishDB\Words\c\celebrate.md
2091,celebrated,C:\GTT\EnglishDB\Words\c\celebrated.md
2092,celebration,C:\GTT\EnglishDB\Words\c\celebration.md
2093,celebrity,C:\GTT\EnglishDB\Words\c\celebrity.md
2094,celery,C:\GTT\EnglishDB\Words\c\celery.md
2095,celestial,C:\GTT\EnglishDB\Words\c\celestial.md
2096,celibacy,C:\GTT\EnglishDB\Words\c\celibacy.md
2097,celibate,C:\GTT\EnglishDB\Words\c\celibate.md
2098,cell,C:\GTT\EnglishDB\Words\c\cell.md
2099,cellar,C:\GTT\EnglishDB\Words\c\cellar.md
2100,cello,C:\GTT\EnglishDB\Words\c\cello.md
2101,cellophane,C:\GTT\EnglishDB\Words\c\cellophane.md
2102,cellular,C:\GTT\EnglishDB\Words\c\cellular.md
2103,cement,C:\GTT\EnglishDB\Words\c\cement.md
2104,cemetery,C:\GTT\EnglishDB\Words\c\cemetery.md
2105,censor,C:\GTT\EnglishDB\Words\c\censor.md
2106,censorship,C:\GTT\EnglishDB\Words\c\censorship.md
2107,censure,C:\GTT\EnglishDB\Words\c\censure.md
2108,census,C:\GTT\EnglishDB\Words\c\census.md
2109,centennial,C:\GTT\EnglishDB\Words\c\centennial.md
2110,center,C:\GTT\EnglishDB\Words\c\center.md
2111,centerpiece,C:\GTT\EnglishDB\Words\c\centerpiece.md
2112,centimeter,C:\GTT\EnglishDB\Words\c\centimeter.md
2113,central,C:\GTT\EnglishDB\Words\c\central.md
2114,centrality,C:\GTT\EnglishDB\Words\c\centrality.md
2115,centralization,C:\GTT\EnglishDB\Words\c\centralization.md
2116,centralize,C:\GTT\EnglishDB\Words\c\centralize.md
2117,centralized,C:\GTT\EnglishDB\Words\c\centralized.md
2118,centrally,C:\GTT\EnglishDB\Words\c\centrally.md
2119,centrifugal,C:\GTT\EnglishDB\Words\c\centrifugal.md
2120,centrist,C:\GTT\EnglishDB\Words\c\centrist.md
2121,century,C:\GTT\EnglishDB\Words\c\century.md
2122,ceramic,C:\GTT\EnglishDB\Words\c\ceramic.md
2123,ceramics,C:\GTT\EnglishDB\Words\c\ceramics.md
2124,cereal,C:\GTT\EnglishDB\Words\c\cereal.md
2125,cerebral,C:\GTT\EnglishDB\Words\c\cerebral.md
2126,ceremonial,C:\GTT\EnglishDB\Words\c\ceremonial.md
2127,ceremony,C:\GTT\EnglishDB\Words\c\ceremony.md
2128,certain,C:\GTT\EnglishDB\Words\c\certain.md
2129,certainly,C:\GTT\EnglishDB\Words\c\certainly.md
2130,certainty,C:\GTT\EnglishDB\Words\c\certainty.md
2131,certificate,C:\GTT\EnglishDB\Words\c\certificate.md
2132,certification,C:\GTT\EnglishDB\Words\c\certification.md
2133,certified,C:\GTT\EnglishDB\Words\c\certified.md
2134,certify,C:\GTT\EnglishDB\Words\c\certify.md
2135,cervical,C:\GTT\EnglishDB\Words\c\cervical.md
2136,cessation,C:\GTT\EnglishDB\Words\c\cessation.md
2137,chafe,C:\GTT\EnglishDB\Words\c\chafe.md
2138,chagrin,C:\GTT\EnglishDB\Words\c\chagrin.md
2139,chain,C:\GTT\EnglishDB\Words\c\chain.md
2140,chainsaw,C:\GTT\EnglishDB\Words\c\chainsaw.md
2141,chair,C:\GTT\EnglishDB\Words\c\chair.md
2142,chairman,C:\GTT\EnglishDB\Words\c\chairman.md
2143,chairmanship,C:\GTT\EnglishDB\Words\c\chairmanship.md
2144,chairperson,C:\GTT\EnglishDB\Words\c\chairperson.md
2145,chairwoman,C:\GTT\EnglishDB\Words\c\chairwoman.md
2146,chalk,C:\GTT\EnglishDB\Words\c\chalk.md
2147,chalkboard,C:\GTT\EnglishDB\Words\c\chalkboard.md
2148,challenge,C:\GTT\EnglishDB\Words\c\challenge.md
2149,challenger,C:\GTT\EnglishDB\Words\c\challenger.md
2150,chamber,C:\GTT\EnglishDB\Words\c\chamber.md
2151,chameleon,C:\GTT\EnglishDB\Words\c\chameleon.md
2152,champ,C:\GTT\EnglishDB\Words\c\champ.md
2153,champagne,C:\GTT\EnglishDB\Words\c\champagne.md
2154,champion,C:\GTT\EnglishDB\Words\c\champion.md
2155,championship,C:\GTT\EnglishDB\Words\c\championship.md
2156,chance,C:\GTT\EnglishDB\Words\c\chance.md
2157,chancellor,C:\GTT\EnglishDB\Words\c\chancellor.md
2158,chandelier,C:\GTT\EnglishDB\Words\c\chandelier.md
2159,change,C:\GTT\EnglishDB\Words\c\change.md
2160,channel,C:\GTT\EnglishDB\Words\c\channel.md
2161,chant,C:\GTT\EnglishDB\Words\c\chant.md
2162,chaos,C:\GTT\EnglishDB\Words\c\chaos.md
2163,chaotic,C:\GTT\EnglishDB\Words\c\chaotic.md
2164,chapel,C:\GTT\EnglishDB\Words\c\chapel.md
2165,chaplain,C:\GTT\EnglishDB\Words\c\chaplain.md
2166,chapter,C:\GTT\EnglishDB\Words\c\chapter.md
2167,char,C:\GTT\EnglishDB\Words\c\char.md
2168,character,C:\GTT\EnglishDB\Words\c\character.md
2169,characteristic,C:\GTT\EnglishDB\Words\c\characteristic.md
2170,characterization,C:\GTT\EnglishDB\Words\c\characterization.md
2171,characterize,C:\GTT\EnglishDB\Words\c\characterize.md
2172,charade,C:\GTT\EnglishDB\Words\c\charade.md
2173,charcoal,C:\GTT\EnglishDB\Words\c\charcoal.md
2174,charge,C:\GTT\EnglishDB\Words\c\charge.md
2175,charger,C:\GTT\EnglishDB\Words\c\charger.md
2176,charging,C:\GTT\EnglishDB\Words\c\charging.md
2177,chariot,C:\GTT\EnglishDB\Words\c\chariot.md
2178,charisma,C:\GTT\EnglishDB\Words\c\charisma.md
2179,charismatic,C:\GTT\EnglishDB\Words\c\charismatic.md
2180,charitable,C:\GTT\EnglishDB\Words\c\charitable.md
2181,charity,C:\GTT\EnglishDB\Words\c\charity.md
2182,charm,C:\GTT\EnglishDB\Words\c\charm.md
2183,charming,C:\GTT\EnglishDB\Words\c\charming.md
2184,chart,C:\GTT\EnglishDB\Words\c\chart.md
2185,charter,C:\GTT\EnglishDB\Words\c\charter.md
2186,chartered,C:\GTT\EnglishDB\Words\c\chartered.md
2187,chase,C:\GTT\EnglishDB\Words\c\chase.md
2188,chaser,C:\GTT\EnglishDB\Words\c\chaser.md
2189,chasm,C:\GTT\EnglishDB\Words\c\chasm.md
2190,chassis,C:\GTT\EnglishDB\Words\c\chassis.md
2191,chastise,C:\GTT\EnglishDB\Words\c\chastise.md
2192,chastity,C:\GTT\EnglishDB\Words\c\chastity.md
2193,chat,C:\GTT\EnglishDB\Words\c\chat.md
2194,chatter,C:\GTT\EnglishDB\Words\c\chatter.md
2195,chauffeur,C:\GTT\EnglishDB\Words\c\chauffeur.md
2196,cheap,C:\GTT\EnglishDB\Words\c\cheap.md
2197,cheaply,C:\GTT\EnglishDB\Words\c\cheaply.md
2198,cheat,C:\GTT\EnglishDB\Words\c\cheat.md
2199,cheater,C:\GTT\EnglishDB\Words\c\cheater.md
2200,check,C:\GTT\EnglishDB\Words\c\check.md
2201,checkbook,C:\GTT\EnglishDB\Words\c\checkbook.md
2202,checked,C:\GTT\EnglishDB\Words\c\checked.md
2203,checker,C:\GTT\EnglishDB\Words\c\checker.md
2204,checkered,C:\GTT\EnglishDB\Words\c\checkered.md
2205,checkpoint,C:\GTT\EnglishDB\Words\c\checkpoint.md
2206,checkup,C:\GTT\EnglishDB\Words\c\checkup.md
2207,cheddar,C:\GTT\EnglishDB\Words\c\cheddar.md
2208,cheek,C:\GTT\EnglishDB\Words\c\cheek.md
2209,cheekbone,C:\GTT\EnglishDB\Words\c\cheekbone.md
2210,cheer,C:\GTT\EnglishDB\Words\c\cheer.md
2211,cheerful,C:\GTT\EnglishDB\Words\c\cheerful.md
2212,cheerfully,C:\GTT\EnglishDB\Words\c\cheerfully.md
2213,cheerleader,C:\GTT\EnglishDB\Words\c\cheerleader.md
2214,cheers,C:\GTT\EnglishDB\Words\c\cheers.md
2215,cheery,C:\GTT\EnglishDB\Words\c\cheery.md
2216,cheese,C:\GTT\EnglishDB\Words\c\cheese.md
2217,cheeseburger,C:\GTT\EnglishDB\Words\c\cheeseburger.md
2218,cheesecake,C:\GTT\EnglishDB\Words\c\cheesecake.md
2219,cheesy,C:\GTT\EnglishDB\Words\c\cheesy.md
2220,cheetah,C:\GTT\EnglishDB\Words\c\cheetah.md
2221,chef,C:\GTT\EnglishDB\Words\c\chef.md
2222,chemical,C:\GTT\EnglishDB\Words\c\chemical.md
2223,chemically,C:\GTT\EnglishDB\Words\c\chemically.md
2224,chemist,C:\GTT\EnglishDB\Words\c\chemist.md
2225,chemistry,C:\GTT\EnglishDB\Words\c\chemistry.md
2226,chemotherapy,C:\GTT\EnglishDB\Words\c\chemotherapy.md
2227,cherish,C:\GTT\EnglishDB\Words\c\cherish.md
2228,cherry,C:\GTT\EnglishDB\Words\c\cherry.md
2229,chess,C:\GTT\EnglishDB\Words\c\chess.md
2230,chest,C:\GTT\EnglishDB\Words\c\chest.md
2231,chestnut,C:\GTT\EnglishDB\Words\c\chestnut.md
2232,chew,C:\GTT\EnglishDB\Words\c\chew.md
2233,chewy,C:\GTT\EnglishDB\Words\c\chewy.md
2234,chi,C:\GTT\EnglishDB\Words\c\chi.md
2235,chic,C:\GTT\EnglishDB\Words\c\chic.md
2236,chick,C:\GTT\EnglishDB\Words\c\chick.md
2237,chicken,C:\GTT\EnglishDB\Words\c\chicken.md
2238,chickpea,C:\GTT\EnglishDB\Words\c\chickpea.md
2239,chide,C:\GTT\EnglishDB\Words\c\chide.md
2240,chief,C:\GTT\EnglishDB\Words\c\chief.md
2241,chiefly,C:\GTT\EnglishDB\Words\c\chiefly.md
2242,chieftain,C:\GTT\EnglishDB\Words\c\chieftain.md
2243,chiffon,C:\GTT\EnglishDB\Words\c\chiffon.md
2244,child,C:\GTT\EnglishDB\Words\c\child.md
2245,childbirth,C:\GTT\EnglishDB\Words\c\childbirth.md
2246,childhood,C:\GTT\EnglishDB\Words\c\childhood.md
2247,childish,C:\GTT\EnglishDB\Words\c\childish.md
2248,childless,C:\GTT\EnglishDB\Words\c\childless.md
2249,childlike,C:\GTT\EnglishDB\Words\c\childlike.md
2250,chile,C:\GTT\EnglishDB\Words\c\chile.md
2251,chili,C:\GTT\EnglishDB\Words\c\chili.md
2252,chill,C:\GTT\EnglishDB\Words\c\chill.md
2253,chilled,C:\GTT\EnglishDB\Words\c\chilled.md
2254,chilly,C:\GTT\EnglishDB\Words\c\chilly.md
2255,chime,C:\GTT\EnglishDB\Words\c\chime.md
2256,chimney,C:\GTT\EnglishDB\Words\c\chimney.md
2257,chimp,C:\GTT\EnglishDB\Words\c\chimp.md
2258,chimpanzee,C:\GTT\EnglishDB\Words\c\chimpanzee.md
2259,chin,C:\GTT\EnglishDB\Words\c\chin.md
2260,china,C:\GTT\EnglishDB\Words\c\china.md
2261,chip,C:\GTT\EnglishDB\Words\c\chip.md
2262,chipped,C:\GTT\EnglishDB\Words\c\chipped.md
2263,chiropractor,C:\GTT\EnglishDB\Words\c\chiropractor.md
2264,chirp,C:\GTT\EnglishDB\Words\c\chirp.md
2265,chisel,C:\GTT\EnglishDB\Words\c\chisel.md
2266,chloride,C:\GTT\EnglishDB\Words\c\chloride.md
2267,chlorine,C:\GTT\EnglishDB\Words\c\chlorine.md
2268,chocolate,C:\GTT\EnglishDB\Words\c\chocolate.md
2269,choice,C:\GTT\EnglishDB\Words\c\choice.md
2270,choir,C:\GTT\EnglishDB\Words\c\choir.md
2271,choke,C:\GTT\EnglishDB\Words\c\choke.md
2272,cholera,C:\GTT\EnglishDB\Words\c\cholera.md
2273,cholesterol,C:\GTT\EnglishDB\Words\c\cholesterol.md
2274,chomp,C:\GTT\EnglishDB\Words\c\chomp.md
2275,choose,C:\GTT\EnglishDB\Words\c\choose.md
2276,choosing,C:\GTT\EnglishDB\Words\c\choosing.md
2277,chop,C:\GTT\EnglishDB\Words\c\chop.md
2278,chopper,C:\GTT\EnglishDB\Words\c\chopper.md
2279,chopping,C:\GTT\EnglishDB\Words\c\chopping.md
2280,choppy,C:\GTT\EnglishDB\Words\c\choppy.md
2281,chopsticks,C:\GTT\EnglishDB\Words\c\chopsticks.md
2282,choral,C:\GTT\EnglishDB\Words\c\choral.md
2283,chord,C:\GTT\EnglishDB\Words\c\chord.md
2284,chore,C:\GTT\EnglishDB\Words\c\chore.md
2285,choreograph,C:\GTT\EnglishDB\Words\c\choreograph.md
2286,choreographer,C:\GTT\EnglishDB\Words\c\choreographer.md
2287,choreography,C:\GTT\EnglishDB\Words\c\choreography.md
2288,chorus,C:\GTT\EnglishDB\Words\c\chorus.md
2289,chosen,C:\GTT\EnglishDB\Words\c\chosen.md
2290,chowder,C:\GTT\EnglishDB\Words\c\chowder.md
2291,christen,C:\GTT\EnglishDB\Words\c\christen.md
2292,chrome,C:\GTT\EnglishDB\Words\c\chrome.md
2293,chromium,C:\GTT\EnglishDB\Words\c\chromium.md
2294,chromosome,C:\GTT\EnglishDB\Words\c\chromosome.md
2295,chronic,C:\GTT\EnglishDB\Words\c\chronic.md
2296,chronically,C:\GTT\EnglishDB\Words\c\chronically.md
2297,chronicle,C:\GTT\EnglishDB\Words\c\chronicle.md
2298,chronicler,C:\GTT\EnglishDB\Words\c\chronicler.md
2299,chronological,C:\GTT\EnglishDB\Words\c\chronological.md
2300,chronology,C:\GTT\EnglishDB\Words\c\chronology.md
2301,chubby,C:\GTT\EnglishDB\Words\c\chubby.md
2302,chuck,C:\GTT\EnglishDB\Words\c\chuck.md
2303,chuckle,C:\GTT\EnglishDB\Words\c\chuckle.md
2304,chug,C:\GTT\EnglishDB\Words\c\chug.md
2305,chum,C:\GTT\EnglishDB\Words\c\chum.md
2306,chunk,C:\GTT\EnglishDB\Words\c\chunk.md
2307,chunky,C:\GTT\EnglishDB\Words\c\chunky.md
2308,church,C:\GTT\EnglishDB\Words\c\church.md
2309,churn,C:\GTT\EnglishDB\Words\c\churn.md
2310,chute,C:\GTT\EnglishDB\Words\c\chute.md
2311,cicada,C:\GTT\EnglishDB\Words\c\cicada.md
2312,cider,C:\GTT\EnglishDB\Words\c\cider.md
2313,cigar,C:\GTT\EnglishDB\Words\c\cigar.md
2314,cigarette,C:\GTT\EnglishDB\Words\c\cigarette.md
2315,cilantro,C:\GTT\EnglishDB\Words\c\cilantro.md
2316,cinch,C:\GTT\EnglishDB\Words\c\cinch.md
2317,cinder,C:\GTT\EnglishDB\Words\c\cinder.md
2318,cinema,C:\GTT\EnglishDB\Words\c\cinema.md
2319,cinematic,C:\GTT\EnglishDB\Words\c\cinematic.md
2320,cinnamon,C:\GTT\EnglishDB\Words\c\cinnamon.md
2321,circle,C:\GTT\EnglishDB\Words\c\circle.md
2322,circuit,C:\GTT\EnglishDB\Words\c\circuit.md
2323,circuitry,C:\GTT\EnglishDB\Words\c\circuitry.md
2324,circular,C:\GTT\EnglishDB\Words\c\circular.md
2325,circulate,C:\GTT\EnglishDB\Words\c\circulate.md
2326,circulation,C:\GTT\EnglishDB\Words\c\circulation.md
2327,circumference,C:\GTT\EnglishDB\Words\c\circumference.md
2328,circumscribe,C:\GTT\EnglishDB\Words\c\circumscribe.md
2329,circumstance,C:\GTT\EnglishDB\Words\c\circumstance.md
2330,circumstantial,C:\GTT\EnglishDB\Words\c\circumstantial.md
2331,circumvent,C:\GTT\EnglishDB\Words\c\circumvent.md
2332,circus,C:\GTT\EnglishDB\Words\c\circus.md
2333,citation,C:\GTT\EnglishDB\Words\c\citation.md
2334,cite,C:\GTT\EnglishDB\Words\c\cite.md
2335,citizen,C:\GTT\EnglishDB\Words\c\citizen.md
2336,citizenry,C:\GTT\EnglishDB\Words\c\citizenry.md
2337,citizenship,C:\GTT\EnglishDB\Words\c\citizenship.md
2338,citrus,C:\GTT\EnglishDB\Words\c\citrus.md
2339,city,C:\GTT\EnglishDB\Words\c\city.md
2340,citywide,C:\GTT\EnglishDB\Words\c\citywide.md
2341,civic,C:\GTT\EnglishDB\Words\c\civic.md
2342,civics,C:\GTT\EnglishDB\Words\c\civics.md
2343,civil,C:\GTT\EnglishDB\Words\c\civil.md
2344,civilian,C:\GTT\EnglishDB\Words\c\civilian.md
2345,civility,C:\GTT\EnglishDB\Words\c\civility.md
2346,civilization,C:\GTT\EnglishDB\Words\c\civilization.md
2347,civilized,C:\GTT\EnglishDB\Words\c\civilized.md
2348,clad,C:\GTT\EnglishDB\Words\c\clad.md
2349,claim,C:\GTT\EnglishDB\Words\c\claim.md
2350,claimant,C:\GTT\EnglishDB\Words\c\claimant.md
2351,clamber,C:\GTT\EnglishDB\Words\c\clamber.md
2352,clamor,C:\GTT\EnglishDB\Words\c\clamor.md
2353,clamp,C:\GTT\EnglishDB\Words\c\clamp.md
2354,clan,C:\GTT\EnglishDB\Words\c\clan.md
2355,clandestine,C:\GTT\EnglishDB\Words\c\clandestine.md
2356,clang,C:\GTT\EnglishDB\Words\c\clang.md
2357,clap,C:\GTT\EnglishDB\Words\c\clap.md
2358,clapboard,C:\GTT\EnglishDB\Words\c\clapboard.md
2359,clarification,C:\GTT\EnglishDB\Words\c\clarification.md
2360,clarify,C:\GTT\EnglishDB\Words\c\clarify.md
2361,clarinet,C:\GTT\EnglishDB\Words\c\clarinet.md
2362,clarity,C:\GTT\EnglishDB\Words\c\clarity.md
2363,clash,C:\GTT\EnglishDB\Words\c\clash.md
2364,clasp,C:\GTT\EnglishDB\Words\c\clasp.md
2365,class,C:\GTT\EnglishDB\Words\c\class.md
2366,classic,C:\GTT\EnglishDB\Words\c\classic.md
2367,classical,C:\GTT\EnglishDB\Words\c\classical.md
2368,classically,C:\GTT\EnglishDB\Words\c\classically.md
2369,classification,C:\GTT\EnglishDB\Words\c\classification.md
2370,classified,C:\GTT\EnglishDB\Words\c\classified.md
2371,classify,C:\GTT\EnglishDB\Words\c\classify.md
2372,classmate,C:\GTT\EnglishDB\Words\c\classmate.md
2373,classroom,C:\GTT\EnglishDB\Words\c\classroom.md
2374,classy,C:\GTT\EnglishDB\Words\c\classy.md
2375,clatter,C:\GTT\EnglishDB\Words\c\clatter.md
2376,clause,C:\GTT\EnglishDB\Words\c\clause.md
2377,claustrophobic,C:\GTT\EnglishDB\Words\c\claustrophobic.md
2378,claw,C:\GTT\EnglishDB\Words\c\claw.md
2379,clay,C:\GTT\EnglishDB\Words\c\clay.md
2380,clean,C:\GTT\EnglishDB\Words\c\clean.md
2381,cleaner,C:\GTT\EnglishDB\Words\c\cleaner.md
2382,cleanliness,C:\GTT\EnglishDB\Words\c\cleanliness.md
2383,cleanly,C:\GTT\EnglishDB\Words\c\cleanly.md
2384,cleanse,C:\GTT\EnglishDB\Words\c\cleanse.md
2385,cleanser,C:\GTT\EnglishDB\Words\c\cleanser.md
2386,cleansing,C:\GTT\EnglishDB\Words\c\cleansing.md
2387,cleanup,C:\GTT\EnglishDB\Words\c\cleanup.md
2388,clear,C:\GTT\EnglishDB\Words\c\clear.md
2389,clearance,C:\GTT\EnglishDB\Words\c\clearance.md
2390,clearing,C:\GTT\EnglishDB\Words\c\clearing.md
2391,clearinghouse,C:\GTT\EnglishDB\Words\c\clearinghouse.md
2392,clearly,C:\GTT\EnglishDB\Words\c\clearly.md
2393,cleat,C:\GTT\EnglishDB\Words\c\cleat.md
2394,cleavage,C:\GTT\EnglishDB\Words\c\cleavage.md
2395,clemency,C:\GTT\EnglishDB\Words\c\clemency.md
2396,clench,C:\GTT\EnglishDB\Words\c\clench.md
2397,clergy,C:\GTT\EnglishDB\Words\c\clergy.md
2398,clergyman,C:\GTT\EnglishDB\Words\c\clergyman.md
2399,cleric,C:\GTT\EnglishDB\Words\c\cleric.md
2400,clerical,C:\GTT\EnglishDB\Words\c\clerical.md
2401,clerk,C:\GTT\EnglishDB\Words\c\clerk.md
2402,clever,C:\GTT\EnglishDB\Words\c\clever.md
2403,cleverly,C:\GTT\EnglishDB\Words\c\cleverly.md
2404,cliche,C:\GTT\EnglishDB\Words\c\cliche.md
2405,click,C:\GTT\EnglishDB\Words\c\click.md
2406,client,C:\GTT\EnglishDB\Words\c\client.md
2407,clientele,C:\GTT\EnglishDB\Words\c\clientele.md
2408,cliff,C:\GTT\EnglishDB\Words\c\cliff.md
2409,climactic,C:\GTT\EnglishDB\Words\c\climactic.md
2410,climate,C:\GTT\EnglishDB\Words\c\climate.md
2411,climatic,C:\GTT\EnglishDB\Words\c\climatic.md
2412,climax,C:\GTT\EnglishDB\Words\c\climax.md
2413,climb,C:\GTT\EnglishDB\Words\c\climb.md
2414,climber,C:\GTT\EnglishDB\Words\c\climber.md
2415,climbing,C:\GTT\EnglishDB\Words\c\climbing.md
2416,clinch,C:\GTT\EnglishDB\Words\c\clinch.md
2417,cling,C:\GTT\EnglishDB\Words\c\cling.md
2418,clinic,C:\GTT\EnglishDB\Words\c\clinic.md
2419,clinical,C:\GTT\EnglishDB\Words\c\clinical.md
2420,clinician,C:\GTT\EnglishDB\Words\c\clinician.md
2421,clink,C:\GTT\EnglishDB\Words\c\clink.md
2422,clip,C:\GTT\EnglishDB\Words\c\clip.md
2423,clipboard,C:\GTT\EnglishDB\Words\c\clipboard.md
2424,clipper,C:\GTT\EnglishDB\Words\c\clipper.md
2425,clipping,C:\GTT\EnglishDB\Words\c\clipping.md
2426,clique,C:\GTT\EnglishDB\Words\c\clique.md
2427,cloak,C:\GTT\EnglishDB\Words\c\cloak.md
2428,clock,C:\GTT\EnglishDB\Words\c\clock.md
2429,clockwise,C:\GTT\EnglishDB\Words\c\clockwise.md
2430,clockwork,C:\GTT\EnglishDB\Words\c\clockwork.md
2431,clog,C:\GTT\EnglishDB\Words\c\clog.md
2432,clone,C:\GTT\EnglishDB\Words\c\clone.md
2433,close,C:\GTT\EnglishDB\Words\c\close.md
2434,closed,C:\GTT\EnglishDB\Words\c\closed.md
2435,closely,C:\GTT\EnglishDB\Words\c\closely.md
2436,closeness,C:\GTT\EnglishDB\Words\c\closeness.md
2437,closer,C:\GTT\EnglishDB\Words\c\closer.md
2438,closest,C:\GTT\EnglishDB\Words\c\closest.md
2439,closet,C:\GTT\EnglishDB\Words\c\closet.md
2440,closing,C:\GTT\EnglishDB\Words\c\closing.md
2441,closure,C:\GTT\EnglishDB\Words\c\closure.md
2442,clot,C:\GTT\EnglishDB\Words\c\clot.md
2443,cloth,C:\GTT\EnglishDB\Words\c\cloth.md
2444,clothe,C:\GTT\EnglishDB\Words\c\clothe.md
2445,clothes,C:\GTT\EnglishDB\Words\c\clothes.md
2446,clothesline,C:\GTT\EnglishDB\Words\c\clothesline.md
2447,clothing,C:\GTT\EnglishDB\Words\c\clothing.md
2448,cloud,C:\GTT\EnglishDB\Words\c\cloud.md
2449,cloudless,C:\GTT\EnglishDB\Words\c\cloudless.md
2450,cloudy,C:\GTT\EnglishDB\Words\c\cloudy.md
2451,clout,C:\GTT\EnglishDB\Words\c\clout.md
2452,clove,C:\GTT\EnglishDB\Words\c\clove.md
2453,clover,C:\GTT\EnglishDB\Words\c\clover.md
2454,clown,C:\GTT\EnglishDB\Words\c\clown.md
2455,club,C:\GTT\EnglishDB\Words\c\club.md
2456,clubhouse,C:\GTT\EnglishDB\Words\c\clubhouse.md
2457,cluck,C:\GTT\EnglishDB\Words\c\cluck.md
2458,clue,C:\GTT\EnglishDB\Words\c\clue.md
2459,clump,C:\GTT\EnglishDB\Words\c\clump.md
2460,clumsily,C:\GTT\EnglishDB\Words\c\clumsily.md
2461,clumsy,C:\GTT\EnglishDB\Words\c\clumsy.md
2462,cluster,C:\GTT\EnglishDB\Words\c\cluster.md
2463,clutch,C:\GTT\EnglishDB\Words\c\clutch.md
2464,clutter,C:\GTT\EnglishDB\Words\c\clutter.md
2465,coach,C:\GTT\EnglishDB\Words\c\coach.md
2466,coal,C:\GTT\EnglishDB\Words\c\coal.md
2467,coalesce,C:\GTT\EnglishDB\Words\c\coalesce.md
2468,coalition,C:\GTT\EnglishDB\Words\c\coalition.md
2469,coarse,C:\GTT\EnglishDB\Words\c\coarse.md
2470,coarsely,C:\GTT\EnglishDB\Words\c\coarsely.md
2471,coast,C:\GTT\EnglishDB\Words\c\coast.md
2472,coastal,C:\GTT\EnglishDB\Words\c\coastal.md
2473,coaster,C:\GTT\EnglishDB\Words\c\coaster.md
2474,coastline,C:\GTT\EnglishDB\Words\c\coastline.md
2475,coat,C:\GTT\EnglishDB\Words\c\coat.md
2476,coating,C:\GTT\EnglishDB\Words\c\coating.md
2477,coax,C:\GTT\EnglishDB\Words\c\coax.md
2478,cobalt,C:\GTT\EnglishDB\Words\c\cobalt.md
2479,cobble,C:\GTT\EnglishDB\Words\c\cobble.md
2480,cobbler,C:\GTT\EnglishDB\Words\c\cobbler.md
2481,cobblestone,C:\GTT\EnglishDB\Words\c\cobblestone.md
2482,cobweb,C:\GTT\EnglishDB\Words\c\cobweb.md
2483,coca,C:\GTT\EnglishDB\Words\c\coca.md
2484,cocaine,C:\GTT\EnglishDB\Words\c\cocaine.md
2485,cock,C:\GTT\EnglishDB\Words\c\cock.md
2486,cockpit,C:\GTT\EnglishDB\Words\c\cockpit.md
2487,cockroach,C:\GTT\EnglishDB\Words\c\cockroach.md
2488,cocktail,C:\GTT\EnglishDB\Words\c\cocktail.md
2489,cocky,C:\GTT\EnglishDB\Words\c\cocky.md
2490,cocoa,C:\GTT\EnglishDB\Words\c\cocoa.md
2491,coconut,C:\GTT\EnglishDB\Words\c\coconut.md
2492,cocoon,C:\GTT\EnglishDB\Words\c\cocoon.md
2493,cod,C:\GTT\EnglishDB\Words\c\cod.md
2494,coddle,C:\GTT\EnglishDB\Words\c\coddle.md
2495,code,C:\GTT\EnglishDB\Words\c\code.md
2496,codify,C:\GTT\EnglishDB\Words\c\codify.md
2497,coding,C:\GTT\EnglishDB\Words\c\coding.md
2498,coed,C:\GTT\EnglishDB\Words\c\coed.md
2499,coefficient,C:\GTT\EnglishDB\Words\c\coefficient.md
2500,coerce,C:\GTT\EnglishDB\Words\c\coerce.md
2501,coercion,C:\GTT\EnglishDB\Words\c\coercion.md
2502,coercive,C:\GTT\EnglishDB\Words\c\coercive.md
2503,coffee,C:\GTT\EnglishDB\Words\c\coffee.md
2504,coffer,C:\GTT\EnglishDB\Words\c\coffer.md
2505,coffin,C:\GTT\EnglishDB\Words\c\coffin.md
2506,cog,C:\GTT\EnglishDB\Words\c\cog.md
2507,cognac,C:\GTT\EnglishDB\Words\c\cognac.md
2508,cognition,C:\GTT\EnglishDB\Words\c\cognition.md
2509,cognitive,C:\GTT\EnglishDB\Words\c\cognitive.md
2510,cognizant,C:\GTT\EnglishDB\Words\c\cognizant.md
2511,coherence,C:\GTT\EnglishDB\Words\c\coherence.md
2512,coherent,C:\GTT\EnglishDB\Words\c\coherent.md
2513,cohesion,C:\GTT\EnglishDB\Words\c\cohesion.md
2514,cohesive,C:\GTT\EnglishDB\Words\c\cohesive.md
2515,cohort,C:\GTT\EnglishDB\Words\c\cohort.md
2516,coil,C:\GTT\EnglishDB\Words\c\coil.md
2517,coin,C:\GTT\EnglishDB\Words\c\coin.md
2518,coincide,C:\GTT\EnglishDB\Words\c\coincide.md
2519,coincidence,C:\GTT\EnglishDB\Words\c\coincidence.md
2520,coincidental,C:\GTT\EnglishDB\Words\c\coincidental.md
2521,coke,C:\GTT\EnglishDB\Words\c\coke.md
2522,cola,C:\GTT\EnglishDB\Words\c\cola.md
2523,cold,C:\GTT\EnglishDB\Words\c\cold.md
2524,coldly,C:\GTT\EnglishDB\Words\c\coldly.md
2525,collaborate,C:\GTT\EnglishDB\Words\c\collaborate.md
2526,collaboration,C:\GTT\EnglishDB\Words\c\collaboration.md
2527,collaborative,C:\GTT\EnglishDB\Words\c\collaborative.md
2528,collaborator,C:\GTT\EnglishDB\Words\c\collaborator.md
2529,collage,C:\GTT\EnglishDB\Words\c\collage.md
2530,collagen,C:\GTT\EnglishDB\Words\c\collagen.md
2531,collapse,C:\GTT\EnglishDB\Words\c\collapse.md
2532,collarbone,C:\GTT\EnglishDB\Words\c\collarbone.md
2533,collateral,C:\GTT\EnglishDB\Words\c\collateral.md
2534,colleague,C:\GTT\EnglishDB\Words\c\colleague.md
2535,collect,C:\GTT\EnglishDB\Words\c\collect.md
2536,collected,C:\GTT\EnglishDB\Words\c\collected.md
2537,collection,C:\GTT\EnglishDB\Words\c\collection.md
2538,collective,C:\GTT\EnglishDB\Words\c\collective.md
2539,collectively,C:\GTT\EnglishDB\Words\c\collectively.md
2540,collector,C:\GTT\EnglishDB\Words\c\collector.md
2541,college,C:\GTT\EnglishDB\Words\c\college.md
2542,collegiate,C:\GTT\EnglishDB\Words\c\collegiate.md
2543,collide,C:\GTT\EnglishDB\Words\c\collide.md
2544,collie,C:\GTT\EnglishDB\Words\c\collie.md
2545,collision,C:\GTT\EnglishDB\Words\c\collision.md
2546,collusion,C:\GTT\EnglishDB\Words\c\collusion.md
2547,cologne,C:\GTT\EnglishDB\Words\c\cologne.md
2548,colon,C:\GTT\EnglishDB\Words\c\colon.md
2549,colonel,C:\GTT\EnglishDB\Words\c\colonel.md
2550,colonial,C:\GTT\EnglishDB\Words\c\colonial.md
2551,colonialism,C:\GTT\EnglishDB\Words\c\colonialism.md
2552,colonist,C:\GTT\EnglishDB\Words\c\colonist.md
2553,colonization,C:\GTT\EnglishDB\Words\c\colonization.md
2554,colonize,C:\GTT\EnglishDB\Words\c\colonize.md
2555,colonizer,C:\GTT\EnglishDB\Words\c\colonizer.md
2556,colony,C:\GTT\EnglishDB\Words\c\colony.md
2557,color,C:\GTT\EnglishDB\Words\c\color.md
2558,coloration,C:\GTT\EnglishDB\Words\c\coloration.md
2559,colored,C:\GTT\EnglishDB\Words\c\colored.md
2560,colorful,C:\GTT\EnglishDB\Words\c\colorful.md
2561,coloring,C:\GTT\EnglishDB\Words\c\coloring.md
2562,colorless,C:\GTT\EnglishDB\Words\c\colorless.md
2563,colossal,C:\GTT\EnglishDB\Words\c\colossal.md
2564,colt,C:\GTT\EnglishDB\Words\c\colt.md
2565,column,C:\GTT\EnglishDB\Words\c\column.md
2566,columnist,C:\GTT\EnglishDB\Words\c\columnist.md
2567,coma,C:\GTT\EnglishDB\Words\c\coma.md
2568,comatose,C:\GTT\EnglishDB\Words\c\comatose.md
2569,comb,C:\GTT\EnglishDB\Words\c\comb.md
2570,combat,C:\GTT\EnglishDB\Words\c\combat.md
2571,combatant,C:\GTT\EnglishDB\Words\c\combatant.md
2572,combative,C:\GTT\EnglishDB\Words\c\combative.md
2573,combination,C:\GTT\EnglishDB\Words\c\combination.md
2574,combine,C:\GTT\EnglishDB\Words\c\combine.md
2575,combined,C:\GTT\EnglishDB\Words\c\combined.md
2576,combo,C:\GTT\EnglishDB\Words\c\combo.md
2577,combustion,C:\GTT\EnglishDB\Words\c\combustion.md
2578,come,C:\GTT\EnglishDB\Words\c\come.md
2579,comeback,C:\GTT\EnglishDB\Words\c\comeback.md
2580,comedian,C:\GTT\EnglishDB\Words\c\comedian.md
2581,comedy,C:\GTT\EnglishDB\Words\c\comedy.md
2582,comer,C:\GTT\EnglishDB\Words\c\comer.md
2583,comet,C:\GTT\EnglishDB\Words\c\comet.md
2584,comfort,C:\GTT\EnglishDB\Words\c\comfort.md
2585,comfortable,C:\GTT\EnglishDB\Words\c\comfortable.md
2586,comfortably,C:\GTT\EnglishDB\Words\c\comfortably.md
2587,comforter,C:\GTT\EnglishDB\Words\c\comforter.md
2588,comfy,C:\GTT\EnglishDB\Words\c\comfy.md
2589,comic,C:\GTT\EnglishDB\Words\c\comic.md
2590,comical,C:\GTT\EnglishDB\Words\c\comical.md
2591,coming,C:\GTT\EnglishDB\Words\c\coming.md
2592,comma,C:\GTT\EnglishDB\Words\c\comma.md
2593,command,C:\GTT\EnglishDB\Words\c\command.md
2594,commandeer,C:\GTT\EnglishDB\Words\c\commandeer.md
2595,commander,C:\GTT\EnglishDB\Words\c\commander.md
2596,commanding,C:\GTT\EnglishDB\Words\c\commanding.md
2597,commandment,C:\GTT\EnglishDB\Words\c\commandment.md
2598,commando,C:\GTT\EnglishDB\Words\c\commando.md
2599,commemorate,C:\GTT\EnglishDB\Words\c\commemorate.md
2600,commemoration,C:\GTT\EnglishDB\Words\c\commemoration.md
2601,commemorative,C:\GTT\EnglishDB\Words\c\commemorative.md
2602,commence,C:\GTT\EnglishDB\Words\c\commence.md
2603,commencement,C:\GTT\EnglishDB\Words\c\commencement.md
2604,commend,C:\GTT\EnglishDB\Words\c\commend.md
2605,commensurate,C:\GTT\EnglishDB\Words\c\commensurate.md
2606,comment,C:\GTT\EnglishDB\Words\c\comment.md
2607,commentary,C:\GTT\EnglishDB\Words\c\commentary.md
2608,commentator,C:\GTT\EnglishDB\Words\c\commentator.md
2609,commerce,C:\GTT\EnglishDB\Words\c\commerce.md
2610,commercial,C:\GTT\EnglishDB\Words\c\commercial.md
2611,commercialize,C:\GTT\EnglishDB\Words\c\commercialize.md
2612,commercially,C:\GTT\EnglishDB\Words\c\commercially.md
2613,commission,C:\GTT\EnglishDB\Words\c\commission.md
2614,commissioner,C:\GTT\EnglishDB\Words\c\commissioner.md
2615,commit,C:\GTT\EnglishDB\Words\c\commit.md
2616,commitment,C:\GTT\EnglishDB\Words\c\commitment.md
2617,committee,C:\GTT\EnglishDB\Words\c\committee.md
2618,commodity,C:\GTT\EnglishDB\Words\c\commodity.md
2619,common,C:\GTT\EnglishDB\Words\c\common.md
2620,commonality,C:\GTT\EnglishDB\Words\c\commonality.md
2621,commoner,C:\GTT\EnglishDB\Words\c\commoner.md
2622,commonly,C:\GTT\EnglishDB\Words\c\commonly.md
2623,commonplace,C:\GTT\EnglishDB\Words\c\commonplace.md
2624,commons,C:\GTT\EnglishDB\Words\c\commons.md
2625,commonwealth,C:\GTT\EnglishDB\Words\c\commonwealth.md
2626,commotion,C:\GTT\EnglishDB\Words\c\commotion.md
2627,communal,C:\GTT\EnglishDB\Words\c\communal.md
2628,commune,C:\GTT\EnglishDB\Words\c\commune.md
2629,communicate,C:\GTT\EnglishDB\Words\c\communicate.md
2630,communication,C:\GTT\EnglishDB\Words\c\communication.md
2631,communicative,C:\GTT\EnglishDB\Words\c\communicative.md
2632,communicator,C:\GTT\EnglishDB\Words\c\communicator.md
2633,communion,C:\GTT\EnglishDB\Words\c\communion.md
2634,communique,C:\GTT\EnglishDB\Words\c\communique.md
2635,communism,C:\GTT\EnglishDB\Words\c\communism.md
2636,communist,C:\GTT\EnglishDB\Words\c\communist.md
2637,community,C:\GTT\EnglishDB\Words\c\community.md
2638,commute,C:\GTT\EnglishDB\Words\c\commute.md
2639,commuter,C:\GTT\EnglishDB\Words\c\commuter.md
2640,compact,C:\GTT\EnglishDB\Words\c\compact.md
2641,companion,C:\GTT\EnglishDB\Words\c\companion.md
2642,companionship,C:\GTT\EnglishDB\Words\c\companionship.md
2643,company,C:\GTT\EnglishDB\Words\c\company.md
2644,comparable,C:\GTT\EnglishDB\Words\c\comparable.md
2645,comparative,C:\GTT\EnglishDB\Words\c\comparative.md
2646,comparatively,C:\GTT\EnglishDB\Words\c\comparatively.md
2647,compare,C:\GTT\EnglishDB\Words\c\compare.md
2648,comparison,C:\GTT\EnglishDB\Words\c\comparison.md
2649,compartment,C:\GTT\EnglishDB\Words\c\compartment.md
2650,compass,C:\GTT\EnglishDB\Words\c\compass.md
2651,compassion,C:\GTT\EnglishDB\Words\c\compassion.md
2652,compassionate,C:\GTT\EnglishDB\Words\c\compassionate.md
2653,compatibility,C:\GTT\EnglishDB\Words\c\compatibility.md
2654,compatible,C:\GTT\EnglishDB\Words\c\compatible.md
2655,compatriot,C:\GTT\EnglishDB\Words\c\compatriot.md
2656,compel,C:\GTT\EnglishDB\Words\c\compel.md
2657,compelling,C:\GTT\EnglishDB\Words\c\compelling.md
2658,compendium,C:\GTT\EnglishDB\Words\c\compendium.md
2659,compensate,C:\GTT\EnglishDB\Words\c\compensate.md
2660,compensation,C:\GTT\EnglishDB\Words\c\compensation.md
2661,compensatory,C:\GTT\EnglishDB\Words\c\compensatory.md
2662,compete,C:\GTT\EnglishDB\Words\c\compete.md
2663,competence,C:\GTT\EnglishDB\Words\c\competence.md
2664,competency,C:\GTT\EnglishDB\Words\c\competency.md
2665,competent,C:\GTT\EnglishDB\Words\c\competent.md
2666,competition,C:\GTT\EnglishDB\Words\c\competition.md
2667,competitive,C:\GTT\EnglishDB\Words\c\competitive.md
2668,competitor,C:\GTT\EnglishDB\Words\c\competitor.md
2669,compilation,C:\GTT\EnglishDB\Words\c\compilation.md
2670,compile,C:\GTT\EnglishDB\Words\c\compile.md
2671,complacency,C:\GTT\EnglishDB\Words\c\complacency.md
2672,complacent,C:\GTT\EnglishDB\Words\c\complacent.md
2673,complain,C:\GTT\EnglishDB\Words\c\complain.md
2674,complaint,C:\GTT\EnglishDB\Words\c\complaint.md
2675,complement,C:\GTT\EnglishDB\Words\c\complement.md
2676,complementary,C:\GTT\EnglishDB\Words\c\complementary.md
2677,complete,C:\GTT\EnglishDB\Words\c\complete.md
2678,completely,C:\GTT\EnglishDB\Words\c\completely.md
2679,completion,C:\GTT\EnglishDB\Words\c\completion.md
2680,complex,C:\GTT\EnglishDB\Words\c\complex.md
2681,complexion,C:\GTT\EnglishDB\Words\c\complexion.md
2682,complexity,C:\GTT\EnglishDB\Words\c\complexity.md
2683,compliance,C:\GTT\EnglishDB\Words\c\compliance.md
2684,compliant,C:\GTT\EnglishDB\Words\c\compliant.md
2685,complicate,C:\GTT\EnglishDB\Words\c\complicate.md
2686,complicated,C:\GTT\EnglishDB\Words\c\complicated.md
2687,complication,C:\GTT\EnglishDB\Words\c\complication.md
2688,complicity,C:\GTT\EnglishDB\Words\c\complicity.md
2689,compliment,C:\GTT\EnglishDB\Words\c\compliment.md
2690,complimentary,C:\GTT\EnglishDB\Words\c\complimentary.md
2691,comply,C:\GTT\EnglishDB\Words\c\comply.md
2692,component,C:\GTT\EnglishDB\Words\c\component.md
2693,compose,C:\GTT\EnglishDB\Words\c\compose.md
2694,composer,C:\GTT\EnglishDB\Words\c\composer.md
2695,composite,C:\GTT\EnglishDB\Words\c\composite.md
2696,composition,C:\GTT\EnglishDB\Words\c\composition.md
2697,compost,C:\GTT\EnglishDB\Words\c\compost.md
2698,composure,C:\GTT\EnglishDB\Words\c\composure.md
2699,compound,C:\GTT\EnglishDB\Words\c\compound.md
2700,comprehend,C:\GTT\EnglishDB\Words\c\comprehend.md
2701,comprehensible,C:\GTT\EnglishDB\Words\c\comprehensible.md
2702,comprehension,C:\GTT\EnglishDB\Words\c\comprehension.md
2703,comprehensive,C:\GTT\EnglishDB\Words\c\comprehensive.md
2704,compress,C:\GTT\EnglishDB\Words\c\compress.md
2705,compressed,C:\GTT\EnglishDB\Words\c\compressed.md
2706,compression,C:\GTT\EnglishDB\Words\c\compression.md
2707,compressor,C:\GTT\EnglishDB\Words\c\compressor.md
2708,comprise,C:\GTT\EnglishDB\Words\c\comprise.md
2709,compromise,C:\GTT\EnglishDB\Words\c\compromise.md
2710,compulsion,C:\GTT\EnglishDB\Words\c\compulsion.md
2711,compulsive,C:\GTT\EnglishDB\Words\c\compulsive.md
2712,compulsory,C:\GTT\EnglishDB\Words\c\compulsory.md
2713,computation,C:\GTT\EnglishDB\Words\c\computation.md
2714,computational,C:\GTT\EnglishDB\Words\c\computational.md
2715,compute,C:\GTT\EnglishDB\Words\c\compute.md
2716,computer,C:\GTT\EnglishDB\Words\c\computer.md
2717,comrade,C:\GTT\EnglishDB\Words\c\comrade.md
2718,con,C:\GTT\EnglishDB\Words\c\con.md
2719,conceal,C:\GTT\EnglishDB\Words\c\conceal.md
2720,concealment,C:\GTT\EnglishDB\Words\c\concealment.md
2721,concede,C:\GTT\EnglishDB\Words\c\concede.md
2722,conceit,C:\GTT\EnglishDB\Words\c\conceit.md
2723,conceivable,C:\GTT\EnglishDB\Words\c\conceivable.md
2724,conceivably,C:\GTT\EnglishDB\Words\c\conceivably.md
2725,conceive,C:\GTT\EnglishDB\Words\c\conceive.md
2726,concentrate,C:\GTT\EnglishDB\Words\c\concentrate.md
2727,concentrated,C:\GTT\EnglishDB\Words\c\concentrated.md
2728,concentration,C:\GTT\EnglishDB\Words\c\concentration.md
2729,concentric,C:\GTT\EnglishDB\Words\c\concentric.md
2730,concept,C:\GTT\EnglishDB\Words\c\concept.md
2731,conception,C:\GTT\EnglishDB\Words\c\conception.md
2732,conceptual,C:\GTT\EnglishDB\Words\c\conceptual.md
2733,conceptualization,C:\GTT\EnglishDB\Words\c\conceptualization.md
2734,conceptualize,C:\GTT\EnglishDB\Words\c\conceptualize.md
2735,conceptually,C:\GTT\EnglishDB\Words\c\conceptually.md
2736,concern,C:\GTT\EnglishDB\Words\c\concern.md
2737,concerned,C:\GTT\EnglishDB\Words\c\concerned.md
2738,concerning,C:\GTT\EnglishDB\Words\c\concerning.md
2739,concert,C:\GTT\EnglishDB\Words\c\concert.md
2740,concerted,C:\GTT\EnglishDB\Words\c\concerted.md
2741,concerto,C:\GTT\EnglishDB\Words\c\concerto.md
2742,concession,C:\GTT\EnglishDB\Words\c\concession.md
2743,concierge,C:\GTT\EnglishDB\Words\c\concierge.md
2744,conciliatory,C:\GTT\EnglishDB\Words\c\conciliatory.md
2745,concise,C:\GTT\EnglishDB\Words\c\concise.md
2746,conclude,C:\GTT\EnglishDB\Words\c\conclude.md
2747,concluding,C:\GTT\EnglishDB\Words\c\concluding.md
2748,conclusion,C:\GTT\EnglishDB\Words\c\conclusion.md
2749,conclusive,C:\GTT\EnglishDB\Words\c\conclusive.md
2750,conclusively,C:\GTT\EnglishDB\Words\c\conclusively.md
2751,concoct,C:\GTT\EnglishDB\Words\c\concoct.md
2752,concoction,C:\GTT\EnglishDB\Words\c\concoction.md
2753,concomitant,C:\GTT\EnglishDB\Words\c\concomitant.md
2754,concourse,C:\GTT\EnglishDB\Words\c\concourse.md
2755,concrete,C:\GTT\EnglishDB\Words\c\concrete.md
2756,concur,C:\GTT\EnglishDB\Words\c\concur.md
2757,concurrent,C:\GTT\EnglishDB\Words\c\concurrent.md
2758,concussion,C:\GTT\EnglishDB\Words\c\concussion.md
2759,condemn,C:\GTT\EnglishDB\Words\c\condemn.md
2760,condemnation,C:\GTT\EnglishDB\Words\c\condemnation.md
2761,condemned,C:\GTT\EnglishDB\Words\c\condemned.md
2762,condensation,C:\GTT\EnglishDB\Words\c\condensation.md
2763,condense,C:\GTT\EnglishDB\Words\c\condense.md
2764,condensed,C:\GTT\EnglishDB\Words\c\condensed.md
2765,condescending,C:\GTT\EnglishDB\Words\c\condescending.md
2766,condiment,C:\GTT\EnglishDB\Words\c\condiment.md
2767,condition,C:\GTT\EnglishDB\Words\c\condition.md
2768,conditional,C:\GTT\EnglishDB\Words\c\conditional.md
2769,conditioner,C:\GTT\EnglishDB\Words\c\conditioner.md
2770,conditioning,C:\GTT\EnglishDB\Words\c\conditioning.md
2771,condo,C:\GTT\EnglishDB\Words\c\condo.md
2772,condolence,C:\GTT\EnglishDB\Words\c\condolence.md
2773,condom,C:\GTT\EnglishDB\Words\c\condom.md
2774,condominium,C:\GTT\EnglishDB\Words\c\condominium.md
2775,condone,C:\GTT\EnglishDB\Words\c\condone.md
2776,condor,C:\GTT\EnglishDB\Words\c\condor.md
2777,conducive,C:\GTT\EnglishDB\Words\c\conducive.md
2778,conduct,C:\GTT\EnglishDB\Words\c\conduct.md
2779,conductor,C:\GTT\EnglishDB\Words\c\conductor.md
2780,conduit,C:\GTT\EnglishDB\Words\c\conduit.md
2781,cone,C:\GTT\EnglishDB\Words\c\cone.md
2782,confection,C:\GTT\EnglishDB\Words\c\confection.md
2783,confectioner,C:\GTT\EnglishDB\Words\c\confectioner.md
2784,confederation,C:\GTT\EnglishDB\Words\c\confederation.md
2785,confer,C:\GTT\EnglishDB\Words\c\confer.md
2786,conference,C:\GTT\EnglishDB\Words\c\conference.md
2787,confess,C:\GTT\EnglishDB\Words\c\confess.md
2788,confession,C:\GTT\EnglishDB\Words\c\confession.md
2789,confessional,C:\GTT\EnglishDB\Words\c\confessional.md
2790,confidant,C:\GTT\EnglishDB\Words\c\confidant.md
2791,confide,C:\GTT\EnglishDB\Words\c\confide.md
2792,confidence,C:\GTT\EnglishDB\Words\c\confidence.md
2793,confident,C:\GTT\EnglishDB\Words\c\confident.md
2794,confidential,C:\GTT\EnglishDB\Words\c\confidential.md
2795,confidentiality,C:\GTT\EnglishDB\Words\c\confidentiality.md
2796,confidently,C:\GTT\EnglishDB\Words\c\confidently.md
2797,configuration,C:\GTT\EnglishDB\Words\c\configuration.md
2798,configure,C:\GTT\EnglishDB\Words\c\configure.md
2799,confine,C:\GTT\EnglishDB\Words\c\confine.md
2800,confinement,C:\GTT\EnglishDB\Words\c\confinement.md
2801,confirm,C:\GTT\EnglishDB\Words\c\confirm.md
2802,confirmation,C:\GTT\EnglishDB\Words\c\confirmation.md
2803,confirmed,C:\GTT\EnglishDB\Words\c\confirmed.md
2804,confiscate,C:\GTT\EnglishDB\Words\c\confiscate.md
2805,conflict,C:\GTT\EnglishDB\Words\c\conflict.md
2806,conflicting,C:\GTT\EnglishDB\Words\c\conflicting.md
2807,confluence,C:\GTT\EnglishDB\Words\c\confluence.md
2808,conform,C:\GTT\EnglishDB\Words\c\conform.md
2809,conformity,C:\GTT\EnglishDB\Words\c\conformity.md
2810,confound,C:\GTT\EnglishDB\Words\c\confound.md
2811,confront,C:\GTT\EnglishDB\Words\c\confront.md
2812,confrontation,C:\GTT\EnglishDB\Words\c\confrontation.md
2813,confuse,C:\GTT\EnglishDB\Words\c\confuse.md
2814,confused,C:\GTT\EnglishDB\Words\c\confused.md
2815,confusion,C:\GTT\EnglishDB\Words\c\confusion.md
2816,congenial,C:\GTT\EnglishDB\Words\c\congenial.md
2817,congenital,C:\GTT\EnglishDB\Words\c\congenital.md
2818,congested,C:\GTT\EnglishDB\Words\c\congested.md
2819,congestion,C:\GTT\EnglishDB\Words\c\congestion.md
2820,conglomerate,C:\GTT\EnglishDB\Words\c\conglomerate.md
2821,congratulate,C:\GTT\EnglishDB\Words\c\congratulate.md
2822,congregate,C:\GTT\EnglishDB\Words\c\congregate.md
2823,congregation,C:\GTT\EnglishDB\Words\c\congregation.md
2824,congregational,C:\GTT\EnglishDB\Words\c\congregational.md
2825,congressional,C:\GTT\EnglishDB\Words\c\congressional.md
2826,congressman,C:\GTT\EnglishDB\Words\c\congressman.md
2827,congruence,C:\GTT\EnglishDB\Words\c\congruence.md
2828,congruent,C:\GTT\EnglishDB\Words\c\congruent.md
2829,conifer,C:\GTT\EnglishDB\Words\c\conifer.md
2830,conjecture,C:\GTT\EnglishDB\Words\c\conjecture.md
2831,conjunction,C:\GTT\EnglishDB\Words\c\conjunction.md
2832,conjure,C:\GTT\EnglishDB\Words\c\conjure.md
2833,connect,C:\GTT\EnglishDB\Words\c\connect.md
2834,connected,C:\GTT\EnglishDB\Words\c\connected.md
2835,connectedness,C:\GTT\EnglishDB\Words\c\connectedness.md
2836,connection,C:\GTT\EnglishDB\Words\c\connection.md
2837,connectivity,C:\GTT\EnglishDB\Words\c\connectivity.md
2838,connector,C:\GTT\EnglishDB\Words\c\connector.md
2839,connoisseur,C:\GTT\EnglishDB\Words\c\connoisseur.md
2840,connotation,C:\GTT\EnglishDB\Words\c\connotation.md
2841,connote,C:\GTT\EnglishDB\Words\c\connote.md
2842,conquer,C:\GTT\EnglishDB\Words\c\conquer.md
2843,conqueror,C:\GTT\EnglishDB\Words\c\conqueror.md
2844,conquest,C:\GTT\EnglishDB\Words\c\conquest.md
2845,conscience,C:\GTT\EnglishDB\Words\c\conscience.md
2846,conscientious,C:\GTT\EnglishDB\Words\c\conscientious.md
2847,consciously,C:\GTT\EnglishDB\Words\c\consciously.md
2848,consciousness,C:\GTT\EnglishDB\Words\c\consciousness.md
2849,conscript,C:\GTT\EnglishDB\Words\c\conscript.md
2850,consecutive,C:\GTT\EnglishDB\Words\c\consecutive.md
2851,consensual,C:\GTT\EnglishDB\Words\c\consensual.md
2852,consensus,C:\GTT\EnglishDB\Words\c\consensus.md
2853,consent,C:\GTT\EnglishDB\Words\c\consent.md
2854,consequence,C:\GTT\EnglishDB\Words\c\consequence.md
2855,consequent,C:\GTT\EnglishDB\Words\c\consequent.md
2856,consequently,C:\GTT\EnglishDB\Words\c\consequently.md
2857,conservation,C:\GTT\EnglishDB\Words\c\conservation.md
2858,conservationist,C:\GTT\EnglishDB\Words\c\conservationist.md
2859,conservatism,C:\GTT\EnglishDB\Words\c\conservatism.md
2860,conservative,C:\GTT\EnglishDB\Words\c\conservative.md
2861,conservatively,C:\GTT\EnglishDB\Words\c\conservatively.md
2862,conservatory,C:\GTT\EnglishDB\Words\c\conservatory.md
2863,conserve,C:\GTT\EnglishDB\Words\c\conserve.md
2864,consider,C:\GTT\EnglishDB\Words\c\consider.md
2865,considerable,C:\GTT\EnglishDB\Words\c\considerable.md
2866,considerably,C:\GTT\EnglishDB\Words\c\considerably.md
2867,considerate,C:\GTT\EnglishDB\Words\c\considerate.md
2868,consideration,C:\GTT\EnglishDB\Words\c\consideration.md
2869,considering,C:\GTT\EnglishDB\Words\c\considering.md
2870,consign,C:\GTT\EnglishDB\Words\c\consign.md
2871,consist,C:\GTT\EnglishDB\Words\c\consist.md
2872,consistency,C:\GTT\EnglishDB\Words\c\consistency.md
2873,consistent,C:\GTT\EnglishDB\Words\c\consistent.md
2874,consolation,C:\GTT\EnglishDB\Words\c\consolation.md
2875,console,C:\GTT\EnglishDB\Words\c\console.md
2876,consolidate,C:\GTT\EnglishDB\Words\c\consolidate.md
2877,consolidation,C:\GTT\EnglishDB\Words\c\consolidation.md
2878,consonant,C:\GTT\EnglishDB\Words\c\consonant.md
2879,consortium,C:\GTT\EnglishDB\Words\c\consortium.md
2880,conspicuous,C:\GTT\EnglishDB\Words\c\conspicuous.md
2881,conspicuously,C:\GTT\EnglishDB\Words\c\conspicuously.md
2882,conspiracy,C:\GTT\EnglishDB\Words\c\conspiracy.md
2883,conspirator,C:\GTT\EnglishDB\Words\c\conspirator.md
2884,conspiratorial,C:\GTT\EnglishDB\Words\c\conspiratorial.md
2885,conspire,C:\GTT\EnglishDB\Words\c\conspire.md
2886,constable,C:\GTT\EnglishDB\Words\c\constable.md
2887,constant,C:\GTT\EnglishDB\Words\c\constant.md
2888,constantly,C:\GTT\EnglishDB\Words\c\constantly.md
2889,constellation,C:\GTT\EnglishDB\Words\c\constellation.md
2890,consternation,C:\GTT\EnglishDB\Words\c\consternation.md
2891,constituency,C:\GTT\EnglishDB\Words\c\constituency.md
2892,constituent,C:\GTT\EnglishDB\Words\c\constituent.md
2893,constitute,C:\GTT\EnglishDB\Words\c\constitute.md
2894,constitution,C:\GTT\EnglishDB\Words\c\constitution.md
2895,constitutional,C:\GTT\EnglishDB\Words\c\constitutional.md
2896,constitutive,C:\GTT\EnglishDB\Words\c\constitutive.md
2897,constrain,C:\GTT\EnglishDB\Words\c\constrain.md
2898,constraint,C:\GTT\EnglishDB\Words\c\constraint.md
2899,constrict,C:\GTT\EnglishDB\Words\c\constrict.md
2900,construct,C:\GTT\EnglishDB\Words\c\construct.md
2901,construction,C:\GTT\EnglishDB\Words\c\construction.md
2902,constructive,C:\GTT\EnglishDB\Words\c\constructive.md
2903,constructivist,C:\GTT\EnglishDB\Words\c\constructivist.md
2904,construe,C:\GTT\EnglishDB\Words\c\construe.md
2905,consul,C:\GTT\EnglishDB\Words\c\consul.md
2906,consulate,C:\GTT\EnglishDB\Words\c\consulate.md
2907,consult,C:\GTT\EnglishDB\Words\c\consult.md
2908,consultant,C:\GTT\EnglishDB\Words\c\consultant.md
2909,consultation,C:\GTT\EnglishDB\Words\c\consultation.md
2910,consultative,C:\GTT\EnglishDB\Words\c\consultative.md
2911,consulting,C:\GTT\EnglishDB\Words\c\consulting.md
2912,consume,C:\GTT\EnglishDB\Words\c\consume.md
2913,consumer,C:\GTT\EnglishDB\Words\c\consumer.md
2914,consumerism,C:\GTT\EnglishDB\Words\c\consumerism.md
2915,consummate,C:\GTT\EnglishDB\Words\c\consummate.md
2916,consumption,C:\GTT\EnglishDB\Words\c\consumption.md
2917,contact,C:\GTT\EnglishDB\Words\c\contact.md
2918,contagion,C:\GTT\EnglishDB\Words\c\contagion.md
2919,contagious,C:\GTT\EnglishDB\Words\c\contagious.md
2920,contain,C:\GTT\EnglishDB\Words\c\contain.md
2921,container,C:\GTT\EnglishDB\Words\c\container.md
2922,containment,C:\GTT\EnglishDB\Words\c\containment.md
2923,contaminant,C:\GTT\EnglishDB\Words\c\contaminant.md
2924,contaminate,C:\GTT\EnglishDB\Words\c\contaminate.md
2925,contaminated,C:\GTT\EnglishDB\Words\c\contaminated.md
2926,contamination,C:\GTT\EnglishDB\Words\c\contamination.md
2927,contemplate,C:\GTT\EnglishDB\Words\c\contemplate.md
2928,contemplation,C:\GTT\EnglishDB\Words\c\contemplation.md
2929,contemplative,C:\GTT\EnglishDB\Words\c\contemplative.md
2930,contemporary,C:\GTT\EnglishDB\Words\c\contemporary.md
2931,contempt,C:\GTT\EnglishDB\Words\c\contempt.md
2932,contemptuous,C:\GTT\EnglishDB\Words\c\contemptuous.md
2933,contend,C:\GTT\EnglishDB\Words\c\contend.md
2934,contender,C:\GTT\EnglishDB\Words\c\contender.md
2935,content,C:\GTT\EnglishDB\Words\c\content.md
2936,contented,C:\GTT\EnglishDB\Words\c\contented.md
2937,contention,C:\GTT\EnglishDB\Words\c\contention.md
2938,contentious,C:\GTT\EnglishDB\Words\c\contentious.md
2939,contentment,C:\GTT\EnglishDB\Words\c\contentment.md
2940,contest,C:\GTT\EnglishDB\Words\c\contest.md
2941,contestant,C:\GTT\EnglishDB\Words\c\contestant.md
2942,context,C:\GTT\EnglishDB\Words\c\context.md
2943,contextual,C:\GTT\EnglishDB\Words\c\contextual.md
2944,contiguous,C:\GTT\EnglishDB\Words\c\contiguous.md
2945,continent,C:\GTT\EnglishDB\Words\c\continent.md
2946,continental,C:\GTT\EnglishDB\Words\c\continental.md
2947,contingency,C:\GTT\EnglishDB\Words\c\contingency.md
2948,contingent,C:\GTT\EnglishDB\Words\c\contingent.md
2949,continual,C:\GTT\EnglishDB\Words\c\continual.md
2950,continually,C:\GTT\EnglishDB\Words\c\continually.md
2951,continuation,C:\GTT\EnglishDB\Words\c\continuation.md
2952,continue,C:\GTT\EnglishDB\Words\c\continue.md
2953,continued,C:\GTT\EnglishDB\Words\c\continued.md
2954,continuity,C:\GTT\EnglishDB\Words\c\continuity.md
2955,continuous,C:\GTT\EnglishDB\Words\c\continuous.md
2956,continuously,C:\GTT\EnglishDB\Words\c\continuously.md
2957,continuum,C:\GTT\EnglishDB\Words\c\continuum.md
2958,contort,C:\GTT\EnglishDB\Words\c\contort.md
2959,contour,C:\GTT\EnglishDB\Words\c\contour.md
2960,contraception,C:\GTT\EnglishDB\Words\c\contraception.md
2961,contraceptive,C:\GTT\EnglishDB\Words\c\contraceptive.md
2962,contract,C:\GTT\EnglishDB\Words\c\contract.md
2963,contraction,C:\GTT\EnglishDB\Words\c\contraction.md
2964,contractor,C:\GTT\EnglishDB\Words\c\contractor.md
2965,contractual,C:\GTT\EnglishDB\Words\c\contractual.md
2966,contradict,C:\GTT\EnglishDB\Words\c\contradict.md
2967,contradiction,C:\GTT\EnglishDB\Words\c\contradiction.md
2968,contradictory,C:\GTT\EnglishDB\Words\c\contradictory.md
2969,contraption,C:\GTT\EnglishDB\Words\c\contraption.md
2970,contrary,C:\GTT\EnglishDB\Words\c\contrary.md
2971,contrast,C:\GTT\EnglishDB\Words\c\contrast.md
2972,contribute,C:\GTT\EnglishDB\Words\c\contribute.md
2973,contributing,C:\GTT\EnglishDB\Words\c\contributing.md
2974,contribution,C:\GTT\EnglishDB\Words\c\contribution.md
2975,contributor,C:\GTT\EnglishDB\Words\c\contributor.md
2976,contrive,C:\GTT\EnglishDB\Words\c\contrive.md
2977,contrived,C:\GTT\EnglishDB\Words\c\contrived.md
2978,control,C:\GTT\EnglishDB\Words\c\control.md
2979,controlled,C:\GTT\EnglishDB\Words\c\controlled.md
2980,controller,C:\GTT\EnglishDB\Words\c\controller.md
2981,controlling,C:\GTT\EnglishDB\Words\c\controlling.md
2982,controversial,C:\GTT\EnglishDB\Words\c\controversial.md
2983,controversy,C:\GTT\EnglishDB\Words\c\controversy.md
2984,conundrum,C:\GTT\EnglishDB\Words\c\conundrum.md
2985,convection,C:\GTT\EnglishDB\Words\c\convection.md
2986,convene,C:\GTT\EnglishDB\Words\c\convene.md
2987,convenience,C:\GTT\EnglishDB\Words\c\convenience.md
2988,convenient,C:\GTT\EnglishDB\Words\c\convenient.md
2989,conveniently,C:\GTT\EnglishDB\Words\c\conveniently.md
2990,convent,C:\GTT\EnglishDB\Words\c\convent.md
2991,convention,C:\GTT\EnglishDB\Words\c\convention.md
2992,conventional,C:\GTT\EnglishDB\Words\c\conventional.md
2993,conventionally,C:\GTT\EnglishDB\Words\c\conventionally.md
2994,converge,C:\GTT\EnglishDB\Words\c\converge.md
2995,convergence,C:\GTT\EnglishDB\Words\c\convergence.md
2996,conversation,C:\GTT\EnglishDB\Words\c\conversation.md
2997,conversational,C:\GTT\EnglishDB\Words\c\conversational.md
2998,converse,C:\GTT\EnglishDB\Words\c\converse.md
2999,conversely,C:\GTT\EnglishDB\Words\c\conversely.md
3000,conversion,C:\GTT\EnglishDB\Words\c\conversion.md
3001,convert,C:\GTT\EnglishDB\Words\c\convert.md
3002,converted,C:\GTT\EnglishDB\Words\c\converted.md
3003,converter,C:\GTT\EnglishDB\Words\c\converter.md
3004,convertible,C:\GTT\EnglishDB\Words\c\convertible.md
3005,convey,C:\GTT\EnglishDB\Words\c\convey.md
3006,convict,C:\GTT\EnglishDB\Words\c\convict.md
3007,conviction,C:\GTT\EnglishDB\Words\c\conviction.md
3008,convince,C:\GTT\EnglishDB\Words\c\convince.md
3009,convinced,C:\GTT\EnglishDB\Words\c\convinced.md
3010,convincing,C:\GTT\EnglishDB\Words\c\convincing.md
3011,convincingly,C:\GTT\EnglishDB\Words\c\convincingly.md
3012,convoluted,C:\GTT\EnglishDB\Words\c\convoluted.md
3013,convoy,C:\GTT\EnglishDB\Words\c\convoy.md
3014,convulsion,C:\GTT\EnglishDB\Words\c\convulsion.md
3015,coo,C:\GTT\EnglishDB\Words\c\coo.md
3016,cook,C:\GTT\EnglishDB\Words\c\cook.md
3017,cookbook,C:\GTT\EnglishDB\Words\c\cookbook.md
3018,cooker,C:\GTT\EnglishDB\Words\c\cooker.md
3019,cookie,C:\GTT\EnglishDB\Words\c\cookie.md
3020,cooking,C:\GTT\EnglishDB\Words\c\cooking.md
3021,cool,C:\GTT\EnglishDB\Words\c\cool.md
3022,cooler,C:\GTT\EnglishDB\Words\c\cooler.md
3023,cooling,C:\GTT\EnglishDB\Words\c\cooling.md
3024,coolly,C:\GTT\EnglishDB\Words\c\coolly.md
3025,coolness,C:\GTT\EnglishDB\Words\c\coolness.md
3026,cooperate,C:\GTT\EnglishDB\Words\c\cooperate.md
3027,cooperation,C:\GTT\EnglishDB\Words\c\cooperation.md
3028,cooperative,C:\GTT\EnglishDB\Words\c\cooperative.md
3029,coordinate,C:\GTT\EnglishDB\Words\c\coordinate.md
3030,coordination,C:\GTT\EnglishDB\Words\c\coordination.md
3031,coordinator,C:\GTT\EnglishDB\Words\c\coordinator.md
3032,cop,C:\GTT\EnglishDB\Words\c\cop.md
3033,cope,C:\GTT\EnglishDB\Words\c\cope.md
3034,copier,C:\GTT\EnglishDB\Words\c\copier.md
3035,coping,C:\GTT\EnglishDB\Words\c\coping.md
3036,copious,C:\GTT\EnglishDB\Words\c\copious.md
3037,copper,C:\GTT\EnglishDB\Words\c\copper.md
3038,copy,C:\GTT\EnglishDB\Words\c\copy.md
3039,copyright,C:\GTT\EnglishDB\Words\c\copyright.md
3040,coral,C:\GTT\EnglishDB\Words\c\coral.md
3041,cord,C:\GTT\EnglishDB\Words\c\cord.md
3042,cordial,C:\GTT\EnglishDB\Words\c\cordial.md
3043,cordless,C:\GTT\EnglishDB\Words\c\cordless.md
3044,corduroy,C:\GTT\EnglishDB\Words\c\corduroy.md
3045,core,C:\GTT\EnglishDB\Words\c\core.md
3046,cork,C:\GTT\EnglishDB\Words\c\cork.md
3047,corkscrew,C:\GTT\EnglishDB\Words\c\corkscrew.md
3048,corn,C:\GTT\EnglishDB\Words\c\corn.md
3049,corner,C:\GTT\EnglishDB\Words\c\corner.md
3050,cornerback,C:\GTT\EnglishDB\Words\c\cornerback.md
3051,cornerstone,C:\GTT\EnglishDB\Words\c\cornerstone.md
3052,cornfield,C:\GTT\EnglishDB\Words\c\cornfield.md
3053,cornmeal,C:\GTT\EnglishDB\Words\c\cornmeal.md
3054,cornstarch,C:\GTT\EnglishDB\Words\c\cornstarch.md
3055,corny,C:\GTT\EnglishDB\Words\c\corny.md
3056,corollary,C:\GTT\EnglishDB\Words\c\corollary.md
3057,corona,C:\GTT\EnglishDB\Words\c\corona.md
3058,coronary,C:\GTT\EnglishDB\Words\c\coronary.md
3059,coronation,C:\GTT\EnglishDB\Words\c\coronation.md
3060,coroner,C:\GTT\EnglishDB\Words\c\coroner.md
3061,corporal,C:\GTT\EnglishDB\Words\c\corporal.md
3062,corporate,C:\GTT\EnglishDB\Words\c\corporate.md
3063,corporation,C:\GTT\EnglishDB\Words\c\corporation.md
3064,corps,C:\GTT\EnglishDB\Words\c\corps.md
3065,corpse,C:\GTT\EnglishDB\Words\c\corpse.md
3066,corpus,C:\GTT\EnglishDB\Words\c\corpus.md
3067,corral,C:\GTT\EnglishDB\Words\c\corral.md
3068,correct,C:\GTT\EnglishDB\Words\c\correct.md
3069,correction,C:\GTT\EnglishDB\Words\c\correction.md
3070,correctional,C:\GTT\EnglishDB\Words\c\correctional.md
3071,corrective,C:\GTT\EnglishDB\Words\c\corrective.md
3072,correctly,C:\GTT\EnglishDB\Words\c\correctly.md
3073,correctness,C:\GTT\EnglishDB\Words\c\correctness.md
3074,correlate,C:\GTT\EnglishDB\Words\c\correlate.md
3075,correlation,C:\GTT\EnglishDB\Words\c\correlation.md
3076,correspond,C:\GTT\EnglishDB\Words\c\correspond.md
3077,correspondence,C:\GTT\EnglishDB\Words\c\correspondence.md
3078,correspondent,C:\GTT\EnglishDB\Words\c\correspondent.md
3079,corresponding,C:\GTT\EnglishDB\Words\c\corresponding.md
3080,correspondingly,C:\GTT\EnglishDB\Words\c\correspondingly.md
3081,corridor,C:\GTT\EnglishDB\Words\c\corridor.md
3082,corroborate,C:\GTT\EnglishDB\Words\c\corroborate.md
3083,corrosion,C:\GTT\EnglishDB\Words\c\corrosion.md
3084,corrosive,C:\GTT\EnglishDB\Words\c\corrosive.md
3085,corrugated,C:\GTT\EnglishDB\Words\c\corrugated.md
3086,corrupt,C:\GTT\EnglishDB\Words\c\corrupt.md
3087,corruption,C:\GTT\EnglishDB\Words\c\corruption.md
3088,corset,C:\GTT\EnglishDB\Words\c\corset.md
3089,cortex,C:\GTT\EnglishDB\Words\c\cortex.md
3090,cosmetic,C:\GTT\EnglishDB\Words\c\cosmetic.md
3091,cosmic,C:\GTT\EnglishDB\Words\c\cosmic.md
3092,cosmological,C:\GTT\EnglishDB\Words\c\cosmological.md
3093,cosmology,C:\GTT\EnglishDB\Words\c\cosmology.md
3094,cosmopolitan,C:\GTT\EnglishDB\Words\c\cosmopolitan.md
3095,cosmos,C:\GTT\EnglishDB\Words\c\cosmos.md
3096,cost,C:\GTT\EnglishDB\Words\c\cost.md
3097,costly,C:\GTT\EnglishDB\Words\c\costly.md
3098,costume,C:\GTT\EnglishDB\Words\c\costume.md
3099,cot,C:\GTT\EnglishDB\Words\c\cot.md
3100,cottage,C:\GTT\EnglishDB\Words\c\cottage.md
3101,cotton,C:\GTT\EnglishDB\Words\c\cotton.md
3102,cottonwood,C:\GTT\EnglishDB\Words\c\cottonwood.md
3103,couch,C:\GTT\EnglishDB\Words\c\couch.md
3104,cougar,C:\GTT\EnglishDB\Words\c\cougar.md
3105,cough,C:\GTT\EnglishDB\Words\c\cough.md
3106,could,C:\GTT\EnglishDB\Words\c\could.md
3107,council,C:\GTT\EnglishDB\Words\c\council.md
3108,councilman,C:\GTT\EnglishDB\Words\c\councilman.md
3109,counsel,C:\GTT\EnglishDB\Words\c\counsel.md
3110,counseling,C:\GTT\EnglishDB\Words\c\counseling.md
3111,counselor,C:\GTT\EnglishDB\Words\c\counselor.md
3112,count,C:\GTT\EnglishDB\Words\c\count.md
3113,countdown,C:\GTT\EnglishDB\Words\c\countdown.md
3114,countenance,C:\GTT\EnglishDB\Words\c\countenance.md
3115,counter,C:\GTT\EnglishDB\Words\c\counter.md
3116,counteract,C:\GTT\EnglishDB\Words\c\counteract.md
3117,counterattack,C:\GTT\EnglishDB\Words\c\counterattack.md
3118,counterbalance,C:\GTT\EnglishDB\Words\c\counterbalance.md
3119,counterfeit,C:\GTT\EnglishDB\Words\c\counterfeit.md
3120,counterpart,C:\GTT\EnglishDB\Words\c\counterpart.md
3121,counterpoint,C:\GTT\EnglishDB\Words\c\counterpoint.md
3122,counterproductive,C:\GTT\EnglishDB\Words\c\counterproductive.md
3123,countertop,C:\GTT\EnglishDB\Words\c\countertop.md
3124,counterweight,C:\GTT\EnglishDB\Words\c\counterweight.md
3125,counting,C:\GTT\EnglishDB\Words\c\counting.md
3126,countless,C:\GTT\EnglishDB\Words\c\countless.md
3127,country,C:\GTT\EnglishDB\Words\c\country.md
3128,countryman,C:\GTT\EnglishDB\Words\c\countryman.md
3129,countryside,C:\GTT\EnglishDB\Words\c\countryside.md
3130,county,C:\GTT\EnglishDB\Words\c\county.md
3131,coup,C:\GTT\EnglishDB\Words\c\coup.md
3132,coupe,C:\GTT\EnglishDB\Words\c\coupe.md
3133,couple,C:\GTT\EnglishDB\Words\c\couple.md
3134,coupling,C:\GTT\EnglishDB\Words\c\coupling.md
3135,coupon,C:\GTT\EnglishDB\Words\c\coupon.md
3136,courage,C:\GTT\EnglishDB\Words\c\courage.md
3137,courageous,C:\GTT\EnglishDB\Words\c\courageous.md
3138,courier,C:\GTT\EnglishDB\Words\c\courier.md
3139,course,C:\GTT\EnglishDB\Words\c\course.md
3140,court,C:\GTT\EnglishDB\Words\c\court.md
3141,courteous,C:\GTT\EnglishDB\Words\c\courteous.md
3142,courtesy,C:\GTT\EnglishDB\Words\c\courtesy.md
3143,courthouse,C:\GTT\EnglishDB\Words\c\courthouse.md
3144,courtier,C:\GTT\EnglishDB\Words\c\courtier.md
3145,courtly,C:\GTT\EnglishDB\Words\c\courtly.md
3146,courtroom,C:\GTT\EnglishDB\Words\c\courtroom.md
3147,courtship,C:\GTT\EnglishDB\Words\c\courtship.md
3148,courtyard,C:\GTT\EnglishDB\Words\c\courtyard.md
3149,cousin,C:\GTT\EnglishDB\Words\c\cousin.md
3150,couture,C:\GTT\EnglishDB\Words\c\couture.md
3151,cove,C:\GTT\EnglishDB\Words\c\cove.md
3152,covenant,C:\GTT\EnglishDB\Words\c\covenant.md
3153,cover,C:\GTT\EnglishDB\Words\c\cover.md
3154,coverage,C:\GTT\EnglishDB\Words\c\coverage.md
3155,covered,C:\GTT\EnglishDB\Words\c\covered.md
3156,covering,C:\GTT\EnglishDB\Words\c\covering.md
3157,covert,C:\GTT\EnglishDB\Words\c\covert.md
3158,covertly,C:\GTT\EnglishDB\Words\c\covertly.md
3159,covet,C:\GTT\EnglishDB\Words\c\covet.md
3160,cow,C:\GTT\EnglishDB\Words\c\cow.md
3161,coward,C:\GTT\EnglishDB\Words\c\coward.md
3162,cowardice,C:\GTT\EnglishDB\Words\c\cowardice.md
3163,cowardly,C:\GTT\EnglishDB\Words\c\cowardly.md
3164,cowboy,C:\GTT\EnglishDB\Words\c\cowboy.md
3165,cower,C:\GTT\EnglishDB\Words\c\cower.md
3166,coy,C:\GTT\EnglishDB\Words\c\coy.md
3167,coyote,C:\GTT\EnglishDB\Words\c\coyote.md
3168,cozy,C:\GTT\EnglishDB\Words\c\cozy.md
3169,crab,C:\GTT\EnglishDB\Words\c\crab.md
3170,crack,C:\GTT\EnglishDB\Words\c\crack.md
3171,crackdown,C:\GTT\EnglishDB\Words\c\crackdown.md
3172,cracked,C:\GTT\EnglishDB\Words\c\cracked.md
3173,cracker,C:\GTT\EnglishDB\Words\c\cracker.md
3174,cracking,C:\GTT\EnglishDB\Words\c\cracking.md
3175,crackle,C:\GTT\EnglishDB\Words\c\crackle.md
3176,cradle,C:\GTT\EnglishDB\Words\c\cradle.md
3177,craft,C:\GTT\EnglishDB\Words\c\craft.md
3178,craftsman,C:\GTT\EnglishDB\Words\c\craftsman.md
3179,craftsmanship,C:\GTT\EnglishDB\Words\c\craftsmanship.md
3180,crafty,C:\GTT\EnglishDB\Words\c\crafty.md
3181,craggy,C:\GTT\EnglishDB\Words\c\craggy.md
3182,cram,C:\GTT\EnglishDB\Words\c\cram.md
3183,cramp,C:\GTT\EnglishDB\Words\c\cramp.md
3184,cramped,C:\GTT\EnglishDB\Words\c\cramped.md
3185,cranberry,C:\GTT\EnglishDB\Words\c\cranberry.md
3186,crane,C:\GTT\EnglishDB\Words\c\crane.md
3187,crank,C:\GTT\EnglishDB\Words\c\crank.md
3188,cranky,C:\GTT\EnglishDB\Words\c\cranky.md
3189,cranny,C:\GTT\EnglishDB\Words\c\cranny.md
3190,crap,C:\GTT\EnglishDB\Words\c\crap.md
3191,crash,C:\GTT\EnglishDB\Words\c\crash.md
3192,crashing,C:\GTT\EnglishDB\Words\c\crashing.md
3193,crass,C:\GTT\EnglishDB\Words\c\crass.md
3194,crate,C:\GTT\EnglishDB\Words\c\crate.md
3195,crater,C:\GTT\EnglishDB\Words\c\crater.md
3196,crave,C:\GTT\EnglishDB\Words\c\crave.md
3197,craving,C:\GTT\EnglishDB\Words\c\craving.md
3198,crawl,C:\GTT\EnglishDB\Words\c\crawl.md
3199,crayon,C:\GTT\EnglishDB\Words\c\crayon.md
3200,craze,C:\GTT\EnglishDB\Words\c\craze.md
3201,crazed,C:\GTT\EnglishDB\Words\c\crazed.md
3202,craziness,C:\GTT\EnglishDB\Words\c\craziness.md
3203,crazy,C:\GTT\EnglishDB\Words\c\crazy.md
3204,creak,C:\GTT\EnglishDB\Words\c\creak.md
3205,cream,C:\GTT\EnglishDB\Words\c\cream.md
3206,creamy,C:\GTT\EnglishDB\Words\c\creamy.md
3207,crease,C:\GTT\EnglishDB\Words\c\crease.md
3208,create,C:\GTT\EnglishDB\Words\c\create.md
3209,created,C:\GTT\EnglishDB\Words\c\created.md
3210,creation,C:\GTT\EnglishDB\Words\c\creation.md
3211,creationism,C:\GTT\EnglishDB\Words\c\creationism.md
3212,creative,C:\GTT\EnglishDB\Words\c\creative.md
3213,creativity,C:\GTT\EnglishDB\Words\c\creativity.md
3214,creator,C:\GTT\EnglishDB\Words\c\creator.md
3215,creature,C:\GTT\EnglishDB\Words\c\creature.md
3216,credence,C:\GTT\EnglishDB\Words\c\credence.md
3217,credential,C:\GTT\EnglishDB\Words\c\credential.md
3218,credibility,C:\GTT\EnglishDB\Words\c\credibility.md
3219,credible,C:\GTT\EnglishDB\Words\c\credible.md
3220,credit,C:\GTT\EnglishDB\Words\c\credit.md
3221,creditor,C:\GTT\EnglishDB\Words\c\creditor.md
3222,credo,C:\GTT\EnglishDB\Words\c\credo.md
3223,creed,C:\GTT\EnglishDB\Words\c\creed.md
3224,creek,C:\GTT\EnglishDB\Words\c\creek.md
3225,creep,C:\GTT\EnglishDB\Words\c\creep.md
3226,creeping,C:\GTT\EnglishDB\Words\c\creeping.md
3227,creepy,C:\GTT\EnglishDB\Words\c\creepy.md
3228,cremate,C:\GTT\EnglishDB\Words\c\cremate.md
3229,crepe,C:\GTT\EnglishDB\Words\c\crepe.md
3230,crescendo,C:\GTT\EnglishDB\Words\c\crescendo.md
3231,crescent,C:\GTT\EnglishDB\Words\c\crescent.md
3232,crest,C:\GTT\EnglishDB\Words\c\crest.md
3233,crevice,C:\GTT\EnglishDB\Words\c\crevice.md
3234,crew,C:\GTT\EnglishDB\Words\c\crew.md
3235,crewman,C:\GTT\EnglishDB\Words\c\crewman.md
3236,crib,C:\GTT\EnglishDB\Words\c\crib.md
3237,cricket,C:\GTT\EnglishDB\Words\c\cricket.md
3238,crime,C:\GTT\EnglishDB\Words\c\crime.md
3239,criminal,C:\GTT\EnglishDB\Words\c\criminal.md
3240,criminality,C:\GTT\EnglishDB\Words\c\criminality.md
3241,criminally,C:\GTT\EnglishDB\Words\c\criminally.md
3242,crimson,C:\GTT\EnglishDB\Words\c\crimson.md
3243,cringe,C:\GTT\EnglishDB\Words\c\cringe.md
3244,crinkle,C:\GTT\EnglishDB\Words\c\crinkle.md
3245,cripple,C:\GTT\EnglishDB\Words\c\cripple.md
3246,crisis,C:\GTT\EnglishDB\Words\c\crisis.md
3247,crisp,C:\GTT\EnglishDB\Words\c\crisp.md
3248,crisply,C:\GTT\EnglishDB\Words\c\crisply.md
3249,crispy,C:\GTT\EnglishDB\Words\c\crispy.md
3250,criteria,C:\GTT\EnglishDB\Words\c\criteria.md
3251,critic,C:\GTT\EnglishDB\Words\c\critic.md
3252,critical,C:\GTT\EnglishDB\Words\c\critical.md
3253,critically,C:\GTT\EnglishDB\Words\c\critically.md
3254,criticism,C:\GTT\EnglishDB\Words\c\criticism.md
3255,criticize,C:\GTT\EnglishDB\Words\c\criticize.md
3256,critique,C:\GTT\EnglishDB\Words\c\critique.md
3257,critter,C:\GTT\EnglishDB\Words\c\critter.md
3258,croak,C:\GTT\EnglishDB\Words\c\croak.md
3259,crock,C:\GTT\EnglishDB\Words\c\crock.md
3260,crocodile,C:\GTT\EnglishDB\Words\c\crocodile.md
3261,crony,C:\GTT\EnglishDB\Words\c\crony.md
3262,crook,C:\GTT\EnglishDB\Words\c\crook.md
3263,crooked,C:\GTT\EnglishDB\Words\c\crooked.md
3264,croon,C:\GTT\EnglishDB\Words\c\croon.md
3265,crop,C:\GTT\EnglishDB\Words\c\crop.md
3266,cropland,C:\GTT\EnglishDB\Words\c\cropland.md
3267,cross,C:\GTT\EnglishDB\Words\c\cross.md
3268,crossfire,C:\GTT\EnglishDB\Words\c\crossfire.md
3269,crossing,C:\GTT\EnglishDB\Words\c\crossing.md
3270,crossover,C:\GTT\EnglishDB\Words\c\crossover.md
3271,crosswise,C:\GTT\EnglishDB\Words\c\crosswise.md
3272,crossword,C:\GTT\EnglishDB\Words\c\crossword.md
3273,crotch,C:\GTT\EnglishDB\Words\c\crotch.md
3274,crouch,C:\GTT\EnglishDB\Words\c\crouch.md
3275,crow,C:\GTT\EnglishDB\Words\c\crow.md
3276,crowd,C:\GTT\EnglishDB\Words\c\crowd.md
3277,crowded,C:\GTT\EnglishDB\Words\c\crowded.md
3278,crown,C:\GTT\EnglishDB\Words\c\crown.md
3279,crowning,C:\GTT\EnglishDB\Words\c\crowning.md
3280,crucial,C:\GTT\EnglishDB\Words\c\crucial.md
3281,crucifix,C:\GTT\EnglishDB\Words\c\crucifix.md
3282,crucify,C:\GTT\EnglishDB\Words\c\crucify.md
3283,crude,C:\GTT\EnglishDB\Words\c\crude.md
3284,crudely,C:\GTT\EnglishDB\Words\c\crudely.md
3285,cruel,C:\GTT\EnglishDB\Words\c\cruel.md
3286,cruelly,C:\GTT\EnglishDB\Words\c\cruelly.md
3287,cruelty,C:\GTT\EnglishDB\Words\c\cruelty.md
3288,cruise,C:\GTT\EnglishDB\Words\c\cruise.md
3289,cruiser,C:\GTT\EnglishDB\Words\c\cruiser.md
3290,crumb,C:\GTT\EnglishDB\Words\c\crumb.md
3291,crumble,C:\GTT\EnglishDB\Words\c\crumble.md
3292,crumple,C:\GTT\EnglishDB\Words\c\crumple.md
3293,crumpled,C:\GTT\EnglishDB\Words\c\crumpled.md
3294,crunch,C:\GTT\EnglishDB\Words\c\crunch.md
3295,crunchy,C:\GTT\EnglishDB\Words\c\crunchy.md
3296,crusade,C:\GTT\EnglishDB\Words\c\crusade.md
3297,crusader,C:\GTT\EnglishDB\Words\c\crusader.md
3298,crush,C:\GTT\EnglishDB\Words\c\crush.md
3299,crushing,C:\GTT\EnglishDB\Words\c\crushing.md
3300,crust,C:\GTT\EnglishDB\Words\c\crust.md
3301,crusty,C:\GTT\EnglishDB\Words\c\crusty.md
3302,crutch,C:\GTT\EnglishDB\Words\c\crutch.md
3303,crux,C:\GTT\EnglishDB\Words\c\crux.md
3304,cry,C:\GTT\EnglishDB\Words\c\cry.md
3305,crying,C:\GTT\EnglishDB\Words\c\crying.md
3306,crypt,C:\GTT\EnglishDB\Words\c\crypt.md
3307,cryptic,C:\GTT\EnglishDB\Words\c\cryptic.md
3308,crystal,C:\GTT\EnglishDB\Words\c\crystal.md
3309,crystalline,C:\GTT\EnglishDB\Words\c\crystalline.md
3310,crystallize,C:\GTT\EnglishDB\Words\c\crystallize.md
3311,cub,C:\GTT\EnglishDB\Words\c\cub.md
3312,cube,C:\GTT\EnglishDB\Words\c\cube.md
3313,cubic,C:\GTT\EnglishDB\Words\c\cubic.md
3314,cubicle,C:\GTT\EnglishDB\Words\c\cubicle.md
3315,cucumber,C:\GTT\EnglishDB\Words\c\cucumber.md
3316,cuddle,C:\GTT\EnglishDB\Words\c\cuddle.md
3317,cue,C:\GTT\EnglishDB\Words\c\cue.md
3318,cuff,C:\GTT\EnglishDB\Words\c\cuff.md
3319,cuisine,C:\GTT\EnglishDB\Words\c\cuisine.md
3320,culinary,C:\GTT\EnglishDB\Words\c\culinary.md
3321,cull,C:\GTT\EnglishDB\Words\c\cull.md
3322,culminate,C:\GTT\EnglishDB\Words\c\culminate.md
3323,culmination,C:\GTT\EnglishDB\Words\c\culmination.md
3324,culprit,C:\GTT\EnglishDB\Words\c\culprit.md
3325,cult,C:\GTT\EnglishDB\Words\c\cult.md
3326,cultivar,C:\GTT\EnglishDB\Words\c\cultivar.md
3327,cultivate,C:\GTT\EnglishDB\Words\c\cultivate.md
3328,cultivated,C:\GTT\EnglishDB\Words\c\cultivated.md
3329,cultivation,C:\GTT\EnglishDB\Words\c\cultivation.md
3330,cultural,C:\GTT\EnglishDB\Words\c\cultural.md
3331,culture,C:\GTT\EnglishDB\Words\c\culture.md
3332,cultured,C:\GTT\EnglishDB\Words\c\cultured.md
3333,cumbersome,C:\GTT\EnglishDB\Words\c\cumbersome.md
3334,cumin,C:\GTT\EnglishDB\Words\c\cumin.md
3335,cumulative,C:\GTT\EnglishDB\Words\c\cumulative.md
3336,cunning,C:\GTT\EnglishDB\Words\c\cunning.md
3337,cup,C:\GTT\EnglishDB\Words\c\cup.md
3338,cupboard,C:\GTT\EnglishDB\Words\c\cupboard.md
3339,cupcake,C:\GTT\EnglishDB\Words\c\cupcake.md
3340,curator,C:\GTT\EnglishDB\Words\c\curator.md
3341,curb,C:\GTT\EnglishDB\Words\c\curb.md
3342,curbside,C:\GTT\EnglishDB\Words\c\curbside.md
3343,curd,C:\GTT\EnglishDB\Words\c\curd.md
3344,cure,C:\GTT\EnglishDB\Words\c\cure.md
3345,curfew,C:\GTT\EnglishDB\Words\c\curfew.md
3346,curiosity,C:\GTT\EnglishDB\Words\c\curiosity.md
3347,curious,C:\GTT\EnglishDB\Words\c\curious.md
3348,curiously,C:\GTT\EnglishDB\Words\c\curiously.md
3349,curl,C:\GTT\EnglishDB\Words\c\curl.md
3350,curling,C:\GTT\EnglishDB\Words\c\curling.md
3351,curly,C:\GTT\EnglishDB\Words\c\curly.md
3352,currant,C:\GTT\EnglishDB\Words\c\currant.md
3353,currency,C:\GTT\EnglishDB\Words\c\currency.md
3354,current,C:\GTT\EnglishDB\Words\c\current.md
3355,currently,C:\GTT\EnglishDB\Words\c\currently.md
3356,curricular,C:\GTT\EnglishDB\Words\c\curricular.md
3357,curriculum,C:\GTT\EnglishDB\Words\c\curriculum.md
3358,curry,C:\GTT\EnglishDB\Words\c\curry.md
3359,curse,C:\GTT\EnglishDB\Words\c\curse.md
3360,cursory,C:\GTT\EnglishDB\Words\c\cursory.md
3361,curtail,C:\GTT\EnglishDB\Words\c\curtail.md
3362,curtain,C:\GTT\EnglishDB\Words\c\curtain.md
3363,curvature,C:\GTT\EnglishDB\Words\c\curvature.md
3364,curve,C:\GTT\EnglishDB\Words\c\curve.md
3365,curving,C:\GTT\EnglishDB\Words\c\curving.md
3366,cushion,C:\GTT\EnglishDB\Words\c\cushion.md
3367,cusp,C:\GTT\EnglishDB\Words\c\cusp.md
3368,custard,C:\GTT\EnglishDB\Words\c\custard.md
3369,custodial,C:\GTT\EnglishDB\Words\c\custodial.md
3370,custodian,C:\GTT\EnglishDB\Words\c\custodian.md
3371,custody,C:\GTT\EnglishDB\Words\c\custody.md
3372,custom,C:\GTT\EnglishDB\Words\c\custom.md
3373,customary,C:\GTT\EnglishDB\Words\c\customary.md
3374,customer,C:\GTT\EnglishDB\Words\c\customer.md
3375,customize,C:\GTT\EnglishDB\Words\c\customize.md
3376,cut,C:\GTT\EnglishDB\Words\c\cut.md
3377,cutback,C:\GTT\EnglishDB\Words\c\cutback.md
3378,cute,C:\GTT\EnglishDB\Words\c\cute.md
3379,cuticle,C:\GTT\EnglishDB\Words\c\cuticle.md
3380,cutter,C:\GTT\EnglishDB\Words\c\cutter.md
3381,cutthroat,C:\GTT\EnglishDB\Words\c\cutthroat.md
3382,cutting,C:\GTT\EnglishDB\Words\c\cutting.md
3383,cyanide,C:\GTT\EnglishDB\Words\c\cyanide.md
3384,cyberspace,C:\GTT\EnglishDB\Words\c\cyberspace.md
3385,cycle,C:\GTT\EnglishDB\Words\c\cycle.md
3386,cyclical,C:\GTT\EnglishDB\Words\c\cyclical.md
3387,cycling,C:\GTT\EnglishDB\Words\c\cycling.md
3388,cyclist,C:\GTT\EnglishDB\Words\c\cyclist.md
3389,cyclone,C:\GTT\EnglishDB\Words\c\cyclone.md
3390,cylinder,C:\GTT\EnglishDB\Words\c\cylinder.md
3391,cylindrical,C:\GTT\EnglishDB\Words\c\cylindrical.md
3392,cynic,C:\GTT\EnglishDB\Words\c\cynic.md
3393,cynical,C:\GTT\EnglishDB\Words\c\cynical.md
3394,cynicism,C:\GTT\EnglishDB\Words\c\cynicism.md
3395,cypress,C:\GTT\EnglishDB\Words\c\cypress.md
3396,cyst,C:\GTT\EnglishDB\Words\c\cyst.md
3397,cystic,C:\GTT\EnglishDB\Words\c\cystic.md
3398,czar,C:\GTT\EnglishDB\Words\c\czar.md
3399,dab,C:\GTT\EnglishDB\Words\d\dab.md
3400,dabble,C:\GTT\EnglishDB\Words\d\dabble.md
3401,dad,C:\GTT\EnglishDB\Words\d\dad.md
3402,daddy,C:\GTT\EnglishDB\Words\d\daddy.md
3403,daffodil,C:\GTT\EnglishDB\Words\d\daffodil.md
3404,dagger,C:\GTT\EnglishDB\Words\d\dagger.md
3405,daily,C:\GTT\EnglishDB\Words\d\daily.md
3406,dainty,C:\GTT\EnglishDB\Words\d\dainty.md
3407,dairy,C:\GTT\EnglishDB\Words\d\dairy.md
3408,dais,C:\GTT\EnglishDB\Words\d\dais.md
3409,daisy,C:\GTT\EnglishDB\Words\d\daisy.md
3410,dam,C:\GTT\EnglishDB\Words\d\dam.md
3411,damage,C:\GTT\EnglishDB\Words\d\damage.md
3412,damaged,C:\GTT\EnglishDB\Words\d\damaged.md
3413,damaging,C:\GTT\EnglishDB\Words\d\damaging.md
3414,dame,C:\GTT\EnglishDB\Words\d\dame.md
3415,damn,C:\GTT\EnglishDB\Words\d\damn.md
3416,damned,C:\GTT\EnglishDB\Words\d\damned.md
3417,damp,C:\GTT\EnglishDB\Words\d\damp.md
3418,dampen,C:\GTT\EnglishDB\Words\d\dampen.md
3419,damper,C:\GTT\EnglishDB\Words\d\damper.md
3420,dance,C:\GTT\EnglishDB\Words\d\dance.md
3421,dancer,C:\GTT\EnglishDB\Words\d\dancer.md
3422,dancing,C:\GTT\EnglishDB\Words\d\dancing.md
3423,dandelion,C:\GTT\EnglishDB\Words\d\dandelion.md
3424,dandy,C:\GTT\EnglishDB\Words\d\dandy.md
3425,danger,C:\GTT\EnglishDB\Words\d\danger.md
3426,dangerous,C:\GTT\EnglishDB\Words\d\dangerous.md
3427,dangle,C:\GTT\EnglishDB\Words\d\dangle.md
3428,dank,C:\GTT\EnglishDB\Words\d\dank.md
3429,dapper,C:\GTT\EnglishDB\Words\d\dapper.md
3430,dare,C:\GTT\EnglishDB\Words\d\dare.md
3431,daring,C:\GTT\EnglishDB\Words\d\daring.md
3432,dark,C:\GTT\EnglishDB\Words\d\dark.md
3433,darken,C:\GTT\EnglishDB\Words\d\darken.md
3434,darkly,C:\GTT\EnglishDB\Words\d\darkly.md
3435,darkness,C:\GTT\EnglishDB\Words\d\darkness.md
3436,darkroom,C:\GTT\EnglishDB\Words\d\darkroom.md
3437,darling,C:\GTT\EnglishDB\Words\d\darling.md
3438,darn,C:\GTT\EnglishDB\Words\d\darn.md
3439,dart,C:\GTT\EnglishDB\Words\d\dart.md
3440,dash,C:\GTT\EnglishDB\Words\d\dash.md
3441,dashboard,C:\GTT\EnglishDB\Words\d\dashboard.md
3442,dashing,C:\GTT\EnglishDB\Words\d\dashing.md
3443,data,C:\GTT\EnglishDB\Words\d\data.md
3444,database,C:\GTT\EnglishDB\Words\d\database.md
3445,date,C:\GTT\EnglishDB\Words\d\date.md
3446,dated,C:\GTT\EnglishDB\Words\d\dated.md
3447,daughter,C:\GTT\EnglishDB\Words\d\daughter.md
3448,daunting,C:\GTT\EnglishDB\Words\d\daunting.md
3449,dawn,C:\GTT\EnglishDB\Words\d\dawn.md
3450,day,C:\GTT\EnglishDB\Words\d\day.md
3451,daybreak,C:\GTT\EnglishDB\Words\d\daybreak.md
3452,daydream,C:\GTT\EnglishDB\Words\d\daydream.md
3453,daylight,C:\GTT\EnglishDB\Words\d\daylight.md
3454,daytime,C:\GTT\EnglishDB\Words\d\daytime.md
3455,daze,C:\GTT\EnglishDB\Words\d\daze.md
3456,dazed,C:\GTT\EnglishDB\Words\d\dazed.md
3457,dazzle,C:\GTT\EnglishDB\Words\d\dazzle.md
3458,dazzling,C:\GTT\EnglishDB\Words\d\dazzling.md
3459,deacon,C:\GTT\EnglishDB\Words\d\deacon.md
3460,dead,C:\GTT\EnglishDB\Words\d\dead.md
3461,deadline,C:\GTT\EnglishDB\Words\d\deadline.md
3462,deadlock,C:\GTT\EnglishDB\Words\d\deadlock.md
3463,deadly,C:\GTT\EnglishDB\Words\d\deadly.md
3464,deaf,C:\GTT\EnglishDB\Words\d\deaf.md
3465,deafening,C:\GTT\EnglishDB\Words\d\deafening.md
3466,deal,C:\GTT\EnglishDB\Words\d\deal.md
3467,dealer,C:\GTT\EnglishDB\Words\d\dealer.md
3468,dealership,C:\GTT\EnglishDB\Words\d\dealership.md
3469,dean,C:\GTT\EnglishDB\Words\d\dean.md
3470,dear,C:\GTT\EnglishDB\Words\d\dear.md
3471,dearly,C:\GTT\EnglishDB\Words\d\dearly.md
3472,dearth,C:\GTT\EnglishDB\Words\d\dearth.md
3473,death,C:\GTT\EnglishDB\Words\d\death.md
3474,deathbed,C:\GTT\EnglishDB\Words\d\deathbed.md
3475,debacle,C:\GTT\EnglishDB\Words\d\debacle.md
3476,debatable,C:\GTT\EnglishDB\Words\d\debatable.md
3477,debate,C:\GTT\EnglishDB\Words\d\debate.md
3478,debris,C:\GTT\EnglishDB\Words\d\debris.md
3479,debt,C:\GTT\EnglishDB\Words\d\debt.md
3480,debtor,C:\GTT\EnglishDB\Words\d\debtor.md
3481,debunk,C:\GTT\EnglishDB\Words\d\debunk.md
3482,debut,C:\GTT\EnglishDB\Words\d\debut.md
3483,decade,C:\GTT\EnglishDB\Words\d\decade.md
3484,decadence,C:\GTT\EnglishDB\Words\d\decadence.md
3485,decadent,C:\GTT\EnglishDB\Words\d\decadent.md
3486,decay,C:\GTT\EnglishDB\Words\d\decay.md
3487,deceased,C:\GTT\EnglishDB\Words\d\deceased.md
3488,deceit,C:\GTT\EnglishDB\Words\d\deceit.md
3489,deceive,C:\GTT\EnglishDB\Words\d\deceive.md
3490,decency,C:\GTT\EnglishDB\Words\d\decency.md
3491,decent,C:\GTT\EnglishDB\Words\d\decent.md
3492,decentralization,C:\GTT\EnglishDB\Words\d\decentralization.md
3493,deception,C:\GTT\EnglishDB\Words\d\deception.md
3494,deceptive,C:\GTT\EnglishDB\Words\d\deceptive.md
3495,deceptively,C:\GTT\EnglishDB\Words\d\deceptively.md
3496,decide,C:\GTT\EnglishDB\Words\d\decide.md
3497,decidedly,C:\GTT\EnglishDB\Words\d\decidedly.md
3498,deciding,C:\GTT\EnglishDB\Words\d\deciding.md
3499,deciduous,C:\GTT\EnglishDB\Words\d\deciduous.md
3500,decimate,C:\GTT\EnglishDB\Words\d\decimate.md
3501,decipher,C:\GTT\EnglishDB\Words\d\decipher.md
3502,decision,C:\GTT\EnglishDB\Words\d\decision.md
3503,decisive,C:\GTT\EnglishDB\Words\d\decisive.md
3504,decisively,C:\GTT\EnglishDB\Words\d\decisively.md
3505,deck,C:\GTT\EnglishDB\Words\d\deck.md
3506,declaration,C:\GTT\EnglishDB\Words\d\declaration.md
3507,declare,C:\GTT\EnglishDB\Words\d\declare.md
3508,declared,C:\GTT\EnglishDB\Words\d\declared.md
3509,decline,C:\GTT\EnglishDB\Words\d\decline.md
3510,declining,C:\GTT\EnglishDB\Words\d\declining.md
3511,decode,C:\GTT\EnglishDB\Words\d\decode.md
3512,decompose,C:\GTT\EnglishDB\Words\d\decompose.md
3513,decomposition,C:\GTT\EnglishDB\Words\d\decomposition.md
3514,deconstruction,C:\GTT\EnglishDB\Words\d\deconstruction.md
3515,decor,C:\GTT\EnglishDB\Words\d\decor.md
3516,decorate,C:\GTT\EnglishDB\Words\d\decorate.md
3517,decoration,C:\GTT\EnglishDB\Words\d\decoration.md
3518,decorative,C:\GTT\EnglishDB\Words\d\decorative.md
3519,decorator,C:\GTT\EnglishDB\Words\d\decorator.md
3520,decorum,C:\GTT\EnglishDB\Words\d\decorum.md
3521,decoy,C:\GTT\EnglishDB\Words\d\decoy.md
3522,decrease,C:\GTT\EnglishDB\Words\d\decrease.md
3523,decreasing,C:\GTT\EnglishDB\Words\d\decreasing.md
3524,decree,C:\GTT\EnglishDB\Words\d\decree.md
3525,decrepit,C:\GTT\EnglishDB\Words\d\decrepit.md
3526,decry,C:\GTT\EnglishDB\Words\d\decry.md
3527,dedicate,C:\GTT\EnglishDB\Words\d\dedicate.md
3528,dedicated,C:\GTT\EnglishDB\Words\d\dedicated.md
3529,dedication,C:\GTT\EnglishDB\Words\d\dedication.md
3530,deduce,C:\GTT\EnglishDB\Words\d\deduce.md
3531,deduct,C:\GTT\EnglishDB\Words\d\deduct.md
3532,deductible,C:\GTT\EnglishDB\Words\d\deductible.md
3533,deduction,C:\GTT\EnglishDB\Words\d\deduction.md
3534,deed,C:\GTT\EnglishDB\Words\d\deed.md
3535,deem,C:\GTT\EnglishDB\Words\d\deem.md
3536,deep,C:\GTT\EnglishDB\Words\d\deep.md
3537,deepen,C:\GTT\EnglishDB\Words\d\deepen.md
3538,deeply,C:\GTT\EnglishDB\Words\d\deeply.md
3539,defamation,C:\GTT\EnglishDB\Words\d\defamation.md
3540,default,C:\GTT\EnglishDB\Words\d\default.md
3541,defeat,C:\GTT\EnglishDB\Words\d\defeat.md
3542,defect,C:\GTT\EnglishDB\Words\d\defect.md
3543,defection,C:\GTT\EnglishDB\Words\d\defection.md
3544,defective,C:\GTT\EnglishDB\Words\d\defective.md
3545,defector,C:\GTT\EnglishDB\Words\d\defector.md
3546,defend,C:\GTT\EnglishDB\Words\d\defend.md
3547,defendant,C:\GTT\EnglishDB\Words\d\defendant.md
3548,defender,C:\GTT\EnglishDB\Words\d\defender.md
3549,defenseless,C:\GTT\EnglishDB\Words\d\defenseless.md
3550,defensible,C:\GTT\EnglishDB\Words\d\defensible.md
3551,defensive,C:\GTT\EnglishDB\Words\d\defensive.md
3552,defer,C:\GTT\EnglishDB\Words\d\defer.md
3553,deference,C:\GTT\EnglishDB\Words\d\deference.md
3554,deferred,C:\GTT\EnglishDB\Words\d\deferred.md
3555,defiance,C:\GTT\EnglishDB\Words\d\defiance.md
3556,defiant,C:\GTT\EnglishDB\Words\d\defiant.md
3557,defiantly,C:\GTT\EnglishDB\Words\d\defiantly.md
3558,defibrillator,C:\GTT\EnglishDB\Words\d\defibrillator.md
3559,deficiency,C:\GTT\EnglishDB\Words\d\deficiency.md
3560,deficient,C:\GTT\EnglishDB\Words\d\deficient.md
3561,deficit,C:\GTT\EnglishDB\Words\d\deficit.md
3562,define,C:\GTT\EnglishDB\Words\d\define.md
3563,defining,C:\GTT\EnglishDB\Words\d\defining.md
3564,definite,C:\GTT\EnglishDB\Words\d\definite.md
3565,definitely,C:\GTT\EnglishDB\Words\d\definitely.md
3566,definition,C:\GTT\EnglishDB\Words\d\definition.md
3567,definitive,C:\GTT\EnglishDB\Words\d\definitive.md
3568,definitively,C:\GTT\EnglishDB\Words\d\definitively.md
3569,deflate,C:\GTT\EnglishDB\Words\d\deflate.md
3570,deflect,C:\GTT\EnglishDB\Words\d\deflect.md
3571,deforestation,C:\GTT\EnglishDB\Words\d\deforestation.md
3572,deformation,C:\GTT\EnglishDB\Words\d\deformation.md
3573,deformed,C:\GTT\EnglishDB\Words\d\deformed.md
3574,deformity,C:\GTT\EnglishDB\Words\d\deformity.md
3575,defraud,C:\GTT\EnglishDB\Words\d\defraud.md
3576,deft,C:\GTT\EnglishDB\Words\d\deft.md
3577,deftly,C:\GTT\EnglishDB\Words\d\deftly.md
3578,defunct,C:\GTT\EnglishDB\Words\d\defunct.md
3579,defuse,C:\GTT\EnglishDB\Words\d\defuse.md
3580,defy,C:\GTT\EnglishDB\Words\d\defy.md
3581,degenerate,C:\GTT\EnglishDB\Words\d\degenerate.md
3582,degeneration,C:\GTT\EnglishDB\Words\d\degeneration.md
3583,degenerative,C:\GTT\EnglishDB\Words\d\degenerative.md
3584,degradation,C:\GTT\EnglishDB\Words\d\degradation.md
3585,degrade,C:\GTT\EnglishDB\Words\d\degrade.md
3586,degree,C:\GTT\EnglishDB\Words\d\degree.md
3587,dehydrate,C:\GTT\EnglishDB\Words\d\dehydrate.md
3588,dehydration,C:\GTT\EnglishDB\Words\d\dehydration.md
3589,deity,C:\GTT\EnglishDB\Words\d\deity.md
3590,delay,C:\GTT\EnglishDB\Words\d\delay.md
3591,delectable,C:\GTT\EnglishDB\Words\d\delectable.md
3592,delegate,C:\GTT\EnglishDB\Words\d\delegate.md
3593,delegation,C:\GTT\EnglishDB\Words\d\delegation.md
3594,delete,C:\GTT\EnglishDB\Words\d\delete.md
3595,deleterious,C:\GTT\EnglishDB\Words\d\deleterious.md
3596,deliberate,C:\GTT\EnglishDB\Words\d\deliberate.md
3597,deliberately,C:\GTT\EnglishDB\Words\d\deliberately.md
3598,deliberation,C:\GTT\EnglishDB\Words\d\deliberation.md
3599,delicacy,C:\GTT\EnglishDB\Words\d\delicacy.md
3600,delicate,C:\GTT\EnglishDB\Words\d\delicate.md
3601,delicately,C:\GTT\EnglishDB\Words\d\delicately.md
3602,delicious,C:\GTT\EnglishDB\Words\d\delicious.md
3603,deliciously,C:\GTT\EnglishDB\Words\d\deliciously.md
3604,delight,C:\GTT\EnglishDB\Words\d\delight.md
3605,delighted,C:\GTT\EnglishDB\Words\d\delighted.md
3606,delightful,C:\GTT\EnglishDB\Words\d\delightful.md
3607,delineate,C:\GTT\EnglishDB\Words\d\delineate.md
3608,delinquency,C:\GTT\EnglishDB\Words\d\delinquency.md
3609,delinquent,C:\GTT\EnglishDB\Words\d\delinquent.md
3610,delirious,C:\GTT\EnglishDB\Words\d\delirious.md
3611,deliver,C:\GTT\EnglishDB\Words\d\deliver.md
3612,deliverance,C:\GTT\EnglishDB\Words\d\deliverance.md
3613,delivery,C:\GTT\EnglishDB\Words\d\delivery.md
3614,delta,C:\GTT\EnglishDB\Words\d\delta.md
3615,delude,C:\GTT\EnglishDB\Words\d\delude.md
3616,deluge,C:\GTT\EnglishDB\Words\d\deluge.md
3617,delusion,C:\GTT\EnglishDB\Words\d\delusion.md
3618,deluxe,C:\GTT\EnglishDB\Words\d\deluxe.md
3619,delve,C:\GTT\EnglishDB\Words\d\delve.md
3620,demand,C:\GTT\EnglishDB\Words\d\demand.md
3621,demanding,C:\GTT\EnglishDB\Words\d\demanding.md
3622,demean,C:\GTT\EnglishDB\Words\d\demean.md
3623,demeanor,C:\GTT\EnglishDB\Words\d\demeanor.md
3624,demented,C:\GTT\EnglishDB\Words\d\demented.md
3625,dementia,C:\GTT\EnglishDB\Words\d\dementia.md
3626,demise,C:\GTT\EnglishDB\Words\d\demise.md
3627,demo,C:\GTT\EnglishDB\Words\d\demo.md
3628,democracy,C:\GTT\EnglishDB\Words\d\democracy.md
3629,democratic,C:\GTT\EnglishDB\Words\d\democratic.md
3630,democratically,C:\GTT\EnglishDB\Words\d\democratically.md
3631,democratization,C:\GTT\EnglishDB\Words\d\democratization.md
3632,democratize,C:\GTT\EnglishDB\Words\d\democratize.md
3633,demographer,C:\GTT\EnglishDB\Words\d\demographer.md
3634,demographic,C:\GTT\EnglishDB\Words\d\demographic.md
3635,demolish,C:\GTT\EnglishDB\Words\d\demolish.md
3636,demolition,C:\GTT\EnglishDB\Words\d\demolition.md
3637,demon,C:\GTT\EnglishDB\Words\d\demon.md
3638,demonic,C:\GTT\EnglishDB\Words\d\demonic.md
3639,demonize,C:\GTT\EnglishDB\Words\d\demonize.md
3640,demonstrate,C:\GTT\EnglishDB\Words\d\demonstrate.md
3641,demonstration,C:\GTT\EnglishDB\Words\d\demonstration.md
3642,demonstrator,C:\GTT\EnglishDB\Words\d\demonstrator.md
3643,demoralize,C:\GTT\EnglishDB\Words\d\demoralize.md
3644,demote,C:\GTT\EnglishDB\Words\d\demote.md
3645,den,C:\GTT\EnglishDB\Words\d\den.md
3646,denial,C:\GTT\EnglishDB\Words\d\denial.md
3647,denigrate,C:\GTT\EnglishDB\Words\d\denigrate.md
3648,denim,C:\GTT\EnglishDB\Words\d\denim.md
3649,denizen,C:\GTT\EnglishDB\Words\d\denizen.md
3650,denomination,C:\GTT\EnglishDB\Words\d\denomination.md
3651,denominator,C:\GTT\EnglishDB\Words\d\denominator.md
3652,denote,C:\GTT\EnglishDB\Words\d\denote.md
3653,denounce,C:\GTT\EnglishDB\Words\d\denounce.md
3654,dense,C:\GTT\EnglishDB\Words\d\dense.md
3655,densely,C:\GTT\EnglishDB\Words\d\densely.md
3656,density,C:\GTT\EnglishDB\Words\d\density.md
3657,dent,C:\GTT\EnglishDB\Words\d\dent.md
3658,dental,C:\GTT\EnglishDB\Words\d\dental.md
3659,dentist,C:\GTT\EnglishDB\Words\d\dentist.md
3660,dentistry,C:\GTT\EnglishDB\Words\d\dentistry.md
3661,denunciation,C:\GTT\EnglishDB\Words\d\denunciation.md
3662,deny,C:\GTT\EnglishDB\Words\d\deny.md
3663,depart,C:\GTT\EnglishDB\Words\d\depart.md
3664,departed,C:\GTT\EnglishDB\Words\d\departed.md
3665,department,C:\GTT\EnglishDB\Words\d\department.md
3666,departmental,C:\GTT\EnglishDB\Words\d\departmental.md
3667,departure,C:\GTT\EnglishDB\Words\d\departure.md
3668,depend,C:\GTT\EnglishDB\Words\d\depend.md
3669,dependable,C:\GTT\EnglishDB\Words\d\dependable.md
3670,dependence,C:\GTT\EnglishDB\Words\d\dependence.md
3671,dependency,C:\GTT\EnglishDB\Words\d\dependency.md
3672,dependent,C:\GTT\EnglishDB\Words\d\dependent.md
3673,depict,C:\GTT\EnglishDB\Words\d\depict.md
3674,depiction,C:\GTT\EnglishDB\Words\d\depiction.md
3675,deplete,C:\GTT\EnglishDB\Words\d\deplete.md
3676,depletion,C:\GTT\EnglishDB\Words\d\depletion.md
3677,deplorable,C:\GTT\EnglishDB\Words\d\deplorable.md
3678,deplore,C:\GTT\EnglishDB\Words\d\deplore.md
3679,deploy,C:\GTT\EnglishDB\Words\d\deploy.md
3680,deport,C:\GTT\EnglishDB\Words\d\deport.md
3681,deportation,C:\GTT\EnglishDB\Words\d\deportation.md
3682,depose,C:\GTT\EnglishDB\Words\d\depose.md
3683,deposit,C:\GTT\EnglishDB\Words\d\deposit.md
3684,deposition,C:\GTT\EnglishDB\Words\d\deposition.md
3685,depositor,C:\GTT\EnglishDB\Words\d\depositor.md
3686,depot,C:\GTT\EnglishDB\Words\d\depot.md
3687,depreciation,C:\GTT\EnglishDB\Words\d\depreciation.md
3688,depress,C:\GTT\EnglishDB\Words\d\depress.md
3689,depressed,C:\GTT\EnglishDB\Words\d\depressed.md
3690,depressing,C:\GTT\EnglishDB\Words\d\depressing.md
3691,depression,C:\GTT\EnglishDB\Words\d\depression.md
3692,depressive,C:\GTT\EnglishDB\Words\d\depressive.md
3693,deprivation,C:\GTT\EnglishDB\Words\d\deprivation.md
3694,deprive,C:\GTT\EnglishDB\Words\d\deprive.md
3695,depth,C:\GTT\EnglishDB\Words\d\depth.md
3696,deputy,C:\GTT\EnglishDB\Words\d\deputy.md
3697,derail,C:\GTT\EnglishDB\Words\d\derail.md
3698,derailleur,C:\GTT\EnglishDB\Words\d\derailleur.md
3699,derby,C:\GTT\EnglishDB\Words\d\derby.md
3700,deregulate,C:\GTT\EnglishDB\Words\d\deregulate.md
3701,deregulation,C:\GTT\EnglishDB\Words\d\deregulation.md
3702,derelict,C:\GTT\EnglishDB\Words\d\derelict.md
3703,deride,C:\GTT\EnglishDB\Words\d\deride.md
3704,derision,C:\GTT\EnglishDB\Words\d\derision.md
3705,derivative,C:\GTT\EnglishDB\Words\d\derivative.md
3706,derive,C:\GTT\EnglishDB\Words\d\derive.md
3707,dermatologist,C:\GTT\EnglishDB\Words\d\dermatologist.md
3708,derogatory,C:\GTT\EnglishDB\Words\d\derogatory.md
3709,descend,C:\GTT\EnglishDB\Words\d\descend.md
3710,descendant,C:\GTT\EnglishDB\Words\d\descendant.md
3711,descending,C:\GTT\EnglishDB\Words\d\descending.md
3712,descent,C:\GTT\EnglishDB\Words\d\descent.md
3713,description,C:\GTT\EnglishDB\Words\d\description.md
3714,descriptive,C:\GTT\EnglishDB\Words\d\descriptive.md
3715,descriptor,C:\GTT\EnglishDB\Words\d\descriptor.md
3716,desegregation,C:\GTT\EnglishDB\Words\d\desegregation.md
3717,desert,C:\GTT\EnglishDB\Words\d\desert.md
3718,deserted,C:\GTT\EnglishDB\Words\d\deserted.md
3719,deserve,C:\GTT\EnglishDB\Words\d\deserve.md
3720,deserving,C:\GTT\EnglishDB\Words\d\deserving.md
3721,design,C:\GTT\EnglishDB\Words\d\design.md
3722,designate,C:\GTT\EnglishDB\Words\d\designate.md
3723,designation,C:\GTT\EnglishDB\Words\d\designation.md
3724,designer,C:\GTT\EnglishDB\Words\d\designer.md
3725,desirability,C:\GTT\EnglishDB\Words\d\desirability.md
3726,desirable,C:\GTT\EnglishDB\Words\d\desirable.md
3727,desire,C:\GTT\EnglishDB\Words\d\desire.md
3728,desired,C:\GTT\EnglishDB\Words\d\desired.md
3729,desk,C:\GTT\EnglishDB\Words\d\desk.md
3730,desktop,C:\GTT\EnglishDB\Words\d\desktop.md
3731,desolate,C:\GTT\EnglishDB\Words\d\desolate.md
3732,desolation,C:\GTT\EnglishDB\Words\d\desolation.md
3733,despair,C:\GTT\EnglishDB\Words\d\despair.md
3734,despairing,C:\GTT\EnglishDB\Words\d\despairing.md
3735,desperate,C:\GTT\EnglishDB\Words\d\desperate.md
3736,desperately,C:\GTT\EnglishDB\Words\d\desperately.md
3737,desperation,C:\GTT\EnglishDB\Words\d\desperation.md
3738,despicable,C:\GTT\EnglishDB\Words\d\despicable.md
3739,despise,C:\GTT\EnglishDB\Words\d\despise.md
3740,despite,C:\GTT\EnglishDB\Words\d\despite.md
3741,despondent,C:\GTT\EnglishDB\Words\d\despondent.md
3742,dessert,C:\GTT\EnglishDB\Words\d\dessert.md
3743,destabilize,C:\GTT\EnglishDB\Words\d\destabilize.md
3744,destination,C:\GTT\EnglishDB\Words\d\destination.md
3745,destine,C:\GTT\EnglishDB\Words\d\destine.md
3746,destiny,C:\GTT\EnglishDB\Words\d\destiny.md
3747,destitute,C:\GTT\EnglishDB\Words\d\destitute.md
3748,destroy,C:\GTT\EnglishDB\Words\d\destroy.md
3749,destroyer,C:\GTT\EnglishDB\Words\d\destroyer.md
3750,destruction,C:\GTT\EnglishDB\Words\d\destruction.md
3751,destructive,C:\GTT\EnglishDB\Words\d\destructive.md
3752,detach,C:\GTT\EnglishDB\Words\d\detach.md
3753,detached,C:\GTT\EnglishDB\Words\d\detached.md
3754,detachment,C:\GTT\EnglishDB\Words\d\detachment.md
3755,detail,C:\GTT\EnglishDB\Words\d\detail.md
3756,detailed,C:\GTT\EnglishDB\Words\d\detailed.md
3757,detain,C:\GTT\EnglishDB\Words\d\detain.md
3758,detainee,C:\GTT\EnglishDB\Words\d\detainee.md
3759,detect,C:\GTT\EnglishDB\Words\d\detect.md
3760,detectable,C:\GTT\EnglishDB\Words\d\detectable.md
3761,detection,C:\GTT\EnglishDB\Words\d\detection.md
3762,detective,C:\GTT\EnglishDB\Words\d\detective.md
3763,detector,C:\GTT\EnglishDB\Words\d\detector.md
3764,detention,C:\GTT\EnglishDB\Words\d\detention.md
3765,deter,C:\GTT\EnglishDB\Words\d\deter.md
3766,detergent,C:\GTT\EnglishDB\Words\d\detergent.md
3767,deteriorate,C:\GTT\EnglishDB\Words\d\deteriorate.md
3768,deterioration,C:\GTT\EnglishDB\Words\d\deterioration.md
3769,determinant,C:\GTT\EnglishDB\Words\d\determinant.md
3770,determination,C:\GTT\EnglishDB\Words\d\determination.md
3771,determine,C:\GTT\EnglishDB\Words\d\determine.md
3772,determined,C:\GTT\EnglishDB\Words\d\determined.md
3773,determining,C:\GTT\EnglishDB\Words\d\determining.md
3774,determinism,C:\GTT\EnglishDB\Words\d\determinism.md
3775,deterrence,C:\GTT\EnglishDB\Words\d\deterrence.md
3776,deterrent,C:\GTT\EnglishDB\Words\d\deterrent.md
3777,detest,C:\GTT\EnglishDB\Words\d\detest.md
3778,detonate,C:\GTT\EnglishDB\Words\d\detonate.md
3779,detonation,C:\GTT\EnglishDB\Words\d\detonation.md
3780,detour,C:\GTT\EnglishDB\Words\d\detour.md
3781,detract,C:\GTT\EnglishDB\Words\d\detract.md
3782,detractor,C:\GTT\EnglishDB\Words\d\detractor.md
3783,detriment,C:\GTT\EnglishDB\Words\d\detriment.md
3784,detrimental,C:\GTT\EnglishDB\Words\d\detrimental.md
3785,detritus,C:\GTT\EnglishDB\Words\d\detritus.md
3786,devaluation,C:\GTT\EnglishDB\Words\d\devaluation.md
3787,devalue,C:\GTT\EnglishDB\Words\d\devalue.md
3788,devastate,C:\GTT\EnglishDB\Words\d\devastate.md
3789,devastating,C:\GTT\EnglishDB\Words\d\devastating.md
3790,devastation,C:\GTT\EnglishDB\Words\d\devastation.md
3791,develop,C:\GTT\EnglishDB\Words\d\develop.md
3792,developer,C:\GTT\EnglishDB\Words\d\developer.md
3793,developing,C:\GTT\EnglishDB\Words\d\developing.md
3794,development,C:\GTT\EnglishDB\Words\d\development.md
3795,developmental,C:\GTT\EnglishDB\Words\d\developmental.md
3796,deviant,C:\GTT\EnglishDB\Words\d\deviant.md
3797,deviate,C:\GTT\EnglishDB\Words\d\deviate.md
3798,deviation,C:\GTT\EnglishDB\Words\d\deviation.md
3799,device,C:\GTT\EnglishDB\Words\d\device.md
3800,devil,C:\GTT\EnglishDB\Words\d\devil.md
3801,devious,C:\GTT\EnglishDB\Words\d\devious.md
3802,devise,C:\GTT\EnglishDB\Words\d\devise.md
3803,devoid,C:\GTT\EnglishDB\Words\d\devoid.md
3804,devolve,C:\GTT\EnglishDB\Words\d\devolve.md
3805,devote,C:\GTT\EnglishDB\Words\d\devote.md
3806,devoted,C:\GTT\EnglishDB\Words\d\devoted.md
3807,devotee,C:\GTT\EnglishDB\Words\d\devotee.md
3808,devotion,C:\GTT\EnglishDB\Words\d\devotion.md
3809,devotional,C:\GTT\EnglishDB\Words\d\devotional.md
3810,devour,C:\GTT\EnglishDB\Words\d\devour.md
3811,devout,C:\GTT\EnglishDB\Words\d\devout.md
3812,dew,C:\GTT\EnglishDB\Words\d\dew.md
3813,dexterity,C:\GTT\EnglishDB\Words\d\dexterity.md
3814,diabetes,C:\GTT\EnglishDB\Words\d\diabetes.md
3815,diabetic,C:\GTT\EnglishDB\Words\d\diabetic.md
3816,diagnose,C:\GTT\EnglishDB\Words\d\diagnose.md
3817,diagnosis,C:\GTT\EnglishDB\Words\d\diagnosis.md
3818,diagnostic,C:\GTT\EnglishDB\Words\d\diagnostic.md
3819,diagnostics,C:\GTT\EnglishDB\Words\d\diagnostics.md
3820,diagonal,C:\GTT\EnglishDB\Words\d\diagonal.md
3821,diagonally,C:\GTT\EnglishDB\Words\d\diagonally.md
3822,diagram,C:\GTT\EnglishDB\Words\d\diagram.md
3823,dial,C:\GTT\EnglishDB\Words\d\dial.md
3824,dialect,C:\GTT\EnglishDB\Words\d\dialect.md
3825,dialectic,C:\GTT\EnglishDB\Words\d\dialectic.md
3826,dialectical,C:\GTT\EnglishDB\Words\d\dialectical.md
3827,dialog,C:\GTT\EnglishDB\Words\d\dialog.md
3828,dialogue,C:\GTT\EnglishDB\Words\d\dialogue.md
3829,dialysis,C:\GTT\EnglishDB\Words\d\dialysis.md
3830,diameter,C:\GTT\EnglishDB\Words\d\diameter.md
3831,diamond,C:\GTT\EnglishDB\Words\d\diamond.md
3832,diaper,C:\GTT\EnglishDB\Words\d\diaper.md
3833,diaphragm,C:\GTT\EnglishDB\Words\d\diaphragm.md
3834,diarrhea,C:\GTT\EnglishDB\Words\d\diarrhea.md
3835,diary,C:\GTT\EnglishDB\Words\d\diary.md
3836,diaspora,C:\GTT\EnglishDB\Words\d\diaspora.md
3837,diatribe,C:\GTT\EnglishDB\Words\d\diatribe.md
3838,dice,C:\GTT\EnglishDB\Words\d\dice.md
3839,dichotomous,C:\GTT\EnglishDB\Words\d\dichotomous.md
3840,dichotomy,C:\GTT\EnglishDB\Words\d\dichotomy.md
3841,dick,C:\GTT\EnglishDB\Words\d\dick.md
3842,dictate,C:\GTT\EnglishDB\Words\d\dictate.md
3843,dictator,C:\GTT\EnglishDB\Words\d\dictator.md
3844,dictatorial,C:\GTT\EnglishDB\Words\d\dictatorial.md
3845,dictatorship,C:\GTT\EnglishDB\Words\d\dictatorship.md
3846,dictionary,C:\GTT\EnglishDB\Words\d\dictionary.md
3847,dictum,C:\GTT\EnglishDB\Words\d\dictum.md
3848,didactic,C:\GTT\EnglishDB\Words\d\didactic.md
3849,die,C:\GTT\EnglishDB\Words\d\die.md
3850,diesel,C:\GTT\EnglishDB\Words\d\diesel.md
3851,diet,C:\GTT\EnglishDB\Words\d\diet.md
3852,dietary,C:\GTT\EnglishDB\Words\d\dietary.md
3853,dietitian,C:\GTT\EnglishDB\Words\d\dietitian.md
3854,differ,C:\GTT\EnglishDB\Words\d\differ.md
3855,difference,C:\GTT\EnglishDB\Words\d\difference.md
3856,different,C:\GTT\EnglishDB\Words\d\different.md
3857,differential,C:\GTT\EnglishDB\Words\d\differential.md
3858,differentiate,C:\GTT\EnglishDB\Words\d\differentiate.md
3859,differentiation,C:\GTT\EnglishDB\Words\d\differentiation.md
3860,differently,C:\GTT\EnglishDB\Words\d\differently.md
3861,difficult,C:\GTT\EnglishDB\Words\d\difficult.md
3862,difficulty,C:\GTT\EnglishDB\Words\d\difficulty.md
3863,diffuse,C:\GTT\EnglishDB\Words\d\diffuse.md
3864,diffusion,C:\GTT\EnglishDB\Words\d\diffusion.md
3865,dig,C:\GTT\EnglishDB\Words\d\dig.md
3866,digest,C:\GTT\EnglishDB\Words\d\digest.md
3867,digestion,C:\GTT\EnglishDB\Words\d\digestion.md
3868,digestive,C:\GTT\EnglishDB\Words\d\digestive.md
3869,digger,C:\GTT\EnglishDB\Words\d\digger.md
3870,digging,C:\GTT\EnglishDB\Words\d\digging.md
3871,digit,C:\GTT\EnglishDB\Words\d\digit.md
3872,digital,C:\GTT\EnglishDB\Words\d\digital.md
3873,digitally,C:\GTT\EnglishDB\Words\d\digitally.md
3874,digitize,C:\GTT\EnglishDB\Words\d\digitize.md
3875,dignified,C:\GTT\EnglishDB\Words\d\dignified.md
3876,dignitary,C:\GTT\EnglishDB\Words\d\dignitary.md
3877,dignity,C:\GTT\EnglishDB\Words\d\dignity.md
3878,dike,C:\GTT\EnglishDB\Words\d\dike.md
3879,dilapidated,C:\GTT\EnglishDB\Words\d\dilapidated.md
3880,dilate,C:\GTT\EnglishDB\Words\d\dilate.md
3881,dilemma,C:\GTT\EnglishDB\Words\d\dilemma.md
3882,diligence,C:\GTT\EnglishDB\Words\d\diligence.md
3883,diligent,C:\GTT\EnglishDB\Words\d\diligent.md
3884,diligently,C:\GTT\EnglishDB\Words\d\diligently.md
3885,dill,C:\GTT\EnglishDB\Words\d\dill.md
3886,dilute,C:\GTT\EnglishDB\Words\d\dilute.md
3887,dilution,C:\GTT\EnglishDB\Words\d\dilution.md
3888,dim,C:\GTT\EnglishDB\Words\d\dim.md
3889,dime,C:\GTT\EnglishDB\Words\d\dime.md
3890,dimension,C:\GTT\EnglishDB\Words\d\dimension.md
3891,dimensional,C:\GTT\EnglishDB\Words\d\dimensional.md
3892,diminish,C:\GTT\EnglishDB\Words\d\diminish.md
3893,diminished,C:\GTT\EnglishDB\Words\d\diminished.md
3894,diminishing,C:\GTT\EnglishDB\Words\d\diminishing.md
3895,diminutive,C:\GTT\EnglishDB\Words\d\diminutive.md
3896,dimly,C:\GTT\EnglishDB\Words\d\dimly.md
3897,dimple,C:\GTT\EnglishDB\Words\d\dimple.md
3898,din,C:\GTT\EnglishDB\Words\d\din.md
3899,dine,C:\GTT\EnglishDB\Words\d\dine.md
3900,diner,C:\GTT\EnglishDB\Words\d\diner.md
3901,dingy,C:\GTT\EnglishDB\Words\d\dingy.md
3902,dining,C:\GTT\EnglishDB\Words\d\dining.md
3903,dinner,C:\GTT\EnglishDB\Words\d\dinner.md
3904,dinosaur,C:\GTT\EnglishDB\Words\d\dinosaur.md
3905,diocesan,C:\GTT\EnglishDB\Words\d\diocesan.md
3906,diocese,C:\GTT\EnglishDB\Words\d\diocese.md
3907,dioxide,C:\GTT\EnglishDB\Words\d\dioxide.md
3908,dioxin,C:\GTT\EnglishDB\Words\d\dioxin.md
3909,diploma,C:\GTT\EnglishDB\Words\d\diploma.md
3910,diplomacy,C:\GTT\EnglishDB\Words\d\diplomacy.md
3911,diplomat,C:\GTT\EnglishDB\Words\d\diplomat.md
3912,diplomatic,C:\GTT\EnglishDB\Words\d\diplomatic.md
3913,diplomatically,C:\GTT\EnglishDB\Words\d\diplomatically.md
3914,dire,C:\GTT\EnglishDB\Words\d\dire.md
3915,direct,C:\GTT\EnglishDB\Words\d\direct.md
3916,direction,C:\GTT\EnglishDB\Words\d\direction.md
3917,directional,C:\GTT\EnglishDB\Words\d\directional.md
3918,directive,C:\GTT\EnglishDB\Words\d\directive.md
3919,directly,C:\GTT\EnglishDB\Words\d\directly.md
3920,director,C:\GTT\EnglishDB\Words\d\director.md
3921,directory,C:\GTT\EnglishDB\Words\d\directory.md
3922,dirt,C:\GTT\EnglishDB\Words\d\dirt.md
3923,dirty,C:\GTT\EnglishDB\Words\d\dirty.md
3924,disability,C:\GTT\EnglishDB\Words\d\disability.md
3925,disable,C:\GTT\EnglishDB\Words\d\disable.md
3926,disabled,C:\GTT\EnglishDB\Words\d\disabled.md
3927,disadvantage,C:\GTT\EnglishDB\Words\d\disadvantage.md
3928,disadvantaged,C:\GTT\EnglishDB\Words\d\disadvantaged.md
3929,disaffected,C:\GTT\EnglishDB\Words\d\disaffected.md
3930,disagree,C:\GTT\EnglishDB\Words\d\disagree.md
3931,disagreement,C:\GTT\EnglishDB\Words\d\disagreement.md
3932,disappear,C:\GTT\EnglishDB\Words\d\disappear.md
3933,disappearance,C:\GTT\EnglishDB\Words\d\disappearance.md
3934,disappoint,C:\GTT\EnglishDB\Words\d\disappoint.md
3935,disappointed,C:\GTT\EnglishDB\Words\d\disappointed.md
3936,disappointing,C:\GTT\EnglishDB\Words\d\disappointing.md
3937,disappointment,C:\GTT\EnglishDB\Words\d\disappointment.md
3938,disapproval,C:\GTT\EnglishDB\Words\d\disapproval.md
3939,disapprove,C:\GTT\EnglishDB\Words\d\disapprove.md
3940,disarm,C:\GTT\EnglishDB\Words\d\disarm.md
3941,disarmament,C:\GTT\EnglishDB\Words\d\disarmament.md
3942,disarray,C:\GTT\EnglishDB\Words\d\disarray.md
3943,disassemble,C:\GTT\EnglishDB\Words\d\disassemble.md
3944,disaster,C:\GTT\EnglishDB\Words\d\disaster.md
3945,disastrous,C:\GTT\EnglishDB\Words\d\disastrous.md
3946,disavow,C:\GTT\EnglishDB\Words\d\disavow.md
3947,disband,C:\GTT\EnglishDB\Words\d\disband.md
3948,disbelief,C:\GTT\EnglishDB\Words\d\disbelief.md
3949,disc,C:\GTT\EnglishDB\Words\d\disc.md
3950,discard,C:\GTT\EnglishDB\Words\d\discard.md
3951,discern,C:\GTT\EnglishDB\Words\d\discern.md
3952,discernible,C:\GTT\EnglishDB\Words\d\discernible.md
3953,discerning,C:\GTT\EnglishDB\Words\d\discerning.md
3954,discharge,C:\GTT\EnglishDB\Words\d\discharge.md
3955,disciple,C:\GTT\EnglishDB\Words\d\disciple.md
3956,disciplinary,C:\GTT\EnglishDB\Words\d\disciplinary.md
3957,discipline,C:\GTT\EnglishDB\Words\d\discipline.md
3958,disciplined,C:\GTT\EnglishDB\Words\d\disciplined.md
3959,disclaimer,C:\GTT\EnglishDB\Words\d\disclaimer.md
3960,disclose,C:\GTT\EnglishDB\Words\d\disclose.md
3961,disclosure,C:\GTT\EnglishDB\Words\d\disclosure.md
3962,disco,C:\GTT\EnglishDB\Words\d\disco.md
3963,discomfort,C:\GTT\EnglishDB\Words\d\discomfort.md
3964,disconcerting,C:\GTT\EnglishDB\Words\d\disconcerting.md
3965,disconnect,C:\GTT\EnglishDB\Words\d\disconnect.md
3966,discontent,C:\GTT\EnglishDB\Words\d\discontent.md
3967,discontinue,C:\GTT\EnglishDB\Words\d\discontinue.md
3968,discontinuity,C:\GTT\EnglishDB\Words\d\discontinuity.md
3969,discord,C:\GTT\EnglishDB\Words\d\discord.md
3970,discount,C:\GTT\EnglishDB\Words\d\discount.md
3971,discourage,C:\GTT\EnglishDB\Words\d\discourage.md
3972,discouraging,C:\GTT\EnglishDB\Words\d\discouraging.md
3973,discourse,C:\GTT\EnglishDB\Words\d\discourse.md
3974,discover,C:\GTT\EnglishDB\Words\d\discover.md
3975,discovery,C:\GTT\EnglishDB\Words\d\discovery.md
3976,discredit,C:\GTT\EnglishDB\Words\d\discredit.md
3977,discreet,C:\GTT\EnglishDB\Words\d\discreet.md
3978,discreetly,C:\GTT\EnglishDB\Words\d\discreetly.md
3979,discrepancy,C:\GTT\EnglishDB\Words\d\discrepancy.md
3980,discrete,C:\GTT\EnglishDB\Words\d\discrete.md
3981,discretion,C:\GTT\EnglishDB\Words\d\discretion.md
3982,discretionary,C:\GTT\EnglishDB\Words\d\discretionary.md
3983,discriminant,C:\GTT\EnglishDB\Words\d\discriminant.md
3984,discriminate,C:\GTT\EnglishDB\Words\d\discriminate.md
3985,discriminating,C:\GTT\EnglishDB\Words\d\discriminating.md
3986,discrimination,C:\GTT\EnglishDB\Words\d\discrimination.md
3987,discriminatory,C:\GTT\EnglishDB\Words\d\discriminatory.md
3988,discursive,C:\GTT\EnglishDB\Words\d\discursive.md
3989,discuss,C:\GTT\EnglishDB\Words\d\discuss.md
3990,discussion,C:\GTT\EnglishDB\Words\d\discussion.md
3991,disdain,C:\GTT\EnglishDB\Words\d\disdain.md
3992,disease,C:\GTT\EnglishDB\Words\d\disease.md
3993,diseased,C:\GTT\EnglishDB\Words\d\diseased.md
3994,disembark,C:\GTT\EnglishDB\Words\d\disembark.md
3995,disembodied,C:\GTT\EnglishDB\Words\d\disembodied.md
3996,disenchanted,C:\GTT\EnglishDB\Words\d\disenchanted.md
3997,disengage,C:\GTT\EnglishDB\Words\d\disengage.md
3998,disengagement,C:\GTT\EnglishDB\Words\d\disengagement.md
3999,disfigure,C:\GTT\EnglishDB\Words\d\disfigure.md
4000,disgrace,C:\GTT\EnglishDB\Words\d\disgrace.md
4001,disgraceful,C:\GTT\EnglishDB\Words\d\disgraceful.md
4002,disgruntled,C:\GTT\EnglishDB\Words\d\disgruntled.md
4003,disguise,C:\GTT\EnglishDB\Words\d\disguise.md
4004,disgust,C:\GTT\EnglishDB\Words\d\disgust.md
4005,disgusted,C:\GTT\EnglishDB\Words\d\disgusted.md
4006,disgusting,C:\GTT\EnglishDB\Words\d\disgusting.md
4007,dish,C:\GTT\EnglishDB\Words\d\dish.md
4008,dishearten,C:\GTT\EnglishDB\Words\d\dishearten.md
4009,dishonest,C:\GTT\EnglishDB\Words\d\dishonest.md
4010,dishonesty,C:\GTT\EnglishDB\Words\d\dishonesty.md
4011,dishwasher,C:\GTT\EnglishDB\Words\d\dishwasher.md
4012,disillusion,C:\GTT\EnglishDB\Words\d\disillusion.md
4013,disillusionment,C:\GTT\EnglishDB\Words\d\disillusionment.md
4014,disinfectant,C:\GTT\EnglishDB\Words\d\disinfectant.md
4015,disingenuous,C:\GTT\EnglishDB\Words\d\disingenuous.md
4016,disintegrate,C:\GTT\EnglishDB\Words\d\disintegrate.md
4017,disintegration,C:\GTT\EnglishDB\Words\d\disintegration.md
4018,disinterested,C:\GTT\EnglishDB\Words\d\disinterested.md
4019,disk,C:\GTT\EnglishDB\Words\d\disk.md
4020,dislike,C:\GTT\EnglishDB\Words\d\dislike.md
4021,dislocate,C:\GTT\EnglishDB\Words\d\dislocate.md
4022,dislocation,C:\GTT\EnglishDB\Words\d\dislocation.md
4023,dislodge,C:\GTT\EnglishDB\Words\d\dislodge.md
4024,dismal,C:\GTT\EnglishDB\Words\d\dismal.md
4025,dismantle,C:\GTT\EnglishDB\Words\d\dismantle.md
4026,dismay,C:\GTT\EnglishDB\Words\d\dismay.md
4027,dismiss,C:\GTT\EnglishDB\Words\d\dismiss.md
4028,dismissal,C:\GTT\EnglishDB\Words\d\dismissal.md
4029,dismissive,C:\GTT\EnglishDB\Words\d\dismissive.md
4030,dismount,C:\GTT\EnglishDB\Words\d\dismount.md
4031,disobedience,C:\GTT\EnglishDB\Words\d\disobedience.md
4032,disobey,C:\GTT\EnglishDB\Words\d\disobey.md
4033,disorder,C:\GTT\EnglishDB\Words\d\disorder.md
4034,disordered,C:\GTT\EnglishDB\Words\d\disordered.md
4035,disorderly,C:\GTT\EnglishDB\Words\d\disorderly.md
4036,disoriented,C:\GTT\EnglishDB\Words\d\disoriented.md
4037,disparage,C:\GTT\EnglishDB\Words\d\disparage.md
4038,disparate,C:\GTT\EnglishDB\Words\d\disparate.md
4039,disparity,C:\GTT\EnglishDB\Words\d\disparity.md
4040,dispatch,C:\GTT\EnglishDB\Words\d\dispatch.md
4041,dispatcher,C:\GTT\EnglishDB\Words\d\dispatcher.md
4042,dispel,C:\GTT\EnglishDB\Words\d\dispel.md
4043,dispense,C:\GTT\EnglishDB\Words\d\dispense.md
4044,dispenser,C:\GTT\EnglishDB\Words\d\dispenser.md
4045,dispersal,C:\GTT\EnglishDB\Words\d\dispersal.md
4046,disperse,C:\GTT\EnglishDB\Words\d\disperse.md
4047,dispersed,C:\GTT\EnglishDB\Words\d\dispersed.md
4048,dispersion,C:\GTT\EnglishDB\Words\d\dispersion.md
4049,displace,C:\GTT\EnglishDB\Words\d\displace.md
4050,displacement,C:\GTT\EnglishDB\Words\d\displacement.md
4051,display,C:\GTT\EnglishDB\Words\d\display.md
4052,displeasure,C:\GTT\EnglishDB\Words\d\displeasure.md
4053,disposable,C:\GTT\EnglishDB\Words\d\disposable.md
4054,disposal,C:\GTT\EnglishDB\Words\d\disposal.md
4055,dispose,C:\GTT\EnglishDB\Words\d\dispose.md
4056,disposition,C:\GTT\EnglishDB\Words\d\disposition.md
4057,disprove,C:\GTT\EnglishDB\Words\d\disprove.md
4058,dispute,C:\GTT\EnglishDB\Words\d\dispute.md
4059,disputed,C:\GTT\EnglishDB\Words\d\disputed.md
4060,disqualify,C:\GTT\EnglishDB\Words\d\disqualify.md
4061,disregard,C:\GTT\EnglishDB\Words\d\disregard.md
4062,disrespect,C:\GTT\EnglishDB\Words\d\disrespect.md
4063,disrespectful,C:\GTT\EnglishDB\Words\d\disrespectful.md
4064,disrupt,C:\GTT\EnglishDB\Words\d\disrupt.md
4065,disruption,C:\GTT\EnglishDB\Words\d\disruption.md
4066,disruptive,C:\GTT\EnglishDB\Words\d\disruptive.md
4067,dissatisfaction,C:\GTT\EnglishDB\Words\d\dissatisfaction.md
4068,dissatisfied,C:\GTT\EnglishDB\Words\d\dissatisfied.md
4069,dissect,C:\GTT\EnglishDB\Words\d\dissect.md
4070,dissection,C:\GTT\EnglishDB\Words\d\dissection.md
4071,disseminate,C:\GTT\EnglishDB\Words\d\disseminate.md
4072,dissemination,C:\GTT\EnglishDB\Words\d\dissemination.md
4073,dissent,C:\GTT\EnglishDB\Words\d\dissent.md
4074,dissenter,C:\GTT\EnglishDB\Words\d\dissenter.md
4075,dissenting,C:\GTT\EnglishDB\Words\d\dissenting.md
4076,dissertation,C:\GTT\EnglishDB\Words\d\dissertation.md
4077,disservice,C:\GTT\EnglishDB\Words\d\disservice.md
4078,dissident,C:\GTT\EnglishDB\Words\d\dissident.md
4079,dissimilar,C:\GTT\EnglishDB\Words\d\dissimilar.md
4080,dissipate,C:\GTT\EnglishDB\Words\d\dissipate.md
4081,dissolution,C:\GTT\EnglishDB\Words\d\dissolution.md
4082,dissolve,C:\GTT\EnglishDB\Words\d\dissolve.md
4083,dissonance,C:\GTT\EnglishDB\Words\d\dissonance.md
4084,dissuade,C:\GTT\EnglishDB\Words\d\dissuade.md
4085,distal,C:\GTT\EnglishDB\Words\d\distal.md
4086,distance,C:\GTT\EnglishDB\Words\d\distance.md
4087,distant,C:\GTT\EnglishDB\Words\d\distant.md
4088,distaste,C:\GTT\EnglishDB\Words\d\distaste.md
4089,distasteful,C:\GTT\EnglishDB\Words\d\distasteful.md
4090,distil,C:\GTT\EnglishDB\Words\d\distil.md
4091,distinct,C:\GTT\EnglishDB\Words\d\distinct.md
4092,distinction,C:\GTT\EnglishDB\Words\d\distinction.md
4093,distinctive,C:\GTT\EnglishDB\Words\d\distinctive.md
4094,distinctively,C:\GTT\EnglishDB\Words\d\distinctively.md
4095,distinctly,C:\GTT\EnglishDB\Words\d\distinctly.md
4096,distinguish,C:\GTT\EnglishDB\Words\d\distinguish.md
4097,distinguished,C:\GTT\EnglishDB\Words\d\distinguished.md
4098,distinguishing,C:\GTT\EnglishDB\Words\d\distinguishing.md
4099,distort,C:\GTT\EnglishDB\Words\d\distort.md
4100,distorted,C:\GTT\EnglishDB\Words\d\distorted.md
4101,distortion,C:\GTT\EnglishDB\Words\d\distortion.md
4102,distract,C:\GTT\EnglishDB\Words\d\distract.md
4103,distraction,C:\GTT\EnglishDB\Words\d\distraction.md
4104,distraught,C:\GTT\EnglishDB\Words\d\distraught.md
4105,distress,C:\GTT\EnglishDB\Words\d\distress.md
4106,distressed,C:\GTT\EnglishDB\Words\d\distressed.md
4107,distressing,C:\GTT\EnglishDB\Words\d\distressing.md
4108,distribute,C:\GTT\EnglishDB\Words\d\distribute.md
4109,distributed,C:\GTT\EnglishDB\Words\d\distributed.md
4110,distribution,C:\GTT\EnglishDB\Words\d\distribution.md
4111,distributor,C:\GTT\EnglishDB\Words\d\distributor.md
4112,district,C:\GTT\EnglishDB\Words\d\district.md
4113,distrust,C:\GTT\EnglishDB\Words\d\distrust.md
4114,disturb,C:\GTT\EnglishDB\Words\d\disturb.md
4115,disturbance,C:\GTT\EnglishDB\Words\d\disturbance.md
4116,disturbed,C:\GTT\EnglishDB\Words\d\disturbed.md
4117,disturbing,C:\GTT\EnglishDB\Words\d\disturbing.md
4118,ditch,C:\GTT\EnglishDB\Words\d\ditch.md
4119,diva,C:\GTT\EnglishDB\Words\d\diva.md
4120,dive,C:\GTT\EnglishDB\Words\d\dive.md
4121,diver,C:\GTT\EnglishDB\Words\d\diver.md
4122,diverge,C:\GTT\EnglishDB\Words\d\diverge.md
4123,divergence,C:\GTT\EnglishDB\Words\d\divergence.md
4124,divergent,C:\GTT\EnglishDB\Words\d\divergent.md
4125,diverse,C:\GTT\EnglishDB\Words\d\diverse.md
4126,diversification,C:\GTT\EnglishDB\Words\d\diversification.md
4127,diversified,C:\GTT\EnglishDB\Words\d\diversified.md
4128,diversify,C:\GTT\EnglishDB\Words\d\diversify.md
4129,diversion,C:\GTT\EnglishDB\Words\d\diversion.md
4130,diversity,C:\GTT\EnglishDB\Words\d\diversity.md
4131,divert,C:\GTT\EnglishDB\Words\d\divert.md
4132,divest,C:\GTT\EnglishDB\Words\d\divest.md
4133,divide,C:\GTT\EnglishDB\Words\d\divide.md
4134,divided,C:\GTT\EnglishDB\Words\d\divided.md
4135,dividend,C:\GTT\EnglishDB\Words\d\dividend.md
4136,divider,C:\GTT\EnglishDB\Words\d\divider.md
4137,divination,C:\GTT\EnglishDB\Words\d\divination.md
4138,divine,C:\GTT\EnglishDB\Words\d\divine.md
4139,diving,C:\GTT\EnglishDB\Words\d\diving.md
4140,divinity,C:\GTT\EnglishDB\Words\d\divinity.md
4141,division,C:\GTT\EnglishDB\Words\d\division.md
4142,divisional,C:\GTT\EnglishDB\Words\d\divisional.md
4143,divisive,C:\GTT\EnglishDB\Words\d\divisive.md
4144,divorce,C:\GTT\EnglishDB\Words\d\divorce.md
4145,divorced,C:\GTT\EnglishDB\Words\d\divorced.md
4146,divulge,C:\GTT\EnglishDB\Words\d\divulge.md
4147,dizziness,C:\GTT\EnglishDB\Words\d\dizziness.md
4148,dizzy,C:\GTT\EnglishDB\Words\d\dizzy.md
4149,dizzying,C:\GTT\EnglishDB\Words\d\dizzying.md
4150,do,C:\GTT\EnglishDB\Words\d\do.md
4151,doable,C:\GTT\EnglishDB\Words\d\doable.md
4152,docile,C:\GTT\EnglishDB\Words\d\docile.md
4153,dock,C:\GTT\EnglishDB\Words\d\dock.md
4154,docket,C:\GTT\EnglishDB\Words\d\docket.md
4155,docking,C:\GTT\EnglishDB\Words\d\docking.md
4156,doctor,C:\GTT\EnglishDB\Words\d\doctor.md
4157,doctoral,C:\GTT\EnglishDB\Words\d\doctoral.md
4158,doctorate,C:\GTT\EnglishDB\Words\d\doctorate.md
4159,doctrinal,C:\GTT\EnglishDB\Words\d\doctrinal.md
4160,doctrine,C:\GTT\EnglishDB\Words\d\doctrine.md
4161,document,C:\GTT\EnglishDB\Words\d\document.md
4162,documentary,C:\GTT\EnglishDB\Words\d\documentary.md
4163,documentation,C:\GTT\EnglishDB\Words\d\documentation.md
4164,dodge,C:\GTT\EnglishDB\Words\d\dodge.md
4165,doe,C:\GTT\EnglishDB\Words\d\doe.md
4166,dog,C:\GTT\EnglishDB\Words\d\dog.md
4167,dogged,C:\GTT\EnglishDB\Words\d\dogged.md
4168,dogma,C:\GTT\EnglishDB\Words\d\dogma.md
4169,dogmatic,C:\GTT\EnglishDB\Words\d\dogmatic.md
4170,dogwood,C:\GTT\EnglishDB\Words\d\dogwood.md
4171,doings,C:\GTT\EnglishDB\Words\d\doings.md
4172,doll,C:\GTT\EnglishDB\Words\d\doll.md
4173,dollop,C:\GTT\EnglishDB\Words\d\dollop.md
4174,dolphin,C:\GTT\EnglishDB\Words\d\dolphin.md
4175,domain,C:\GTT\EnglishDB\Words\d\domain.md
4176,dome,C:\GTT\EnglishDB\Words\d\dome.md
4177,domestic,C:\GTT\EnglishDB\Words\d\domestic.md
4178,domestically,C:\GTT\EnglishDB\Words\d\domestically.md
4179,dominance,C:\GTT\EnglishDB\Words\d\dominance.md
4180,dominant,C:\GTT\EnglishDB\Words\d\dominant.md
4181,dominate,C:\GTT\EnglishDB\Words\d\dominate.md
4182,domination,C:\GTT\EnglishDB\Words\d\domination.md
4183,dominion,C:\GTT\EnglishDB\Words\d\dominion.md
4184,domino,C:\GTT\EnglishDB\Words\d\domino.md
4185,don,C:\GTT\EnglishDB\Words\d\don.md
4186,donate,C:\GTT\EnglishDB\Words\d\donate.md
4187,donation,C:\GTT\EnglishDB\Words\d\donation.md
4188,donkey,C:\GTT\EnglishDB\Words\d\donkey.md
4189,donor,C:\GTT\EnglishDB\Words\d\donor.md
4190,doom,C:\GTT\EnglishDB\Words\d\doom.md
4191,doomed,C:\GTT\EnglishDB\Words\d\doomed.md
4192,door,C:\GTT\EnglishDB\Words\d\door.md
4193,doorbell,C:\GTT\EnglishDB\Words\d\doorbell.md
4194,doorknob,C:\GTT\EnglishDB\Words\d\doorknob.md
4195,doorman,C:\GTT\EnglishDB\Words\d\doorman.md
4196,doorstep,C:\GTT\EnglishDB\Words\d\doorstep.md
4197,doorway,C:\GTT\EnglishDB\Words\d\doorway.md
4198,dopamine,C:\GTT\EnglishDB\Words\d\dopamine.md
4199,dope,C:\GTT\EnglishDB\Words\d\dope.md
4200,dorm,C:\GTT\EnglishDB\Words\d\dorm.md
4201,dormant,C:\GTT\EnglishDB\Words\d\dormant.md
4202,dormitory,C:\GTT\EnglishDB\Words\d\dormitory.md
4203,dosage,C:\GTT\EnglishDB\Words\d\dosage.md
4204,dose,C:\GTT\EnglishDB\Words\d\dose.md
4205,dot,C:\GTT\EnglishDB\Words\d\dot.md
4206,dotted,C:\GTT\EnglishDB\Words\d\dotted.md
4207,double,C:\GTT\EnglishDB\Words\d\double.md
4208,doubling,C:\GTT\EnglishDB\Words\d\doubling.md
4209,doubly,C:\GTT\EnglishDB\Words\d\doubly.md
4210,doubt,C:\GTT\EnglishDB\Words\d\doubt.md
4211,doubtful,C:\GTT\EnglishDB\Words\d\doubtful.md
4212,doubtless,C:\GTT\EnglishDB\Words\d\doubtless.md
4213,dough,C:\GTT\EnglishDB\Words\d\dough.md
4214,doughnut,C:\GTT\EnglishDB\Words\d\doughnut.md
4215,dour,C:\GTT\EnglishDB\Words\d\dour.md
4216,douse,C:\GTT\EnglishDB\Words\d\douse.md
4217,dove,C:\GTT\EnglishDB\Words\d\dove.md
4218,down,C:\GTT\EnglishDB\Words\d\down.md
4219,downfall,C:\GTT\EnglishDB\Words\d\downfall.md
4220,downgrade,C:\GTT\EnglishDB\Words\d\downgrade.md
4221,downhill,C:\GTT\EnglishDB\Words\d\downhill.md
4222,download,C:\GTT\EnglishDB\Words\d\download.md
4223,downplay,C:\GTT\EnglishDB\Words\d\downplay.md
4224,downpour,C:\GTT\EnglishDB\Words\d\downpour.md
4225,downright,C:\GTT\EnglishDB\Words\d\downright.md
4226,downside,C:\GTT\EnglishDB\Words\d\downside.md
4227,downsize,C:\GTT\EnglishDB\Words\d\downsize.md
4228,downsizing,C:\GTT\EnglishDB\Words\d\downsizing.md
4229,downstairs,C:\GTT\EnglishDB\Words\d\downstairs.md
4230,downstream,C:\GTT\EnglishDB\Words\d\downstream.md
4231,downtime,C:\GTT\EnglishDB\Words\d\downtime.md
4232,downtown,C:\GTT\EnglishDB\Words\d\downtown.md
4233,downturn,C:\GTT\EnglishDB\Words\d\downturn.md
4234,downward,C:\GTT\EnglishDB\Words\d\downward.md
4235,downwind,C:\GTT\EnglishDB\Words\d\downwind.md
4236,dowry,C:\GTT\EnglishDB\Words\d\dowry.md
4237,doze,C:\GTT\EnglishDB\Words\d\doze.md
4238,dozen,C:\GTT\EnglishDB\Words\d\dozen.md
4239,drab,C:\GTT\EnglishDB\Words\d\drab.md
4240,draconian,C:\GTT\EnglishDB\Words\d\draconian.md
4241,draft,C:\GTT\EnglishDB\Words\d\draft.md
4242,drag,C:\GTT\EnglishDB\Words\d\drag.md
4243,dragon,C:\GTT\EnglishDB\Words\d\dragon.md
4244,dragonfly,C:\GTT\EnglishDB\Words\d\dragonfly.md
4245,drain,C:\GTT\EnglishDB\Words\d\drain.md
4246,drainage,C:\GTT\EnglishDB\Words\d\drainage.md
4247,drama,C:\GTT\EnglishDB\Words\d\drama.md
4248,dramatic,C:\GTT\EnglishDB\Words\d\dramatic.md
4249,dramatically,C:\GTT\EnglishDB\Words\d\dramatically.md
4250,dramatize,C:\GTT\EnglishDB\Words\d\dramatize.md
4251,drape,C:\GTT\EnglishDB\Words\d\drape.md
4252,drapery,C:\GTT\EnglishDB\Words\d\drapery.md
4253,drastic,C:\GTT\EnglishDB\Words\d\drastic.md
4254,drastically,C:\GTT\EnglishDB\Words\d\drastically.md
4255,draw,C:\GTT\EnglishDB\Words\d\draw.md
4256,drawback,C:\GTT\EnglishDB\Words\d\drawback.md
4257,drawer,C:\GTT\EnglishDB\Words\d\drawer.md
4258,drawing,C:\GTT\EnglishDB\Words\d\drawing.md
4259,drawl,C:\GTT\EnglishDB\Words\d\drawl.md
4260,dread,C:\GTT\EnglishDB\Words\d\dread.md
4261,dreadful,C:\GTT\EnglishDB\Words\d\dreadful.md
4262,dream,C:\GTT\EnglishDB\Words\d\dream.md
4263,dreamer,C:\GTT\EnglishDB\Words\d\dreamer.md
4264,dreamy,C:\GTT\EnglishDB\Words\d\dreamy.md
4265,dreary,C:\GTT\EnglishDB\Words\d\dreary.md
4266,dredge,C:\GTT\EnglishDB\Words\d\dredge.md
4267,drench,C:\GTT\EnglishDB\Words\d\drench.md
4268,dress,C:\GTT\EnglishDB\Words\d\dress.md
4269,dresser,C:\GTT\EnglishDB\Words\d\dresser.md
4270,dressing,C:\GTT\EnglishDB\Words\d\dressing.md
4271,dribble,C:\GTT\EnglishDB\Words\d\dribble.md
4272,dried,C:\GTT\EnglishDB\Words\d\dried.md
4273,drift,C:\GTT\EnglishDB\Words\d\drift.md
4274,driftwood,C:\GTT\EnglishDB\Words\d\driftwood.md
4275,drill,C:\GTT\EnglishDB\Words\d\drill.md
4276,drilling,C:\GTT\EnglishDB\Words\d\drilling.md
4277,drink,C:\GTT\EnglishDB\Words\d\drink.md
4278,drinker,C:\GTT\EnglishDB\Words\d\drinker.md
4279,drinking,C:\GTT\EnglishDB\Words\d\drinking.md
4280,drip,C:\GTT\EnglishDB\Words\d\drip.md
4281,dripping,C:\GTT\EnglishDB\Words\d\dripping.md
4282,drive,C:\GTT\EnglishDB\Words\d\drive.md
4283,driven,C:\GTT\EnglishDB\Words\d\driven.md
4284,driver,C:\GTT\EnglishDB\Words\d\driver.md
4285,driveway,C:\GTT\EnglishDB\Words\d\driveway.md
4286,driving,C:\GTT\EnglishDB\Words\d\driving.md
4287,drizzle,C:\GTT\EnglishDB\Words\d\drizzle.md
4288,drone,C:\GTT\EnglishDB\Words\d\drone.md
4289,drool,C:\GTT\EnglishDB\Words\d\drool.md
4290,droop,C:\GTT\EnglishDB\Words\d\droop.md
4291,drooping,C:\GTT\EnglishDB\Words\d\drooping.md
4292,drop,C:\GTT\EnglishDB\Words\d\drop.md
4293,droplet,C:\GTT\EnglishDB\Words\d\droplet.md
4294,dropout,C:\GTT\EnglishDB\Words\d\dropout.md
4295,dropping,C:\GTT\EnglishDB\Words\d\dropping.md
4296,drought,C:\GTT\EnglishDB\Words\d\drought.md
4297,drove,C:\GTT\EnglishDB\Words\d\drove.md
4298,drown,C:\GTT\EnglishDB\Words\d\drown.md
4299,drowning,C:\GTT\EnglishDB\Words\d\drowning.md
4300,drowsy,C:\GTT\EnglishDB\Words\d\drowsy.md
4301,drug,C:\GTT\EnglishDB\Words\d\drug.md
4302,drugstore,C:\GTT\EnglishDB\Words\d\drugstore.md
4303,drum,C:\GTT\EnglishDB\Words\d\drum.md
4304,drumbeat,C:\GTT\EnglishDB\Words\d\drumbeat.md
4305,drummer,C:\GTT\EnglishDB\Words\d\drummer.md
4306,drunk,C:\GTT\EnglishDB\Words\d\drunk.md
4307,drunken,C:\GTT\EnglishDB\Words\d\drunken.md
4308,dry,C:\GTT\EnglishDB\Words\d\dry.md
4309,dryer,C:\GTT\EnglishDB\Words\d\dryer.md
4310,drying,C:\GTT\EnglishDB\Words\d\drying.md
4311,dryly,C:\GTT\EnglishDB\Words\d\dryly.md
4312,dryness,C:\GTT\EnglishDB\Words\d\dryness.md
4313,dual,C:\GTT\EnglishDB\Words\d\dual.md
4314,dualism,C:\GTT\EnglishDB\Words\d\dualism.md
4315,duality,C:\GTT\EnglishDB\Words\d\duality.md
4316,dub,C:\GTT\EnglishDB\Words\d\dub.md
4317,dubious,C:\GTT\EnglishDB\Words\d\dubious.md
4318,duck,C:\GTT\EnglishDB\Words\d\duck.md
4319,duct,C:\GTT\EnglishDB\Words\d\duct.md
4320,dud,C:\GTT\EnglishDB\Words\d\dud.md
4321,dude,C:\GTT\EnglishDB\Words\d\dude.md
4322,due,C:\GTT\EnglishDB\Words\d\due.md
4323,duel,C:\GTT\EnglishDB\Words\d\duel.md
4324,duet,C:\GTT\EnglishDB\Words\d\duet.md
4325,duffel,C:\GTT\EnglishDB\Words\d\duffel.md
4326,dugout,C:\GTT\EnglishDB\Words\d\dugout.md
4327,duke,C:\GTT\EnglishDB\Words\d\duke.md
4328,dull,C:\GTT\EnglishDB\Words\d\dull.md
4329,duly,C:\GTT\EnglishDB\Words\d\duly.md
4330,dumb,C:\GTT\EnglishDB\Words\d\dumb.md
4331,dumbbell,C:\GTT\EnglishDB\Words\d\dumbbell.md
4332,dumbfound,C:\GTT\EnglishDB\Words\d\dumbfound.md
4333,dummy,C:\GTT\EnglishDB\Words\d\dummy.md
4334,dump,C:\GTT\EnglishDB\Words\d\dump.md
4335,dumping,C:\GTT\EnglishDB\Words\d\dumping.md
4336,dune,C:\GTT\EnglishDB\Words\d\dune.md
4337,dung,C:\GTT\EnglishDB\Words\d\dung.md
4338,dungeon,C:\GTT\EnglishDB\Words\d\dungeon.md
4339,dunk,C:\GTT\EnglishDB\Words\d\dunk.md
4340,duo,C:\GTT\EnglishDB\Words\d\duo.md
4341,dupe,C:\GTT\EnglishDB\Words\d\dupe.md
4342,duplex,C:\GTT\EnglishDB\Words\d\duplex.md
4343,duplicate,C:\GTT\EnglishDB\Words\d\duplicate.md
4344,duplication,C:\GTT\EnglishDB\Words\d\duplication.md
4345,durability,C:\GTT\EnglishDB\Words\d\durability.md
4346,durable,C:\GTT\EnglishDB\Words\d\durable.md
4347,duration,C:\GTT\EnglishDB\Words\d\duration.md
4348,during,C:\GTT\EnglishDB\Words\d\during.md
4349,dusk,C:\GTT\EnglishDB\Words\d\dusk.md
4350,dusky,C:\GTT\EnglishDB\Words\d\dusky.md
4351,dust,C:\GTT\EnglishDB\Words\d\dust.md
4352,duster,C:\GTT\EnglishDB\Words\d\duster.md
4353,dusty,C:\GTT\EnglishDB\Words\d\dusty.md
4354,dutiful,C:\GTT\EnglishDB\Words\d\dutiful.md
4355,dutifully,C:\GTT\EnglishDB\Words\d\dutifully.md
4356,duty,C:\GTT\EnglishDB\Words\d\duty.md
4357,dwarf,C:\GTT\EnglishDB\Words\d\dwarf.md
4358,dwell,C:\GTT\EnglishDB\Words\d\dwell.md
4359,dweller,C:\GTT\EnglishDB\Words\d\dweller.md
4360,dwelling,C:\GTT\EnglishDB\Words\d\dwelling.md
4361,dwindle,C:\GTT\EnglishDB\Words\d\dwindle.md
4362,dyad,C:\GTT\EnglishDB\Words\d\dyad.md
4363,dye,C:\GTT\EnglishDB\Words\d\dye.md
4364,dying,C:\GTT\EnglishDB\Words\d\dying.md
4365,dynamic,C:\GTT\EnglishDB\Words\d\dynamic.md
4366,dynamics,C:\GTT\EnglishDB\Words\d\dynamics.md
4367,dynamism,C:\GTT\EnglishDB\Words\d\dynamism.md
4368,dynamite,C:\GTT\EnglishDB\Words\d\dynamite.md
4369,dynasty,C:\GTT\EnglishDB\Words\d\dynasty.md
4370,dysfunction,C:\GTT\EnglishDB\Words\d\dysfunction.md
4371,each,C:\GTT\EnglishDB\Words\e\each.md
4372,eager,C:\GTT\EnglishDB\Words\e\eager.md
4373,eagerly,C:\GTT\EnglishDB\Words\e\eagerly.md
4374,eagerness,C:\GTT\EnglishDB\Words\e\eagerness.md
4375,eagle,C:\GTT\EnglishDB\Words\e\eagle.md
4376,ear,C:\GTT\EnglishDB\Words\e\ear.md
4377,early,C:\GTT\EnglishDB\Words\e\early.md
4378,earmark,C:\GTT\EnglishDB\Words\e\earmark.md
4379,earn,C:\GTT\EnglishDB\Words\e\earn.md
4380,earned,C:\GTT\EnglishDB\Words\e\earned.md
4381,earnest,C:\GTT\EnglishDB\Words\e\earnest.md
4382,earnestly,C:\GTT\EnglishDB\Words\e\earnestly.md
4383,earnings,C:\GTT\EnglishDB\Words\e\earnings.md
4384,earphone,C:\GTT\EnglishDB\Words\e\earphone.md
4385,earring,C:\GTT\EnglishDB\Words\e\earring.md
4386,earshot,C:\GTT\EnglishDB\Words\e\earshot.md
4387,earth,C:\GTT\EnglishDB\Words\e\earth.md
4388,earthen,C:\GTT\EnglishDB\Words\e\earthen.md
4389,earthly,C:\GTT\EnglishDB\Words\e\earthly.md
4390,earthquake,C:\GTT\EnglishDB\Words\e\earthquake.md
4391,earthy,C:\GTT\EnglishDB\Words\e\earthy.md
4392,ease,C:\GTT\EnglishDB\Words\e\ease.md
4393,easel,C:\GTT\EnglishDB\Words\e\easel.md
4394,easily,C:\GTT\EnglishDB\Words\e\easily.md
4395,east,C:\GTT\EnglishDB\Words\e\east.md
4396,eastern,C:\GTT\EnglishDB\Words\e\eastern.md
4397,eastward,C:\GTT\EnglishDB\Words\e\eastward.md
4398,easy,C:\GTT\EnglishDB\Words\e\easy.md
4399,eat,C:\GTT\EnglishDB\Words\e\eat.md
4400,eater,C:\GTT\EnglishDB\Words\e\eater.md
4401,eatery,C:\GTT\EnglishDB\Words\e\eatery.md
4402,eating,C:\GTT\EnglishDB\Words\e\eating.md
4403,eavesdrop,C:\GTT\EnglishDB\Words\e\eavesdrop.md
4404,ebb,C:\GTT\EnglishDB\Words\e\ebb.md
4405,ebony,C:\GTT\EnglishDB\Words\e\ebony.md
4406,eccentric,C:\GTT\EnglishDB\Words\e\eccentric.md
4407,eccentricity,C:\GTT\EnglishDB\Words\e\eccentricity.md
4408,ecclesiastical,C:\GTT\EnglishDB\Words\e\ecclesiastical.md
4409,echelon,C:\GTT\EnglishDB\Words\e\echelon.md
4410,echo,C:\GTT\EnglishDB\Words\e\echo.md
4411,eclectic,C:\GTT\EnglishDB\Words\e\eclectic.md
4412,eclipse,C:\GTT\EnglishDB\Words\e\eclipse.md
4413,ecological,C:\GTT\EnglishDB\Words\e\ecological.md
4414,ecologist,C:\GTT\EnglishDB\Words\e\ecologist.md
4415,ecology,C:\GTT\EnglishDB\Words\e\ecology.md
4416,economic,C:\GTT\EnglishDB\Words\e\economic.md
4417,economical,C:\GTT\EnglishDB\Words\e\economical.md
4418,economically,C:\GTT\EnglishDB\Words\e\economically.md
4419,economics,C:\GTT\EnglishDB\Words\e\economics.md
4420,economist,C:\GTT\EnglishDB\Words\e\economist.md
4421,economy,C:\GTT\EnglishDB\Words\e\economy.md
4422,ecosystem,C:\GTT\EnglishDB\Words\e\ecosystem.md
4423,ecstasy,C:\GTT\EnglishDB\Words\e\ecstasy.md
4424,ecstatic,C:\GTT\EnglishDB\Words\e\ecstatic.md
4425,ecumenical,C:\GTT\EnglishDB\Words\e\ecumenical.md
4426,eddy,C:\GTT\EnglishDB\Words\e\eddy.md
4427,edge,C:\GTT\EnglishDB\Words\e\edge.md
4428,edgy,C:\GTT\EnglishDB\Words\e\edgy.md
4429,edible,C:\GTT\EnglishDB\Words\e\edible.md
4430,edict,C:\GTT\EnglishDB\Words\e\edict.md
4431,edifice,C:\GTT\EnglishDB\Words\e\edifice.md
4432,edit,C:\GTT\EnglishDB\Words\e\edit.md
4433,editing,C:\GTT\EnglishDB\Words\e\editing.md
4434,edition,C:\GTT\EnglishDB\Words\e\edition.md
4435,editor,C:\GTT\EnglishDB\Words\e\editor.md
4436,editorial,C:\GTT\EnglishDB\Words\e\editorial.md
4437,educate,C:\GTT\EnglishDB\Words\e\educate.md
4438,educated,C:\GTT\EnglishDB\Words\e\educated.md
4439,education,C:\GTT\EnglishDB\Words\e\education.md
4440,educational,C:\GTT\EnglishDB\Words\e\educational.md
4441,educator,C:\GTT\EnglishDB\Words\e\educator.md
4442,eel,C:\GTT\EnglishDB\Words\e\eel.md
4443,eerie,C:\GTT\EnglishDB\Words\e\eerie.md
4444,effect,C:\GTT\EnglishDB\Words\e\effect.md
4445,effective,C:\GTT\EnglishDB\Words\e\effective.md
4446,effectively,C:\GTT\EnglishDB\Words\e\effectively.md
4447,effectiveness,C:\GTT\EnglishDB\Words\e\effectiveness.md
4448,efficacy,C:\GTT\EnglishDB\Words\e\efficacy.md
4449,efficiency,C:\GTT\EnglishDB\Words\e\efficiency.md
4450,efficient,C:\GTT\EnglishDB\Words\e\efficient.md
4451,efficiently,C:\GTT\EnglishDB\Words\e\efficiently.md
4452,effigy,C:\GTT\EnglishDB\Words\e\effigy.md
4453,effluent,C:\GTT\EnglishDB\Words\e\effluent.md
4454,effort,C:\GTT\EnglishDB\Words\e\effort.md
4455,effortless,C:\GTT\EnglishDB\Words\e\effortless.md
4456,egalitarian,C:\GTT\EnglishDB\Words\e\egalitarian.md
4457,egg,C:\GTT\EnglishDB\Words\e\egg.md
4458,eggplant,C:\GTT\EnglishDB\Words\e\eggplant.md
4459,ego,C:\GTT\EnglishDB\Words\e\ego.md
4460,egregious,C:\GTT\EnglishDB\Words\e\egregious.md
4461,eh,C:\GTT\EnglishDB\Words\e\eh.md
4462,eight,C:\GTT\EnglishDB\Words\e\eight.md
4463,eighteen,C:\GTT\EnglishDB\Words\e\eighteen.md
4464,eighteenth,C:\GTT\EnglishDB\Words\e\eighteenth.md
4465,eighth,C:\GTT\EnglishDB\Words\e\eighth.md
4466,eighty,C:\GTT\EnglishDB\Words\e\eighty.md
4467,either,C:\GTT\EnglishDB\Words\e\either.md
4468,eject,C:\GTT\EnglishDB\Words\e\eject.md
4469,elaborate,C:\GTT\EnglishDB\Words\e\elaborate.md
4470,elaborately,C:\GTT\EnglishDB\Words\e\elaborately.md
4471,elaboration,C:\GTT\EnglishDB\Words\e\elaboration.md
4472,elapse,C:\GTT\EnglishDB\Words\e\elapse.md
4473,elastic,C:\GTT\EnglishDB\Words\e\elastic.md
4474,elasticity,C:\GTT\EnglishDB\Words\e\elasticity.md
4475,elated,C:\GTT\EnglishDB\Words\e\elated.md
4476,elation,C:\GTT\EnglishDB\Words\e\elation.md
4477,elbow,C:\GTT\EnglishDB\Words\e\elbow.md
4478,elder,C:\GTT\EnglishDB\Words\e\elder.md
4479,elderly,C:\GTT\EnglishDB\Words\e\elderly.md
4480,eldest,C:\GTT\EnglishDB\Words\e\eldest.md
4481,elect,C:\GTT\EnglishDB\Words\e\elect.md
4482,election,C:\GTT\EnglishDB\Words\e\election.md
4483,elective,C:\GTT\EnglishDB\Words\e\elective.md
4484,electoral,C:\GTT\EnglishDB\Words\e\electoral.md
4485,electorate,C:\GTT\EnglishDB\Words\e\electorate.md
4486,electric,C:\GTT\EnglishDB\Words\e\electric.md
4487,electrical,C:\GTT\EnglishDB\Words\e\electrical.md
4488,electrically,C:\GTT\EnglishDB\Words\e\electrically.md
4489,electrician,C:\GTT\EnglishDB\Words\e\electrician.md
4490,electricity,C:\GTT\EnglishDB\Words\e\electricity.md
4491,electrify,C:\GTT\EnglishDB\Words\e\electrify.md
4492,electrode,C:\GTT\EnglishDB\Words\e\electrode.md
4493,electromagnetic,C:\GTT\EnglishDB\Words\e\electromagnetic.md
4494,electron,C:\GTT\EnglishDB\Words\e\electron.md
4495,electronic,C:\GTT\EnglishDB\Words\e\electronic.md
4496,electronically,C:\GTT\EnglishDB\Words\e\electronically.md
4497,electronics,C:\GTT\EnglishDB\Words\e\electronics.md
4498,elegance,C:\GTT\EnglishDB\Words\e\elegance.md
4499,elegant,C:\GTT\EnglishDB\Words\e\elegant.md
4500,elegantly,C:\GTT\EnglishDB\Words\e\elegantly.md
4501,element,C:\GTT\EnglishDB\Words\e\element.md
4502,elemental,C:\GTT\EnglishDB\Words\e\elemental.md
4503,elementary,C:\GTT\EnglishDB\Words\e\elementary.md
4504,elephant,C:\GTT\EnglishDB\Words\e\elephant.md
4505,elevate,C:\GTT\EnglishDB\Words\e\elevate.md
4506,elevated,C:\GTT\EnglishDB\Words\e\elevated.md
4507,elevation,C:\GTT\EnglishDB\Words\e\elevation.md
4508,elevator,C:\GTT\EnglishDB\Words\e\elevator.md
4509,eleven,C:\GTT\EnglishDB\Words\e\eleven.md
4510,eleventh,C:\GTT\EnglishDB\Words\e\eleventh.md
4511,elf,C:\GTT\EnglishDB\Words\e\elf.md
4512,elicit,C:\GTT\EnglishDB\Words\e\elicit.md
4513,eligibility,C:\GTT\EnglishDB\Words\e\eligibility.md
4514,eligible,C:\GTT\EnglishDB\Words\e\eligible.md
4515,eliminate,C:\GTT\EnglishDB\Words\e\eliminate.md
4516,elimination,C:\GTT\EnglishDB\Words\e\elimination.md
4517,elite,C:\GTT\EnglishDB\Words\e\elite.md
4518,elitist,C:\GTT\EnglishDB\Words\e\elitist.md
4519,elixir,C:\GTT\EnglishDB\Words\e\elixir.md
4520,elk,C:\GTT\EnglishDB\Words\e\elk.md
4521,elliptical,C:\GTT\EnglishDB\Words\e\elliptical.md
4522,elm,C:\GTT\EnglishDB\Words\e\elm.md
4523,eloquence,C:\GTT\EnglishDB\Words\e\eloquence.md
4524,eloquent,C:\GTT\EnglishDB\Words\e\eloquent.md
4525,eloquently,C:\GTT\EnglishDB\Words\e\eloquently.md
4526,else,C:\GTT\EnglishDB\Words\e\else.md
4527,elsewhere,C:\GTT\EnglishDB\Words\e\elsewhere.md
4528,elucidate,C:\GTT\EnglishDB\Words\e\elucidate.md
4529,elude,C:\GTT\EnglishDB\Words\e\elude.md
4530,elusive,C:\GTT\EnglishDB\Words\e\elusive.md
4531,em,C:\GTT\EnglishDB\Words\e\em.md
4532,emanate,C:\GTT\EnglishDB\Words\e\emanate.md
4533,emancipation,C:\GTT\EnglishDB\Words\e\emancipation.md
4534,embankment,C:\GTT\EnglishDB\Words\e\embankment.md
4535,embargo,C:\GTT\EnglishDB\Words\e\embargo.md
4536,embark,C:\GTT\EnglishDB\Words\e\embark.md
4537,embarrass,C:\GTT\EnglishDB\Words\e\embarrass.md
4538,embarrassment,C:\GTT\EnglishDB\Words\e\embarrassment.md
4539,embassy,C:\GTT\EnglishDB\Words\e\embassy.md
4540,embed,C:\GTT\EnglishDB\Words\e\embed.md
4541,embedded,C:\GTT\EnglishDB\Words\e\embedded.md
4542,embellish,C:\GTT\EnglishDB\Words\e\embellish.md
4543,embellishment,C:\GTT\EnglishDB\Words\e\embellishment.md
4544,ember,C:\GTT\EnglishDB\Words\e\ember.md
4545,emblazon,C:\GTT\EnglishDB\Words\e\emblazon.md
4546,emblem,C:\GTT\EnglishDB\Words\e\emblem.md
4547,emblematic,C:\GTT\EnglishDB\Words\e\emblematic.md
4548,embodiment,C:\GTT\EnglishDB\Words\e\embodiment.md
4549,embody,C:\GTT\EnglishDB\Words\e\embody.md
4550,embolden,C:\GTT\EnglishDB\Words\e\embolden.md
4551,embrace,C:\GTT\EnglishDB\Words\e\embrace.md
4552,embroider,C:\GTT\EnglishDB\Words\e\embroider.md
4553,embroidery,C:\GTT\EnglishDB\Words\e\embroidery.md
4554,embroil,C:\GTT\EnglishDB\Words\e\embroil.md
4555,embryo,C:\GTT\EnglishDB\Words\e\embryo.md
4556,embryonic,C:\GTT\EnglishDB\Words\e\embryonic.md
4557,emerald,C:\GTT\EnglishDB\Words\e\emerald.md
4558,emerge,C:\GTT\EnglishDB\Words\e\emerge.md
4559,emergence,C:\GTT\EnglishDB\Words\e\emergence.md
4560,emergency,C:\GTT\EnglishDB\Words\e\emergency.md
4561,emergent,C:\GTT\EnglishDB\Words\e\emergent.md
4562,emeritus,C:\GTT\EnglishDB\Words\e\emeritus.md
4563,emigrant,C:\GTT\EnglishDB\Words\e\emigrant.md
4564,emigrate,C:\GTT\EnglishDB\Words\e\emigrate.md
4565,emigration,C:\GTT\EnglishDB\Words\e\emigration.md
4566,emigre,C:\GTT\EnglishDB\Words\e\emigre.md
4567,eminent,C:\GTT\EnglishDB\Words\e\eminent.md
4568,emissary,C:\GTT\EnglishDB\Words\e\emissary.md
4569,emission,C:\GTT\EnglishDB\Words\e\emission.md
4570,emit,C:\GTT\EnglishDB\Words\e\emit.md
4571,emotion,C:\GTT\EnglishDB\Words\e\emotion.md
4572,emotional,C:\GTT\EnglishDB\Words\e\emotional.md
4573,emotionally,C:\GTT\EnglishDB\Words\e\emotionally.md
4574,empathetic,C:\GTT\EnglishDB\Words\e\empathetic.md
4575,empathize,C:\GTT\EnglishDB\Words\e\empathize.md
4576,empathy,C:\GTT\EnglishDB\Words\e\empathy.md
4577,emperor,C:\GTT\EnglishDB\Words\e\emperor.md
4578,emphasis,C:\GTT\EnglishDB\Words\e\emphasis.md
4579,emphasize,C:\GTT\EnglishDB\Words\e\emphasize.md
4580,emphatic,C:\GTT\EnglishDB\Words\e\emphatic.md
4581,emphatically,C:\GTT\EnglishDB\Words\e\emphatically.md
4582,emphysema,C:\GTT\EnglishDB\Words\e\emphysema.md
4583,empire,C:\GTT\EnglishDB\Words\e\empire.md
4584,empirical,C:\GTT\EnglishDB\Words\e\empirical.md
4585,empirically,C:\GTT\EnglishDB\Words\e\empirically.md
4586,employ,C:\GTT\EnglishDB\Words\e\employ.md
4587,employee,C:\GTT\EnglishDB\Words\e\employee.md
4588,employer,C:\GTT\EnglishDB\Words\e\employer.md
4589,employment,C:\GTT\EnglishDB\Words\e\employment.md
4590,empower,C:\GTT\EnglishDB\Words\e\empower.md
4591,emptiness,C:\GTT\EnglishDB\Words\e\emptiness.md
4592,empty,C:\GTT\EnglishDB\Words\e\empty.md
4593,emulate,C:\GTT\EnglishDB\Words\e\emulate.md
4594,enable,C:\GTT\EnglishDB\Words\e\enable.md
4595,enact,C:\GTT\EnglishDB\Words\e\enact.md
4596,enactment,C:\GTT\EnglishDB\Words\e\enactment.md
4597,enamel,C:\GTT\EnglishDB\Words\e\enamel.md
4598,enamor,C:\GTT\EnglishDB\Words\e\enamor.md
4599,encampment,C:\GTT\EnglishDB\Words\e\encampment.md
4600,encapsulate,C:\GTT\EnglishDB\Words\e\encapsulate.md
4601,encase,C:\GTT\EnglishDB\Words\e\encase.md
4602,enchant,C:\GTT\EnglishDB\Words\e\enchant.md
4603,enchanting,C:\GTT\EnglishDB\Words\e\enchanting.md
4604,enchantment,C:\GTT\EnglishDB\Words\e\enchantment.md
4605,encircle,C:\GTT\EnglishDB\Words\e\encircle.md
4606,enclave,C:\GTT\EnglishDB\Words\e\enclave.md
4607,enclose,C:\GTT\EnglishDB\Words\e\enclose.md
4608,enclosed,C:\GTT\EnglishDB\Words\e\enclosed.md
4609,enclosure,C:\GTT\EnglishDB\Words\e\enclosure.md
4610,encode,C:\GTT\EnglishDB\Words\e\encode.md
4611,encompass,C:\GTT\EnglishDB\Words\e\encompass.md
4612,encore,C:\GTT\EnglishDB\Words\e\encore.md
4613,encounter,C:\GTT\EnglishDB\Words\e\encounter.md
4614,encourage,C:\GTT\EnglishDB\Words\e\encourage.md
4615,encouragement,C:\GTT\EnglishDB\Words\e\encouragement.md
4616,encouraging,C:\GTT\EnglishDB\Words\e\encouraging.md
4617,encroach,C:\GTT\EnglishDB\Words\e\encroach.md
4618,encroachment,C:\GTT\EnglishDB\Words\e\encroachment.md
4619,encyclopedia,C:\GTT\EnglishDB\Words\e\encyclopedia.md
4620,end,C:\GTT\EnglishDB\Words\e\end.md
4621,endanger,C:\GTT\EnglishDB\Words\e\endanger.md
4622,endangered,C:\GTT\EnglishDB\Words\e\endangered.md
4623,endear,C:\GTT\EnglishDB\Words\e\endear.md
4624,endearing,C:\GTT\EnglishDB\Words\e\endearing.md
4625,endeavor,C:\GTT\EnglishDB\Words\e\endeavor.md
4626,endemic,C:\GTT\EnglishDB\Words\e\endemic.md
4627,ending,C:\GTT\EnglishDB\Words\e\ending.md
4628,endless,C:\GTT\EnglishDB\Words\e\endless.md
4629,endlessly,C:\GTT\EnglishDB\Words\e\endlessly.md
4630,endorse,C:\GTT\EnglishDB\Words\e\endorse.md
4631,endorsement,C:\GTT\EnglishDB\Words\e\endorsement.md
4632,endoscopic,C:\GTT\EnglishDB\Words\e\endoscopic.md
4633,endow,C:\GTT\EnglishDB\Words\e\endow.md
4634,endowment,C:\GTT\EnglishDB\Words\e\endowment.md
4635,endurance,C:\GTT\EnglishDB\Words\e\endurance.md
4636,endure,C:\GTT\EnglishDB\Words\e\endure.md
4637,enduring,C:\GTT\EnglishDB\Words\e\enduring.md
4638,enemy,C:\GTT\EnglishDB\Words\e\enemy.md
4639,energetic,C:\GTT\EnglishDB\Words\e\energetic.md
4640,energetically,C:\GTT\EnglishDB\Words\e\energetically.md
4641,energize,C:\GTT\EnglishDB\Words\e\energize.md
4642,energy,C:\GTT\EnglishDB\Words\e\energy.md
4643,enforce,C:\GTT\EnglishDB\Words\e\enforce.md
4644,enforceable,C:\GTT\EnglishDB\Words\e\enforceable.md
4645,enforcement,C:\GTT\EnglishDB\Words\e\enforcement.md
4646,engage,C:\GTT\EnglishDB\Words\e\engage.md
4647,engaged,C:\GTT\EnglishDB\Words\e\engaged.md
4648,engagement,C:\GTT\EnglishDB\Words\e\engagement.md
4649,engaging,C:\GTT\EnglishDB\Words\e\engaging.md
4650,engender,C:\GTT\EnglishDB\Words\e\engender.md
4651,engine,C:\GTT\EnglishDB\Words\e\engine.md
4652,engineer,C:\GTT\EnglishDB\Words\e\engineer.md
4653,engineering,C:\GTT\EnglishDB\Words\e\engineering.md
4654,engrave,C:\GTT\EnglishDB\Words\e\engrave.md
4655,engraving,C:\GTT\EnglishDB\Words\e\engraving.md
4656,engross,C:\GTT\EnglishDB\Words\e\engross.md
4657,engulf,C:\GTT\EnglishDB\Words\e\engulf.md
4658,enhance,C:\GTT\EnglishDB\Words\e\enhance.md
4659,enhancement,C:\GTT\EnglishDB\Words\e\enhancement.md
4660,enigma,C:\GTT\EnglishDB\Words\e\enigma.md
4661,enigmatic,C:\GTT\EnglishDB\Words\e\enigmatic.md
4662,enjoin,C:\GTT\EnglishDB\Words\e\enjoin.md
4663,enjoy,C:\GTT\EnglishDB\Words\e\enjoy.md
4664,enjoyable,C:\GTT\EnglishDB\Words\e\enjoyable.md
4665,enjoyment,C:\GTT\EnglishDB\Words\e\enjoyment.md
4666,enlarge,C:\GTT\EnglishDB\Words\e\enlarge.md
4667,enlargement,C:\GTT\EnglishDB\Words\e\enlargement.md
4668,enlighten,C:\GTT\EnglishDB\Words\e\enlighten.md
4669,enlightened,C:\GTT\EnglishDB\Words\e\enlightened.md
4670,enlightenment,C:\GTT\EnglishDB\Words\e\enlightenment.md
4671,enlist,C:\GTT\EnglishDB\Words\e\enlist.md
4672,enlistment,C:\GTT\EnglishDB\Words\e\enlistment.md
4673,enliven,C:\GTT\EnglishDB\Words\e\enliven.md
4674,enmity,C:\GTT\EnglishDB\Words\e\enmity.md
4675,enormity,C:\GTT\EnglishDB\Words\e\enormity.md
4676,enormous,C:\GTT\EnglishDB\Words\e\enormous.md
4677,enormously,C:\GTT\EnglishDB\Words\e\enormously.md
4678,enough,C:\GTT\EnglishDB\Words\e\enough.md
4679,enrage,C:\GTT\EnglishDB\Words\e\enrage.md
4680,enrich,C:\GTT\EnglishDB\Words\e\enrich.md
4681,enrichment,C:\GTT\EnglishDB\Words\e\enrichment.md
4682,enroll,C:\GTT\EnglishDB\Words\e\enroll.md
4683,enrollment,C:\GTT\EnglishDB\Words\e\enrollment.md
4684,ensemble,C:\GTT\EnglishDB\Words\e\ensemble.md
4685,enshrine,C:\GTT\EnglishDB\Words\e\enshrine.md
4686,enslave,C:\GTT\EnglishDB\Words\e\enslave.md
4687,ensue,C:\GTT\EnglishDB\Words\e\ensue.md
4688,ensure,C:\GTT\EnglishDB\Words\e\ensure.md
4689,entail,C:\GTT\EnglishDB\Words\e\entail.md
4690,entangle,C:\GTT\EnglishDB\Words\e\entangle.md
4691,entanglement,C:\GTT\EnglishDB\Words\e\entanglement.md
4692,enter,C:\GTT\EnglishDB\Words\e\enter.md
4693,enterprise,C:\GTT\EnglishDB\Words\e\enterprise.md
4694,enterprising,C:\GTT\EnglishDB\Words\e\enterprising.md
4695,entertain,C:\GTT\EnglishDB\Words\e\entertain.md
4696,entertainer,C:\GTT\EnglishDB\Words\e\entertainer.md
4697,entertaining,C:\GTT\EnglishDB\Words\e\entertaining.md
4698,entertainment,C:\GTT\EnglishDB\Words\e\entertainment.md
4699,enthuse,C:\GTT\EnglishDB\Words\e\enthuse.md
4700,enthusiasm,C:\GTT\EnglishDB\Words\e\enthusiasm.md
4701,enthusiast,C:\GTT\EnglishDB\Words\e\enthusiast.md
4702,enthusiastic,C:\GTT\EnglishDB\Words\e\enthusiastic.md
4703,enthusiastically,C:\GTT\EnglishDB\Words\e\enthusiastically.md
4704,entice,C:\GTT\EnglishDB\Words\e\entice.md
4705,enticing,C:\GTT\EnglishDB\Words\e\enticing.md
4706,entire,C:\GTT\EnglishDB\Words\e\entire.md
4707,entirely,C:\GTT\EnglishDB\Words\e\entirely.md
4708,entirety,C:\GTT\EnglishDB\Words\e\entirety.md
4709,entitle,C:\GTT\EnglishDB\Words\e\entitle.md
4710,entity,C:\GTT\EnglishDB\Words\e\entity.md
4711,entomologist,C:\GTT\EnglishDB\Words\e\entomologist.md
4712,entourage,C:\GTT\EnglishDB\Words\e\entourage.md
4713,entrance,C:\GTT\EnglishDB\Words\e\entrance.md
4714,entrant,C:\GTT\EnglishDB\Words\e\entrant.md
4715,entree,C:\GTT\EnglishDB\Words\e\entree.md
4716,entrench,C:\GTT\EnglishDB\Words\e\entrench.md
4717,entrepreneur,C:\GTT\EnglishDB\Words\e\entrepreneur.md
4718,entrust,C:\GTT\EnglishDB\Words\e\entrust.md
4719,entry,C:\GTT\EnglishDB\Words\e\entry.md
4720,entryway,C:\GTT\EnglishDB\Words\e\entryway.md
4721,entwine,C:\GTT\EnglishDB\Words\e\entwine.md
4722,enumerate,C:\GTT\EnglishDB\Words\e\enumerate.md
4723,enunciate,C:\GTT\EnglishDB\Words\e\enunciate.md
4724,envelop,C:\GTT\EnglishDB\Words\e\envelop.md
4725,envelope,C:\GTT\EnglishDB\Words\e\envelope.md
4726,enviable,C:\GTT\EnglishDB\Words\e\enviable.md
4727,envious,C:\GTT\EnglishDB\Words\e\envious.md
4728,environment,C:\GTT\EnglishDB\Words\e\environment.md
4729,environmental,C:\GTT\EnglishDB\Words\e\environmental.md
4730,environmentalism,C:\GTT\EnglishDB\Words\e\environmentalism.md
4731,environs,C:\GTT\EnglishDB\Words\e\environs.md
4732,envisage,C:\GTT\EnglishDB\Words\e\envisage.md
4733,envision,C:\GTT\EnglishDB\Words\e\envision.md
4734,envoy,C:\GTT\EnglishDB\Words\e\envoy.md
4735,envy,C:\GTT\EnglishDB\Words\e\envy.md
4736,enzyme,C:\GTT\EnglishDB\Words\e\enzyme.md
4737,eon,C:\GTT\EnglishDB\Words\e\eon.md
4738,ephemeral,C:\GTT\EnglishDB\Words\e\ephemeral.md
4739,epic,C:\GTT\EnglishDB\Words\e\epic.md
4740,epicenter,C:\GTT\EnglishDB\Words\e\epicenter.md
4741,epidemic,C:\GTT\EnglishDB\Words\e\epidemic.md
4742,epidemiologist,C:\GTT\EnglishDB\Words\e\epidemiologist.md
4743,epidemiology,C:\GTT\EnglishDB\Words\e\epidemiology.md
4744,epilepsy,C:\GTT\EnglishDB\Words\e\epilepsy.md
4745,epiphany,C:\GTT\EnglishDB\Words\e\epiphany.md
4746,episode,C:\GTT\EnglishDB\Words\e\episode.md
4747,episodic,C:\GTT\EnglishDB\Words\e\episodic.md
4748,epistemological,C:\GTT\EnglishDB\Words\e\epistemological.md
4749,epistemology,C:\GTT\EnglishDB\Words\e\epistemology.md
4750,epithet,C:\GTT\EnglishDB\Words\e\epithet.md
4751,epitome,C:\GTT\EnglishDB\Words\e\epitome.md
4752,epitomize,C:\GTT\EnglishDB\Words\e\epitomize.md
4753,epoch,C:\GTT\EnglishDB\Words\e\epoch.md
4754,equal,C:\GTT\EnglishDB\Words\e\equal.md
4755,equality,C:\GTT\EnglishDB\Words\e\equality.md
4756,equalize,C:\GTT\EnglishDB\Words\e\equalize.md
4757,equally,C:\GTT\EnglishDB\Words\e\equally.md
4758,equate,C:\GTT\EnglishDB\Words\e\equate.md
4759,equation,C:\GTT\EnglishDB\Words\e\equation.md
4760,equator,C:\GTT\EnglishDB\Words\e\equator.md
4761,equatorial,C:\GTT\EnglishDB\Words\e\equatorial.md
4762,equestrian,C:\GTT\EnglishDB\Words\e\equestrian.md
4763,equilibrium,C:\GTT\EnglishDB\Words\e\equilibrium.md
4764,equip,C:\GTT\EnglishDB\Words\e\equip.md
4765,equipment,C:\GTT\EnglishDB\Words\e\equipment.md
4766,equitable,C:\GTT\EnglishDB\Words\e\equitable.md
4767,equity,C:\GTT\EnglishDB\Words\e\equity.md
4768,equivalence,C:\GTT\EnglishDB\Words\e\equivalence.md
4769,equivalent,C:\GTT\EnglishDB\Words\e\equivalent.md
4770,era,C:\GTT\EnglishDB\Words\e\era.md
4771,eradicate,C:\GTT\EnglishDB\Words\e\eradicate.md
4772,eradication,C:\GTT\EnglishDB\Words\e\eradication.md
4773,erase,C:\GTT\EnglishDB\Words\e\erase.md
4774,eraser,C:\GTT\EnglishDB\Words\e\eraser.md
4775,erect,C:\GTT\EnglishDB\Words\e\erect.md
4776,erection,C:\GTT\EnglishDB\Words\e\erection.md
4777,erode,C:\GTT\EnglishDB\Words\e\erode.md
4778,erosion,C:\GTT\EnglishDB\Words\e\erosion.md
4779,erotic,C:\GTT\EnglishDB\Words\e\erotic.md
4780,err,C:\GTT\EnglishDB\Words\e\err.md
4781,errand,C:\GTT\EnglishDB\Words\e\errand.md
4782,errant,C:\GTT\EnglishDB\Words\e\errant.md
4783,erratic,C:\GTT\EnglishDB\Words\e\erratic.md
4784,erroneous,C:\GTT\EnglishDB\Words\e\erroneous.md
4785,error,C:\GTT\EnglishDB\Words\e\error.md
4786,erstwhile,C:\GTT\EnglishDB\Words\e\erstwhile.md
4787,erupt,C:\GTT\EnglishDB\Words\e\erupt.md
4788,eruption,C:\GTT\EnglishDB\Words\e\eruption.md
4789,escalate,C:\GTT\EnglishDB\Words\e\escalate.md
4790,escalation,C:\GTT\EnglishDB\Words\e\escalation.md
4791,escalator,C:\GTT\EnglishDB\Words\e\escalator.md
4792,escape,C:\GTT\EnglishDB\Words\e\escape.md
4793,eschew,C:\GTT\EnglishDB\Words\e\eschew.md
4794,escort,C:\GTT\EnglishDB\Words\e\escort.md
4795,esophagus,C:\GTT\EnglishDB\Words\e\esophagus.md
4796,esoteric,C:\GTT\EnglishDB\Words\e\esoteric.md
4797,especially,C:\GTT\EnglishDB\Words\e\especially.md
4798,espionage,C:\GTT\EnglishDB\Words\e\espionage.md
4799,espouse,C:\GTT\EnglishDB\Words\e\espouse.md
4800,espresso,C:\GTT\EnglishDB\Words\e\espresso.md
4801,essay,C:\GTT\EnglishDB\Words\e\essay.md
4802,essayist,C:\GTT\EnglishDB\Words\e\essayist.md
4803,essence,C:\GTT\EnglishDB\Words\e\essence.md
4804,essential,C:\GTT\EnglishDB\Words\e\essential.md
4805,essentially,C:\GTT\EnglishDB\Words\e\essentially.md
4806,establish,C:\GTT\EnglishDB\Words\e\establish.md
4807,established,C:\GTT\EnglishDB\Words\e\established.md
4808,establishment,C:\GTT\EnglishDB\Words\e\establishment.md
4809,estate,C:\GTT\EnglishDB\Words\e\estate.md
4810,esteem,C:\GTT\EnglishDB\Words\e\esteem.md
4811,estimate,C:\GTT\EnglishDB\Words\e\estimate.md
4812,estimation,C:\GTT\EnglishDB\Words\e\estimation.md
4813,estranged,C:\GTT\EnglishDB\Words\e\estranged.md
4814,estrangement,C:\GTT\EnglishDB\Words\e\estrangement.md
4815,estrogen,C:\GTT\EnglishDB\Words\e\estrogen.md
4816,estuary,C:\GTT\EnglishDB\Words\e\estuary.md
4817,etc,C:\GTT\EnglishDB\Words\e\etc.md
4818,etch,C:\GTT\EnglishDB\Words\e\etch.md
4819,etching,C:\GTT\EnglishDB\Words\e\etching.md
4820,eternal,C:\GTT\EnglishDB\Words\e\eternal.md
4821,eternally,C:\GTT\EnglishDB\Words\e\eternally.md
4822,eternity,C:\GTT\EnglishDB\Words\e\eternity.md
4823,ethanol,C:\GTT\EnglishDB\Words\e\ethanol.md
4824,ether,C:\GTT\EnglishDB\Words\e\ether.md
4825,ethereal,C:\GTT\EnglishDB\Words\e\ethereal.md
4826,ethic,C:\GTT\EnglishDB\Words\e\ethic.md
4827,ethical,C:\GTT\EnglishDB\Words\e\ethical.md
4828,ethically,C:\GTT\EnglishDB\Words\e\ethically.md
4829,ethics,C:\GTT\EnglishDB\Words\e\ethics.md
4830,ethnic,C:\GTT\EnglishDB\Words\e\ethnic.md
4831,ethnically,C:\GTT\EnglishDB\Words\e\ethnically.md
4832,ethnicity,C:\GTT\EnglishDB\Words\e\ethnicity.md
4833,ethnographer,C:\GTT\EnglishDB\Words\e\ethnographer.md
4834,ethnography,C:\GTT\EnglishDB\Words\e\ethnography.md
4835,ethos,C:\GTT\EnglishDB\Words\e\ethos.md
4836,etiology,C:\GTT\EnglishDB\Words\e\etiology.md
4837,etiquette,C:\GTT\EnglishDB\Words\e\etiquette.md
4838,eucharistic,C:\GTT\EnglishDB\Words\e\eucharistic.md
4839,eulogy,C:\GTT\EnglishDB\Words\e\eulogy.md
4840,euphemism,C:\GTT\EnglishDB\Words\e\euphemism.md
4841,euphoria,C:\GTT\EnglishDB\Words\e\euphoria.md
4842,eureka,C:\GTT\EnglishDB\Words\e\eureka.md
4843,euro,C:\GTT\EnglishDB\Words\e\euro.md
4844,euthanasia,C:\GTT\EnglishDB\Words\e\euthanasia.md
4845,evacuate,C:\GTT\EnglishDB\Words\e\evacuate.md
4846,evacuation,C:\GTT\EnglishDB\Words\e\evacuation.md
4847,evacuee,C:\GTT\EnglishDB\Words\e\evacuee.md
4848,evade,C:\GTT\EnglishDB\Words\e\evade.md
4849,evaluate,C:\GTT\EnglishDB\Words\e\evaluate.md
4850,evaluation,C:\GTT\EnglishDB\Words\e\evaluation.md
4851,evaluative,C:\GTT\EnglishDB\Words\e\evaluative.md
4852,evaluator,C:\GTT\EnglishDB\Words\e\evaluator.md
4853,evangelical,C:\GTT\EnglishDB\Words\e\evangelical.md
4854,evangelist,C:\GTT\EnglishDB\Words\e\evangelist.md
4855,evaporate,C:\GTT\EnglishDB\Words\e\evaporate.md
4856,evaporation,C:\GTT\EnglishDB\Words\e\evaporation.md
4857,evasion,C:\GTT\EnglishDB\Words\e\evasion.md
4858,evasive,C:\GTT\EnglishDB\Words\e\evasive.md
4859,eve,C:\GTT\EnglishDB\Words\e\eve.md
4860,even,C:\GTT\EnglishDB\Words\e\even.md
4861,evening,C:\GTT\EnglishDB\Words\e\evening.md
4862,evenly,C:\GTT\EnglishDB\Words\e\evenly.md
4863,event,C:\GTT\EnglishDB\Words\e\event.md
4864,eventual,C:\GTT\EnglishDB\Words\e\eventual.md
4865,eventually,C:\GTT\EnglishDB\Words\e\eventually.md
4866,ever,C:\GTT\EnglishDB\Words\e\ever.md
4867,evergreen,C:\GTT\EnglishDB\Words\e\evergreen.md
4868,everlasting,C:\GTT\EnglishDB\Words\e\everlasting.md
4869,every,C:\GTT\EnglishDB\Words\e\every.md
4870,everybody,C:\GTT\EnglishDB\Words\e\everybody.md
4871,everyday,C:\GTT\EnglishDB\Words\e\everyday.md
4872,everyone,C:\GTT\EnglishDB\Words\e\everyone.md
4873,everything,C:\GTT\EnglishDB\Words\e\everything.md
4874,everywhere,C:\GTT\EnglishDB\Words\e\everywhere.md
4875,evict,C:\GTT\EnglishDB\Words\e\evict.md
4876,eviction,C:\GTT\EnglishDB\Words\e\eviction.md
4877,evidence,C:\GTT\EnglishDB\Words\e\evidence.md
4878,evident,C:\GTT\EnglishDB\Words\e\evident.md
4879,evidently,C:\GTT\EnglishDB\Words\e\evidently.md
4880,evil,C:\GTT\EnglishDB\Words\e\evil.md
4881,evince,C:\GTT\EnglishDB\Words\e\evince.md
4882,evocation,C:\GTT\EnglishDB\Words\e\evocation.md
4883,evocative,C:\GTT\EnglishDB\Words\e\evocative.md
4884,evoke,C:\GTT\EnglishDB\Words\e\evoke.md
4885,evolution,C:\GTT\EnglishDB\Words\e\evolution.md
4886,evolutionary,C:\GTT\EnglishDB\Words\e\evolutionary.md
4887,evolve,C:\GTT\EnglishDB\Words\e\evolve.md
4888,evolving,C:\GTT\EnglishDB\Words\e\evolving.md
4889,exacerbate,C:\GTT\EnglishDB\Words\e\exacerbate.md
4890,exact,C:\GTT\EnglishDB\Words\e\exact.md
4891,exacting,C:\GTT\EnglishDB\Words\e\exacting.md
4892,exactly,C:\GTT\EnglishDB\Words\e\exactly.md
4893,exaggerate,C:\GTT\EnglishDB\Words\e\exaggerate.md
4894,exaggerated,C:\GTT\EnglishDB\Words\e\exaggerated.md
4895,exaggeration,C:\GTT\EnglishDB\Words\e\exaggeration.md
4896,exalt,C:\GTT\EnglishDB\Words\e\exalt.md
4897,exalted,C:\GTT\EnglishDB\Words\e\exalted.md
4898,exam,C:\GTT\EnglishDB\Words\e\exam.md
4899,examination,C:\GTT\EnglishDB\Words\e\examination.md
4900,examine,C:\GTT\EnglishDB\Words\e\examine.md
4901,examiner,C:\GTT\EnglishDB\Words\e\examiner.md
4902,example,C:\GTT\EnglishDB\Words\e\example.md
4903,exasperate,C:\GTT\EnglishDB\Words\e\exasperate.md
4904,exasperation,C:\GTT\EnglishDB\Words\e\exasperation.md
4905,excavate,C:\GTT\EnglishDB\Words\e\excavate.md
4906,excavation,C:\GTT\EnglishDB\Words\e\excavation.md
4907,exceed,C:\GTT\EnglishDB\Words\e\exceed.md
4908,exceedingly,C:\GTT\EnglishDB\Words\e\exceedingly.md
4909,excel,C:\GTT\EnglishDB\Words\e\excel.md
4910,excellence,C:\GTT\EnglishDB\Words\e\excellence.md
4911,excellent,C:\GTT\EnglishDB\Words\e\excellent.md
4912,except,C:\GTT\EnglishDB\Words\e\except.md
4913,exception,C:\GTT\EnglishDB\Words\e\exception.md
4914,exceptional,C:\GTT\EnglishDB\Words\e\exceptional.md
4915,excerpt,C:\GTT\EnglishDB\Words\e\excerpt.md
4916,excess,C:\GTT\EnglishDB\Words\e\excess.md
4917,excessive,C:\GTT\EnglishDB\Words\e\excessive.md
4918,excessively,C:\GTT\EnglishDB\Words\e\excessively.md
4919,exchange,C:\GTT\EnglishDB\Words\e\exchange.md
4920,excise,C:\GTT\EnglishDB\Words\e\excise.md
4921,excision,C:\GTT\EnglishDB\Words\e\excision.md
4922,excite,C:\GTT\EnglishDB\Words\e\excite.md
4923,excited,C:\GTT\EnglishDB\Words\e\excited.md
4924,excitedly,C:\GTT\EnglishDB\Words\e\excitedly.md
4925,excitement,C:\GTT\EnglishDB\Words\e\excitement.md
4926,exciting,C:\GTT\EnglishDB\Words\e\exciting.md
4927,exclaim,C:\GTT\EnglishDB\Words\e\exclaim.md
4928,exclamation,C:\GTT\EnglishDB\Words\e\exclamation.md
4929,exclude,C:\GTT\EnglishDB\Words\e\exclude.md
4930,exclusion,C:\GTT\EnglishDB\Words\e\exclusion.md
4931,exclusive,C:\GTT\EnglishDB\Words\e\exclusive.md
4932,exclusively,C:\GTT\EnglishDB\Words\e\exclusively.md
4933,excruciating,C:\GTT\EnglishDB\Words\e\excruciating.md
4934,excursion,C:\GTT\EnglishDB\Words\e\excursion.md
4935,excuse,C:\GTT\EnglishDB\Words\e\excuse.md
4936,exec,C:\GTT\EnglishDB\Words\e\exec.md
4937,execute,C:\GTT\EnglishDB\Words\e\execute.md
4938,execution,C:\GTT\EnglishDB\Words\e\execution.md
4939,executioner,C:\GTT\EnglishDB\Words\e\executioner.md
4940,executive,C:\GTT\EnglishDB\Words\e\executive.md
4941,exemplary,C:\GTT\EnglishDB\Words\e\exemplary.md
4942,exemplify,C:\GTT\EnglishDB\Words\e\exemplify.md
4943,exempt,C:\GTT\EnglishDB\Words\e\exempt.md
4944,exemption,C:\GTT\EnglishDB\Words\e\exemption.md
4945,exercise,C:\GTT\EnglishDB\Words\e\exercise.md
4946,exert,C:\GTT\EnglishDB\Words\e\exert.md
4947,exertion,C:\GTT\EnglishDB\Words\e\exertion.md
4948,exhale,C:\GTT\EnglishDB\Words\e\exhale.md
4949,exhaust,C:\GTT\EnglishDB\Words\e\exhaust.md
4950,exhausted,C:\GTT\EnglishDB\Words\e\exhausted.md
4951,exhaustion,C:\GTT\EnglishDB\Words\e\exhaustion.md
4952,exhaustive,C:\GTT\EnglishDB\Words\e\exhaustive.md
4953,exhibit,C:\GTT\EnglishDB\Words\e\exhibit.md
4954,exhibition,C:\GTT\EnglishDB\Words\e\exhibition.md
4955,exhibitor,C:\GTT\EnglishDB\Words\e\exhibitor.md
4956,exhilarating,C:\GTT\EnglishDB\Words\e\exhilarating.md
4957,exhilaration,C:\GTT\EnglishDB\Words\e\exhilaration.md
4958,exhort,C:\GTT\EnglishDB\Words\e\exhort.md
4959,exhortation,C:\GTT\EnglishDB\Words\e\exhortation.md
4960,exile,C:\GTT\EnglishDB\Words\e\exile.md
4961,exiled,C:\GTT\EnglishDB\Words\e\exiled.md
4962,exist,C:\GTT\EnglishDB\Words\e\exist.md
4963,existence,C:\GTT\EnglishDB\Words\e\existence.md
4964,existential,C:\GTT\EnglishDB\Words\e\existential.md
4965,existing,C:\GTT\EnglishDB\Words\e\existing.md
4966,exit,C:\GTT\EnglishDB\Words\e\exit.md
4967,exonerate,C:\GTT\EnglishDB\Words\e\exonerate.md
4968,exorbitant,C:\GTT\EnglishDB\Words\e\exorbitant.md
4969,exotic,C:\GTT\EnglishDB\Words\e\exotic.md
4970,expand,C:\GTT\EnglishDB\Words\e\expand.md
4971,expanding,C:\GTT\EnglishDB\Words\e\expanding.md
4972,expanse,C:\GTT\EnglishDB\Words\e\expanse.md
4973,expansion,C:\GTT\EnglishDB\Words\e\expansion.md
4974,expansive,C:\GTT\EnglishDB\Words\e\expansive.md
4975,expatriate,C:\GTT\EnglishDB\Words\e\expatriate.md
4976,expect,C:\GTT\EnglishDB\Words\e\expect.md
4977,expectancy,C:\GTT\EnglishDB\Words\e\expectancy.md
4978,expectant,C:\GTT\EnglishDB\Words\e\expectant.md
4979,expectantly,C:\GTT\EnglishDB\Words\e\expectantly.md
4980,expectation,C:\GTT\EnglishDB\Words\e\expectation.md
4981,expedite,C:\GTT\EnglishDB\Words\e\expedite.md
4982,expedition,C:\GTT\EnglishDB\Words\e\expedition.md
4983,expel,C:\GTT\EnglishDB\Words\e\expel.md
4984,expend,C:\GTT\EnglishDB\Words\e\expend.md
4985,expendable,C:\GTT\EnglishDB\Words\e\expendable.md
4986,expenditure,C:\GTT\EnglishDB\Words\e\expenditure.md
4987,expense,C:\GTT\EnglishDB\Words\e\expense.md
4988,expensive,C:\GTT\EnglishDB\Words\e\expensive.md
4989,experience,C:\GTT\EnglishDB\Words\e\experience.md
4990,experienced,C:\GTT\EnglishDB\Words\e\experienced.md
4991,experiential,C:\GTT\EnglishDB\Words\e\experiential.md
4992,experiment,C:\GTT\EnglishDB\Words\e\experiment.md
4993,experimental,C:\GTT\EnglishDB\Words\e\experimental.md
4994,experimentally,C:\GTT\EnglishDB\Words\e\experimentally.md
4995,experimentation,C:\GTT\EnglishDB\Words\e\experimentation.md
4996,experimenter,C:\GTT\EnglishDB\Words\e\experimenter.md
4997,expert,C:\GTT\EnglishDB\Words\e\expert.md
4998,expertise,C:\GTT\EnglishDB\Words\e\expertise.md
4999,expertly,C:\GTT\EnglishDB\Words\e\expertly.md
5000,expiration,C:\GTT\EnglishDB\Words\e\expiration.md
5001,expire,C:\GTT\EnglishDB\Words\e\expire.md
5002,explain,C:\GTT\EnglishDB\Words\e\explain.md
5003,explanation,C:\GTT\EnglishDB\Words\e\explanation.md
5004,explanatory,C:\GTT\EnglishDB\Words\e\explanatory.md
5005,expletive,C:\GTT\EnglishDB\Words\e\expletive.md
5006,explicit,C:\GTT\EnglishDB\Words\e\explicit.md
5007,explicitly,C:\GTT\EnglishDB\Words\e\explicitly.md
5008,explode,C:\GTT\EnglishDB\Words\e\explode.md
5009,exploit,C:\GTT\EnglishDB\Words\e\exploit.md
5010,exploitation,C:\GTT\EnglishDB\Words\e\exploitation.md
5011,exploration,C:\GTT\EnglishDB\Words\e\exploration.md
5012,exploratory,C:\GTT\EnglishDB\Words\e\exploratory.md
5013,explore,C:\GTT\EnglishDB\Words\e\explore.md
5014,explorer,C:\GTT\EnglishDB\Words\e\explorer.md
5015,explosion,C:\GTT\EnglishDB\Words\e\explosion.md
5016,explosive,C:\GTT\EnglishDB\Words\e\explosive.md
5017,exponential,C:\GTT\EnglishDB\Words\e\exponential.md
5018,export,C:\GTT\EnglishDB\Words\e\export.md
5019,expose,C:\GTT\EnglishDB\Words\e\expose.md
5020,exposed,C:\GTT\EnglishDB\Words\e\exposed.md
5021,exposition,C:\GTT\EnglishDB\Words\e\exposition.md
5022,exposure,C:\GTT\EnglishDB\Words\e\exposure.md
5023,expound,C:\GTT\EnglishDB\Words\e\expound.md
5024,express,C:\GTT\EnglishDB\Words\e\express.md
5025,expressionless,C:\GTT\EnglishDB\Words\e\expressionless.md
5026,expressive,C:\GTT\EnglishDB\Words\e\expressive.md
5027,expressly,C:\GTT\EnglishDB\Words\e\expressly.md
5028,expulsion,C:\GTT\EnglishDB\Words\e\expulsion.md
5029,exquisite,C:\GTT\EnglishDB\Words\e\exquisite.md
5030,exquisitely,C:\GTT\EnglishDB\Words\e\exquisitely.md
5031,extant,C:\GTT\EnglishDB\Words\e\extant.md
5032,extend,C:\GTT\EnglishDB\Words\e\extend.md
5033,extended,C:\GTT\EnglishDB\Words\e\extended.md
5034,extension,C:\GTT\EnglishDB\Words\e\extension.md
5035,extensive,C:\GTT\EnglishDB\Words\e\extensive.md
5036,extensively,C:\GTT\EnglishDB\Words\e\extensively.md
5037,extent,C:\GTT\EnglishDB\Words\e\extent.md
5038,exterior,C:\GTT\EnglishDB\Words\e\exterior.md
5039,exterminate,C:\GTT\EnglishDB\Words\e\exterminate.md
5040,extermination,C:\GTT\EnglishDB\Words\e\extermination.md
5041,external,C:\GTT\EnglishDB\Words\e\external.md
5042,externality,C:\GTT\EnglishDB\Words\e\externality.md
5043,externalize,C:\GTT\EnglishDB\Words\e\externalize.md
5044,externally,C:\GTT\EnglishDB\Words\e\externally.md
5045,extinct,C:\GTT\EnglishDB\Words\e\extinct.md
5046,extinction,C:\GTT\EnglishDB\Words\e\extinction.md
5047,extinguish,C:\GTT\EnglishDB\Words\e\extinguish.md
5048,extinguisher,C:\GTT\EnglishDB\Words\e\extinguisher.md
5049,extol,C:\GTT\EnglishDB\Words\e\extol.md
5050,extortion,C:\GTT\EnglishDB\Words\e\extortion.md
5051,extra,C:\GTT\EnglishDB\Words\e\extra.md
5052,extract,C:\GTT\EnglishDB\Words\e\extract.md
5053,extraction,C:\GTT\EnglishDB\Words\e\extraction.md
5054,extracurricular,C:\GTT\EnglishDB\Words\e\extracurricular.md
5055,extradition,C:\GTT\EnglishDB\Words\e\extradition.md
5056,extramarital,C:\GTT\EnglishDB\Words\e\extramarital.md
5057,extraneous,C:\GTT\EnglishDB\Words\e\extraneous.md
5058,extraordinarily,C:\GTT\EnglishDB\Words\e\extraordinarily.md
5059,extraordinary,C:\GTT\EnglishDB\Words\e\extraordinary.md
5060,extrapolate,C:\GTT\EnglishDB\Words\e\extrapolate.md
5061,extraterrestrial,C:\GTT\EnglishDB\Words\e\extraterrestrial.md
5062,extravagance,C:\GTT\EnglishDB\Words\e\extravagance.md
5063,extravagant,C:\GTT\EnglishDB\Words\e\extravagant.md
5064,extravaganza,C:\GTT\EnglishDB\Words\e\extravaganza.md
5065,extreme,C:\GTT\EnglishDB\Words\e\extreme.md
5066,extremely,C:\GTT\EnglishDB\Words\e\extremely.md
5067,extremism,C:\GTT\EnglishDB\Words\e\extremism.md
5068,extremist,C:\GTT\EnglishDB\Words\e\extremist.md
5069,extremity,C:\GTT\EnglishDB\Words\e\extremity.md
5070,extrinsic,C:\GTT\EnglishDB\Words\e\extrinsic.md
5071,exuberance,C:\GTT\EnglishDB\Words\e\exuberance.md
5072,exuberant,C:\GTT\EnglishDB\Words\e\exuberant.md
5073,exude,C:\GTT\EnglishDB\Words\e\exude.md
5074,eye,C:\GTT\EnglishDB\Words\e\eye.md
5075,eyeball,C:\GTT\EnglishDB\Words\e\eyeball.md
5076,eyebrow,C:\GTT\EnglishDB\Words\e\eyebrow.md
5077,eyeglass,C:\GTT\EnglishDB\Words\e\eyeglass.md
5078,eyelash,C:\GTT\EnglishDB\Words\e\eyelash.md
5079,eyelid,C:\GTT\EnglishDB\Words\e\eyelid.md
5080,eyepiece,C:\GTT\EnglishDB\Words\e\eyepiece.md
5081,eyesight,C:\GTT\EnglishDB\Words\e\eyesight.md
5082,eyewitness,C:\GTT\EnglishDB\Words\e\eyewitness.md
5083,fab,C:\GTT\EnglishDB\Words\f\fab.md
5084,fable,C:\GTT\EnglishDB\Words\f\fable.md
5085,fabled,C:\GTT\EnglishDB\Words\f\fabled.md
5086,fabric,C:\GTT\EnglishDB\Words\f\fabric.md
5087,fabricate,C:\GTT\EnglishDB\Words\f\fabricate.md
5088,fabrication,C:\GTT\EnglishDB\Words\f\fabrication.md
5089,fabulous,C:\GTT\EnglishDB\Words\f\fabulous.md
5090,facade,C:\GTT\EnglishDB\Words\f\facade.md
5091,face,C:\GTT\EnglishDB\Words\f\face.md
5092,faceless,C:\GTT\EnglishDB\Words\f\faceless.md
5093,facet,C:\GTT\EnglishDB\Words\f\facet.md
5094,facial,C:\GTT\EnglishDB\Words\f\facial.md
5095,facilitate,C:\GTT\EnglishDB\Words\f\facilitate.md
5096,facility,C:\GTT\EnglishDB\Words\f\facility.md
5097,facsimile,C:\GTT\EnglishDB\Words\f\facsimile.md
5098,fact,C:\GTT\EnglishDB\Words\f\fact.md
5099,faction,C:\GTT\EnglishDB\Words\f\faction.md
5100,factor,C:\GTT\EnglishDB\Words\f\factor.md
5101,factory,C:\GTT\EnglishDB\Words\f\factory.md
5102,factual,C:\GTT\EnglishDB\Words\f\factual.md
5103,faculty,C:\GTT\EnglishDB\Words\f\faculty.md
5104,fad,C:\GTT\EnglishDB\Words\f\fad.md
5105,fade,C:\GTT\EnglishDB\Words\f\fade.md
5106,faded,C:\GTT\EnglishDB\Words\f\faded.md
5107,fading,C:\GTT\EnglishDB\Words\f\fading.md
5108,fail,C:\GTT\EnglishDB\Words\f\fail.md
5109,failing,C:\GTT\EnglishDB\Words\f\failing.md
5110,failure,C:\GTT\EnglishDB\Words\f\failure.md
5111,faint,C:\GTT\EnglishDB\Words\f\faint.md
5112,faintly,C:\GTT\EnglishDB\Words\f\faintly.md
5113,fair,C:\GTT\EnglishDB\Words\f\fair.md
5114,fairly,C:\GTT\EnglishDB\Words\f\fairly.md
5115,fairness,C:\GTT\EnglishDB\Words\f\fairness.md
5116,fairway,C:\GTT\EnglishDB\Words\f\fairway.md
5117,fairy,C:\GTT\EnglishDB\Words\f\fairy.md
5118,faith,C:\GTT\EnglishDB\Words\f\faith.md
5119,faithful,C:\GTT\EnglishDB\Words\f\faithful.md
5120,faithfully,C:\GTT\EnglishDB\Words\f\faithfully.md
5121,fake,C:\GTT\EnglishDB\Words\f\fake.md
5122,falcon,C:\GTT\EnglishDB\Words\f\falcon.md
5123,fall,C:\GTT\EnglishDB\Words\f\fall.md
5124,fallacy,C:\GTT\EnglishDB\Words\f\fallacy.md
5125,fallen,C:\GTT\EnglishDB\Words\f\fallen.md
5126,falling,C:\GTT\EnglishDB\Words\f\falling.md
5127,fallout,C:\GTT\EnglishDB\Words\f\fallout.md
5128,fallow,C:\GTT\EnglishDB\Words\f\fallow.md
5129,FALSE,C:\GTT\EnglishDB\Words\f\false.md
5130,falsehood,C:\GTT\EnglishDB\Words\f\falsehood.md
5131,falsely,C:\GTT\EnglishDB\Words\f\falsely.md
5132,falsify,C:\GTT\EnglishDB\Words\f\falsify.md
5133,falter,C:\GTT\EnglishDB\Words\f\falter.md
5134,faltering,C:\GTT\EnglishDB\Words\f\faltering.md
5135,fame,C:\GTT\EnglishDB\Words\f\fame.md
5136,famed,C:\GTT\EnglishDB\Words\f\famed.md
5137,familial,C:\GTT\EnglishDB\Words\f\familial.md
5138,familiar,C:\GTT\EnglishDB\Words\f\familiar.md
5139,familiarity,C:\GTT\EnglishDB\Words\f\familiarity.md
5140,familiarize,C:\GTT\EnglishDB\Words\f\familiarize.md
5141,family,C:\GTT\EnglishDB\Words\f\family.md
5142,famine,C:\GTT\EnglishDB\Words\f\famine.md
5143,famous,C:\GTT\EnglishDB\Words\f\famous.md
5144,famously,C:\GTT\EnglishDB\Words\f\famously.md
5145,fan,C:\GTT\EnglishDB\Words\f\fan.md
5146,fanatic,C:\GTT\EnglishDB\Words\f\fanatic.md
5147,fanatical,C:\GTT\EnglishDB\Words\f\fanatical.md
5148,fanaticism,C:\GTT\EnglishDB\Words\f\fanaticism.md
5149,fanciful,C:\GTT\EnglishDB\Words\f\fanciful.md
5150,fancy,C:\GTT\EnglishDB\Words\f\fancy.md
5151,fanfare,C:\GTT\EnglishDB\Words\f\fanfare.md
5152,fang,C:\GTT\EnglishDB\Words\f\fang.md
5153,fantasize,C:\GTT\EnglishDB\Words\f\fantasize.md
5154,fantastic,C:\GTT\EnglishDB\Words\f\fantastic.md
5155,fantasy,C:\GTT\EnglishDB\Words\f\fantasy.md
5156,far,C:\GTT\EnglishDB\Words\f\far.md
5157,faraway,C:\GTT\EnglishDB\Words\f\faraway.md
5158,farce,C:\GTT\EnglishDB\Words\f\farce.md
5159,fare,C:\GTT\EnglishDB\Words\f\fare.md
5160,farewell,C:\GTT\EnglishDB\Words\f\farewell.md
5161,farm,C:\GTT\EnglishDB\Words\f\farm.md
5162,farmer,C:\GTT\EnglishDB\Words\f\farmer.md
5163,farmhouse,C:\GTT\EnglishDB\Words\f\farmhouse.md
5164,farming,C:\GTT\EnglishDB\Words\f\farming.md
5165,farmland,C:\GTT\EnglishDB\Words\f\farmland.md
5166,fart,C:\GTT\EnglishDB\Words\f\fart.md
5167,fascinate,C:\GTT\EnglishDB\Words\f\fascinate.md
5168,fascinating,C:\GTT\EnglishDB\Words\f\fascinating.md
5169,fascination,C:\GTT\EnglishDB\Words\f\fascination.md
5170,fascism,C:\GTT\EnglishDB\Words\f\fascism.md
5171,fascist,C:\GTT\EnglishDB\Words\f\fascist.md
5172,fashion,C:\GTT\EnglishDB\Words\f\fashion.md
5173,fashionable,C:\GTT\EnglishDB\Words\f\fashionable.md
5174,fast,C:\GTT\EnglishDB\Words\f\fast.md
5175,fastball,C:\GTT\EnglishDB\Words\f\fastball.md
5176,fasten,C:\GTT\EnglishDB\Words\f\fasten.md
5177,fastener,C:\GTT\EnglishDB\Words\f\fastener.md
5178,faster,C:\GTT\EnglishDB\Words\f\faster.md
5179,fat,C:\GTT\EnglishDB\Words\f\fat.md
5180,fatal,C:\GTT\EnglishDB\Words\f\fatal.md
5181,fatality,C:\GTT\EnglishDB\Words\f\fatality.md
5182,fatally,C:\GTT\EnglishDB\Words\f\fatally.md
5183,fate,C:\GTT\EnglishDB\Words\f\fate.md
5184,fateful,C:\GTT\EnglishDB\Words\f\fateful.md
5185,father,C:\GTT\EnglishDB\Words\f\father.md
5186,fatherhood,C:\GTT\EnglishDB\Words\f\fatherhood.md
5187,fathom,C:\GTT\EnglishDB\Words\f\fathom.md
5188,fatigue,C:\GTT\EnglishDB\Words\f\fatigue.md
5189,fatten,C:\GTT\EnglishDB\Words\f\fatten.md
5190,fatty,C:\GTT\EnglishDB\Words\f\fatty.md
5191,faucet,C:\GTT\EnglishDB\Words\f\faucet.md
5192,fault,C:\GTT\EnglishDB\Words\f\fault.md
5193,faulty,C:\GTT\EnglishDB\Words\f\faulty.md
5194,fauna,C:\GTT\EnglishDB\Words\f\fauna.md
5195,favor,C:\GTT\EnglishDB\Words\f\favor.md
5196,favorable,C:\GTT\EnglishDB\Words\f\favorable.md
5197,favorably,C:\GTT\EnglishDB\Words\f\favorably.md
5198,favored,C:\GTT\EnglishDB\Words\f\favored.md
5199,favorite,C:\GTT\EnglishDB\Words\f\favorite.md
5200,favoritism,C:\GTT\EnglishDB\Words\f\favoritism.md
5201,fawn,C:\GTT\EnglishDB\Words\f\fawn.md
5202,fax,C:\GTT\EnglishDB\Words\f\fax.md
5203,fear,C:\GTT\EnglishDB\Words\f\fear.md
5204,fearful,C:\GTT\EnglishDB\Words\f\fearful.md
5205,fearless,C:\GTT\EnglishDB\Words\f\fearless.md
5206,fearsome,C:\GTT\EnglishDB\Words\f\fearsome.md
5207,feasibility,C:\GTT\EnglishDB\Words\f\feasibility.md
5208,feasible,C:\GTT\EnglishDB\Words\f\feasible.md
5209,feast,C:\GTT\EnglishDB\Words\f\feast.md
5210,feat,C:\GTT\EnglishDB\Words\f\feat.md
5211,feather,C:\GTT\EnglishDB\Words\f\feather.md
5212,feathered,C:\GTT\EnglishDB\Words\f\feathered.md
5213,feathery,C:\GTT\EnglishDB\Words\f\feathery.md
5214,feature,C:\GTT\EnglishDB\Words\f\feature.md
5215,featured,C:\GTT\EnglishDB\Words\f\featured.md
5216,fecal,C:\GTT\EnglishDB\Words\f\fecal.md
5217,feces,C:\GTT\EnglishDB\Words\f\feces.md
5218,fed,C:\GTT\EnglishDB\Words\f\fed.md
5219,federal,C:\GTT\EnglishDB\Words\f\federal.md
5220,federalism,C:\GTT\EnglishDB\Words\f\federalism.md
5221,federally,C:\GTT\EnglishDB\Words\f\federally.md
5222,federation,C:\GTT\EnglishDB\Words\f\federation.md
5223,fee,C:\GTT\EnglishDB\Words\f\fee.md
5224,feeble,C:\GTT\EnglishDB\Words\f\feeble.md
5225,feed,C:\GTT\EnglishDB\Words\f\feed.md
5226,feedback,C:\GTT\EnglishDB\Words\f\feedback.md
5227,feeder,C:\GTT\EnglishDB\Words\f\feeder.md
5228,feeding,C:\GTT\EnglishDB\Words\f\feeding.md
5229,feel,C:\GTT\EnglishDB\Words\f\feel.md
5230,feeling,C:\GTT\EnglishDB\Words\f\feeling.md
5231,feign,C:\GTT\EnglishDB\Words\f\feign.md
5232,feisty,C:\GTT\EnglishDB\Words\f\feisty.md
5233,fell,C:\GTT\EnglishDB\Words\f\fell.md
5234,fella,C:\GTT\EnglishDB\Words\f\fella.md
5235,fellow,C:\GTT\EnglishDB\Words\f\fellow.md
5236,fellowship,C:\GTT\EnglishDB\Words\f\fellowship.md
5237,felon,C:\GTT\EnglishDB\Words\f\felon.md
5238,felony,C:\GTT\EnglishDB\Words\f\felony.md
5239,felt,C:\GTT\EnglishDB\Words\f\felt.md
5240,female,C:\GTT\EnglishDB\Words\f\female.md
5241,feminine,C:\GTT\EnglishDB\Words\f\feminine.md
5242,femininity,C:\GTT\EnglishDB\Words\f\femininity.md
5243,feminism,C:\GTT\EnglishDB\Words\f\feminism.md
5244,feminist,C:\GTT\EnglishDB\Words\f\feminist.md
5245,femur,C:\GTT\EnglishDB\Words\f\femur.md
5246,fence,C:\GTT\EnglishDB\Words\f\fence.md
5247,fencing,C:\GTT\EnglishDB\Words\f\fencing.md
5248,fend,C:\GTT\EnglishDB\Words\f\fend.md
5249,fender,C:\GTT\EnglishDB\Words\f\fender.md
5250,fennel,C:\GTT\EnglishDB\Words\f\fennel.md
5251,feral,C:\GTT\EnglishDB\Words\f\feral.md
5252,ferment,C:\GTT\EnglishDB\Words\f\ferment.md
5253,fern,C:\GTT\EnglishDB\Words\f\fern.md
5254,ferocious,C:\GTT\EnglishDB\Words\f\ferocious.md
5255,ferocity,C:\GTT\EnglishDB\Words\f\ferocity.md
5256,ferry,C:\GTT\EnglishDB\Words\f\ferry.md
5257,fertile,C:\GTT\EnglishDB\Words\f\fertile.md
5258,fertility,C:\GTT\EnglishDB\Words\f\fertility.md
5259,fertilization,C:\GTT\EnglishDB\Words\f\fertilization.md
5260,fertilize,C:\GTT\EnglishDB\Words\f\fertilize.md
5261,fertilizer,C:\GTT\EnglishDB\Words\f\fertilizer.md
5262,fervent,C:\GTT\EnglishDB\Words\f\fervent.md
5263,fervently,C:\GTT\EnglishDB\Words\f\fervently.md
5264,fervor,C:\GTT\EnglishDB\Words\f\fervor.md
5265,festival,C:\GTT\EnglishDB\Words\f\festival.md
5266,festive,C:\GTT\EnglishDB\Words\f\festive.md
5267,festivity,C:\GTT\EnglishDB\Words\f\festivity.md
5268,festoon,C:\GTT\EnglishDB\Words\f\festoon.md
5269,fetal,C:\GTT\EnglishDB\Words\f\fetal.md
5270,fetch,C:\GTT\EnglishDB\Words\f\fetch.md
5271,fetish,C:\GTT\EnglishDB\Words\f\fetish.md
5272,fetus,C:\GTT\EnglishDB\Words\f\fetus.md
5273,feud,C:\GTT\EnglishDB\Words\f\feud.md
5274,feudal,C:\GTT\EnglishDB\Words\f\feudal.md
5275,fever,C:\GTT\EnglishDB\Words\f\fever.md
5276,feverish,C:\GTT\EnglishDB\Words\f\feverish.md
5277,feverishly,C:\GTT\EnglishDB\Words\f\feverishly.md
5278,few,C:\GTT\EnglishDB\Words\f\few.md
5279,fewer,C:\GTT\EnglishDB\Words\f\fewer.md
5280,fiance,C:\GTT\EnglishDB\Words\f\fiance.md
5281,fiasco,C:\GTT\EnglishDB\Words\f\fiasco.md
5282,fiat,C:\GTT\EnglishDB\Words\f\fiat.md
5283,fiber,C:\GTT\EnglishDB\Words\f\fiber.md
5284,fiberglass,C:\GTT\EnglishDB\Words\f\fiberglass.md
5285,fibrosis,C:\GTT\EnglishDB\Words\f\fibrosis.md
5286,fibrous,C:\GTT\EnglishDB\Words\f\fibrous.md
5287,fickle,C:\GTT\EnglishDB\Words\f\fickle.md
5288,fiction,C:\GTT\EnglishDB\Words\f\fiction.md
5289,fictional,C:\GTT\EnglishDB\Words\f\fictional.md
5290,fictitious,C:\GTT\EnglishDB\Words\f\fictitious.md
5291,fiddle,C:\GTT\EnglishDB\Words\f\fiddle.md
5292,fidelity,C:\GTT\EnglishDB\Words\f\fidelity.md
5293,fidget,C:\GTT\EnglishDB\Words\f\fidget.md
5294,field,C:\GTT\EnglishDB\Words\f\field.md
5295,fielder,C:\GTT\EnglishDB\Words\f\fielder.md
5296,fieldwork,C:\GTT\EnglishDB\Words\f\fieldwork.md
5297,fierce,C:\GTT\EnglishDB\Words\f\fierce.md
5298,fiercely,C:\GTT\EnglishDB\Words\f\fiercely.md
5299,fiery,C:\GTT\EnglishDB\Words\f\fiery.md
5300,fiesta,C:\GTT\EnglishDB\Words\f\fiesta.md
5301,fifteen,C:\GTT\EnglishDB\Words\f\fifteen.md
5302,fifteenth,C:\GTT\EnglishDB\Words\f\fifteenth.md
5303,fifth,C:\GTT\EnglishDB\Words\f\fifth.md
5304,fifty,C:\GTT\EnglishDB\Words\f\fifty.md
5305,fig,C:\GTT\EnglishDB\Words\f\fig.md
5306,fight,C:\GTT\EnglishDB\Words\f\fight.md
5307,fighter,C:\GTT\EnglishDB\Words\f\fighter.md
5308,fighting,C:\GTT\EnglishDB\Words\f\fighting.md
5309,figurative,C:\GTT\EnglishDB\Words\f\figurative.md
5310,figuratively,C:\GTT\EnglishDB\Words\f\figuratively.md
5311,figurine,C:\GTT\EnglishDB\Words\f\figurine.md
5312,filament,C:\GTT\EnglishDB\Words\f\filament.md
5313,file,C:\GTT\EnglishDB\Words\f\file.md
5314,filet,C:\GTT\EnglishDB\Words\f\filet.md
5315,filibuster,C:\GTT\EnglishDB\Words\f\filibuster.md
5316,filing,C:\GTT\EnglishDB\Words\f\filing.md
5317,fill,C:\GTT\EnglishDB\Words\f\fill.md
5318,filler,C:\GTT\EnglishDB\Words\f\filler.md
5319,fillet,C:\GTT\EnglishDB\Words\f\fillet.md
5320,filling,C:\GTT\EnglishDB\Words\f\filling.md
5321,film,C:\GTT\EnglishDB\Words\f\film.md
5322,filmmaker,C:\GTT\EnglishDB\Words\f\filmmaker.md
5323,filter,C:\GTT\EnglishDB\Words\f\filter.md
5324,filth,C:\GTT\EnglishDB\Words\f\filth.md
5325,filthy,C:\GTT\EnglishDB\Words\f\filthy.md
5326,filtration,C:\GTT\EnglishDB\Words\f\filtration.md
5327,fin,C:\GTT\EnglishDB\Words\f\fin.md
5328,final,C:\GTT\EnglishDB\Words\f\final.md
5329,finale,C:\GTT\EnglishDB\Words\f\finale.md
5330,finalist,C:\GTT\EnglishDB\Words\f\finalist.md
5331,finality,C:\GTT\EnglishDB\Words\f\finality.md
5332,finalize,C:\GTT\EnglishDB\Words\f\finalize.md
5333,finally,C:\GTT\EnglishDB\Words\f\finally.md
5334,finance,C:\GTT\EnglishDB\Words\f\finance.md
5335,financial,C:\GTT\EnglishDB\Words\f\financial.md
5336,financially,C:\GTT\EnglishDB\Words\f\financially.md
5337,financier,C:\GTT\EnglishDB\Words\f\financier.md
5338,financing,C:\GTT\EnglishDB\Words\f\financing.md
5339,find,C:\GTT\EnglishDB\Words\f\find.md
5340,finder,C:\GTT\EnglishDB\Words\f\finder.md
5341,finding,C:\GTT\EnglishDB\Words\f\finding.md
5342,fine,C:\GTT\EnglishDB\Words\f\fine.md
5343,finely,C:\GTT\EnglishDB\Words\f\finely.md
5344,finesse,C:\GTT\EnglishDB\Words\f\finesse.md
5345,finger,C:\GTT\EnglishDB\Words\f\finger.md
5346,fingernail,C:\GTT\EnglishDB\Words\f\fingernail.md
5347,fingerprint,C:\GTT\EnglishDB\Words\f\fingerprint.md
5348,fingertip,C:\GTT\EnglishDB\Words\f\fingertip.md
5349,finish,C:\GTT\EnglishDB\Words\f\finish.md
5350,finished,C:\GTT\EnglishDB\Words\f\finished.md
5351,finisher,C:\GTT\EnglishDB\Words\f\finisher.md
5352,finishing,C:\GTT\EnglishDB\Words\f\finishing.md
5353,finite,C:\GTT\EnglishDB\Words\f\finite.md
5354,fire,C:\GTT\EnglishDB\Words\f\fire.md
5355,firearm,C:\GTT\EnglishDB\Words\f\firearm.md
5356,fireball,C:\GTT\EnglishDB\Words\f\fireball.md
5357,firecracker,C:\GTT\EnglishDB\Words\f\firecracker.md
5358,firefight,C:\GTT\EnglishDB\Words\f\firefight.md
5359,firefly,C:\GTT\EnglishDB\Words\f\firefly.md
5360,fireman,C:\GTT\EnglishDB\Words\f\fireman.md
5361,fireplace,C:\GTT\EnglishDB\Words\f\fireplace.md
5362,firepower,C:\GTT\EnglishDB\Words\f\firepower.md
5363,firestorm,C:\GTT\EnglishDB\Words\f\firestorm.md
5364,firewall,C:\GTT\EnglishDB\Words\f\firewall.md
5365,firewood,C:\GTT\EnglishDB\Words\f\firewood.md
5366,fireworks,C:\GTT\EnglishDB\Words\f\fireworks.md
5367,firing,C:\GTT\EnglishDB\Words\f\firing.md
5368,firm,C:\GTT\EnglishDB\Words\f\firm.md
5369,firmly,C:\GTT\EnglishDB\Words\f\firmly.md
5370,first,C:\GTT\EnglishDB\Words\f\first.md
5371,firsthand,C:\GTT\EnglishDB\Words\f\firsthand.md
5372,fiscal,C:\GTT\EnglishDB\Words\f\fiscal.md
5373,fish,C:\GTT\EnglishDB\Words\f\fish.md
5374,fisher,C:\GTT\EnglishDB\Words\f\fisher.md
5375,fisherman,C:\GTT\EnglishDB\Words\f\fisherman.md
5376,fishery,C:\GTT\EnglishDB\Words\f\fishery.md
5377,fishing,C:\GTT\EnglishDB\Words\f\fishing.md
5378,fishy,C:\GTT\EnglishDB\Words\f\fishy.md
5379,fissure,C:\GTT\EnglishDB\Words\f\fissure.md
5380,fist,C:\GTT\EnglishDB\Words\f\fist.md
5381,fistful,C:\GTT\EnglishDB\Words\f\fistful.md
5382,fit,C:\GTT\EnglishDB\Words\f\fit.md
5383,fitness,C:\GTT\EnglishDB\Words\f\fitness.md
5384,fitting,C:\GTT\EnglishDB\Words\f\fitting.md
5385,five,C:\GTT\EnglishDB\Words\f\five.md
5386,fix,C:\GTT\EnglishDB\Words\f\fix.md
5387,fixate,C:\GTT\EnglishDB\Words\f\fixate.md
5388,fixation,C:\GTT\EnglishDB\Words\f\fixation.md
5389,fixed,C:\GTT\EnglishDB\Words\f\fixed.md
5390,fixing,C:\GTT\EnglishDB\Words\f\fixing.md
5391,fixture,C:\GTT\EnglishDB\Words\f\fixture.md
5392,fizzle,C:\GTT\EnglishDB\Words\f\fizzle.md
5393,flag,C:\GTT\EnglishDB\Words\f\flag.md
5394,flagrant,C:\GTT\EnglishDB\Words\f\flagrant.md
5395,flagship,C:\GTT\EnglishDB\Words\f\flagship.md
5396,flail,C:\GTT\EnglishDB\Words\f\flail.md
5397,flair,C:\GTT\EnglishDB\Words\f\flair.md
5398,flak,C:\GTT\EnglishDB\Words\f\flak.md
5399,flake,C:\GTT\EnglishDB\Words\f\flake.md
5400,flaky,C:\GTT\EnglishDB\Words\f\flaky.md
5401,flamboyant,C:\GTT\EnglishDB\Words\f\flamboyant.md
5402,flame,C:\GTT\EnglishDB\Words\f\flame.md
5403,flaming,C:\GTT\EnglishDB\Words\f\flaming.md
5404,flammable,C:\GTT\EnglishDB\Words\f\flammable.md
5405,flank,C:\GTT\EnglishDB\Words\f\flank.md
5406,flannel,C:\GTT\EnglishDB\Words\f\flannel.md
5407,flap,C:\GTT\EnglishDB\Words\f\flap.md
5408,flare,C:\GTT\EnglishDB\Words\f\flare.md
5409,flash,C:\GTT\EnglishDB\Words\f\flash.md
5410,flashback,C:\GTT\EnglishDB\Words\f\flashback.md
5411,flashing,C:\GTT\EnglishDB\Words\f\flashing.md
5412,flashlight,C:\GTT\EnglishDB\Words\f\flashlight.md
5413,flashy,C:\GTT\EnglishDB\Words\f\flashy.md
5414,flask,C:\GTT\EnglishDB\Words\f\flask.md
5415,flat,C:\GTT\EnglishDB\Words\f\flat.md
5416,flatly,C:\GTT\EnglishDB\Words\f\flatly.md
5417,flatten,C:\GTT\EnglishDB\Words\f\flatten.md
5418,flatter,C:\GTT\EnglishDB\Words\f\flatter.md
5419,flattering,C:\GTT\EnglishDB\Words\f\flattering.md
5420,flattery,C:\GTT\EnglishDB\Words\f\flattery.md
5421,flaunt,C:\GTT\EnglishDB\Words\f\flaunt.md
5422,flavor,C:\GTT\EnglishDB\Words\f\flavor.md
5423,flavorful,C:\GTT\EnglishDB\Words\f\flavorful.md
5424,flaw,C:\GTT\EnglishDB\Words\f\flaw.md
5425,flawless,C:\GTT\EnglishDB\Words\f\flawless.md
5426,flea,C:\GTT\EnglishDB\Words\f\flea.md
5427,fleck,C:\GTT\EnglishDB\Words\f\fleck.md
5428,fledgling,C:\GTT\EnglishDB\Words\f\fledgling.md
5429,flee,C:\GTT\EnglishDB\Words\f\flee.md
5430,fleece,C:\GTT\EnglishDB\Words\f\fleece.md
5431,fleet,C:\GTT\EnglishDB\Words\f\fleet.md
5432,flesh,C:\GTT\EnglishDB\Words\f\flesh.md
5433,fleshy,C:\GTT\EnglishDB\Words\f\fleshy.md
5434,flex,C:\GTT\EnglishDB\Words\f\flex.md
5435,flexibility,C:\GTT\EnglishDB\Words\f\flexibility.md
5436,flexible,C:\GTT\EnglishDB\Words\f\flexible.md
5437,flexion,C:\GTT\EnglishDB\Words\f\flexion.md
5438,flick,C:\GTT\EnglishDB\Words\f\flick.md
5439,flicker,C:\GTT\EnglishDB\Words\f\flicker.md
5440,flickering,C:\GTT\EnglishDB\Words\f\flickering.md
5441,flier,C:\GTT\EnglishDB\Words\f\flier.md
5442,flight,C:\GTT\EnglishDB\Words\f\flight.md
5443,flimsy,C:\GTT\EnglishDB\Words\f\flimsy.md
5444,flinch,C:\GTT\EnglishDB\Words\f\flinch.md
5445,fling,C:\GTT\EnglishDB\Words\f\fling.md
5446,flint,C:\GTT\EnglishDB\Words\f\flint.md
5447,flip,C:\GTT\EnglishDB\Words\f\flip.md
5448,flipper,C:\GTT\EnglishDB\Words\f\flipper.md
5449,flipping,C:\GTT\EnglishDB\Words\f\flipping.md
5450,flirt,C:\GTT\EnglishDB\Words\f\flirt.md
5451,flirtation,C:\GTT\EnglishDB\Words\f\flirtation.md
5452,flit,C:\GTT\EnglishDB\Words\f\flit.md
5453,float,C:\GTT\EnglishDB\Words\f\float.md
5454,floating,C:\GTT\EnglishDB\Words\f\floating.md
5455,flock,C:\GTT\EnglishDB\Words\f\flock.md
5456,flood,C:\GTT\EnglishDB\Words\f\flood.md
5457,flooding,C:\GTT\EnglishDB\Words\f\flooding.md
5458,floodplain,C:\GTT\EnglishDB\Words\f\floodplain.md
5459,floor,C:\GTT\EnglishDB\Words\f\floor.md
5460,floorboard,C:\GTT\EnglishDB\Words\f\floorboard.md
5461,flooring,C:\GTT\EnglishDB\Words\f\flooring.md
5462,flop,C:\GTT\EnglishDB\Words\f\flop.md
5463,floppy,C:\GTT\EnglishDB\Words\f\floppy.md
5464,flora,C:\GTT\EnglishDB\Words\f\flora.md
5465,floral,C:\GTT\EnglishDB\Words\f\floral.md
5466,florist,C:\GTT\EnglishDB\Words\f\florist.md
5467,flounder,C:\GTT\EnglishDB\Words\f\flounder.md
5468,flour,C:\GTT\EnglishDB\Words\f\flour.md
5469,flourish,C:\GTT\EnglishDB\Words\f\flourish.md
5470,flourishing,C:\GTT\EnglishDB\Words\f\flourishing.md
5471,flow,C:\GTT\EnglishDB\Words\f\flow.md
5472,flower,C:\GTT\EnglishDB\Words\f\flower.md
5473,flowered,C:\GTT\EnglishDB\Words\f\flowered.md
5474,flowering,C:\GTT\EnglishDB\Words\f\flowering.md
5475,flowery,C:\GTT\EnglishDB\Words\f\flowery.md
5476,flowing,C:\GTT\EnglishDB\Words\f\flowing.md
5477,fluctuate,C:\GTT\EnglishDB\Words\f\fluctuate.md
5478,fluctuating,C:\GTT\EnglishDB\Words\f\fluctuating.md
5479,fluctuation,C:\GTT\EnglishDB\Words\f\fluctuation.md
5480,fluency,C:\GTT\EnglishDB\Words\f\fluency.md
5481,fluent,C:\GTT\EnglishDB\Words\f\fluent.md
5482,fluff,C:\GTT\EnglishDB\Words\f\fluff.md
5483,fluffy,C:\GTT\EnglishDB\Words\f\fluffy.md
5484,fluid,C:\GTT\EnglishDB\Words\f\fluid.md
5485,fluidity,C:\GTT\EnglishDB\Words\f\fluidity.md
5486,fluke,C:\GTT\EnglishDB\Words\f\fluke.md
5487,flunk,C:\GTT\EnglishDB\Words\f\flunk.md
5488,fluorescent,C:\GTT\EnglishDB\Words\f\fluorescent.md
5489,flurry,C:\GTT\EnglishDB\Words\f\flurry.md
5490,flush,C:\GTT\EnglishDB\Words\f\flush.md
5491,flute,C:\GTT\EnglishDB\Words\f\flute.md
5492,flutter,C:\GTT\EnglishDB\Words\f\flutter.md
5493,flux,C:\GTT\EnglishDB\Words\f\flux.md
5494,fly,C:\GTT\EnglishDB\Words\f\fly.md
5495,flyer,C:\GTT\EnglishDB\Words\f\flyer.md
5496,flying,C:\GTT\EnglishDB\Words\f\flying.md
5497,foam,C:\GTT\EnglishDB\Words\f\foam.md
5498,focal,C:\GTT\EnglishDB\Words\f\focal.md
5499,focus,C:\GTT\EnglishDB\Words\f\focus.md
5500,fodder,C:\GTT\EnglishDB\Words\f\fodder.md
5501,foe,C:\GTT\EnglishDB\Words\f\foe.md
5502,fog,C:\GTT\EnglishDB\Words\f\fog.md
5503,foggy,C:\GTT\EnglishDB\Words\f\foggy.md
5504,foil,C:\GTT\EnglishDB\Words\f\foil.md
5505,fold,C:\GTT\EnglishDB\Words\f\fold.md
5506,folder,C:\GTT\EnglishDB\Words\f\folder.md
5507,folding,C:\GTT\EnglishDB\Words\f\folding.md
5508,foliage,C:\GTT\EnglishDB\Words\f\foliage.md
5509,folk,C:\GTT\EnglishDB\Words\f\folk.md
5510,folklore,C:\GTT\EnglishDB\Words\f\folklore.md
5511,follow,C:\GTT\EnglishDB\Words\f\follow.md
5512,follower,C:\GTT\EnglishDB\Words\f\follower.md
5513,following,C:\GTT\EnglishDB\Words\f\following.md
5514,folly,C:\GTT\EnglishDB\Words\f\folly.md
5515,fond,C:\GTT\EnglishDB\Words\f\fond.md
5516,fondle,C:\GTT\EnglishDB\Words\f\fondle.md
5517,fondly,C:\GTT\EnglishDB\Words\f\fondly.md
5518,fondness,C:\GTT\EnglishDB\Words\f\fondness.md
5519,font,C:\GTT\EnglishDB\Words\f\font.md
5520,food,C:\GTT\EnglishDB\Words\f\food.md
5521,foodstuff,C:\GTT\EnglishDB\Words\f\foodstuff.md
5522,fool,C:\GTT\EnglishDB\Words\f\fool.md
5523,foolish,C:\GTT\EnglishDB\Words\f\foolish.md
5524,foolishly,C:\GTT\EnglishDB\Words\f\foolishly.md
5525,foolproof,C:\GTT\EnglishDB\Words\f\foolproof.md
5526,foot,C:\GTT\EnglishDB\Words\f\foot.md
5527,footage,C:\GTT\EnglishDB\Words\f\footage.md
5528,football,C:\GTT\EnglishDB\Words\f\football.md
5529,foothill,C:\GTT\EnglishDB\Words\f\foothill.md
5530,foothold,C:\GTT\EnglishDB\Words\f\foothold.md
5531,footing,C:\GTT\EnglishDB\Words\f\footing.md
5532,footnote,C:\GTT\EnglishDB\Words\f\footnote.md
5533,footprint,C:\GTT\EnglishDB\Words\f\footprint.md
5534,footstep,C:\GTT\EnglishDB\Words\f\footstep.md
5535,footwear,C:\GTT\EnglishDB\Words\f\footwear.md
5536,for,C:\GTT\EnglishDB\Words\f\for.md
5537,forage,C:\GTT\EnglishDB\Words\f\forage.md
5538,foray,C:\GTT\EnglishDB\Words\f\foray.md
5539,forbid,C:\GTT\EnglishDB\Words\f\forbid.md
5540,forbidden,C:\GTT\EnglishDB\Words\f\forbidden.md
5541,forbidding,C:\GTT\EnglishDB\Words\f\forbidding.md
5542,force,C:\GTT\EnglishDB\Words\f\force.md
5543,forced,C:\GTT\EnglishDB\Words\f\forced.md
5544,forceful,C:\GTT\EnglishDB\Words\f\forceful.md
5545,forcefully,C:\GTT\EnglishDB\Words\f\forcefully.md
5546,forcibly,C:\GTT\EnglishDB\Words\f\forcibly.md
5547,fore,C:\GTT\EnglishDB\Words\f\fore.md
5548,forearm,C:\GTT\EnglishDB\Words\f\forearm.md
5549,forebear,C:\GTT\EnglishDB\Words\f\forebear.md
5550,foreboding,C:\GTT\EnglishDB\Words\f\foreboding.md
5551,forecast,C:\GTT\EnglishDB\Words\f\forecast.md
5552,forecaster,C:\GTT\EnglishDB\Words\f\forecaster.md
5553,foreclose,C:\GTT\EnglishDB\Words\f\foreclose.md
5554,foreclosure,C:\GTT\EnglishDB\Words\f\foreclosure.md
5555,forefather,C:\GTT\EnglishDB\Words\f\forefather.md
5556,forefinger,C:\GTT\EnglishDB\Words\f\forefinger.md
5557,forefront,C:\GTT\EnglishDB\Words\f\forefront.md
5558,forego,C:\GTT\EnglishDB\Words\f\forego.md
5559,foregoing,C:\GTT\EnglishDB\Words\f\foregoing.md
5560,foreground,C:\GTT\EnglishDB\Words\f\foreground.md
5561,forehead,C:\GTT\EnglishDB\Words\f\forehead.md
5562,foreign,C:\GTT\EnglishDB\Words\f\foreign.md
5563,foreigner,C:\GTT\EnglishDB\Words\f\foreigner.md
5564,foreman,C:\GTT\EnglishDB\Words\f\foreman.md
5565,foremost,C:\GTT\EnglishDB\Words\f\foremost.md
5566,forensic,C:\GTT\EnglishDB\Words\f\forensic.md
5567,forerunner,C:\GTT\EnglishDB\Words\f\forerunner.md
5568,foresee,C:\GTT\EnglishDB\Words\f\foresee.md
5569,foreseeable,C:\GTT\EnglishDB\Words\f\foreseeable.md
5570,foreshadow,C:\GTT\EnglishDB\Words\f\foreshadow.md
5571,foresight,C:\GTT\EnglishDB\Words\f\foresight.md
5572,forest,C:\GTT\EnglishDB\Words\f\forest.md
5573,forestall,C:\GTT\EnglishDB\Words\f\forestall.md
5574,forested,C:\GTT\EnglishDB\Words\f\forested.md
5575,forester,C:\GTT\EnglishDB\Words\f\forester.md
5576,forestry,C:\GTT\EnglishDB\Words\f\forestry.md
5577,forever,C:\GTT\EnglishDB\Words\f\forever.md
5578,forfeit,C:\GTT\EnglishDB\Words\f\forfeit.md
5579,forge,C:\GTT\EnglishDB\Words\f\forge.md
5580,forgery,C:\GTT\EnglishDB\Words\f\forgery.md
5581,forget,C:\GTT\EnglishDB\Words\f\forget.md
5582,forgive,C:\GTT\EnglishDB\Words\f\forgive.md
5583,forgiveness,C:\GTT\EnglishDB\Words\f\forgiveness.md
5584,forgiving,C:\GTT\EnglishDB\Words\f\forgiving.md
5585,forgo,C:\GTT\EnglishDB\Words\f\forgo.md
5586,forgotten,C:\GTT\EnglishDB\Words\f\forgotten.md
5587,fork,C:\GTT\EnglishDB\Words\f\fork.md
5588,forlorn,C:\GTT\EnglishDB\Words\f\forlorn.md
5589,form,C:\GTT\EnglishDB\Words\f\form.md
5590,formal,C:\GTT\EnglishDB\Words\f\formal.md
5591,formality,C:\GTT\EnglishDB\Words\f\formality.md
5592,formalize,C:\GTT\EnglishDB\Words\f\formalize.md
5593,formally,C:\GTT\EnglishDB\Words\f\formally.md
5594,format,C:\GTT\EnglishDB\Words\f\format.md
5595,formation,C:\GTT\EnglishDB\Words\f\formation.md
5596,formative,C:\GTT\EnglishDB\Words\f\formative.md
5597,former,C:\GTT\EnglishDB\Words\f\former.md
5598,formerly,C:\GTT\EnglishDB\Words\f\formerly.md
5599,formidable,C:\GTT\EnglishDB\Words\f\formidable.md
5600,formula,C:\GTT\EnglishDB\Words\f\formula.md
5601,formulate,C:\GTT\EnglishDB\Words\f\formulate.md
5602,formulation,C:\GTT\EnglishDB\Words\f\formulation.md
5603,forsake,C:\GTT\EnglishDB\Words\f\forsake.md
5604,fort,C:\GTT\EnglishDB\Words\f\fort.md
5605,forth,C:\GTT\EnglishDB\Words\f\forth.md
5606,forthcoming,C:\GTT\EnglishDB\Words\f\forthcoming.md
5607,forthright,C:\GTT\EnglishDB\Words\f\forthright.md
5608,fortification,C:\GTT\EnglishDB\Words\f\fortification.md
5609,fortified,C:\GTT\EnglishDB\Words\f\fortified.md
5610,fortify,C:\GTT\EnglishDB\Words\f\fortify.md
5611,fortitude,C:\GTT\EnglishDB\Words\f\fortitude.md
5612,fortress,C:\GTT\EnglishDB\Words\f\fortress.md
5613,fortunate,C:\GTT\EnglishDB\Words\f\fortunate.md
5614,fortunately,C:\GTT\EnglishDB\Words\f\fortunately.md
5615,fortune,C:\GTT\EnglishDB\Words\f\fortune.md
5616,forty,C:\GTT\EnglishDB\Words\f\forty.md
5617,forum,C:\GTT\EnglishDB\Words\f\forum.md
5618,forward,C:\GTT\EnglishDB\Words\f\forward.md
5619,forwards,C:\GTT\EnglishDB\Words\f\forwards.md
5620,fossil,C:\GTT\EnglishDB\Words\f\fossil.md
5621,foster,C:\GTT\EnglishDB\Words\f\foster.md
5622,foul,C:\GTT\EnglishDB\Words\f\foul.md
5623,found,C:\GTT\EnglishDB\Words\f\found.md
5624,foundation,C:\GTT\EnglishDB\Words\f\foundation.md
5625,founder,C:\GTT\EnglishDB\Words\f\founder.md
5626,foundry,C:\GTT\EnglishDB\Words\f\foundry.md
5627,fountain,C:\GTT\EnglishDB\Words\f\fountain.md
5628,four,C:\GTT\EnglishDB\Words\f\four.md
5629,foursome,C:\GTT\EnglishDB\Words\f\foursome.md
5630,fourteen,C:\GTT\EnglishDB\Words\f\fourteen.md
5631,fourteenth,C:\GTT\EnglishDB\Words\f\fourteenth.md
5632,fourth,C:\GTT\EnglishDB\Words\f\fourth.md
5633,fowl,C:\GTT\EnglishDB\Words\f\fowl.md
5634,fox,C:\GTT\EnglishDB\Words\f\fox.md
5635,foyer,C:\GTT\EnglishDB\Words\f\foyer.md
5636,fraction,C:\GTT\EnglishDB\Words\f\fraction.md
5637,fracture,C:\GTT\EnglishDB\Words\f\fracture.md
5638,fragile,C:\GTT\EnglishDB\Words\f\fragile.md
5639,fragility,C:\GTT\EnglishDB\Words\f\fragility.md
5640,fragment,C:\GTT\EnglishDB\Words\f\fragment.md
5641,fragmentary,C:\GTT\EnglishDB\Words\f\fragmentary.md
5642,fragmentation,C:\GTT\EnglishDB\Words\f\fragmentation.md
5643,fragmented,C:\GTT\EnglishDB\Words\f\fragmented.md
5644,fragrance,C:\GTT\EnglishDB\Words\f\fragrance.md
5645,fragrant,C:\GTT\EnglishDB\Words\f\fragrant.md
5646,frail,C:\GTT\EnglishDB\Words\f\frail.md
5647,frailty,C:\GTT\EnglishDB\Words\f\frailty.md
5648,frame,C:\GTT\EnglishDB\Words\f\frame.md
5649,framed,C:\GTT\EnglishDB\Words\f\framed.md
5650,framer,C:\GTT\EnglishDB\Words\f\framer.md
5651,framework,C:\GTT\EnglishDB\Words\f\framework.md
5652,framing,C:\GTT\EnglishDB\Words\f\framing.md
5653,franchise,C:\GTT\EnglishDB\Words\f\franchise.md
5654,franchisee,C:\GTT\EnglishDB\Words\f\franchisee.md
5655,frank,C:\GTT\EnglishDB\Words\f\frank.md
5656,frankly,C:\GTT\EnglishDB\Words\f\frankly.md
5657,frantic,C:\GTT\EnglishDB\Words\f\frantic.md
5658,frantically,C:\GTT\EnglishDB\Words\f\frantically.md
5659,frat,C:\GTT\EnglishDB\Words\f\frat.md
5660,fraternal,C:\GTT\EnglishDB\Words\f\fraternal.md
5661,fraternity,C:\GTT\EnglishDB\Words\f\fraternity.md
5662,fraud,C:\GTT\EnglishDB\Words\f\fraud.md
5663,fraudulent,C:\GTT\EnglishDB\Words\f\fraudulent.md
5664,fraught,C:\GTT\EnglishDB\Words\f\fraught.md
5665,fray,C:\GTT\EnglishDB\Words\f\fray.md
5666,freak,C:\GTT\EnglishDB\Words\f\freak.md
5667,freckle,C:\GTT\EnglishDB\Words\f\freckle.md
5668,free,C:\GTT\EnglishDB\Words\f\free.md
5669,freedom,C:\GTT\EnglishDB\Words\f\freedom.md
5670,freely,C:\GTT\EnglishDB\Words\f\freely.md
5671,freestyle,C:\GTT\EnglishDB\Words\f\freestyle.md
5672,freeway,C:\GTT\EnglishDB\Words\f\freeway.md
5673,freeze,C:\GTT\EnglishDB\Words\f\freeze.md
5674,freezer,C:\GTT\EnglishDB\Words\f\freezer.md
5675,freezing,C:\GTT\EnglishDB\Words\f\freezing.md
5676,freight,C:\GTT\EnglishDB\Words\f\freight.md
5677,freighter,C:\GTT\EnglishDB\Words\f\freighter.md
5678,frenetic,C:\GTT\EnglishDB\Words\f\frenetic.md
5679,frenzied,C:\GTT\EnglishDB\Words\f\frenzied.md
5680,frenzy,C:\GTT\EnglishDB\Words\f\frenzy.md
5681,frequency,C:\GTT\EnglishDB\Words\f\frequency.md
5682,frequent,C:\GTT\EnglishDB\Words\f\frequent.md
5683,frequently,C:\GTT\EnglishDB\Words\f\frequently.md
5684,fresco,C:\GTT\EnglishDB\Words\f\fresco.md
5685,fresh,C:\GTT\EnglishDB\Words\f\fresh.md
5686,freshen,C:\GTT\EnglishDB\Words\f\freshen.md
5687,freshly,C:\GTT\EnglishDB\Words\f\freshly.md
5688,freshman,C:\GTT\EnglishDB\Words\f\freshman.md
5689,freshness,C:\GTT\EnglishDB\Words\f\freshness.md
5690,freshwater,C:\GTT\EnglishDB\Words\f\freshwater.md
5691,fret,C:\GTT\EnglishDB\Words\f\fret.md
5692,friction,C:\GTT\EnglishDB\Words\f\friction.md
5693,fridge,C:\GTT\EnglishDB\Words\f\fridge.md
5694,fried,C:\GTT\EnglishDB\Words\f\fried.md
5695,friend,C:\GTT\EnglishDB\Words\f\friend.md
5696,friendliness,C:\GTT\EnglishDB\Words\f\friendliness.md
5697,friendly,C:\GTT\EnglishDB\Words\f\friendly.md
5698,friendship,C:\GTT\EnglishDB\Words\f\friendship.md
5699,fright,C:\GTT\EnglishDB\Words\f\fright.md
5700,frighten,C:\GTT\EnglishDB\Words\f\frighten.md
5701,frightened,C:\GTT\EnglishDB\Words\f\frightened.md
5702,frightening,C:\GTT\EnglishDB\Words\f\frightening.md
5703,frigid,C:\GTT\EnglishDB\Words\f\frigid.md
5704,frill,C:\GTT\EnglishDB\Words\f\frill.md
5705,fringe,C:\GTT\EnglishDB\Words\f\fringe.md
5706,frivolous,C:\GTT\EnglishDB\Words\f\frivolous.md
5707,frock,C:\GTT\EnglishDB\Words\f\frock.md
5708,frog,C:\GTT\EnglishDB\Words\f\frog.md
5709,from,C:\GTT\EnglishDB\Words\f\from.md
5710,frond,C:\GTT\EnglishDB\Words\f\frond.md
5711,front,C:\GTT\EnglishDB\Words\f\front.md
5712,frontal,C:\GTT\EnglishDB\Words\f\frontal.md
5713,frontier,C:\GTT\EnglishDB\Words\f\frontier.md
5714,frost,C:\GTT\EnglishDB\Words\f\frost.md
5715,frosted,C:\GTT\EnglishDB\Words\f\frosted.md
5716,frosting,C:\GTT\EnglishDB\Words\f\frosting.md
5717,frosty,C:\GTT\EnglishDB\Words\f\frosty.md
5718,frothy,C:\GTT\EnglishDB\Words\f\frothy.md
5719,frown,C:\GTT\EnglishDB\Words\f\frown.md
5720,frozen,C:\GTT\EnglishDB\Words\f\frozen.md
5721,frugal,C:\GTT\EnglishDB\Words\f\frugal.md
5722,fruit,C:\GTT\EnglishDB\Words\f\fruit.md
5723,fruitful,C:\GTT\EnglishDB\Words\f\fruitful.md
5724,fruition,C:\GTT\EnglishDB\Words\f\fruition.md
5725,fruitless,C:\GTT\EnglishDB\Words\f\fruitless.md
5726,fruity,C:\GTT\EnglishDB\Words\f\fruity.md
5727,frustrate,C:\GTT\EnglishDB\Words\f\frustrate.md
5728,frustrated,C:\GTT\EnglishDB\Words\f\frustrated.md
5729,frustration,C:\GTT\EnglishDB\Words\f\frustration.md
5730,fry,C:\GTT\EnglishDB\Words\f\fry.md
5731,fuck,C:\GTT\EnglishDB\Words\f\fuck.md
5732,fucker,C:\GTT\EnglishDB\Words\f\fucker.md
5733,fucking,C:\GTT\EnglishDB\Words\f\fucking.md
5734,fudge,C:\GTT\EnglishDB\Words\f\fudge.md
5735,fuel,C:\GTT\EnglishDB\Words\f\fuel.md
5736,fugitive,C:\GTT\EnglishDB\Words\f\fugitive.md
5737,fulfil,C:\GTT\EnglishDB\Words\f\fulfil.md
5738,fulfill,C:\GTT\EnglishDB\Words\f\fulfill.md
5739,fulfillment,C:\GTT\EnglishDB\Words\f\fulfillment.md
5740,full,C:\GTT\EnglishDB\Words\f\full.md
5741,fullback,C:\GTT\EnglishDB\Words\f\fullback.md
5742,fullness,C:\GTT\EnglishDB\Words\f\fullness.md
5743,fully,C:\GTT\EnglishDB\Words\f\fully.md
5744,fumble,C:\GTT\EnglishDB\Words\f\fumble.md
5745,fume,C:\GTT\EnglishDB\Words\f\fume.md
5746,fun,C:\GTT\EnglishDB\Words\f\fun.md
5747,function,C:\GTT\EnglishDB\Words\f\function.md
5748,functional,C:\GTT\EnglishDB\Words\f\functional.md
5749,functionality,C:\GTT\EnglishDB\Words\f\functionality.md
5750,functionally,C:\GTT\EnglishDB\Words\f\functionally.md
5751,fund,C:\GTT\EnglishDB\Words\f\fund.md
5752,fundamental,C:\GTT\EnglishDB\Words\f\fundamental.md
5753,fundamentalism,C:\GTT\EnglishDB\Words\f\fundamentalism.md
5754,fundamentalist,C:\GTT\EnglishDB\Words\f\fundamentalist.md
5755,fundamentally,C:\GTT\EnglishDB\Words\f\fundamentally.md
5756,funeral,C:\GTT\EnglishDB\Words\f\funeral.md
5757,fungal,C:\GTT\EnglishDB\Words\f\fungal.md
5758,fungus,C:\GTT\EnglishDB\Words\f\fungus.md
5759,funk,C:\GTT\EnglishDB\Words\f\funk.md
5760,funky,C:\GTT\EnglishDB\Words\f\funky.md
5761,funnel,C:\GTT\EnglishDB\Words\f\funnel.md
5762,funny,C:\GTT\EnglishDB\Words\f\funny.md
5763,fur,C:\GTT\EnglishDB\Words\f\fur.md
5764,furious,C:\GTT\EnglishDB\Words\f\furious.md
5765,furiously,C:\GTT\EnglishDB\Words\f\furiously.md
5766,furnace,C:\GTT\EnglishDB\Words\f\furnace.md
5767,furnish,C:\GTT\EnglishDB\Words\f\furnish.md
5768,furnishings,C:\GTT\EnglishDB\Words\f\furnishings.md
5769,furniture,C:\GTT\EnglishDB\Words\f\furniture.md
5770,furor,C:\GTT\EnglishDB\Words\f\furor.md
5771,furrow,C:\GTT\EnglishDB\Words\f\furrow.md
5772,furry,C:\GTT\EnglishDB\Words\f\furry.md
5773,further,C:\GTT\EnglishDB\Words\f\further.md
5774,furthermore,C:\GTT\EnglishDB\Words\f\furthermore.md
5775,furtive,C:\GTT\EnglishDB\Words\f\furtive.md
5776,fury,C:\GTT\EnglishDB\Words\f\fury.md
5777,fuse,C:\GTT\EnglishDB\Words\f\fuse.md
5778,fuselage,C:\GTT\EnglishDB\Words\f\fuselage.md
5779,fusion,C:\GTT\EnglishDB\Words\f\fusion.md
5780,fuss,C:\GTT\EnglishDB\Words\f\fuss.md
5781,fussy,C:\GTT\EnglishDB\Words\f\fussy.md
5782,futile,C:\GTT\EnglishDB\Words\f\futile.md
5783,futility,C:\GTT\EnglishDB\Words\f\futility.md
5784,future,C:\GTT\EnglishDB\Words\f\future.md
5785,futurist,C:\GTT\EnglishDB\Words\f\futurist.md
5786,futuristic,C:\GTT\EnglishDB\Words\f\futuristic.md
5787,fuzz,C:\GTT\EnglishDB\Words\f\fuzz.md
5788,fuzzy,C:\GTT\EnglishDB\Words\f\fuzzy.md
5789,gadget,C:\GTT\EnglishDB\Words\g\gadget.md
5790,gag,C:\GTT\EnglishDB\Words\g\gag.md
5791,gain,C:\GTT\EnglishDB\Words\g\gain.md
5792,gait,C:\GTT\EnglishDB\Words\g\gait.md
5793,gal,C:\GTT\EnglishDB\Words\g\gal.md
5794,gala,C:\GTT\EnglishDB\Words\g\gala.md
5795,galactic,C:\GTT\EnglishDB\Words\g\galactic.md
5796,galaxy,C:\GTT\EnglishDB\Words\g\galaxy.md
5797,gale,C:\GTT\EnglishDB\Words\g\gale.md
5798,gall,C:\GTT\EnglishDB\Words\g\gall.md
5799,gallant,C:\GTT\EnglishDB\Words\g\gallant.md
5800,gallery,C:\GTT\EnglishDB\Words\g\gallery.md
5801,galley,C:\GTT\EnglishDB\Words\g\galley.md
5802,gallop,C:\GTT\EnglishDB\Words\g\gallop.md
5803,galvanize,C:\GTT\EnglishDB\Words\g\galvanize.md
5804,gambit,C:\GTT\EnglishDB\Words\g\gambit.md
5805,gamble,C:\GTT\EnglishDB\Words\g\gamble.md
5806,gambler,C:\GTT\EnglishDB\Words\g\gambler.md
5807,gambling,C:\GTT\EnglishDB\Words\g\gambling.md
5808,game,C:\GTT\EnglishDB\Words\g\game.md
5809,gaming,C:\GTT\EnglishDB\Words\g\gaming.md
5810,gamma,C:\GTT\EnglishDB\Words\g\gamma.md
5811,gamut,C:\GTT\EnglishDB\Words\g\gamut.md
5812,gang,C:\GTT\EnglishDB\Words\g\gang.md
5813,gangster,C:\GTT\EnglishDB\Words\g\gangster.md
5814,gap,C:\GTT\EnglishDB\Words\g\gap.md
5815,gape,C:\GTT\EnglishDB\Words\g\gape.md
5816,gaping,C:\GTT\EnglishDB\Words\g\gaping.md
5817,garage,C:\GTT\EnglishDB\Words\g\garage.md
5818,garb,C:\GTT\EnglishDB\Words\g\garb.md
5819,garbage,C:\GTT\EnglishDB\Words\g\garbage.md
5820,garden,C:\GTT\EnglishDB\Words\g\garden.md
5821,gardener,C:\GTT\EnglishDB\Words\g\gardener.md
5822,gardening,C:\GTT\EnglishDB\Words\g\gardening.md
5823,gargantuan,C:\GTT\EnglishDB\Words\g\gargantuan.md
5824,garish,C:\GTT\EnglishDB\Words\g\garish.md
5825,garlic,C:\GTT\EnglishDB\Words\g\garlic.md
5826,garment,C:\GTT\EnglishDB\Words\g\garment.md
5827,garner,C:\GTT\EnglishDB\Words\g\garner.md
5828,garnish,C:\GTT\EnglishDB\Words\g\garnish.md
5829,garrison,C:\GTT\EnglishDB\Words\g\garrison.md
5830,gaseous,C:\GTT\EnglishDB\Words\g\gaseous.md
5831,gash,C:\GTT\EnglishDB\Words\g\gash.md
5832,gasoline,C:\GTT\EnglishDB\Words\g\gasoline.md
5833,gasp,C:\GTT\EnglishDB\Words\g\gasp.md
5834,gastric,C:\GTT\EnglishDB\Words\g\gastric.md
5835,gastrointestinal,C:\GTT\EnglishDB\Words\g\gastrointestinal.md
5836,gate,C:\GTT\EnglishDB\Words\g\gate.md
5837,gatekeeper,C:\GTT\EnglishDB\Words\g\gatekeeper.md
5838,gateway,C:\GTT\EnglishDB\Words\g\gateway.md
5839,gather,C:\GTT\EnglishDB\Words\g\gather.md
5840,gathering,C:\GTT\EnglishDB\Words\g\gathering.md
5841,gaudy,C:\GTT\EnglishDB\Words\g\gaudy.md
5842,gauge,C:\GTT\EnglishDB\Words\g\gauge.md
5843,gaunt,C:\GTT\EnglishDB\Words\g\gaunt.md
5844,gauntlet,C:\GTT\EnglishDB\Words\g\gauntlet.md
5845,gauze,C:\GTT\EnglishDB\Words\g\gauze.md
5846,gawk,C:\GTT\EnglishDB\Words\g\gawk.md
5847,gay,C:\GTT\EnglishDB\Words\g\gay.md
5848,gaze,C:\GTT\EnglishDB\Words\g\gaze.md
5849,gazebo,C:\GTT\EnglishDB\Words\g\gazebo.md
5850,gear,C:\GTT\EnglishDB\Words\g\gear.md
5851,gee,C:\GTT\EnglishDB\Words\g\gee.md
5852,geek,C:\GTT\EnglishDB\Words\g\geek.md
5853,gel,C:\GTT\EnglishDB\Words\g\gel.md
5854,gelatin,C:\GTT\EnglishDB\Words\g\gelatin.md
5855,gem,C:\GTT\EnglishDB\Words\g\gem.md
5856,gender,C:\GTT\EnglishDB\Words\g\gender.md
5857,gene,C:\GTT\EnglishDB\Words\g\gene.md
5858,genealogy,C:\GTT\EnglishDB\Words\g\genealogy.md
5859,general,C:\GTT\EnglishDB\Words\g\general.md
5860,generality,C:\GTT\EnglishDB\Words\g\generality.md
5861,generalization,C:\GTT\EnglishDB\Words\g\generalization.md
5862,generalize,C:\GTT\EnglishDB\Words\g\generalize.md
5863,generalized,C:\GTT\EnglishDB\Words\g\generalized.md
5864,generally,C:\GTT\EnglishDB\Words\g\generally.md
5865,generate,C:\GTT\EnglishDB\Words\g\generate.md
5866,generation,C:\GTT\EnglishDB\Words\g\generation.md
5867,generational,C:\GTT\EnglishDB\Words\g\generational.md
5868,generator,C:\GTT\EnglishDB\Words\g\generator.md
5869,generic,C:\GTT\EnglishDB\Words\g\generic.md
5870,generosity,C:\GTT\EnglishDB\Words\g\generosity.md
5871,generous,C:\GTT\EnglishDB\Words\g\generous.md
5872,generously,C:\GTT\EnglishDB\Words\g\generously.md
5873,genesis,C:\GTT\EnglishDB\Words\g\genesis.md
5874,genetic,C:\GTT\EnglishDB\Words\g\genetic.md
5875,geneticist,C:\GTT\EnglishDB\Words\g\geneticist.md
5876,genetics,C:\GTT\EnglishDB\Words\g\genetics.md
5877,genial,C:\GTT\EnglishDB\Words\g\genial.md
5878,genie,C:\GTT\EnglishDB\Words\g\genie.md
5879,genital,C:\GTT\EnglishDB\Words\g\genital.md
5880,genitals,C:\GTT\EnglishDB\Words\g\genitals.md
5881,genius,C:\GTT\EnglishDB\Words\g\genius.md
5882,genocide,C:\GTT\EnglishDB\Words\g\genocide.md
5883,genome,C:\GTT\EnglishDB\Words\g\genome.md
5884,genre,C:\GTT\EnglishDB\Words\g\genre.md
5885,gent,C:\GTT\EnglishDB\Words\g\gent.md
5886,genteel,C:\GTT\EnglishDB\Words\g\genteel.md
5887,gentle,C:\GTT\EnglishDB\Words\g\gentle.md
5888,gentleman,C:\GTT\EnglishDB\Words\g\gentleman.md
5889,gentleness,C:\GTT\EnglishDB\Words\g\gentleness.md
5890,gently,C:\GTT\EnglishDB\Words\g\gently.md
5891,genuine,C:\GTT\EnglishDB\Words\g\genuine.md
5892,genuinely,C:\GTT\EnglishDB\Words\g\genuinely.md
5893,genus,C:\GTT\EnglishDB\Words\g\genus.md
5894,geographer,C:\GTT\EnglishDB\Words\g\geographer.md
5895,geographic,C:\GTT\EnglishDB\Words\g\geographic.md
5896,geographical,C:\GTT\EnglishDB\Words\g\geographical.md
5897,geography,C:\GTT\EnglishDB\Words\g\geography.md
5898,geologic,C:\GTT\EnglishDB\Words\g\geologic.md
5899,geological,C:\GTT\EnglishDB\Words\g\geological.md
5900,geologist,C:\GTT\EnglishDB\Words\g\geologist.md
5901,geology,C:\GTT\EnglishDB\Words\g\geology.md
5902,geometric,C:\GTT\EnglishDB\Words\g\geometric.md
5903,geometry,C:\GTT\EnglishDB\Words\g\geometry.md
5904,geopolitical,C:\GTT\EnglishDB\Words\g\geopolitical.md
5905,geothermal,C:\GTT\EnglishDB\Words\g\geothermal.md
5906,geranium,C:\GTT\EnglishDB\Words\g\geranium.md
5907,geriatric,C:\GTT\EnglishDB\Words\g\geriatric.md
5908,germ,C:\GTT\EnglishDB\Words\g\germ.md
5909,germinate,C:\GTT\EnglishDB\Words\g\germinate.md
5910,gesture,C:\GTT\EnglishDB\Words\g\gesture.md
5911,get,C:\GTT\EnglishDB\Words\g\get.md
5912,getaway,C:\GTT\EnglishDB\Words\g\getaway.md
5913,geyser,C:\GTT\EnglishDB\Words\g\geyser.md
5914,ghastly,C:\GTT\EnglishDB\Words\g\ghastly.md
5915,ghetto,C:\GTT\EnglishDB\Words\g\ghetto.md
5916,ghost,C:\GTT\EnglishDB\Words\g\ghost.md
5917,ghostly,C:\GTT\EnglishDB\Words\g\ghostly.md
5918,giant,C:\GTT\EnglishDB\Words\g\giant.md
5919,giddy,C:\GTT\EnglishDB\Words\g\giddy.md
5920,gift,C:\GTT\EnglishDB\Words\g\gift.md
5921,gifted,C:\GTT\EnglishDB\Words\g\gifted.md
5922,gig,C:\GTT\EnglishDB\Words\g\gig.md
5923,gigantic,C:\GTT\EnglishDB\Words\g\gigantic.md
5924,giggle,C:\GTT\EnglishDB\Words\g\giggle.md
5925,gilded,C:\GTT\EnglishDB\Words\g\gilded.md
5926,gill,C:\GTT\EnglishDB\Words\g\gill.md
5927,gilt,C:\GTT\EnglishDB\Words\g\gilt.md
5928,gimmick,C:\GTT\EnglishDB\Words\g\gimmick.md
5929,gin,C:\GTT\EnglishDB\Words\g\gin.md
5930,ginger,C:\GTT\EnglishDB\Words\g\ginger.md
5931,gingerbread,C:\GTT\EnglishDB\Words\g\gingerbread.md
5932,gingerly,C:\GTT\EnglishDB\Words\g\gingerly.md
5933,giraffe,C:\GTT\EnglishDB\Words\g\giraffe.md
5934,girl,C:\GTT\EnglishDB\Words\g\girl.md
5935,girlish,C:\GTT\EnglishDB\Words\g\girlish.md
5936,girth,C:\GTT\EnglishDB\Words\g\girth.md
5937,gist,C:\GTT\EnglishDB\Words\g\gist.md
5938,give,C:\GTT\EnglishDB\Words\g\give.md
5939,giveaway,C:\GTT\EnglishDB\Words\g\giveaway.md
5940,given,C:\GTT\EnglishDB\Words\g\given.md
5941,giver,C:\GTT\EnglishDB\Words\g\giver.md
5942,giving,C:\GTT\EnglishDB\Words\g\giving.md
5943,gizmo,C:\GTT\EnglishDB\Words\g\gizmo.md
5944,glacial,C:\GTT\EnglishDB\Words\g\glacial.md
5945,glacier,C:\GTT\EnglishDB\Words\g\glacier.md
5946,glad,C:\GTT\EnglishDB\Words\g\glad.md
5947,glade,C:\GTT\EnglishDB\Words\g\glade.md
5948,gladly,C:\GTT\EnglishDB\Words\g\gladly.md
5949,glamorous,C:\GTT\EnglishDB\Words\g\glamorous.md
5950,glamour,C:\GTT\EnglishDB\Words\g\glamour.md
5951,glance,C:\GTT\EnglishDB\Words\g\glance.md
5952,gland,C:\GTT\EnglishDB\Words\g\gland.md
5953,glare,C:\GTT\EnglishDB\Words\g\glare.md
5954,glaring,C:\GTT\EnglishDB\Words\g\glaring.md
5955,glass,C:\GTT\EnglishDB\Words\g\glass.md
5956,glassware,C:\GTT\EnglishDB\Words\g\glassware.md
5957,glassy,C:\GTT\EnglishDB\Words\g\glassy.md
5958,glaze,C:\GTT\EnglishDB\Words\g\glaze.md
5959,glazed,C:\GTT\EnglishDB\Words\g\glazed.md
5960,gleam,C:\GTT\EnglishDB\Words\g\gleam.md
5961,glean,C:\GTT\EnglishDB\Words\g\glean.md
5962,glee,C:\GTT\EnglishDB\Words\g\glee.md
5963,glib,C:\GTT\EnglishDB\Words\g\glib.md
5964,glide,C:\GTT\EnglishDB\Words\g\glide.md
5965,glider,C:\GTT\EnglishDB\Words\g\glider.md
5966,glimmer,C:\GTT\EnglishDB\Words\g\glimmer.md
5967,glimpse,C:\GTT\EnglishDB\Words\g\glimpse.md
5968,glint,C:\GTT\EnglishDB\Words\g\glint.md
5969,glisten,C:\GTT\EnglishDB\Words\g\glisten.md
5970,glitch,C:\GTT\EnglishDB\Words\g\glitch.md
5971,glitter,C:\GTT\EnglishDB\Words\g\glitter.md
5972,glitzy,C:\GTT\EnglishDB\Words\g\glitzy.md
5973,gloat,C:\GTT\EnglishDB\Words\g\gloat.md
5974,global,C:\GTT\EnglishDB\Words\g\global.md
5975,globalization,C:\GTT\EnglishDB\Words\g\globalization.md
5976,globe,C:\GTT\EnglishDB\Words\g\globe.md
5977,globular,C:\GTT\EnglishDB\Words\g\globular.md
5978,gloom,C:\GTT\EnglishDB\Words\g\gloom.md
5979,gloomy,C:\GTT\EnglishDB\Words\g\gloomy.md
5980,glorify,C:\GTT\EnglishDB\Words\g\glorify.md
5981,glorious,C:\GTT\EnglishDB\Words\g\glorious.md
5982,glory,C:\GTT\EnglishDB\Words\g\glory.md
5983,gloss,C:\GTT\EnglishDB\Words\g\gloss.md
5984,glossary,C:\GTT\EnglishDB\Words\g\glossary.md
5985,glossy,C:\GTT\EnglishDB\Words\g\glossy.md
5986,glove,C:\GTT\EnglishDB\Words\g\glove.md
5987,glow,C:\GTT\EnglishDB\Words\g\glow.md
5988,glower,C:\GTT\EnglishDB\Words\g\glower.md
5989,glowing,C:\GTT\EnglishDB\Words\g\glowing.md
5990,glucose,C:\GTT\EnglishDB\Words\g\glucose.md
5991,glue,C:\GTT\EnglishDB\Words\g\glue.md
5992,glut,C:\GTT\EnglishDB\Words\g\glut.md
5993,gnarled,C:\GTT\EnglishDB\Words\g\gnarled.md
5994,gnaw,C:\GTT\EnglishDB\Words\g\gnaw.md
5995,go,C:\GTT\EnglishDB\Words\g\go.md
5996,goad,C:\GTT\EnglishDB\Words\g\goad.md
5997,goal,C:\GTT\EnglishDB\Words\g\goal.md
5998,goalie,C:\GTT\EnglishDB\Words\g\goalie.md
5999,goat,C:\GTT\EnglishDB\Words\g\goat.md
6000,goatee,C:\GTT\EnglishDB\Words\g\goatee.md
6001,gobble,C:\GTT\EnglishDB\Words\g\gobble.md
6002,gobbler,C:\GTT\EnglishDB\Words\g\gobbler.md
6003,goblet,C:\GTT\EnglishDB\Words\g\goblet.md
6004,goblin,C:\GTT\EnglishDB\Words\g\goblin.md
6005,goddamn,C:\GTT\EnglishDB\Words\g\goddamn.md
6006,goddamned,C:\GTT\EnglishDB\Words\g\goddamned.md
6007,goddess,C:\GTT\EnglishDB\Words\g\goddess.md
6008,godfather,C:\GTT\EnglishDB\Words\g\godfather.md
6009,godmother,C:\GTT\EnglishDB\Words\g\godmother.md
6010,going,C:\GTT\EnglishDB\Words\g\going.md
6011,gold,C:\GTT\EnglishDB\Words\g\gold.md
6012,golden,C:\GTT\EnglishDB\Words\g\golden.md
6013,goldfish,C:\GTT\EnglishDB\Words\g\goldfish.md
6014,golf,C:\GTT\EnglishDB\Words\g\golf.md
6015,golfer,C:\GTT\EnglishDB\Words\g\golfer.md
6016,gondola,C:\GTT\EnglishDB\Words\g\gondola.md
6017,gong,C:\GTT\EnglishDB\Words\g\gong.md
6018,goo,C:\GTT\EnglishDB\Words\g\goo.md
6019,good,C:\GTT\EnglishDB\Words\g\good.md
6020,goodbye,C:\GTT\EnglishDB\Words\g\goodbye.md
6021,goodness,C:\GTT\EnglishDB\Words\g\goodness.md
6022,goodwill,C:\GTT\EnglishDB\Words\g\goodwill.md
6023,gooey,C:\GTT\EnglishDB\Words\g\gooey.md
6024,goof,C:\GTT\EnglishDB\Words\g\goof.md
6025,goofy,C:\GTT\EnglishDB\Words\g\goofy.md
6026,goon,C:\GTT\EnglishDB\Words\g\goon.md
6027,goose,C:\GTT\EnglishDB\Words\g\goose.md
6028,gorge,C:\GTT\EnglishDB\Words\g\gorge.md
6029,gorgeous,C:\GTT\EnglishDB\Words\g\gorgeous.md
6030,gorilla,C:\GTT\EnglishDB\Words\g\gorilla.md
6031,gory,C:\GTT\EnglishDB\Words\g\gory.md
6032,gosh,C:\GTT\EnglishDB\Words\g\gosh.md
6033,gospel,C:\GTT\EnglishDB\Words\g\gospel.md
6034,gossip,C:\GTT\EnglishDB\Words\g\gossip.md
6035,gothic,C:\GTT\EnglishDB\Words\g\gothic.md
6036,gouge,C:\GTT\EnglishDB\Words\g\gouge.md
6037,gourd,C:\GTT\EnglishDB\Words\g\gourd.md
6038,gourmet,C:\GTT\EnglishDB\Words\g\gourmet.md
6039,govern,C:\GTT\EnglishDB\Words\g\govern.md
6040,governance,C:\GTT\EnglishDB\Words\g\governance.md
6041,government,C:\GTT\EnglishDB\Words\g\government.md
6042,governmental,C:\GTT\EnglishDB\Words\g\governmental.md
6043,governor,C:\GTT\EnglishDB\Words\g\governor.md
6044,governorship,C:\GTT\EnglishDB\Words\g\governorship.md
6045,gown,C:\GTT\EnglishDB\Words\g\gown.md
6046,grab,C:\GTT\EnglishDB\Words\g\grab.md
6047,grace,C:\GTT\EnglishDB\Words\g\grace.md
6048,graceful,C:\GTT\EnglishDB\Words\g\graceful.md
6049,gracefully,C:\GTT\EnglishDB\Words\g\gracefully.md
6050,gracious,C:\GTT\EnglishDB\Words\g\gracious.md
6051,graciously,C:\GTT\EnglishDB\Words\g\graciously.md
6052,grad,C:\GTT\EnglishDB\Words\g\grad.md
6053,grade,C:\GTT\EnglishDB\Words\g\grade.md
6054,grader,C:\GTT\EnglishDB\Words\g\grader.md
6055,gradient,C:\GTT\EnglishDB\Words\g\gradient.md
6056,grading,C:\GTT\EnglishDB\Words\g\grading.md
6057,gradual,C:\GTT\EnglishDB\Words\g\gradual.md
6058,gradually,C:\GTT\EnglishDB\Words\g\gradually.md
6059,graduate,C:\GTT\EnglishDB\Words\g\graduate.md
6060,graduation,C:\GTT\EnglishDB\Words\g\graduation.md
6061,graft,C:\GTT\EnglishDB\Words\g\graft.md
6062,grain,C:\GTT\EnglishDB\Words\g\grain.md
6063,grainy,C:\GTT\EnglishDB\Words\g\grainy.md
6064,grammar,C:\GTT\EnglishDB\Words\g\grammar.md
6065,grammatical,C:\GTT\EnglishDB\Words\g\grammatical.md
6066,grand,C:\GTT\EnglishDB\Words\g\grand.md
6067,grandchild,C:\GTT\EnglishDB\Words\g\grandchild.md
6068,granddaughter,C:\GTT\EnglishDB\Words\g\granddaughter.md
6069,grandeur,C:\GTT\EnglishDB\Words\g\grandeur.md
6070,grandfather,C:\GTT\EnglishDB\Words\g\grandfather.md
6071,grandiose,C:\GTT\EnglishDB\Words\g\grandiose.md
6072,grandma,C:\GTT\EnglishDB\Words\g\grandma.md
6073,grandmother,C:\GTT\EnglishDB\Words\g\grandmother.md
6074,grandpa,C:\GTT\EnglishDB\Words\g\grandpa.md
6075,grandparent,C:\GTT\EnglishDB\Words\g\grandparent.md
6076,grandson,C:\GTT\EnglishDB\Words\g\grandson.md
6077,granite,C:\GTT\EnglishDB\Words\g\granite.md
6078,granny,C:\GTT\EnglishDB\Words\g\granny.md
6079,grant,C:\GTT\EnglishDB\Words\g\grant.md
6080,granulate,C:\GTT\EnglishDB\Words\g\granulate.md
6081,grape,C:\GTT\EnglishDB\Words\g\grape.md
6082,grapefruit,C:\GTT\EnglishDB\Words\g\grapefruit.md
6083,grapevine,C:\GTT\EnglishDB\Words\g\grapevine.md
6084,graph,C:\GTT\EnglishDB\Words\g\graph.md
6085,graphic,C:\GTT\EnglishDB\Words\g\graphic.md
6086,graphical,C:\GTT\EnglishDB\Words\g\graphical.md
6087,graphite,C:\GTT\EnglishDB\Words\g\graphite.md
6088,grapple,C:\GTT\EnglishDB\Words\g\grapple.md
6089,grasp,C:\GTT\EnglishDB\Words\g\grasp.md
6090,grass,C:\GTT\EnglishDB\Words\g\grass.md
6091,grasshopper,C:\GTT\EnglishDB\Words\g\grasshopper.md
6092,grassland,C:\GTT\EnglishDB\Words\g\grassland.md
6093,grassy,C:\GTT\EnglishDB\Words\g\grassy.md
6094,grate,C:\GTT\EnglishDB\Words\g\grate.md
6095,grateful,C:\GTT\EnglishDB\Words\g\grateful.md
6096,gratefully,C:\GTT\EnglishDB\Words\g\gratefully.md
6097,gratification,C:\GTT\EnglishDB\Words\g\gratification.md
6098,gratify,C:\GTT\EnglishDB\Words\g\gratify.md
6099,gratifying,C:\GTT\EnglishDB\Words\g\gratifying.md
6100,grating,C:\GTT\EnglishDB\Words\g\grating.md
6101,gratitude,C:\GTT\EnglishDB\Words\g\gratitude.md
6102,gratuitous,C:\GTT\EnglishDB\Words\g\gratuitous.md
6103,grave,C:\GTT\EnglishDB\Words\g\grave.md
6104,gravel,C:\GTT\EnglishDB\Words\g\gravel.md
6105,gravely,C:\GTT\EnglishDB\Words\g\gravely.md
6106,gravestone,C:\GTT\EnglishDB\Words\g\gravestone.md
6107,graveyard,C:\GTT\EnglishDB\Words\g\graveyard.md
6108,gravitate,C:\GTT\EnglishDB\Words\g\gravitate.md
6109,gravitational,C:\GTT\EnglishDB\Words\g\gravitational.md
6110,gravity,C:\GTT\EnglishDB\Words\g\gravity.md
6111,gravy,C:\GTT\EnglishDB\Words\g\gravy.md
6112,gray,C:\GTT\EnglishDB\Words\g\gray.md
6113,graze,C:\GTT\EnglishDB\Words\g\graze.md
6114,grazing,C:\GTT\EnglishDB\Words\g\grazing.md
6115,grease,C:\GTT\EnglishDB\Words\g\grease.md
6116,greasy,C:\GTT\EnglishDB\Words\g\greasy.md
6117,great,C:\GTT\EnglishDB\Words\g\great.md
6118,greatest,C:\GTT\EnglishDB\Words\g\greatest.md
6119,greatly,C:\GTT\EnglishDB\Words\g\greatly.md
6120,greatness,C:\GTT\EnglishDB\Words\g\greatness.md
6121,greed,C:\GTT\EnglishDB\Words\g\greed.md
6122,greedy,C:\GTT\EnglishDB\Words\g\greedy.md
6123,green,C:\GTT\EnglishDB\Words\g\green.md
6124,greenery,C:\GTT\EnglishDB\Words\g\greenery.md
6125,greenhouse,C:\GTT\EnglishDB\Words\g\greenhouse.md
6126,greenish,C:\GTT\EnglishDB\Words\g\greenish.md
6127,greet,C:\GTT\EnglishDB\Words\g\greet.md
6128,greeting,C:\GTT\EnglishDB\Words\g\greeting.md
6129,gregarious,C:\GTT\EnglishDB\Words\g\gregarious.md
6130,grenade,C:\GTT\EnglishDB\Words\g\grenade.md
6131,grid,C:\GTT\EnglishDB\Words\g\grid.md
6132,grief,C:\GTT\EnglishDB\Words\g\grief.md
6133,grievance,C:\GTT\EnglishDB\Words\g\grievance.md
6134,grieve,C:\GTT\EnglishDB\Words\g\grieve.md
6135,grill,C:\GTT\EnglishDB\Words\g\grill.md
6136,grille,C:\GTT\EnglishDB\Words\g\grille.md
6137,grilled,C:\GTT\EnglishDB\Words\g\grilled.md
6138,grim,C:\GTT\EnglishDB\Words\g\grim.md
6139,grimace,C:\GTT\EnglishDB\Words\g\grimace.md
6140,grime,C:\GTT\EnglishDB\Words\g\grime.md
6141,grimly,C:\GTT\EnglishDB\Words\g\grimly.md
6142,grimy,C:\GTT\EnglishDB\Words\g\grimy.md
6143,grin,C:\GTT\EnglishDB\Words\g\grin.md
6144,grind,C:\GTT\EnglishDB\Words\g\grind.md
6145,grinder,C:\GTT\EnglishDB\Words\g\grinder.md
6146,grinding,C:\GTT\EnglishDB\Words\g\grinding.md
6147,grip,C:\GTT\EnglishDB\Words\g\grip.md
6148,gripe,C:\GTT\EnglishDB\Words\g\gripe.md
6149,grisly,C:\GTT\EnglishDB\Words\g\grisly.md
6150,grit,C:\GTT\EnglishDB\Words\g\grit.md
6151,gritty,C:\GTT\EnglishDB\Words\g\gritty.md
6152,grizzly,C:\GTT\EnglishDB\Words\g\grizzly.md
6153,groan,C:\GTT\EnglishDB\Words\g\groan.md
6154,grocer,C:\GTT\EnglishDB\Words\g\grocer.md
6155,grocery,C:\GTT\EnglishDB\Words\g\grocery.md
6156,groggy,C:\GTT\EnglishDB\Words\g\groggy.md
6157,groin,C:\GTT\EnglishDB\Words\g\groin.md
6158,groom,C:\GTT\EnglishDB\Words\g\groom.md
6159,groove,C:\GTT\EnglishDB\Words\g\groove.md
6160,grope,C:\GTT\EnglishDB\Words\g\grope.md
6161,gross,C:\GTT\EnglishDB\Words\g\gross.md
6162,grossly,C:\GTT\EnglishDB\Words\g\grossly.md
6163,grotesque,C:\GTT\EnglishDB\Words\g\grotesque.md
6164,grotto,C:\GTT\EnglishDB\Words\g\grotto.md
6165,ground,C:\GTT\EnglishDB\Words\g\ground.md
6166,grounding,C:\GTT\EnglishDB\Words\g\grounding.md
6167,groundwater,C:\GTT\EnglishDB\Words\g\groundwater.md
6168,groundwork,C:\GTT\EnglishDB\Words\g\groundwork.md
6169,group,C:\GTT\EnglishDB\Words\g\group.md
6170,grouping,C:\GTT\EnglishDB\Words\g\grouping.md
6171,grouse,C:\GTT\EnglishDB\Words\g\grouse.md
6172,grove,C:\GTT\EnglishDB\Words\g\grove.md
6173,grow,C:\GTT\EnglishDB\Words\g\grow.md
6174,grower,C:\GTT\EnglishDB\Words\g\grower.md
6175,growing,C:\GTT\EnglishDB\Words\g\growing.md
6176,growl,C:\GTT\EnglishDB\Words\g\growl.md
6177,grown,C:\GTT\EnglishDB\Words\g\grown.md
6178,growth,C:\GTT\EnglishDB\Words\g\growth.md
6179,grub,C:\GTT\EnglishDB\Words\g\grub.md
6180,grudge,C:\GTT\EnglishDB\Words\g\grudge.md
6181,grudging,C:\GTT\EnglishDB\Words\g\grudging.md
6182,grueling,C:\GTT\EnglishDB\Words\g\grueling.md
6183,gruesome,C:\GTT\EnglishDB\Words\g\gruesome.md
6184,gruff,C:\GTT\EnglishDB\Words\g\gruff.md
6185,grumble,C:\GTT\EnglishDB\Words\g\grumble.md
6186,grumpy,C:\GTT\EnglishDB\Words\g\grumpy.md
6187,grunt,C:\GTT\EnglishDB\Words\g\grunt.md
6188,guarantee,C:\GTT\EnglishDB\Words\g\guarantee.md
6189,guard,C:\GTT\EnglishDB\Words\g\guard.md
6190,guarded,C:\GTT\EnglishDB\Words\g\guarded.md
6191,guardian,C:\GTT\EnglishDB\Words\g\guardian.md
6192,gubernatorial,C:\GTT\EnglishDB\Words\g\gubernatorial.md
6193,guerrilla,C:\GTT\EnglishDB\Words\g\guerrilla.md
6194,guess,C:\GTT\EnglishDB\Words\g\guess.md
6195,guest,C:\GTT\EnglishDB\Words\g\guest.md
6196,guidance,C:\GTT\EnglishDB\Words\g\guidance.md
6197,guide,C:\GTT\EnglishDB\Words\g\guide.md
6198,guidebook,C:\GTT\EnglishDB\Words\g\guidebook.md
6199,guideline,C:\GTT\EnglishDB\Words\g\guideline.md
6200,guild,C:\GTT\EnglishDB\Words\g\guild.md
6201,guilt,C:\GTT\EnglishDB\Words\g\guilt.md
6202,guilty,C:\GTT\EnglishDB\Words\g\guilty.md
6203,guinea,C:\GTT\EnglishDB\Words\g\guinea.md
6204,guise,C:\GTT\EnglishDB\Words\g\guise.md
6205,guitar,C:\GTT\EnglishDB\Words\g\guitar.md
6206,guitarist,C:\GTT\EnglishDB\Words\g\guitarist.md
6207,gulf,C:\GTT\EnglishDB\Words\g\gulf.md
6208,gull,C:\GTT\EnglishDB\Words\g\gull.md
6209,gully,C:\GTT\EnglishDB\Words\g\gully.md
6210,gulp,C:\GTT\EnglishDB\Words\g\gulp.md
6211,gum,C:\GTT\EnglishDB\Words\g\gum.md
6212,gumbo,C:\GTT\EnglishDB\Words\g\gumbo.md
6213,gun,C:\GTT\EnglishDB\Words\g\gun.md
6214,gunfire,C:\GTT\EnglishDB\Words\g\gunfire.md
6215,gunman,C:\GTT\EnglishDB\Words\g\gunman.md
6216,gunner,C:\GTT\EnglishDB\Words\g\gunner.md
6217,gunpoint,C:\GTT\EnglishDB\Words\g\gunpoint.md
6218,gunpowder,C:\GTT\EnglishDB\Words\g\gunpowder.md
6219,gunshot,C:\GTT\EnglishDB\Words\g\gunshot.md
6220,guru,C:\GTT\EnglishDB\Words\g\guru.md
6221,gush,C:\GTT\EnglishDB\Words\g\gush.md
6222,gust,C:\GTT\EnglishDB\Words\g\gust.md
6223,gusto,C:\GTT\EnglishDB\Words\g\gusto.md
6224,gut,C:\GTT\EnglishDB\Words\g\gut.md
6225,gutter,C:\GTT\EnglishDB\Words\g\gutter.md
6226,guy,C:\GTT\EnglishDB\Words\g\guy.md
6227,gym,C:\GTT\EnglishDB\Words\g\gym.md
6228,gymnasium,C:\GTT\EnglishDB\Words\g\gymnasium.md
6229,gymnast,C:\GTT\EnglishDB\Words\g\gymnast.md
6230,gymnastics,C:\GTT\EnglishDB\Words\g\gymnastics.md
6231,gynecologist,C:\GTT\EnglishDB\Words\g\gynecologist.md
6232,gypsy,C:\GTT\EnglishDB\Words\g\gypsy.md
6233,ha,C:\GTT\EnglishDB\Words\h\ha.md
6234,habit,C:\GTT\EnglishDB\Words\h\habit.md
6235,habitable,C:\GTT\EnglishDB\Words\h\habitable.md
6236,habitat,C:\GTT\EnglishDB\Words\h\habitat.md
6237,habitation,C:\GTT\EnglishDB\Words\h\habitation.md
6238,habitual,C:\GTT\EnglishDB\Words\h\habitual.md
6239,habitually,C:\GTT\EnglishDB\Words\h\habitually.md
6240,hacienda,C:\GTT\EnglishDB\Words\h\hacienda.md
6241,hack,C:\GTT\EnglishDB\Words\h\hack.md
6242,hacker,C:\GTT\EnglishDB\Words\h\hacker.md
6243,haggle,C:\GTT\EnglishDB\Words\h\haggle.md
6244,hah,C:\GTT\EnglishDB\Words\h\hah.md
6245,hail,C:\GTT\EnglishDB\Words\h\hail.md
6246,hair,C:\GTT\EnglishDB\Words\h\hair.md
6247,haircut,C:\GTT\EnglishDB\Words\h\haircut.md
6248,hairdo,C:\GTT\EnglishDB\Words\h\hairdo.md
6249,hairdresser,C:\GTT\EnglishDB\Words\h\hairdresser.md
6250,hairline,C:\GTT\EnglishDB\Words\h\hairline.md
6251,hairstyle,C:\GTT\EnglishDB\Words\h\hairstyle.md
6252,hairy,C:\GTT\EnglishDB\Words\h\hairy.md
6253,half,C:\GTT\EnglishDB\Words\h\half.md
6254,halfway,C:\GTT\EnglishDB\Words\h\halfway.md
6255,halibut,C:\GTT\EnglishDB\Words\h\halibut.md
6256,hall,C:\GTT\EnglishDB\Words\h\hall.md
6257,hallmark,C:\GTT\EnglishDB\Words\h\hallmark.md
6258,hallowed,C:\GTT\EnglishDB\Words\h\hallowed.md
6259,hallucination,C:\GTT\EnglishDB\Words\h\hallucination.md
6260,hallway,C:\GTT\EnglishDB\Words\h\hallway.md
6261,halo,C:\GTT\EnglishDB\Words\h\halo.md
6262,halt,C:\GTT\EnglishDB\Words\h\halt.md
6263,halter,C:\GTT\EnglishDB\Words\h\halter.md
6264,halting,C:\GTT\EnglishDB\Words\h\halting.md
6265,halve,C:\GTT\EnglishDB\Words\h\halve.md
6266,ham,C:\GTT\EnglishDB\Words\h\ham.md
6267,hamburger,C:\GTT\EnglishDB\Words\h\hamburger.md
6268,hamlet,C:\GTT\EnglishDB\Words\h\hamlet.md
6269,hammer,C:\GTT\EnglishDB\Words\h\hammer.md
6270,hammock,C:\GTT\EnglishDB\Words\h\hammock.md
6271,hamper,C:\GTT\EnglishDB\Words\h\hamper.md
6272,hamster,C:\GTT\EnglishDB\Words\h\hamster.md
6273,hamstring,C:\GTT\EnglishDB\Words\h\hamstring.md
6274,hand,C:\GTT\EnglishDB\Words\h\hand.md
6275,handbag,C:\GTT\EnglishDB\Words\h\handbag.md
6276,handbook,C:\GTT\EnglishDB\Words\h\handbook.md
6277,handcuff,C:\GTT\EnglishDB\Words\h\handcuff.md
6278,handful,C:\GTT\EnglishDB\Words\h\handful.md
6279,handgun,C:\GTT\EnglishDB\Words\h\handgun.md
6280,handicap,C:\GTT\EnglishDB\Words\h\handicap.md
6281,handicapped,C:\GTT\EnglishDB\Words\h\handicapped.md
6282,handily,C:\GTT\EnglishDB\Words\h\handily.md
6283,handiwork,C:\GTT\EnglishDB\Words\h\handiwork.md
6284,handkerchief,C:\GTT\EnglishDB\Words\h\handkerchief.md
6285,handle,C:\GTT\EnglishDB\Words\h\handle.md
6286,handlebar,C:\GTT\EnglishDB\Words\h\handlebar.md
6287,handler,C:\GTT\EnglishDB\Words\h\handler.md
6288,handling,C:\GTT\EnglishDB\Words\h\handling.md
6289,handmade,C:\GTT\EnglishDB\Words\h\handmade.md
6290,handout,C:\GTT\EnglishDB\Words\h\handout.md
6291,handset,C:\GTT\EnglishDB\Words\h\handset.md
6292,handshake,C:\GTT\EnglishDB\Words\h\handshake.md
6293,handsome,C:\GTT\EnglishDB\Words\h\handsome.md
6294,handsomely,C:\GTT\EnglishDB\Words\h\handsomely.md
6295,handwriting,C:\GTT\EnglishDB\Words\h\handwriting.md
6296,handwritten,C:\GTT\EnglishDB\Words\h\handwritten.md
6297,handy,C:\GTT\EnglishDB\Words\h\handy.md
6298,hang,C:\GTT\EnglishDB\Words\h\hang.md
6299,hangar,C:\GTT\EnglishDB\Words\h\hangar.md
6300,hanger,C:\GTT\EnglishDB\Words\h\hanger.md
6301,hanging,C:\GTT\EnglishDB\Words\h\hanging.md
6302,hangout,C:\GTT\EnglishDB\Words\h\hangout.md
6303,hangover,C:\GTT\EnglishDB\Words\h\hangover.md
6304,haphazard,C:\GTT\EnglishDB\Words\h\haphazard.md
6305,hapless,C:\GTT\EnglishDB\Words\h\hapless.md
6306,happen,C:\GTT\EnglishDB\Words\h\happen.md
6307,happening,C:\GTT\EnglishDB\Words\h\happening.md
6308,happily,C:\GTT\EnglishDB\Words\h\happily.md
6309,happy,C:\GTT\EnglishDB\Words\h\happy.md
6310,harass,C:\GTT\EnglishDB\Words\h\harass.md
6311,harassment,C:\GTT\EnglishDB\Words\h\harassment.md
6312,harbinger,C:\GTT\EnglishDB\Words\h\harbinger.md
6313,harbor,C:\GTT\EnglishDB\Words\h\harbor.md
6314,hard,C:\GTT\EnglishDB\Words\h\hard.md
6315,hardball,C:\GTT\EnglishDB\Words\h\hardball.md
6316,hardcover,C:\GTT\EnglishDB\Words\h\hardcover.md
6317,harden,C:\GTT\EnglishDB\Words\h\harden.md
6318,hardened,C:\GTT\EnglishDB\Words\h\hardened.md
6319,hardly,C:\GTT\EnglishDB\Words\h\hardly.md
6320,hardness,C:\GTT\EnglishDB\Words\h\hardness.md
6321,hardship,C:\GTT\EnglishDB\Words\h\hardship.md
6322,hardware,C:\GTT\EnglishDB\Words\h\hardware.md
6323,hardwood,C:\GTT\EnglishDB\Words\h\hardwood.md
6324,hardy,C:\GTT\EnglishDB\Words\h\hardy.md
6325,hare,C:\GTT\EnglishDB\Words\h\hare.md
6326,harem,C:\GTT\EnglishDB\Words\h\harem.md
6327,harm,C:\GTT\EnglishDB\Words\h\harm.md
6328,harmful,C:\GTT\EnglishDB\Words\h\harmful.md
6329,harmless,C:\GTT\EnglishDB\Words\h\harmless.md
6330,harmonic,C:\GTT\EnglishDB\Words\h\harmonic.md
6331,harmonica,C:\GTT\EnglishDB\Words\h\harmonica.md
6332,harmonious,C:\GTT\EnglishDB\Words\h\harmonious.md
6333,harmonize,C:\GTT\EnglishDB\Words\h\harmonize.md
6334,harmony,C:\GTT\EnglishDB\Words\h\harmony.md
6335,harness,C:\GTT\EnglishDB\Words\h\harness.md
6336,harp,C:\GTT\EnglishDB\Words\h\harp.md
6337,harrowing,C:\GTT\EnglishDB\Words\h\harrowing.md
6338,harsh,C:\GTT\EnglishDB\Words\h\harsh.md
6339,harshly,C:\GTT\EnglishDB\Words\h\harshly.md
6340,harvest,C:\GTT\EnglishDB\Words\h\harvest.md
6341,harvesting,C:\GTT\EnglishDB\Words\h\harvesting.md
6342,hash,C:\GTT\EnglishDB\Words\h\hash.md
6343,hassle,C:\GTT\EnglishDB\Words\h\hassle.md
6344,haste,C:\GTT\EnglishDB\Words\h\haste.md
6345,hasten,C:\GTT\EnglishDB\Words\h\hasten.md
6346,hastily,C:\GTT\EnglishDB\Words\h\hastily.md
6347,hasty,C:\GTT\EnglishDB\Words\h\hasty.md
6348,hat,C:\GTT\EnglishDB\Words\h\hat.md
6349,hatch,C:\GTT\EnglishDB\Words\h\hatch.md
6350,hatchery,C:\GTT\EnglishDB\Words\h\hatchery.md
6351,hatchet,C:\GTT\EnglishDB\Words\h\hatchet.md
6352,hate,C:\GTT\EnglishDB\Words\h\hate.md
6353,hateful,C:\GTT\EnglishDB\Words\h\hateful.md
6354,hatred,C:\GTT\EnglishDB\Words\h\hatred.md
6355,haul,C:\GTT\EnglishDB\Words\h\haul.md
6356,hauler,C:\GTT\EnglishDB\Words\h\hauler.md
6357,haunch,C:\GTT\EnglishDB\Words\h\haunch.md
6358,haunt,C:\GTT\EnglishDB\Words\h\haunt.md
6359,haunted,C:\GTT\EnglishDB\Words\h\haunted.md
6360,haunting,C:\GTT\EnglishDB\Words\h\haunting.md
6361,have,C:\GTT\EnglishDB\Words\h\have.md
6362,haven,C:\GTT\EnglishDB\Words\h\haven.md
6363,havoc,C:\GTT\EnglishDB\Words\h\havoc.md
6364,hawk,C:\GTT\EnglishDB\Words\h\hawk.md
6365,hazard,C:\GTT\EnglishDB\Words\h\hazard.md
6366,hazardous,C:\GTT\EnglishDB\Words\h\hazardous.md
6367,haze,C:\GTT\EnglishDB\Words\h\haze.md
6368,hazelnut,C:\GTT\EnglishDB\Words\h\hazelnut.md
6369,hazy,C:\GTT\EnglishDB\Words\h\hazy.md
6370,he,C:\GTT\EnglishDB\Words\h\he.md
6371,head,C:\GTT\EnglishDB\Words\h\head.md
6372,headache,C:\GTT\EnglishDB\Words\h\headache.md
6373,headband,C:\GTT\EnglishDB\Words\h\headband.md
6374,headboard,C:\GTT\EnglishDB\Words\h\headboard.md
6375,headdress,C:\GTT\EnglishDB\Words\h\headdress.md
6376,heading,C:\GTT\EnglishDB\Words\h\heading.md
6377,headless,C:\GTT\EnglishDB\Words\h\headless.md
6378,headlight,C:\GTT\EnglishDB\Words\h\headlight.md
6379,headline,C:\GTT\EnglishDB\Words\h\headline.md
6380,headliner,C:\GTT\EnglishDB\Words\h\headliner.md
6381,headlong,C:\GTT\EnglishDB\Words\h\headlong.md
6382,headmaster,C:\GTT\EnglishDB\Words\h\headmaster.md
6383,headquarters,C:\GTT\EnglishDB\Words\h\headquarters.md
6384,headset,C:\GTT\EnglishDB\Words\h\headset.md
6385,headstone,C:\GTT\EnglishDB\Words\h\headstone.md
6386,headwaters,C:\GTT\EnglishDB\Words\h\headwaters.md
6387,headway,C:\GTT\EnglishDB\Words\h\headway.md
6388,heady,C:\GTT\EnglishDB\Words\h\heady.md
6389,heal,C:\GTT\EnglishDB\Words\h\heal.md
6390,healer,C:\GTT\EnglishDB\Words\h\healer.md
6391,healing,C:\GTT\EnglishDB\Words\h\healing.md
6392,health,C:\GTT\EnglishDB\Words\h\health.md
6393,healthful,C:\GTT\EnglishDB\Words\h\healthful.md
6394,healthy,C:\GTT\EnglishDB\Words\h\healthy.md
6395,heap,C:\GTT\EnglishDB\Words\h\heap.md
6396,hear,C:\GTT\EnglishDB\Words\h\hear.md
6397,hearing,C:\GTT\EnglishDB\Words\h\hearing.md
6398,hearsay,C:\GTT\EnglishDB\Words\h\hearsay.md
6399,heart,C:\GTT\EnglishDB\Words\h\heart.md
6400,heartache,C:\GTT\EnglishDB\Words\h\heartache.md
6401,heartbeat,C:\GTT\EnglishDB\Words\h\heartbeat.md
6402,heartbreak,C:\GTT\EnglishDB\Words\h\heartbreak.md
6403,heartbreaking,C:\GTT\EnglishDB\Words\h\heartbreaking.md
6404,heartbroken,C:\GTT\EnglishDB\Words\h\heartbroken.md
6405,heartfelt,C:\GTT\EnglishDB\Words\h\heartfelt.md
6406,hearth,C:\GTT\EnglishDB\Words\h\hearth.md
6407,heartily,C:\GTT\EnglishDB\Words\h\heartily.md
6408,heartland,C:\GTT\EnglishDB\Words\h\heartland.md
6409,heartless,C:\GTT\EnglishDB\Words\h\heartless.md
6410,hearty,C:\GTT\EnglishDB\Words\h\hearty.md
6411,heated,C:\GTT\EnglishDB\Words\h\heated.md
6412,heater,C:\GTT\EnglishDB\Words\h\heater.md
6413,heating,C:\GTT\EnglishDB\Words\h\heating.md
6414,heave,C:\GTT\EnglishDB\Words\h\heave.md
6415,heaven,C:\GTT\EnglishDB\Words\h\heaven.md
6416,heavenly,C:\GTT\EnglishDB\Words\h\heavenly.md
6417,heavily,C:\GTT\EnglishDB\Words\h\heavily.md
6418,heavy,C:\GTT\EnglishDB\Words\h\heavy.md
6419,heavyweight,C:\GTT\EnglishDB\Words\h\heavyweight.md
6420,heck,C:\GTT\EnglishDB\Words\h\heck.md
6421,hectic,C:\GTT\EnglishDB\Words\h\hectic.md
6422,hedge,C:\GTT\EnglishDB\Words\h\hedge.md
6423,heed,C:\GTT\EnglishDB\Words\h\heed.md
6424,heel,C:\GTT\EnglishDB\Words\h\heel.md
6425,heft,C:\GTT\EnglishDB\Words\h\heft.md
6426,hefty,C:\GTT\EnglishDB\Words\h\hefty.md
6427,hegemonic,C:\GTT\EnglishDB\Words\h\hegemonic.md
6428,hegemony,C:\GTT\EnglishDB\Words\h\hegemony.md
6429,height,C:\GTT\EnglishDB\Words\h\height.md
6430,heighten,C:\GTT\EnglishDB\Words\h\heighten.md
6431,heinous,C:\GTT\EnglishDB\Words\h\heinous.md
6432,heir,C:\GTT\EnglishDB\Words\h\heir.md
6433,heiress,C:\GTT\EnglishDB\Words\h\heiress.md
6434,heirloom,C:\GTT\EnglishDB\Words\h\heirloom.md
6435,helicopter,C:\GTT\EnglishDB\Words\h\helicopter.md
6436,helium,C:\GTT\EnglishDB\Words\h\helium.md
6437,hell,C:\GTT\EnglishDB\Words\h\hell.md
6438,hellish,C:\GTT\EnglishDB\Words\h\hellish.md
6439,hello,C:\GTT\EnglishDB\Words\h\hello.md
6440,helmet,C:\GTT\EnglishDB\Words\h\helmet.md
6441,help,C:\GTT\EnglishDB\Words\h\help.md
6442,helper,C:\GTT\EnglishDB\Words\h\helper.md
6443,helpful,C:\GTT\EnglishDB\Words\h\helpful.md
6444,helping,C:\GTT\EnglishDB\Words\h\helping.md
6445,helpless,C:\GTT\EnglishDB\Words\h\helpless.md
6446,helplessly,C:\GTT\EnglishDB\Words\h\helplessly.md
6447,hem,C:\GTT\EnglishDB\Words\h\hem.md
6448,hemisphere,C:\GTT\EnglishDB\Words\h\hemisphere.md
6449,hemlock,C:\GTT\EnglishDB\Words\h\hemlock.md
6450,hemorrhage,C:\GTT\EnglishDB\Words\h\hemorrhage.md
6451,hemp,C:\GTT\EnglishDB\Words\h\hemp.md
6452,hen,C:\GTT\EnglishDB\Words\h\hen.md
6453,hence,C:\GTT\EnglishDB\Words\h\hence.md
6454,henceforth,C:\GTT\EnglishDB\Words\h\henceforth.md
6455,hepatitis,C:\GTT\EnglishDB\Words\h\hepatitis.md
6456,her,C:\GTT\EnglishDB\Words\h\her.md
6457,herald,C:\GTT\EnglishDB\Words\h\herald.md
6458,herb,C:\GTT\EnglishDB\Words\h\herb.md
6459,herbal,C:\GTT\EnglishDB\Words\h\herbal.md
6460,herbicide,C:\GTT\EnglishDB\Words\h\herbicide.md
6461,herd,C:\GTT\EnglishDB\Words\h\herd.md
6462,herder,C:\GTT\EnglishDB\Words\h\herder.md
6463,here,C:\GTT\EnglishDB\Words\h\here.md
6464,hereafter,C:\GTT\EnglishDB\Words\h\hereafter.md
6465,hereby,C:\GTT\EnglishDB\Words\h\hereby.md
6466,hereditary,C:\GTT\EnglishDB\Words\h\hereditary.md
6467,herein,C:\GTT\EnglishDB\Words\h\herein.md
6468,heresy,C:\GTT\EnglishDB\Words\h\heresy.md
6469,heretic,C:\GTT\EnglishDB\Words\h\heretic.md
6470,heretofore,C:\GTT\EnglishDB\Words\h\heretofore.md
6471,heritage,C:\GTT\EnglishDB\Words\h\heritage.md
6472,hermit,C:\GTT\EnglishDB\Words\h\hermit.md
6473,hero,C:\GTT\EnglishDB\Words\h\hero.md
6474,heroic,C:\GTT\EnglishDB\Words\h\heroic.md
6475,heroin,C:\GTT\EnglishDB\Words\h\heroin.md
6476,heroine,C:\GTT\EnglishDB\Words\h\heroine.md
6477,heroism,C:\GTT\EnglishDB\Words\h\heroism.md
6478,heron,C:\GTT\EnglishDB\Words\h\heron.md
6479,herpes,C:\GTT\EnglishDB\Words\h\herpes.md
6480,herring,C:\GTT\EnglishDB\Words\h\herring.md
6481,hers,C:\GTT\EnglishDB\Words\h\hers.md
6482,herself,C:\GTT\EnglishDB\Words\h\herself.md
6483,hesitant,C:\GTT\EnglishDB\Words\h\hesitant.md
6484,hesitantly,C:\GTT\EnglishDB\Words\h\hesitantly.md
6485,hesitate,C:\GTT\EnglishDB\Words\h\hesitate.md
6486,hesitation,C:\GTT\EnglishDB\Words\h\hesitation.md
6487,heterogeneity,C:\GTT\EnglishDB\Words\h\heterogeneity.md
6488,heterogeneous,C:\GTT\EnglishDB\Words\h\heterogeneous.md
6489,heterosexual,C:\GTT\EnglishDB\Words\h\heterosexual.md
6490,hey,C:\GTT\EnglishDB\Words\h\hey.md
6491,heyday,C:\GTT\EnglishDB\Words\h\heyday.md
6492,hi,C:\GTT\EnglishDB\Words\h\hi.md
6493,hiatus,C:\GTT\EnglishDB\Words\h\hiatus.md
6494,hiccup,C:\GTT\EnglishDB\Words\h\hiccup.md
6495,hidden,C:\GTT\EnglishDB\Words\h\hidden.md
6496,hide,C:\GTT\EnglishDB\Words\h\hide.md
6497,hideaway,C:\GTT\EnglishDB\Words\h\hideaway.md
6498,hideous,C:\GTT\EnglishDB\Words\h\hideous.md
6499,hideout,C:\GTT\EnglishDB\Words\h\hideout.md
6500,hiding,C:\GTT\EnglishDB\Words\h\hiding.md
6501,hierarchy,C:\GTT\EnglishDB\Words\h\hierarchy.md
6502,high,C:\GTT\EnglishDB\Words\h\high.md
6503,highland,C:\GTT\EnglishDB\Words\h\highland.md
6504,highlight,C:\GTT\EnglishDB\Words\h\highlight.md
6505,highly,C:\GTT\EnglishDB\Words\h\highly.md
6506,highway,C:\GTT\EnglishDB\Words\h\highway.md
6507,hijack,C:\GTT\EnglishDB\Words\h\hijack.md
6508,hijacker,C:\GTT\EnglishDB\Words\h\hijacker.md
6509,hike,C:\GTT\EnglishDB\Words\h\hike.md
6510,hiker,C:\GTT\EnglishDB\Words\h\hiker.md
6511,hiking,C:\GTT\EnglishDB\Words\h\hiking.md
6512,hilarious,C:\GTT\EnglishDB\Words\h\hilarious.md
6513,hill,C:\GTT\EnglishDB\Words\h\hill.md
6514,hillside,C:\GTT\EnglishDB\Words\h\hillside.md
6515,hilltop,C:\GTT\EnglishDB\Words\h\hilltop.md
6516,hilly,C:\GTT\EnglishDB\Words\h\hilly.md
6517,hilt,C:\GTT\EnglishDB\Words\h\hilt.md
6518,him,C:\GTT\EnglishDB\Words\h\him.md
6519,himself,C:\GTT\EnglishDB\Words\h\himself.md
6520,hind,C:\GTT\EnglishDB\Words\h\hind.md
6521,hinder,C:\GTT\EnglishDB\Words\h\hinder.md
6522,hindrance,C:\GTT\EnglishDB\Words\h\hindrance.md
6523,hindsight,C:\GTT\EnglishDB\Words\h\hindsight.md
6524,hinge,C:\GTT\EnglishDB\Words\h\hinge.md
6525,hint,C:\GTT\EnglishDB\Words\h\hint.md
6526,hinterland,C:\GTT\EnglishDB\Words\h\hinterland.md
6527,hip,C:\GTT\EnglishDB\Words\h\hip.md
6528,hippie,C:\GTT\EnglishDB\Words\h\hippie.md
6529,hire,C:\GTT\EnglishDB\Words\h\hire.md
6530,his,C:\GTT\EnglishDB\Words\h\his.md
6531,hiss,C:\GTT\EnglishDB\Words\h\hiss.md
6532,historian,C:\GTT\EnglishDB\Words\h\historian.md
6533,historic,C:\GTT\EnglishDB\Words\h\historic.md
6534,historical,C:\GTT\EnglishDB\Words\h\historical.md
6535,historiography,C:\GTT\EnglishDB\Words\h\historiography.md
6536,history,C:\GTT\EnglishDB\Words\h\history.md
6537,hit,C:\GTT\EnglishDB\Words\h\hit.md
6538,hitch,C:\GTT\EnglishDB\Words\h\hitch.md
6539,hitchhike,C:\GTT\EnglishDB\Words\h\hitchhike.md
6540,hitherto,C:\GTT\EnglishDB\Words\h\hitherto.md
6541,hitter,C:\GTT\EnglishDB\Words\h\hitter.md
6542,hive,C:\GTT\EnglishDB\Words\h\hive.md
6543,ho,C:\GTT\EnglishDB\Words\h\ho.md
6544,hoard,C:\GTT\EnglishDB\Words\h\hoard.md
6545,hoarse,C:\GTT\EnglishDB\Words\h\hoarse.md
6546,hoax,C:\GTT\EnglishDB\Words\h\hoax.md
6547,hobble,C:\GTT\EnglishDB\Words\h\hobble.md
6548,hobby,C:\GTT\EnglishDB\Words\h\hobby.md
6549,hockey,C:\GTT\EnglishDB\Words\h\hockey.md
6550,hoe,C:\GTT\EnglishDB\Words\h\hoe.md
6551,hog,C:\GTT\EnglishDB\Words\h\hog.md
6552,hoist,C:\GTT\EnglishDB\Words\h\hoist.md
6553,hold,C:\GTT\EnglishDB\Words\h\hold.md
6554,holder,C:\GTT\EnglishDB\Words\h\holder.md
6555,holding,C:\GTT\EnglishDB\Words\h\holding.md
6556,holdout,C:\GTT\EnglishDB\Words\h\holdout.md
6557,hole,C:\GTT\EnglishDB\Words\h\hole.md
6558,holiday,C:\GTT\EnglishDB\Words\h\holiday.md
6559,holiness,C:\GTT\EnglishDB\Words\h\holiness.md
6560,holistic,C:\GTT\EnglishDB\Words\h\holistic.md
6561,holler,C:\GTT\EnglishDB\Words\h\holler.md
6562,hollow,C:\GTT\EnglishDB\Words\h\hollow.md
6563,holly,C:\GTT\EnglishDB\Words\h\holly.md
6564,holocaust,C:\GTT\EnglishDB\Words\h\holocaust.md
6565,hologram,C:\GTT\EnglishDB\Words\h\hologram.md
6566,holster,C:\GTT\EnglishDB\Words\h\holster.md
6567,holy,C:\GTT\EnglishDB\Words\h\holy.md
6568,homage,C:\GTT\EnglishDB\Words\h\homage.md
6569,home,C:\GTT\EnglishDB\Words\h\home.md
6570,homecoming,C:\GTT\EnglishDB\Words\h\homecoming.md
6571,homeland,C:\GTT\EnglishDB\Words\h\homeland.md
6572,homeless,C:\GTT\EnglishDB\Words\h\homeless.md
6573,homely,C:\GTT\EnglishDB\Words\h\homely.md
6574,homemade,C:\GTT\EnglishDB\Words\h\homemade.md
6575,homemaker,C:\GTT\EnglishDB\Words\h\homemaker.md
6576,homeowner,C:\GTT\EnglishDB\Words\h\homeowner.md
6577,homer,C:\GTT\EnglishDB\Words\h\homer.md
6578,homesick,C:\GTT\EnglishDB\Words\h\homesick.md
6579,homestead,C:\GTT\EnglishDB\Words\h\homestead.md
6580,hometown,C:\GTT\EnglishDB\Words\h\hometown.md
6581,homework,C:\GTT\EnglishDB\Words\h\homework.md
6582,homey,C:\GTT\EnglishDB\Words\h\homey.md
6583,homicide,C:\GTT\EnglishDB\Words\h\homicide.md
6584,homily,C:\GTT\EnglishDB\Words\h\homily.md
6585,homogeneity,C:\GTT\EnglishDB\Words\h\homogeneity.md
6586,homogeneous,C:\GTT\EnglishDB\Words\h\homogeneous.md
6587,homosexual,C:\GTT\EnglishDB\Words\h\homosexual.md
6588,homosexuality,C:\GTT\EnglishDB\Words\h\homosexuality.md
6589,hone,C:\GTT\EnglishDB\Words\h\hone.md
6590,honest,C:\GTT\EnglishDB\Words\h\honest.md
6591,honestly,C:\GTT\EnglishDB\Words\h\honestly.md
6592,honesty,C:\GTT\EnglishDB\Words\h\honesty.md
6593,honey,C:\GTT\EnglishDB\Words\h\honey.md
6594,honeymoon,C:\GTT\EnglishDB\Words\h\honeymoon.md
6595,honk,C:\GTT\EnglishDB\Words\h\honk.md
6596,honor,C:\GTT\EnglishDB\Words\h\honor.md
6597,honorable,C:\GTT\EnglishDB\Words\h\honorable.md
6598,honorary,C:\GTT\EnglishDB\Words\h\honorary.md
6599,hood,C:\GTT\EnglishDB\Words\h\hood.md
6600,hooded,C:\GTT\EnglishDB\Words\h\hooded.md
6601,hoof,C:\GTT\EnglishDB\Words\h\hoof.md
6602,hook,C:\GTT\EnglishDB\Words\h\hook.md
6603,hooker,C:\GTT\EnglishDB\Words\h\hooker.md
6604,hoop,C:\GTT\EnglishDB\Words\h\hoop.md
6605,hoopla,C:\GTT\EnglishDB\Words\h\hoopla.md
6606,hoot,C:\GTT\EnglishDB\Words\h\hoot.md
6607,hop,C:\GTT\EnglishDB\Words\h\hop.md
6608,hope,C:\GTT\EnglishDB\Words\h\hope.md
6609,hopeful,C:\GTT\EnglishDB\Words\h\hopeful.md
6610,hopefully,C:\GTT\EnglishDB\Words\h\hopefully.md
6611,hopeless,C:\GTT\EnglishDB\Words\h\hopeless.md
6612,hopelessly,C:\GTT\EnglishDB\Words\h\hopelessly.md
6613,hopper,C:\GTT\EnglishDB\Words\h\hopper.md
6614,horde,C:\GTT\EnglishDB\Words\h\horde.md
6615,horizon,C:\GTT\EnglishDB\Words\h\horizon.md
6616,horizontal,C:\GTT\EnglishDB\Words\h\horizontal.md
6617,horizontally,C:\GTT\EnglishDB\Words\h\horizontally.md
6618,hormonal,C:\GTT\EnglishDB\Words\h\hormonal.md
6619,hormone,C:\GTT\EnglishDB\Words\h\hormone.md
6620,horn,C:\GTT\EnglishDB\Words\h\horn.md
6621,horny,C:\GTT\EnglishDB\Words\h\horny.md
6622,horrendous,C:\GTT\EnglishDB\Words\h\horrendous.md
6623,horrible,C:\GTT\EnglishDB\Words\h\horrible.md
6624,horribly,C:\GTT\EnglishDB\Words\h\horribly.md
6625,horrid,C:\GTT\EnglishDB\Words\h\horrid.md
6626,horrific,C:\GTT\EnglishDB\Words\h\horrific.md
6627,horrified,C:\GTT\EnglishDB\Words\h\horrified.md
6628,horrify,C:\GTT\EnglishDB\Words\h\horrify.md
6629,horror,C:\GTT\EnglishDB\Words\h\horror.md
6630,horse,C:\GTT\EnglishDB\Words\h\horse.md
6631,horseback,C:\GTT\EnglishDB\Words\h\horseback.md
6632,horseman,C:\GTT\EnglishDB\Words\h\horseman.md
6633,horsepower,C:\GTT\EnglishDB\Words\h\horsepower.md
6634,horseradish,C:\GTT\EnglishDB\Words\h\horseradish.md
6635,horseshoe,C:\GTT\EnglishDB\Words\h\horseshoe.md
6636,horticultural,C:\GTT\EnglishDB\Words\h\horticultural.md
6637,hose,C:\GTT\EnglishDB\Words\h\hose.md
6638,hospice,C:\GTT\EnglishDB\Words\h\hospice.md
6639,hospitable,C:\GTT\EnglishDB\Words\h\hospitable.md
6640,hospital,C:\GTT\EnglishDB\Words\h\hospital.md
6641,hospitality,C:\GTT\EnglishDB\Words\h\hospitality.md
6642,hospitalize,C:\GTT\EnglishDB\Words\h\hospitalize.md
6643,host,C:\GTT\EnglishDB\Words\h\host.md
6644,hostage,C:\GTT\EnglishDB\Words\h\hostage.md
6645,hostel,C:\GTT\EnglishDB\Words\h\hostel.md
6646,hostess,C:\GTT\EnglishDB\Words\h\hostess.md
6647,hostile,C:\GTT\EnglishDB\Words\h\hostile.md
6648,hostility,C:\GTT\EnglishDB\Words\h\hostility.md
6649,hot,C:\GTT\EnglishDB\Words\h\hot.md
6650,hotbed,C:\GTT\EnglishDB\Words\h\hotbed.md
6651,hotel,C:\GTT\EnglishDB\Words\h\hotel.md
6652,hotly,C:\GTT\EnglishDB\Words\h\hotly.md
6653,hotshot,C:\GTT\EnglishDB\Words\h\hotshot.md
6654,hound,C:\GTT\EnglishDB\Words\h\hound.md
6655,hour,C:\GTT\EnglishDB\Words\h\hour.md
6656,hourly,C:\GTT\EnglishDB\Words\h\hourly.md
6657,house,C:\GTT\EnglishDB\Words\h\house.md
6658,household,C:\GTT\EnglishDB\Words\h\household.md
6659,housekeeper,C:\GTT\EnglishDB\Words\h\housekeeper.md
6660,housekeeping,C:\GTT\EnglishDB\Words\h\housekeeping.md
6661,housewife,C:\GTT\EnglishDB\Words\h\housewife.md
6662,housework,C:\GTT\EnglishDB\Words\h\housework.md
6663,housing,C:\GTT\EnglishDB\Words\h\housing.md
6664,hover,C:\GTT\EnglishDB\Words\h\hover.md
6665,how,C:\GTT\EnglishDB\Words\h\how.md
6666,however,C:\GTT\EnglishDB\Words\h\however.md
6667,howl,C:\GTT\EnglishDB\Words\h\howl.md
6668,howling,C:\GTT\EnglishDB\Words\h\howling.md
6669,hub,C:\GTT\EnglishDB\Words\h\hub.md
6670,hubris,C:\GTT\EnglishDB\Words\h\hubris.md
6671,huddle,C:\GTT\EnglishDB\Words\h\huddle.md
6672,hue,C:\GTT\EnglishDB\Words\h\hue.md
6673,huff,C:\GTT\EnglishDB\Words\h\huff.md
6674,huge,C:\GTT\EnglishDB\Words\h\huge.md
6675,hugely,C:\GTT\EnglishDB\Words\h\hugely.md
6676,huh,C:\GTT\EnglishDB\Words\h\huh.md
6677,hulking,C:\GTT\EnglishDB\Words\h\hulking.md
6678,hull,C:\GTT\EnglishDB\Words\h\hull.md
6679,hum,C:\GTT\EnglishDB\Words\h\hum.md
6680,human,C:\GTT\EnglishDB\Words\h\human.md
6681,humane,C:\GTT\EnglishDB\Words\h\humane.md
6682,humanism,C:\GTT\EnglishDB\Words\h\humanism.md
6683,humanist,C:\GTT\EnglishDB\Words\h\humanist.md
6684,humanistic,C:\GTT\EnglishDB\Words\h\humanistic.md
6685,humanitarian,C:\GTT\EnglishDB\Words\h\humanitarian.md
6686,humanities,C:\GTT\EnglishDB\Words\h\humanities.md
6687,humanity,C:\GTT\EnglishDB\Words\h\humanity.md
6688,humanize,C:\GTT\EnglishDB\Words\h\humanize.md
6689,humankind,C:\GTT\EnglishDB\Words\h\humankind.md
6690,humanly,C:\GTT\EnglishDB\Words\h\humanly.md
6691,humble,C:\GTT\EnglishDB\Words\h\humble.md
6692,humbling,C:\GTT\EnglishDB\Words\h\humbling.md
6693,humbly,C:\GTT\EnglishDB\Words\h\humbly.md
6694,humid,C:\GTT\EnglishDB\Words\h\humid.md
6695,humidity,C:\GTT\EnglishDB\Words\h\humidity.md
6696,humiliate,C:\GTT\EnglishDB\Words\h\humiliate.md
6697,humiliating,C:\GTT\EnglishDB\Words\h\humiliating.md
6698,humiliation,C:\GTT\EnglishDB\Words\h\humiliation.md
6699,humility,C:\GTT\EnglishDB\Words\h\humility.md
6700,hummingbird,C:\GTT\EnglishDB\Words\h\hummingbird.md
6701,humor,C:\GTT\EnglishDB\Words\h\humor.md
6702,humorous,C:\GTT\EnglishDB\Words\h\humorous.md
6703,hump,C:\GTT\EnglishDB\Words\h\hump.md
6704,hunch,C:\GTT\EnglishDB\Words\h\hunch.md
6705,hundred,C:\GTT\EnglishDB\Words\h\hundred.md
6706,hunger,C:\GTT\EnglishDB\Words\h\hunger.md
6707,hungry,C:\GTT\EnglishDB\Words\h\hungry.md
6708,hunk,C:\GTT\EnglishDB\Words\h\hunk.md
6709,hunker,C:\GTT\EnglishDB\Words\h\hunker.md
6710,hunt,C:\GTT\EnglishDB\Words\h\hunt.md
6711,hunter,C:\GTT\EnglishDB\Words\h\hunter.md
6712,hunting,C:\GTT\EnglishDB\Words\h\hunting.md
6713,hurdle,C:\GTT\EnglishDB\Words\h\hurdle.md
6714,hurl,C:\GTT\EnglishDB\Words\h\hurl.md
6715,hurricane,C:\GTT\EnglishDB\Words\h\hurricane.md
6716,hurried,C:\GTT\EnglishDB\Words\h\hurried.md
6717,hurriedly,C:\GTT\EnglishDB\Words\h\hurriedly.md
6718,hurry,C:\GTT\EnglishDB\Words\h\hurry.md
6719,hurt,C:\GTT\EnglishDB\Words\h\hurt.md
6720,hurtful,C:\GTT\EnglishDB\Words\h\hurtful.md
6721,hurtle,C:\GTT\EnglishDB\Words\h\hurtle.md
6722,husband,C:\GTT\EnglishDB\Words\h\husband.md
6723,hush,C:\GTT\EnglishDB\Words\h\hush.md
6724,husk,C:\GTT\EnglishDB\Words\h\husk.md
6725,husky,C:\GTT\EnglishDB\Words\h\husky.md
6726,hustle,C:\GTT\EnglishDB\Words\h\hustle.md
6727,hustler,C:\GTT\EnglishDB\Words\h\hustler.md
6728,hut,C:\GTT\EnglishDB\Words\h\hut.md
6729,hybrid,C:\GTT\EnglishDB\Words\h\hybrid.md
6730,hydraulic,C:\GTT\EnglishDB\Words\h\hydraulic.md
6731,hydrocarbon,C:\GTT\EnglishDB\Words\h\hydrocarbon.md
6732,hydroelectric,C:\GTT\EnglishDB\Words\h\hydroelectric.md
6733,hydrogen,C:\GTT\EnglishDB\Words\h\hydrogen.md
6734,hyena,C:\GTT\EnglishDB\Words\h\hyena.md
6735,hygiene,C:\GTT\EnglishDB\Words\h\hygiene.md
6736,hymn,C:\GTT\EnglishDB\Words\h\hymn.md
6737,hype,C:\GTT\EnglishDB\Words\h\hype.md
6738,hyperactive,C:\GTT\EnglishDB\Words\h\hyperactive.md
6739,hyperactivity,C:\GTT\EnglishDB\Words\h\hyperactivity.md
6740,hyperbole,C:\GTT\EnglishDB\Words\h\hyperbole.md
6741,hypertension,C:\GTT\EnglishDB\Words\h\hypertension.md
6742,hypnosis,C:\GTT\EnglishDB\Words\h\hypnosis.md
6743,hypnotic,C:\GTT\EnglishDB\Words\h\hypnotic.md
6744,hypnotize,C:\GTT\EnglishDB\Words\h\hypnotize.md
6745,hypocrisy,C:\GTT\EnglishDB\Words\h\hypocrisy.md
6746,hypocrite,C:\GTT\EnglishDB\Words\h\hypocrite.md
6747,hypocritical,C:\GTT\EnglishDB\Words\h\hypocritical.md
6748,hypothermia,C:\GTT\EnglishDB\Words\h\hypothermia.md
6749,hypothesis,C:\GTT\EnglishDB\Words\h\hypothesis.md
6750,hypothesize,C:\GTT\EnglishDB\Words\h\hypothesize.md
6751,hypothetical,C:\GTT\EnglishDB\Words\h\hypothetical.md
6752,hysterectomy,C:\GTT\EnglishDB\Words\h\hysterectomy.md
6753,hysterical,C:\GTT\EnglishDB\Words\h\hysterical.md
6754,hysterically,C:\GTT\EnglishDB\Words\h\hysterically.md
6755,ice,C:\GTT\EnglishDB\Words\i\ice.md
6756,iceberg,C:\GTT\EnglishDB\Words\i\iceberg.md
6757,iced,C:\GTT\EnglishDB\Words\i\iced.md
6758,icing,C:\GTT\EnglishDB\Words\i\icing.md
6759,icon,C:\GTT\EnglishDB\Words\i\icon.md
6760,iconic,C:\GTT\EnglishDB\Words\i\iconic.md
6761,iconography,C:\GTT\EnglishDB\Words\i\iconography.md
6762,icy,C:\GTT\EnglishDB\Words\i\icy.md
6763,idea,C:\GTT\EnglishDB\Words\i\idea.md
6764,ideal,C:\GTT\EnglishDB\Words\i\ideal.md
6765,idealism,C:\GTT\EnglishDB\Words\i\idealism.md
6766,idealist,C:\GTT\EnglishDB\Words\i\idealist.md
6767,idealistic,C:\GTT\EnglishDB\Words\i\idealistic.md
6768,idealize,C:\GTT\EnglishDB\Words\i\idealize.md
6769,ideally,C:\GTT\EnglishDB\Words\i\ideally.md
6770,identical,C:\GTT\EnglishDB\Words\i\identical.md
6771,identifiable,C:\GTT\EnglishDB\Words\i\identifiable.md
6772,identification,C:\GTT\EnglishDB\Words\i\identification.md
6773,identify,C:\GTT\EnglishDB\Words\i\identify.md
6774,identity,C:\GTT\EnglishDB\Words\i\identity.md
6775,ideological,C:\GTT\EnglishDB\Words\i\ideological.md
6776,ideologue,C:\GTT\EnglishDB\Words\i\ideologue.md
6777,ideology,C:\GTT\EnglishDB\Words\i\ideology.md
6778,idiom,C:\GTT\EnglishDB\Words\i\idiom.md
6779,idiosyncrasy,C:\GTT\EnglishDB\Words\i\idiosyncrasy.md
6780,idiosyncratic,C:\GTT\EnglishDB\Words\i\idiosyncratic.md
6781,idiot,C:\GTT\EnglishDB\Words\i\idiot.md
6782,idiotic,C:\GTT\EnglishDB\Words\i\idiotic.md
6783,idle,C:\GTT\EnglishDB\Words\i\idle.md
6784,idly,C:\GTT\EnglishDB\Words\i\idly.md
6785,idol,C:\GTT\EnglishDB\Words\i\idol.md
6786,idolize,C:\GTT\EnglishDB\Words\i\idolize.md
6787,idyllic,C:\GTT\EnglishDB\Words\i\idyllic.md
6788,if,C:\GTT\EnglishDB\Words\i\if.md
6789,ignite,C:\GTT\EnglishDB\Words\i\ignite.md
6790,ignition,C:\GTT\EnglishDB\Words\i\ignition.md
6791,ignorance,C:\GTT\EnglishDB\Words\i\ignorance.md
6792,ignorant,C:\GTT\EnglishDB\Words\i\ignorant.md
6793,ignore,C:\GTT\EnglishDB\Words\i\ignore.md
6794,iguana,C:\GTT\EnglishDB\Words\i\iguana.md
6795,ilk,C:\GTT\EnglishDB\Words\i\ilk.md
6796,ill,C:\GTT\EnglishDB\Words\i\ill.md
6797,illegal,C:\GTT\EnglishDB\Words\i\illegal.md
6798,illegally,C:\GTT\EnglishDB\Words\i\illegally.md
6799,illegitimate,C:\GTT\EnglishDB\Words\i\illegitimate.md
6800,illicit,C:\GTT\EnglishDB\Words\i\illicit.md
6801,illiteracy,C:\GTT\EnglishDB\Words\i\illiteracy.md
6802,illiterate,C:\GTT\EnglishDB\Words\i\illiterate.md
6803,illness,C:\GTT\EnglishDB\Words\i\illness.md
6804,illogical,C:\GTT\EnglishDB\Words\i\illogical.md
6805,illuminate,C:\GTT\EnglishDB\Words\i\illuminate.md
6806,illuminating,C:\GTT\EnglishDB\Words\i\illuminating.md
6807,illumination,C:\GTT\EnglishDB\Words\i\illumination.md
6808,illusion,C:\GTT\EnglishDB\Words\i\illusion.md
6809,illusory,C:\GTT\EnglishDB\Words\i\illusory.md
6810,illustrate,C:\GTT\EnglishDB\Words\i\illustrate.md
6811,illustration,C:\GTT\EnglishDB\Words\i\illustration.md
6812,illustrative,C:\GTT\EnglishDB\Words\i\illustrative.md
6813,illustrator,C:\GTT\EnglishDB\Words\i\illustrator.md
6814,illustrious,C:\GTT\EnglishDB\Words\i\illustrious.md
6815,image,C:\GTT\EnglishDB\Words\i\image.md
6816,imagery,C:\GTT\EnglishDB\Words\i\imagery.md
6817,imaginable,C:\GTT\EnglishDB\Words\i\imaginable.md
6818,imaginary,C:\GTT\EnglishDB\Words\i\imaginary.md
6819,imagination,C:\GTT\EnglishDB\Words\i\imagination.md
6820,imaginative,C:\GTT\EnglishDB\Words\i\imaginative.md
6821,imagine,C:\GTT\EnglishDB\Words\i\imagine.md
6822,imam,C:\GTT\EnglishDB\Words\i\imam.md
6823,imbalance,C:\GTT\EnglishDB\Words\i\imbalance.md
6824,imbue,C:\GTT\EnglishDB\Words\i\imbue.md
6825,imitate,C:\GTT\EnglishDB\Words\i\imitate.md
6826,imitation,C:\GTT\EnglishDB\Words\i\imitation.md
6827,immaculate,C:\GTT\EnglishDB\Words\i\immaculate.md
6828,immature,C:\GTT\EnglishDB\Words\i\immature.md
6829,immediacy,C:\GTT\EnglishDB\Words\i\immediacy.md
6830,immediate,C:\GTT\EnglishDB\Words\i\immediate.md
6831,immediately,C:\GTT\EnglishDB\Words\i\immediately.md
6832,immense,C:\GTT\EnglishDB\Words\i\immense.md
6833,immensely,C:\GTT\EnglishDB\Words\i\immensely.md
6834,immerse,C:\GTT\EnglishDB\Words\i\immerse.md
6835,immersion,C:\GTT\EnglishDB\Words\i\immersion.md
6836,immigrant,C:\GTT\EnglishDB\Words\i\immigrant.md
6837,immigrate,C:\GTT\EnglishDB\Words\i\immigrate.md
6838,immigration,C:\GTT\EnglishDB\Words\i\immigration.md
6839,imminent,C:\GTT\EnglishDB\Words\i\imminent.md
6840,immobile,C:\GTT\EnglishDB\Words\i\immobile.md
6841,immobilize,C:\GTT\EnglishDB\Words\i\immobilize.md
6842,immoral,C:\GTT\EnglishDB\Words\i\immoral.md
6843,immortal,C:\GTT\EnglishDB\Words\i\immortal.md
6844,immortality,C:\GTT\EnglishDB\Words\i\immortality.md
6845,immortalize,C:\GTT\EnglishDB\Words\i\immortalize.md
6846,immune,C:\GTT\EnglishDB\Words\i\immune.md
6847,immunity,C:\GTT\EnglishDB\Words\i\immunity.md
6848,immunization,C:\GTT\EnglishDB\Words\i\immunization.md
6849,immunize,C:\GTT\EnglishDB\Words\i\immunize.md
6850,immutable,C:\GTT\EnglishDB\Words\i\immutable.md
6851,impact,C:\GTT\EnglishDB\Words\i\impact.md
6852,impair,C:\GTT\EnglishDB\Words\i\impair.md
6853,impairment,C:\GTT\EnglishDB\Words\i\impairment.md
6854,impart,C:\GTT\EnglishDB\Words\i\impart.md
6855,impartial,C:\GTT\EnglishDB\Words\i\impartial.md
6856,impasse,C:\GTT\EnglishDB\Words\i\impasse.md
6857,impassioned,C:\GTT\EnglishDB\Words\i\impassioned.md
6858,impassive,C:\GTT\EnglishDB\Words\i\impassive.md
6859,impatience,C:\GTT\EnglishDB\Words\i\impatience.md
6860,impatient,C:\GTT\EnglishDB\Words\i\impatient.md
6861,impatiently,C:\GTT\EnglishDB\Words\i\impatiently.md
6862,impeach,C:\GTT\EnglishDB\Words\i\impeach.md
6863,impeachment,C:\GTT\EnglishDB\Words\i\impeachment.md
6864,impeccable,C:\GTT\EnglishDB\Words\i\impeccable.md
6865,impede,C:\GTT\EnglishDB\Words\i\impede.md
6866,impediment,C:\GTT\EnglishDB\Words\i\impediment.md
6867,impel,C:\GTT\EnglishDB\Words\i\impel.md
6868,impending,C:\GTT\EnglishDB\Words\i\impending.md
6869,impenetrable,C:\GTT\EnglishDB\Words\i\impenetrable.md
6870,imperative,C:\GTT\EnglishDB\Words\i\imperative.md
6871,imperfect,C:\GTT\EnglishDB\Words\i\imperfect.md
6872,imperfection,C:\GTT\EnglishDB\Words\i\imperfection.md
6873,imperial,C:\GTT\EnglishDB\Words\i\imperial.md
6874,imperialism,C:\GTT\EnglishDB\Words\i\imperialism.md
6875,imperialist,C:\GTT\EnglishDB\Words\i\imperialist.md
6876,imperil,C:\GTT\EnglishDB\Words\i\imperil.md
6877,imperious,C:\GTT\EnglishDB\Words\i\imperious.md
6878,impersonal,C:\GTT\EnglishDB\Words\i\impersonal.md
6879,impersonate,C:\GTT\EnglishDB\Words\i\impersonate.md
6880,impervious,C:\GTT\EnglishDB\Words\i\impervious.md
6881,impetus,C:\GTT\EnglishDB\Words\i\impetus.md
6882,impinge,C:\GTT\EnglishDB\Words\i\impinge.md
6883,implacable,C:\GTT\EnglishDB\Words\i\implacable.md
6884,implant,C:\GTT\EnglishDB\Words\i\implant.md
6885,implantation,C:\GTT\EnglishDB\Words\i\implantation.md
6886,implausible,C:\GTT\EnglishDB\Words\i\implausible.md
6887,implement,C:\GTT\EnglishDB\Words\i\implement.md
6888,implementation,C:\GTT\EnglishDB\Words\i\implementation.md
6889,implicate,C:\GTT\EnglishDB\Words\i\implicate.md
6890,implication,C:\GTT\EnglishDB\Words\i\implication.md
6891,implicit,C:\GTT\EnglishDB\Words\i\implicit.md
6892,implicitly,C:\GTT\EnglishDB\Words\i\implicitly.md
6893,implied,C:\GTT\EnglishDB\Words\i\implied.md
6894,implode,C:\GTT\EnglishDB\Words\i\implode.md
6895,implore,C:\GTT\EnglishDB\Words\i\implore.md
6896,imply,C:\GTT\EnglishDB\Words\i\imply.md
6897,import,C:\GTT\EnglishDB\Words\i\import.md
6898,importance,C:\GTT\EnglishDB\Words\i\importance.md
6899,important,C:\GTT\EnglishDB\Words\i\important.md
6900,importation,C:\GTT\EnglishDB\Words\i\importation.md
6901,importer,C:\GTT\EnglishDB\Words\i\importer.md
6902,impose,C:\GTT\EnglishDB\Words\i\impose.md
6903,imposing,C:\GTT\EnglishDB\Words\i\imposing.md
6904,imposition,C:\GTT\EnglishDB\Words\i\imposition.md
6905,impossibility,C:\GTT\EnglishDB\Words\i\impossibility.md
6906,impossible,C:\GTT\EnglishDB\Words\i\impossible.md
6907,impossibly,C:\GTT\EnglishDB\Words\i\impossibly.md
6908,impotence,C:\GTT\EnglishDB\Words\i\impotence.md
6909,impotent,C:\GTT\EnglishDB\Words\i\impotent.md
6910,impoverished,C:\GTT\EnglishDB\Words\i\impoverished.md
6911,impractical,C:\GTT\EnglishDB\Words\i\impractical.md
6912,impregnate,C:\GTT\EnglishDB\Words\i\impregnate.md
6913,impress,C:\GTT\EnglishDB\Words\i\impress.md
6914,impression,C:\GTT\EnglishDB\Words\i\impression.md
6915,impressionist,C:\GTT\EnglishDB\Words\i\impressionist.md
6916,impressive,C:\GTT\EnglishDB\Words\i\impressive.md
6917,impressively,C:\GTT\EnglishDB\Words\i\impressively.md
6918,imprint,C:\GTT\EnglishDB\Words\i\imprint.md
6919,imprison,C:\GTT\EnglishDB\Words\i\imprison.md
6920,imprisonment,C:\GTT\EnglishDB\Words\i\imprisonment.md
6921,improbable,C:\GTT\EnglishDB\Words\i\improbable.md
6922,impromptu,C:\GTT\EnglishDB\Words\i\impromptu.md
6923,improper,C:\GTT\EnglishDB\Words\i\improper.md
6924,improperly,C:\GTT\EnglishDB\Words\i\improperly.md
6925,impropriety,C:\GTT\EnglishDB\Words\i\impropriety.md
6926,improve,C:\GTT\EnglishDB\Words\i\improve.md
6927,improved,C:\GTT\EnglishDB\Words\i\improved.md
6928,improvement,C:\GTT\EnglishDB\Words\i\improvement.md
6929,improvisation,C:\GTT\EnglishDB\Words\i\improvisation.md
6930,improvise,C:\GTT\EnglishDB\Words\i\improvise.md
6931,impulse,C:\GTT\EnglishDB\Words\i\impulse.md
6932,impulsive,C:\GTT\EnglishDB\Words\i\impulsive.md
6933,impunity,C:\GTT\EnglishDB\Words\i\impunity.md
6934,impurity,C:\GTT\EnglishDB\Words\i\impurity.md
6935,in,C:\GTT\EnglishDB\Words\i\in.md
6936,inability,C:\GTT\EnglishDB\Words\i\inability.md
6937,inaccessible,C:\GTT\EnglishDB\Words\i\inaccessible.md
6938,inaccuracy,C:\GTT\EnglishDB\Words\i\inaccuracy.md
6939,inaccurate,C:\GTT\EnglishDB\Words\i\inaccurate.md
6940,inaction,C:\GTT\EnglishDB\Words\i\inaction.md
6941,inactive,C:\GTT\EnglishDB\Words\i\inactive.md
6942,inactivity,C:\GTT\EnglishDB\Words\i\inactivity.md
6943,inadequacy,C:\GTT\EnglishDB\Words\i\inadequacy.md
6944,inadequate,C:\GTT\EnglishDB\Words\i\inadequate.md
6945,inadequately,C:\GTT\EnglishDB\Words\i\inadequately.md
6946,inadvertent,C:\GTT\EnglishDB\Words\i\inadvertent.md
6947,inadvertently,C:\GTT\EnglishDB\Words\i\inadvertently.md
6948,inanimate,C:\GTT\EnglishDB\Words\i\inanimate.md
6949,inappropriate,C:\GTT\EnglishDB\Words\i\inappropriate.md
6950,inappropriately,C:\GTT\EnglishDB\Words\i\inappropriately.md
6951,inasmuch,C:\GTT\EnglishDB\Words\i\inasmuch.md
6952,inattention,C:\GTT\EnglishDB\Words\i\inattention.md
6953,inaudible,C:\GTT\EnglishDB\Words\i\inaudible.md
6954,inaugural,C:\GTT\EnglishDB\Words\i\inaugural.md
6955,inaugurate,C:\GTT\EnglishDB\Words\i\inaugurate.md
6956,inauguration,C:\GTT\EnglishDB\Words\i\inauguration.md
6957,incandescent,C:\GTT\EnglishDB\Words\i\incandescent.md
6958,incapable,C:\GTT\EnglishDB\Words\i\incapable.md
6959,incapacitate,C:\GTT\EnglishDB\Words\i\incapacitate.md
6960,incarcerate,C:\GTT\EnglishDB\Words\i\incarcerate.md
6961,incarceration,C:\GTT\EnglishDB\Words\i\incarceration.md
6962,incarnation,C:\GTT\EnglishDB\Words\i\incarnation.md
6963,incendiary,C:\GTT\EnglishDB\Words\i\incendiary.md
6964,incense,C:\GTT\EnglishDB\Words\i\incense.md
6965,incentive,C:\GTT\EnglishDB\Words\i\incentive.md
6966,inception,C:\GTT\EnglishDB\Words\i\inception.md
6967,incessant,C:\GTT\EnglishDB\Words\i\incessant.md
6968,incessantly,C:\GTT\EnglishDB\Words\i\incessantly.md
6969,incest,C:\GTT\EnglishDB\Words\i\incest.md
6970,inch,C:\GTT\EnglishDB\Words\i\inch.md
6971,incidence,C:\GTT\EnglishDB\Words\i\incidence.md
6972,incident,C:\GTT\EnglishDB\Words\i\incident.md
6973,incidental,C:\GTT\EnglishDB\Words\i\incidental.md
6974,incidentally,C:\GTT\EnglishDB\Words\i\incidentally.md
6975,incinerator,C:\GTT\EnglishDB\Words\i\incinerator.md
6976,incipient,C:\GTT\EnglishDB\Words\i\incipient.md
6977,incision,C:\GTT\EnglishDB\Words\i\incision.md
6978,incite,C:\GTT\EnglishDB\Words\i\incite.md
6979,inclination,C:\GTT\EnglishDB\Words\i\inclination.md
6980,incline,C:\GTT\EnglishDB\Words\i\incline.md
6981,inclined,C:\GTT\EnglishDB\Words\i\inclined.md
6982,include,C:\GTT\EnglishDB\Words\i\include.md
6983,including,C:\GTT\EnglishDB\Words\i\including.md
6984,inclusion,C:\GTT\EnglishDB\Words\i\inclusion.md
6985,incoherent,C:\GTT\EnglishDB\Words\i\incoherent.md
6986,income,C:\GTT\EnglishDB\Words\i\income.md
6987,incoming,C:\GTT\EnglishDB\Words\i\incoming.md
6988,incomparable,C:\GTT\EnglishDB\Words\i\incomparable.md
6989,incompatible,C:\GTT\EnglishDB\Words\i\incompatible.md
6990,incompetence,C:\GTT\EnglishDB\Words\i\incompetence.md
6991,incompetent,C:\GTT\EnglishDB\Words\i\incompetent.md
6992,incomplete,C:\GTT\EnglishDB\Words\i\incomplete.md
6993,inconceivable,C:\GTT\EnglishDB\Words\i\inconceivable.md
6994,inconclusive,C:\GTT\EnglishDB\Words\i\inconclusive.md
6995,incongruous,C:\GTT\EnglishDB\Words\i\incongruous.md
6996,inconsistency,C:\GTT\EnglishDB\Words\i\inconsistency.md
6997,inconsistent,C:\GTT\EnglishDB\Words\i\inconsistent.md
6998,incontinence,C:\GTT\EnglishDB\Words\i\incontinence.md
6999,inconvenience,C:\GTT\EnglishDB\Words\i\inconvenience.md
7000,inconvenient,C:\GTT\EnglishDB\Words\i\inconvenient.md
7001,incorporate,C:\GTT\EnglishDB\Words\i\incorporate.md
7002,incorporation,C:\GTT\EnglishDB\Words\i\incorporation.md
7003,incorrect,C:\GTT\EnglishDB\Words\i\incorrect.md
7004,incorrectly,C:\GTT\EnglishDB\Words\i\incorrectly.md
7005,increase,C:\GTT\EnglishDB\Words\i\increase.md
7006,increased,C:\GTT\EnglishDB\Words\i\increased.md
7007,increasing,C:\GTT\EnglishDB\Words\i\increasing.md
7008,increasingly,C:\GTT\EnglishDB\Words\i\increasingly.md
7009,incredible,C:\GTT\EnglishDB\Words\i\incredible.md
7010,incredibly,C:\GTT\EnglishDB\Words\i\incredibly.md
7011,incredulous,C:\GTT\EnglishDB\Words\i\incredulous.md
7012,increment,C:\GTT\EnglishDB\Words\i\increment.md
7013,incremental,C:\GTT\EnglishDB\Words\i\incremental.md
7014,incubate,C:\GTT\EnglishDB\Words\i\incubate.md
7015,incubator,C:\GTT\EnglishDB\Words\i\incubator.md
7016,inculcate,C:\GTT\EnglishDB\Words\i\inculcate.md
7017,incumbent,C:\GTT\EnglishDB\Words\i\incumbent.md
7018,incur,C:\GTT\EnglishDB\Words\i\incur.md
7019,incurable,C:\GTT\EnglishDB\Words\i\incurable.md
7020,incursion,C:\GTT\EnglishDB\Words\i\incursion.md
7021,indebted,C:\GTT\EnglishDB\Words\i\indebted.md
7022,indecent,C:\GTT\EnglishDB\Words\i\indecent.md
7023,indecision,C:\GTT\EnglishDB\Words\i\indecision.md
7024,indefinite,C:\GTT\EnglishDB\Words\i\indefinite.md
7025,indefinitely,C:\GTT\EnglishDB\Words\i\indefinitely.md
7026,indelible,C:\GTT\EnglishDB\Words\i\indelible.md
7027,indentation,C:\GTT\EnglishDB\Words\i\indentation.md
7028,independence,C:\GTT\EnglishDB\Words\i\independence.md
7029,independent,C:\GTT\EnglishDB\Words\i\independent.md
7030,independently,C:\GTT\EnglishDB\Words\i\independently.md
7031,indeterminate,C:\GTT\EnglishDB\Words\i\indeterminate.md
7032,index,C:\GTT\EnglishDB\Words\i\index.md
7033,indicate,C:\GTT\EnglishDB\Words\i\indicate.md
7034,indication,C:\GTT\EnglishDB\Words\i\indication.md
7035,indicative,C:\GTT\EnglishDB\Words\i\indicative.md
7036,indicator,C:\GTT\EnglishDB\Words\i\indicator.md
7037,indict,C:\GTT\EnglishDB\Words\i\indict.md
7038,indictment,C:\GTT\EnglishDB\Words\i\indictment.md
7039,indie,C:\GTT\EnglishDB\Words\i\indie.md
7040,indifference,C:\GTT\EnglishDB\Words\i\indifference.md
7041,indifferent,C:\GTT\EnglishDB\Words\i\indifferent.md
7042,indigenous,C:\GTT\EnglishDB\Words\i\indigenous.md
7043,indigent,C:\GTT\EnglishDB\Words\i\indigent.md
7044,indignant,C:\GTT\EnglishDB\Words\i\indignant.md
7045,indignation,C:\GTT\EnglishDB\Words\i\indignation.md
7046,indignity,C:\GTT\EnglishDB\Words\i\indignity.md
7047,indigo,C:\GTT\EnglishDB\Words\i\indigo.md
7048,indirect,C:\GTT\EnglishDB\Words\i\indirect.md
7049,indirectly,C:\GTT\EnglishDB\Words\i\indirectly.md
7050,indiscriminate,C:\GTT\EnglishDB\Words\i\indiscriminate.md
7051,indispensable,C:\GTT\EnglishDB\Words\i\indispensable.md
7052,indisputable,C:\GTT\EnglishDB\Words\i\indisputable.md
7053,indistinct,C:\GTT\EnglishDB\Words\i\indistinct.md
7054,indistinguishable,C:\GTT\EnglishDB\Words\i\indistinguishable.md
7055,individual,C:\GTT\EnglishDB\Words\i\individual.md
7056,individualism,C:\GTT\EnglishDB\Words\i\individualism.md
7057,individualistic,C:\GTT\EnglishDB\Words\i\individualistic.md
7058,individuality,C:\GTT\EnglishDB\Words\i\individuality.md
7059,individually,C:\GTT\EnglishDB\Words\i\individually.md
7060,indoctrination,C:\GTT\EnglishDB\Words\i\indoctrination.md
7061,indoor,C:\GTT\EnglishDB\Words\i\indoor.md
7062,indoors,C:\GTT\EnglishDB\Words\i\indoors.md
7063,induce,C:\GTT\EnglishDB\Words\i\induce.md
7064,inducement,C:\GTT\EnglishDB\Words\i\inducement.md
7065,induct,C:\GTT\EnglishDB\Words\i\induct.md
7066,induction,C:\GTT\EnglishDB\Words\i\induction.md
7067,indulge,C:\GTT\EnglishDB\Words\i\indulge.md
7068,indulgence,C:\GTT\EnglishDB\Words\i\indulgence.md
7069,indulgent,C:\GTT\EnglishDB\Words\i\indulgent.md
7070,industrial,C:\GTT\EnglishDB\Words\i\industrial.md
7071,industrialist,C:\GTT\EnglishDB\Words\i\industrialist.md
7072,industrialization,C:\GTT\EnglishDB\Words\i\industrialization.md
7073,industrialized,C:\GTT\EnglishDB\Words\i\industrialized.md
7074,industrious,C:\GTT\EnglishDB\Words\i\industrious.md
7075,industry,C:\GTT\EnglishDB\Words\i\industry.md
7076,ineffective,C:\GTT\EnglishDB\Words\i\ineffective.md
7077,ineffectual,C:\GTT\EnglishDB\Words\i\ineffectual.md
7078,inefficiency,C:\GTT\EnglishDB\Words\i\inefficiency.md
7079,inefficient,C:\GTT\EnglishDB\Words\i\inefficient.md
7080,ineligible,C:\GTT\EnglishDB\Words\i\ineligible.md
7081,inept,C:\GTT\EnglishDB\Words\i\inept.md
7082,inequality,C:\GTT\EnglishDB\Words\i\inequality.md
7083,inequity,C:\GTT\EnglishDB\Words\i\inequity.md
7084,inert,C:\GTT\EnglishDB\Words\i\inert.md
7085,inertia,C:\GTT\EnglishDB\Words\i\inertia.md
7086,inescapable,C:\GTT\EnglishDB\Words\i\inescapable.md
7087,inevitability,C:\GTT\EnglishDB\Words\i\inevitability.md
7088,inevitable,C:\GTT\EnglishDB\Words\i\inevitable.md
7089,inevitably,C:\GTT\EnglishDB\Words\i\inevitably.md
7090,inexorable,C:\GTT\EnglishDB\Words\i\inexorable.md
7091,inexorably,C:\GTT\EnglishDB\Words\i\inexorably.md
7092,inexpensive,C:\GTT\EnglishDB\Words\i\inexpensive.md
7093,inexperience,C:\GTT\EnglishDB\Words\i\inexperience.md
7094,inexperienced,C:\GTT\EnglishDB\Words\i\inexperienced.md
7095,inexplicable,C:\GTT\EnglishDB\Words\i\inexplicable.md
7096,inexplicably,C:\GTT\EnglishDB\Words\i\inexplicably.md
7097,inextricably,C:\GTT\EnglishDB\Words\i\inextricably.md
7098,infamous,C:\GTT\EnglishDB\Words\i\infamous.md
7099,infancy,C:\GTT\EnglishDB\Words\i\infancy.md
7100,infant,C:\GTT\EnglishDB\Words\i\infant.md
7101,infantry,C:\GTT\EnglishDB\Words\i\infantry.md
7102,infatuation,C:\GTT\EnglishDB\Words\i\infatuation.md
7103,infect,C:\GTT\EnglishDB\Words\i\infect.md
7104,infected,C:\GTT\EnglishDB\Words\i\infected.md
7105,infection,C:\GTT\EnglishDB\Words\i\infection.md
7106,infectious,C:\GTT\EnglishDB\Words\i\infectious.md
7107,infer,C:\GTT\EnglishDB\Words\i\infer.md
7108,inference,C:\GTT\EnglishDB\Words\i\inference.md
7109,inferior,C:\GTT\EnglishDB\Words\i\inferior.md
7110,inferiority,C:\GTT\EnglishDB\Words\i\inferiority.md
7111,inferno,C:\GTT\EnglishDB\Words\i\inferno.md
7112,infertile,C:\GTT\EnglishDB\Words\i\infertile.md
7113,infertility,C:\GTT\EnglishDB\Words\i\infertility.md
7114,infest,C:\GTT\EnglishDB\Words\i\infest.md
7115,infestation,C:\GTT\EnglishDB\Words\i\infestation.md
7116,infidel,C:\GTT\EnglishDB\Words\i\infidel.md
7117,infidelity,C:\GTT\EnglishDB\Words\i\infidelity.md
7118,infield,C:\GTT\EnglishDB\Words\i\infield.md
7119,infighting,C:\GTT\EnglishDB\Words\i\infighting.md
7120,infiltrate,C:\GTT\EnglishDB\Words\i\infiltrate.md
7121,infiltration,C:\GTT\EnglishDB\Words\i\infiltration.md
7122,infinite,C:\GTT\EnglishDB\Words\i\infinite.md
7123,infinitely,C:\GTT\EnglishDB\Words\i\infinitely.md
7124,infinity,C:\GTT\EnglishDB\Words\i\infinity.md
7125,inflame,C:\GTT\EnglishDB\Words\i\inflame.md
7126,inflammation,C:\GTT\EnglishDB\Words\i\inflammation.md
7127,inflammatory,C:\GTT\EnglishDB\Words\i\inflammatory.md
7128,inflatable,C:\GTT\EnglishDB\Words\i\inflatable.md
7129,inflate,C:\GTT\EnglishDB\Words\i\inflate.md
7130,inflated,C:\GTT\EnglishDB\Words\i\inflated.md
7131,inflation,C:\GTT\EnglishDB\Words\i\inflation.md
7132,inflationary,C:\GTT\EnglishDB\Words\i\inflationary.md
7133,inflection,C:\GTT\EnglishDB\Words\i\inflection.md
7134,inflexible,C:\GTT\EnglishDB\Words\i\inflexible.md
7135,inflict,C:\GTT\EnglishDB\Words\i\inflict.md
7136,inflow,C:\GTT\EnglishDB\Words\i\inflow.md
7137,influence,C:\GTT\EnglishDB\Words\i\influence.md
7138,influential,C:\GTT\EnglishDB\Words\i\influential.md
7139,influenza,C:\GTT\EnglishDB\Words\i\influenza.md
7140,influx,C:\GTT\EnglishDB\Words\i\influx.md
7141,info,C:\GTT\EnglishDB\Words\i\info.md
7142,inform,C:\GTT\EnglishDB\Words\i\inform.md
7143,informal,C:\GTT\EnglishDB\Words\i\informal.md
7144,informally,C:\GTT\EnglishDB\Words\i\informally.md
7145,informant,C:\GTT\EnglishDB\Words\i\informant.md
7146,information,C:\GTT\EnglishDB\Words\i\information.md
7147,informational,C:\GTT\EnglishDB\Words\i\informational.md
7148,informative,C:\GTT\EnglishDB\Words\i\informative.md
7149,informed,C:\GTT\EnglishDB\Words\i\informed.md
7150,informer,C:\GTT\EnglishDB\Words\i\informer.md
7151,infraction,C:\GTT\EnglishDB\Words\i\infraction.md
7152,infrared,C:\GTT\EnglishDB\Words\i\infrared.md
7153,infrastructure,C:\GTT\EnglishDB\Words\i\infrastructure.md
7154,infrequent,C:\GTT\EnglishDB\Words\i\infrequent.md
7155,infrequently,C:\GTT\EnglishDB\Words\i\infrequently.md
7156,infringe,C:\GTT\EnglishDB\Words\i\infringe.md
7157,infringement,C:\GTT\EnglishDB\Words\i\infringement.md
7158,infuriate,C:\GTT\EnglishDB\Words\i\infuriate.md
7159,infuse,C:\GTT\EnglishDB\Words\i\infuse.md
7160,infusion,C:\GTT\EnglishDB\Words\i\infusion.md
7161,ingenious,C:\GTT\EnglishDB\Words\i\ingenious.md
7162,ingenuity,C:\GTT\EnglishDB\Words\i\ingenuity.md
7163,ingest,C:\GTT\EnglishDB\Words\i\ingest.md
7164,ingrain,C:\GTT\EnglishDB\Words\i\ingrain.md
7165,ingredient,C:\GTT\EnglishDB\Words\i\ingredient.md
7166,inhabit,C:\GTT\EnglishDB\Words\i\inhabit.md
7167,inhabitant,C:\GTT\EnglishDB\Words\i\inhabitant.md
7168,inhalation,C:\GTT\EnglishDB\Words\i\inhalation.md
7169,inhale,C:\GTT\EnglishDB\Words\i\inhale.md
7170,inherent,C:\GTT\EnglishDB\Words\i\inherent.md
7171,inherently,C:\GTT\EnglishDB\Words\i\inherently.md
7172,inherit,C:\GTT\EnglishDB\Words\i\inherit.md
7173,inheritance,C:\GTT\EnglishDB\Words\i\inheritance.md
7174,inherited,C:\GTT\EnglishDB\Words\i\inherited.md
7175,inhibit,C:\GTT\EnglishDB\Words\i\inhibit.md
7176,inhibition,C:\GTT\EnglishDB\Words\i\inhibition.md
7177,inhibitor,C:\GTT\EnglishDB\Words\i\inhibitor.md
7178,inhospitable,C:\GTT\EnglishDB\Words\i\inhospitable.md
7179,inhuman,C:\GTT\EnglishDB\Words\i\inhuman.md
7180,initial,C:\GTT\EnglishDB\Words\i\initial.md
7181,initially,C:\GTT\EnglishDB\Words\i\initially.md
7182,initiate,C:\GTT\EnglishDB\Words\i\initiate.md
7183,initiation,C:\GTT\EnglishDB\Words\i\initiation.md
7184,initiative,C:\GTT\EnglishDB\Words\i\initiative.md
7185,inject,C:\GTT\EnglishDB\Words\i\inject.md
7186,injection,C:\GTT\EnglishDB\Words\i\injection.md
7187,injunction,C:\GTT\EnglishDB\Words\i\injunction.md
7188,injure,C:\GTT\EnglishDB\Words\i\injure.md
7189,injured,C:\GTT\EnglishDB\Words\i\injured.md
7190,injury,C:\GTT\EnglishDB\Words\i\injury.md
7191,injustice,C:\GTT\EnglishDB\Words\i\injustice.md
7192,inkling,C:\GTT\EnglishDB\Words\i\inkling.md
7193,inlaid,C:\GTT\EnglishDB\Words\i\inlaid.md
7194,inland,C:\GTT\EnglishDB\Words\i\inland.md
7195,inlet,C:\GTT\EnglishDB\Words\i\inlet.md
7196,inmate,C:\GTT\EnglishDB\Words\i\inmate.md
7197,inn,C:\GTT\EnglishDB\Words\i\inn.md
7198,innate,C:\GTT\EnglishDB\Words\i\innate.md
7199,inner,C:\GTT\EnglishDB\Words\i\inner.md
7200,innermost,C:\GTT\EnglishDB\Words\i\innermost.md
7201,inning,C:\GTT\EnglishDB\Words\i\inning.md
7202,innkeeper,C:\GTT\EnglishDB\Words\i\innkeeper.md
7203,innocence,C:\GTT\EnglishDB\Words\i\innocence.md
7204,innocent,C:\GTT\EnglishDB\Words\i\innocent.md
7205,innocently,C:\GTT\EnglishDB\Words\i\innocently.md
7206,innocuous,C:\GTT\EnglishDB\Words\i\innocuous.md
7207,innovation,C:\GTT\EnglishDB\Words\i\innovation.md
7208,innovative,C:\GTT\EnglishDB\Words\i\innovative.md
7209,innovator,C:\GTT\EnglishDB\Words\i\innovator.md
7210,innuendo,C:\GTT\EnglishDB\Words\i\innuendo.md
7211,innumerable,C:\GTT\EnglishDB\Words\i\innumerable.md
7212,inoculate,C:\GTT\EnglishDB\Words\i\inoculate.md
7213,inordinate,C:\GTT\EnglishDB\Words\i\inordinate.md
7214,inorganic,C:\GTT\EnglishDB\Words\i\inorganic.md
7215,inpatient,C:\GTT\EnglishDB\Words\i\inpatient.md
7216,input,C:\GTT\EnglishDB\Words\i\input.md
7217,inquire,C:\GTT\EnglishDB\Words\i\inquire.md
7218,inquiry,C:\GTT\EnglishDB\Words\i\inquiry.md
7219,inquisitive,C:\GTT\EnglishDB\Words\i\inquisitive.md
7220,insane,C:\GTT\EnglishDB\Words\i\insane.md
7221,insanity,C:\GTT\EnglishDB\Words\i\insanity.md
7222,insatiable,C:\GTT\EnglishDB\Words\i\insatiable.md
7223,inscribe,C:\GTT\EnglishDB\Words\i\inscribe.md
7224,inscription,C:\GTT\EnglishDB\Words\i\inscription.md
7225,inscrutable,C:\GTT\EnglishDB\Words\i\inscrutable.md
7226,insect,C:\GTT\EnglishDB\Words\i\insect.md
7227,insecticide,C:\GTT\EnglishDB\Words\i\insecticide.md
7228,insecure,C:\GTT\EnglishDB\Words\i\insecure.md
7229,insecurity,C:\GTT\EnglishDB\Words\i\insecurity.md
7230,insensitive,C:\GTT\EnglishDB\Words\i\insensitive.md
7231,inseparable,C:\GTT\EnglishDB\Words\i\inseparable.md
7232,insert,C:\GTT\EnglishDB\Words\i\insert.md
7233,insertion,C:\GTT\EnglishDB\Words\i\insertion.md
7234,inset,C:\GTT\EnglishDB\Words\i\inset.md
7235,inside,C:\GTT\EnglishDB\Words\i\inside.md
7236,insider,C:\GTT\EnglishDB\Words\i\insider.md
7237,insidious,C:\GTT\EnglishDB\Words\i\insidious.md
7238,insight,C:\GTT\EnglishDB\Words\i\insight.md
7239,insightful,C:\GTT\EnglishDB\Words\i\insightful.md
7240,insignia,C:\GTT\EnglishDB\Words\i\insignia.md
7241,insignificant,C:\GTT\EnglishDB\Words\i\insignificant.md
7242,insinuate,C:\GTT\EnglishDB\Words\i\insinuate.md
7243,insist,C:\GTT\EnglishDB\Words\i\insist.md
7244,insistence,C:\GTT\EnglishDB\Words\i\insistence.md
7245,insistent,C:\GTT\EnglishDB\Words\i\insistent.md
7246,insofar,C:\GTT\EnglishDB\Words\i\insofar.md
7247,insomnia,C:\GTT\EnglishDB\Words\i\insomnia.md
7248,inspect,C:\GTT\EnglishDB\Words\i\inspect.md
7249,inspection,C:\GTT\EnglishDB\Words\i\inspection.md
7250,inspector,C:\GTT\EnglishDB\Words\i\inspector.md
7251,inspiration,C:\GTT\EnglishDB\Words\i\inspiration.md
7252,inspirational,C:\GTT\EnglishDB\Words\i\inspirational.md
7253,inspire,C:\GTT\EnglishDB\Words\i\inspire.md
7254,inspired,C:\GTT\EnglishDB\Words\i\inspired.md
7255,inspiring,C:\GTT\EnglishDB\Words\i\inspiring.md
7256,instability,C:\GTT\EnglishDB\Words\i\instability.md
7257,install,C:\GTT\EnglishDB\Words\i\install.md
7258,installation,C:\GTT\EnglishDB\Words\i\installation.md
7259,installment,C:\GTT\EnglishDB\Words\i\installment.md
7260,instance,C:\GTT\EnglishDB\Words\i\instance.md
7261,instant,C:\GTT\EnglishDB\Words\i\instant.md
7262,instantaneous,C:\GTT\EnglishDB\Words\i\instantaneous.md
7263,instantly,C:\GTT\EnglishDB\Words\i\instantly.md
7264,instead,C:\GTT\EnglishDB\Words\i\instead.md
7265,instigate,C:\GTT\EnglishDB\Words\i\instigate.md
7266,instil,C:\GTT\EnglishDB\Words\i\instil.md
7267,instill,C:\GTT\EnglishDB\Words\i\instill.md
7268,instinct,C:\GTT\EnglishDB\Words\i\instinct.md
7269,instinctive,C:\GTT\EnglishDB\Words\i\instinctive.md
7270,institute,C:\GTT\EnglishDB\Words\i\institute.md
7271,institution,C:\GTT\EnglishDB\Words\i\institution.md
7272,institutional,C:\GTT\EnglishDB\Words\i\institutional.md
7273,instruct,C:\GTT\EnglishDB\Words\i\instruct.md
7274,instruction,C:\GTT\EnglishDB\Words\i\instruction.md
7275,instructional,C:\GTT\EnglishDB\Words\i\instructional.md
7276,instructive,C:\GTT\EnglishDB\Words\i\instructive.md
7277,instructor,C:\GTT\EnglishDB\Words\i\instructor.md
7278,instrument,C:\GTT\EnglishDB\Words\i\instrument.md
7279,instrumental,C:\GTT\EnglishDB\Words\i\instrumental.md
7280,instrumentation,C:\GTT\EnglishDB\Words\i\instrumentation.md
7281,insufficient,C:\GTT\EnglishDB\Words\i\insufficient.md
7282,insular,C:\GTT\EnglishDB\Words\i\insular.md
7283,insulate,C:\GTT\EnglishDB\Words\i\insulate.md
7284,insulating,C:\GTT\EnglishDB\Words\i\insulating.md
7285,insulation,C:\GTT\EnglishDB\Words\i\insulation.md
7286,insulin,C:\GTT\EnglishDB\Words\i\insulin.md
7287,insult,C:\GTT\EnglishDB\Words\i\insult.md
7288,insulting,C:\GTT\EnglishDB\Words\i\insulting.md
7289,insurance,C:\GTT\EnglishDB\Words\i\insurance.md
7290,insure,C:\GTT\EnglishDB\Words\i\insure.md
7291,insurer,C:\GTT\EnglishDB\Words\i\insurer.md
7292,insurgency,C:\GTT\EnglishDB\Words\i\insurgency.md
7293,insurgent,C:\GTT\EnglishDB\Words\i\insurgent.md
7294,insurmountable,C:\GTT\EnglishDB\Words\i\insurmountable.md
7295,insurrection,C:\GTT\EnglishDB\Words\i\insurrection.md
7296,intact,C:\GTT\EnglishDB\Words\i\intact.md
7297,intake,C:\GTT\EnglishDB\Words\i\intake.md
7298,intangible,C:\GTT\EnglishDB\Words\i\intangible.md
7299,integral,C:\GTT\EnglishDB\Words\i\integral.md
7300,integrate,C:\GTT\EnglishDB\Words\i\integrate.md
7301,integrated,C:\GTT\EnglishDB\Words\i\integrated.md
7302,integration,C:\GTT\EnglishDB\Words\i\integration.md
7303,integrative,C:\GTT\EnglishDB\Words\i\integrative.md
7304,integrity,C:\GTT\EnglishDB\Words\i\integrity.md
7305,intellect,C:\GTT\EnglishDB\Words\i\intellect.md
7306,intellectual,C:\GTT\EnglishDB\Words\i\intellectual.md
7307,intellectually,C:\GTT\EnglishDB\Words\i\intellectually.md
7308,intelligence,C:\GTT\EnglishDB\Words\i\intelligence.md
7309,intelligent,C:\GTT\EnglishDB\Words\i\intelligent.md
7310,intelligently,C:\GTT\EnglishDB\Words\i\intelligently.md
7311,intelligentsia,C:\GTT\EnglishDB\Words\i\intelligentsia.md
7312,intelligible,C:\GTT\EnglishDB\Words\i\intelligible.md
7313,intend,C:\GTT\EnglishDB\Words\i\intend.md
7314,intended,C:\GTT\EnglishDB\Words\i\intended.md
7315,intense,C:\GTT\EnglishDB\Words\i\intense.md
7316,intensely,C:\GTT\EnglishDB\Words\i\intensely.md
7317,intensify,C:\GTT\EnglishDB\Words\i\intensify.md
7318,intensity,C:\GTT\EnglishDB\Words\i\intensity.md
7319,intensive,C:\GTT\EnglishDB\Words\i\intensive.md
7320,intensively,C:\GTT\EnglishDB\Words\i\intensively.md
7321,intent,C:\GTT\EnglishDB\Words\i\intent.md
7322,intention,C:\GTT\EnglishDB\Words\i\intention.md
7323,intentional,C:\GTT\EnglishDB\Words\i\intentional.md
7324,intentionally,C:\GTT\EnglishDB\Words\i\intentionally.md
7325,intently,C:\GTT\EnglishDB\Words\i\intently.md
7326,interact,C:\GTT\EnglishDB\Words\i\interact.md
7327,interaction,C:\GTT\EnglishDB\Words\i\interaction.md
7328,interactive,C:\GTT\EnglishDB\Words\i\interactive.md
7329,intercede,C:\GTT\EnglishDB\Words\i\intercede.md
7330,intercept,C:\GTT\EnglishDB\Words\i\intercept.md
7331,interception,C:\GTT\EnglishDB\Words\i\interception.md
7332,interchange,C:\GTT\EnglishDB\Words\i\interchange.md
7333,interchangeable,C:\GTT\EnglishDB\Words\i\interchangeable.md
7334,intercollegiate,C:\GTT\EnglishDB\Words\i\intercollegiate.md
7335,intercom,C:\GTT\EnglishDB\Words\i\intercom.md
7336,interconnection,C:\GTT\EnglishDB\Words\i\interconnection.md
7337,intercourse,C:\GTT\EnglishDB\Words\i\intercourse.md
7338,intercut,C:\GTT\EnglishDB\Words\i\intercut.md
7339,interdependence,C:\GTT\EnglishDB\Words\i\interdependence.md
7340,interdependent,C:\GTT\EnglishDB\Words\i\interdependent.md
7341,interdisciplinary,C:\GTT\EnglishDB\Words\i\interdisciplinary.md
7342,interest,C:\GTT\EnglishDB\Words\i\interest.md
7343,interested,C:\GTT\EnglishDB\Words\i\interested.md
7344,interesting,C:\GTT\EnglishDB\Words\i\interesting.md
7345,interestingly,C:\GTT\EnglishDB\Words\i\interestingly.md
7346,interface,C:\GTT\EnglishDB\Words\i\interface.md
7347,interfaith,C:\GTT\EnglishDB\Words\i\interfaith.md
7348,interfere,C:\GTT\EnglishDB\Words\i\interfere.md
7349,interference,C:\GTT\EnglishDB\Words\i\interference.md
7350,intergenerational,C:\GTT\EnglishDB\Words\i\intergenerational.md
7351,intergovernmental,C:\GTT\EnglishDB\Words\i\intergovernmental.md
7352,interim,C:\GTT\EnglishDB\Words\i\interim.md
7353,interior,C:\GTT\EnglishDB\Words\i\interior.md
7354,interject,C:\GTT\EnglishDB\Words\i\interject.md
7355,interlocking,C:\GTT\EnglishDB\Words\i\interlocking.md
7356,interlocutor,C:\GTT\EnglishDB\Words\i\interlocutor.md
7357,interlude,C:\GTT\EnglishDB\Words\i\interlude.md
7358,intermediary,C:\GTT\EnglishDB\Words\i\intermediary.md
7359,intermediate,C:\GTT\EnglishDB\Words\i\intermediate.md
7360,interminable,C:\GTT\EnglishDB\Words\i\interminable.md
7361,intermission,C:\GTT\EnglishDB\Words\i\intermission.md
7362,intermittent,C:\GTT\EnglishDB\Words\i\intermittent.md
7363,intermittently,C:\GTT\EnglishDB\Words\i\intermittently.md
7364,intern,C:\GTT\EnglishDB\Words\i\intern.md
7365,internal,C:\GTT\EnglishDB\Words\i\internal.md
7366,internalize,C:\GTT\EnglishDB\Words\i\internalize.md
7367,internally,C:\GTT\EnglishDB\Words\i\internally.md
7368,international,C:\GTT\EnglishDB\Words\i\international.md
7369,internationally,C:\GTT\EnglishDB\Words\i\internationally.md
7370,internist,C:\GTT\EnglishDB\Words\i\internist.md
7371,internment,C:\GTT\EnglishDB\Words\i\internment.md
7372,internship,C:\GTT\EnglishDB\Words\i\internship.md
7373,interpersonal,C:\GTT\EnglishDB\Words\i\interpersonal.md
7374,interplay,C:\GTT\EnglishDB\Words\i\interplay.md
7375,interpret,C:\GTT\EnglishDB\Words\i\interpret.md
7376,interpretation,C:\GTT\EnglishDB\Words\i\interpretation.md
7377,interpreter,C:\GTT\EnglishDB\Words\i\interpreter.md
7378,interpretive,C:\GTT\EnglishDB\Words\i\interpretive.md
7379,interracial,C:\GTT\EnglishDB\Words\i\interracial.md
7380,interrelated,C:\GTT\EnglishDB\Words\i\interrelated.md
7381,interrogate,C:\GTT\EnglishDB\Words\i\interrogate.md
7382,interrogation,C:\GTT\EnglishDB\Words\i\interrogation.md
7383,interrogator,C:\GTT\EnglishDB\Words\i\interrogator.md
7384,interrupt,C:\GTT\EnglishDB\Words\i\interrupt.md
7385,interruption,C:\GTT\EnglishDB\Words\i\interruption.md
7386,intersect,C:\GTT\EnglishDB\Words\i\intersect.md
7387,intersection,C:\GTT\EnglishDB\Words\i\intersection.md
7388,intersperse,C:\GTT\EnglishDB\Words\i\intersperse.md
7389,interstate,C:\GTT\EnglishDB\Words\i\interstate.md
7390,interstellar,C:\GTT\EnglishDB\Words\i\interstellar.md
7391,intertwine,C:\GTT\EnglishDB\Words\i\intertwine.md
7392,interval,C:\GTT\EnglishDB\Words\i\interval.md
7393,intervene,C:\GTT\EnglishDB\Words\i\intervene.md
7394,intervention,C:\GTT\EnglishDB\Words\i\intervention.md
7395,interview,C:\GTT\EnglishDB\Words\i\interview.md
7396,interviewee,C:\GTT\EnglishDB\Words\i\interviewee.md
7397,interviewer,C:\GTT\EnglishDB\Words\i\interviewer.md
7398,interweave,C:\GTT\EnglishDB\Words\i\interweave.md
7399,intestinal,C:\GTT\EnglishDB\Words\i\intestinal.md
7400,intestine,C:\GTT\EnglishDB\Words\i\intestine.md
7401,intimacy,C:\GTT\EnglishDB\Words\i\intimacy.md
7402,intimate,C:\GTT\EnglishDB\Words\i\intimate.md
7403,intimately,C:\GTT\EnglishDB\Words\i\intimately.md
7404,intimidate,C:\GTT\EnglishDB\Words\i\intimidate.md
7405,intimidation,C:\GTT\EnglishDB\Words\i\intimidation.md
7406,into,C:\GTT\EnglishDB\Words\i\into.md
7407,intolerable,C:\GTT\EnglishDB\Words\i\intolerable.md
7408,intolerance,C:\GTT\EnglishDB\Words\i\intolerance.md
7409,intolerant,C:\GTT\EnglishDB\Words\i\intolerant.md
7410,intonation,C:\GTT\EnglishDB\Words\i\intonation.md
7411,intone,C:\GTT\EnglishDB\Words\i\intone.md
7412,intoxicate,C:\GTT\EnglishDB\Words\i\intoxicate.md
7413,intoxication,C:\GTT\EnglishDB\Words\i\intoxication.md
7414,intractable,C:\GTT\EnglishDB\Words\i\intractable.md
7415,intravenous,C:\GTT\EnglishDB\Words\i\intravenous.md
7416,intrepid,C:\GTT\EnglishDB\Words\i\intrepid.md
7417,intricacy,C:\GTT\EnglishDB\Words\i\intricacy.md
7418,intricate,C:\GTT\EnglishDB\Words\i\intricate.md
7419,intricately,C:\GTT\EnglishDB\Words\i\intricately.md
7420,intrigue,C:\GTT\EnglishDB\Words\i\intrigue.md
7421,intriguing,C:\GTT\EnglishDB\Words\i\intriguing.md
7422,introduce,C:\GTT\EnglishDB\Words\i\introduce.md
7423,introduction,C:\GTT\EnglishDB\Words\i\introduction.md
7424,introductory,C:\GTT\EnglishDB\Words\i\introductory.md
7425,introspection,C:\GTT\EnglishDB\Words\i\introspection.md
7426,introspective,C:\GTT\EnglishDB\Words\i\introspective.md
7427,intrude,C:\GTT\EnglishDB\Words\i\intrude.md
7428,intruder,C:\GTT\EnglishDB\Words\i\intruder.md
7429,intrusion,C:\GTT\EnglishDB\Words\i\intrusion.md
7430,intrusive,C:\GTT\EnglishDB\Words\i\intrusive.md
7431,intuition,C:\GTT\EnglishDB\Words\i\intuition.md
7432,intuitive,C:\GTT\EnglishDB\Words\i\intuitive.md
7433,intuitively,C:\GTT\EnglishDB\Words\i\intuitively.md
7434,inundate,C:\GTT\EnglishDB\Words\i\inundate.md
7435,invade,C:\GTT\EnglishDB\Words\i\invade.md
7436,invader,C:\GTT\EnglishDB\Words\i\invader.md
7437,invalid,C:\GTT\EnglishDB\Words\i\invalid.md
7438,invalidate,C:\GTT\EnglishDB\Words\i\invalidate.md
7439,invaluable,C:\GTT\EnglishDB\Words\i\invaluable.md
7440,invariably,C:\GTT\EnglishDB\Words\i\invariably.md
7441,invasion,C:\GTT\EnglishDB\Words\i\invasion.md
7442,invasive,C:\GTT\EnglishDB\Words\i\invasive.md
7443,invent,C:\GTT\EnglishDB\Words\i\invent.md
7444,invention,C:\GTT\EnglishDB\Words\i\invention.md
7445,inventive,C:\GTT\EnglishDB\Words\i\inventive.md
7446,inventor,C:\GTT\EnglishDB\Words\i\inventor.md
7447,inventory,C:\GTT\EnglishDB\Words\i\inventory.md
7448,inverse,C:\GTT\EnglishDB\Words\i\inverse.md
7449,inversion,C:\GTT\EnglishDB\Words\i\inversion.md
7450,invert,C:\GTT\EnglishDB\Words\i\invert.md
7451,invertebrate,C:\GTT\EnglishDB\Words\i\invertebrate.md
7452,inverted,C:\GTT\EnglishDB\Words\i\inverted.md
7453,invest,C:\GTT\EnglishDB\Words\i\invest.md
7454,investigate,C:\GTT\EnglishDB\Words\i\investigate.md
7455,investigation,C:\GTT\EnglishDB\Words\i\investigation.md
7456,investigative,C:\GTT\EnglishDB\Words\i\investigative.md
7457,investigator,C:\GTT\EnglishDB\Words\i\investigator.md
7458,investment,C:\GTT\EnglishDB\Words\i\investment.md
7459,investor,C:\GTT\EnglishDB\Words\i\investor.md
7460,invigorating,C:\GTT\EnglishDB\Words\i\invigorating.md
7461,invincible,C:\GTT\EnglishDB\Words\i\invincible.md
7462,invisibility,C:\GTT\EnglishDB\Words\i\invisibility.md
7463,invisible,C:\GTT\EnglishDB\Words\i\invisible.md
7464,invitation,C:\GTT\EnglishDB\Words\i\invitation.md
7465,invite,C:\GTT\EnglishDB\Words\i\invite.md
7466,inviting,C:\GTT\EnglishDB\Words\i\inviting.md
7467,invocation,C:\GTT\EnglishDB\Words\i\invocation.md
7468,invoice,C:\GTT\EnglishDB\Words\i\invoice.md
7469,invoke,C:\GTT\EnglishDB\Words\i\invoke.md
7470,involuntarily,C:\GTT\EnglishDB\Words\i\involuntarily.md
7471,involuntary,C:\GTT\EnglishDB\Words\i\involuntary.md
7472,involve,C:\GTT\EnglishDB\Words\i\involve.md
7473,involved,C:\GTT\EnglishDB\Words\i\involved.md
7474,involvement,C:\GTT\EnglishDB\Words\i\involvement.md
7475,inward,C:\GTT\EnglishDB\Words\i\inward.md
7476,inwardly,C:\GTT\EnglishDB\Words\i\inwardly.md
7477,iodine,C:\GTT\EnglishDB\Words\i\iodine.md
7478,irate,C:\GTT\EnglishDB\Words\i\irate.md
7479,iridescent,C:\GTT\EnglishDB\Words\i\iridescent.md
7480,iris,C:\GTT\EnglishDB\Words\i\iris.md
7481,irk,C:\GTT\EnglishDB\Words\i\irk.md
7482,iron,C:\GTT\EnglishDB\Words\i\iron.md
7483,ironic,C:\GTT\EnglishDB\Words\i\ironic.md
7484,ironically,C:\GTT\EnglishDB\Words\i\ironically.md
7485,irony,C:\GTT\EnglishDB\Words\i\irony.md
7486,irrational,C:\GTT\EnglishDB\Words\i\irrational.md
7487,irregular,C:\GTT\EnglishDB\Words\i\irregular.md
7488,irregularity,C:\GTT\EnglishDB\Words\i\irregularity.md
7489,irrelevant,C:\GTT\EnglishDB\Words\i\irrelevant.md
7490,irreplaceable,C:\GTT\EnglishDB\Words\i\irreplaceable.md
7491,irresistible,C:\GTT\EnglishDB\Words\i\irresistible.md
7492,irrespective,C:\GTT\EnglishDB\Words\i\irrespective.md
7493,irresponsible,C:\GTT\EnglishDB\Words\i\irresponsible.md
7494,irreverent,C:\GTT\EnglishDB\Words\i\irreverent.md
7495,irreversible,C:\GTT\EnglishDB\Words\i\irreversible.md
7496,irrevocably,C:\GTT\EnglishDB\Words\i\irrevocably.md
7497,irrigate,C:\GTT\EnglishDB\Words\i\irrigate.md
7498,irrigation,C:\GTT\EnglishDB\Words\i\irrigation.md
7499,irritability,C:\GTT\EnglishDB\Words\i\irritability.md
7500,irritable,C:\GTT\EnglishDB\Words\i\irritable.md
7501,irritant,C:\GTT\EnglishDB\Words\i\irritant.md
7502,irritate,C:\GTT\EnglishDB\Words\i\irritate.md
7503,irritated,C:\GTT\EnglishDB\Words\i\irritated.md
7504,irritating,C:\GTT\EnglishDB\Words\i\irritating.md
7505,irritation,C:\GTT\EnglishDB\Words\i\irritation.md
7506,island,C:\GTT\EnglishDB\Words\i\island.md
7507,islander,C:\GTT\EnglishDB\Words\i\islander.md
7508,isolate,C:\GTT\EnglishDB\Words\i\isolate.md
7509,isolated,C:\GTT\EnglishDB\Words\i\isolated.md
7510,isolation,C:\GTT\EnglishDB\Words\i\isolation.md
7511,isolationist,C:\GTT\EnglishDB\Words\i\isolationist.md
7512,isotope,C:\GTT\EnglishDB\Words\i\isotope.md
7513,issue,C:\GTT\EnglishDB\Words\i\issue.md
7514,issuer,C:\GTT\EnglishDB\Words\i\issuer.md
7515,it,C:\GTT\EnglishDB\Words\i\it.md
7516,italics,C:\GTT\EnglishDB\Words\i\italics.md
7517,itch,C:\GTT\EnglishDB\Words\i\itch.md
7518,itchy,C:\GTT\EnglishDB\Words\i\itchy.md
7519,item,C:\GTT\EnglishDB\Words\i\item.md
7520,iteration,C:\GTT\EnglishDB\Words\i\iteration.md
7521,itinerant,C:\GTT\EnglishDB\Words\i\itinerant.md
7522,itinerary,C:\GTT\EnglishDB\Words\i\itinerary.md
7523,its,C:\GTT\EnglishDB\Words\i\its.md
7524,itself,C:\GTT\EnglishDB\Words\i\itself.md
7525,ivory,C:\GTT\EnglishDB\Words\i\ivory.md
7526,ivy,C:\GTT\EnglishDB\Words\i\ivy.md
7527,jab,C:\GTT\EnglishDB\Words\j\jab.md
7528,jacket,C:\GTT\EnglishDB\Words\j\jacket.md
7529,jackpot,C:\GTT\EnglishDB\Words\j\jackpot.md
7530,jade,C:\GTT\EnglishDB\Words\j\jade.md
7531,jaded,C:\GTT\EnglishDB\Words\j\jaded.md
7532,jagged,C:\GTT\EnglishDB\Words\j\jagged.md
7533,jaguar,C:\GTT\EnglishDB\Words\j\jaguar.md
7534,jail,C:\GTT\EnglishDB\Words\j\jail.md
7535,jam,C:\GTT\EnglishDB\Words\j\jam.md
7536,janitor,C:\GTT\EnglishDB\Words\j\janitor.md
7537,jar,C:\GTT\EnglishDB\Words\j\jar.md
7538,jargon,C:\GTT\EnglishDB\Words\j\jargon.md
7539,jasmine,C:\GTT\EnglishDB\Words\j\jasmine.md
7540,jaunt,C:\GTT\EnglishDB\Words\j\jaunt.md
7541,jaunty,C:\GTT\EnglishDB\Words\j\jaunty.md
7542,jaw,C:\GTT\EnglishDB\Words\j\jaw.md
7543,jazz,C:\GTT\EnglishDB\Words\j\jazz.md
7544,jealous,C:\GTT\EnglishDB\Words\j\jealous.md
7545,jealousy,C:\GTT\EnglishDB\Words\j\jealousy.md
7546,jeans,C:\GTT\EnglishDB\Words\j\jeans.md
7547,jeep,C:\GTT\EnglishDB\Words\j\jeep.md
7548,jeez,C:\GTT\EnglishDB\Words\j\jeez.md
7549,jelly,C:\GTT\EnglishDB\Words\j\jelly.md
7550,jellyfish,C:\GTT\EnglishDB\Words\j\jellyfish.md
7551,jeopardize,C:\GTT\EnglishDB\Words\j\jeopardize.md
7552,jeopardy,C:\GTT\EnglishDB\Words\j\jeopardy.md
7553,jerk,C:\GTT\EnglishDB\Words\j\jerk.md
7554,jerky,C:\GTT\EnglishDB\Words\j\jerky.md
7555,jet,C:\GTT\EnglishDB\Words\j\jet.md
7556,jetliner,C:\GTT\EnglishDB\Words\j\jetliner.md
7557,jettison,C:\GTT\EnglishDB\Words\j\jettison.md
7558,jetty,C:\GTT\EnglishDB\Words\j\jetty.md
7559,jewel,C:\GTT\EnglishDB\Words\j\jewel.md
7560,jeweler,C:\GTT\EnglishDB\Words\j\jeweler.md
7561,jewelry,C:\GTT\EnglishDB\Words\j\jewelry.md
7562,jig,C:\GTT\EnglishDB\Words\j\jig.md
7563,jiggle,C:\GTT\EnglishDB\Words\j\jiggle.md
7564,jigsaw,C:\GTT\EnglishDB\Words\j\jigsaw.md
7565,jihad,C:\GTT\EnglishDB\Words\j\jihad.md
7566,jingle,C:\GTT\EnglishDB\Words\j\jingle.md
7567,jitters,C:\GTT\EnglishDB\Words\j\jitters.md
7568,jittery,C:\GTT\EnglishDB\Words\j\jittery.md
7569,job,C:\GTT\EnglishDB\Words\j\job.md
7570,jobless,C:\GTT\EnglishDB\Words\j\jobless.md
7571,jock,C:\GTT\EnglishDB\Words\j\jock.md
7572,jockey,C:\GTT\EnglishDB\Words\j\jockey.md
7573,jog,C:\GTT\EnglishDB\Words\j\jog.md
7574,jogger,C:\GTT\EnglishDB\Words\j\jogger.md
7575,jogging,C:\GTT\EnglishDB\Words\j\jogging.md
7576,john,C:\GTT\EnglishDB\Words\j\john.md
7577,join,C:\GTT\EnglishDB\Words\j\join.md
7578,joint,C:\GTT\EnglishDB\Words\j\joint.md
7579,jointly,C:\GTT\EnglishDB\Words\j\jointly.md
7580,joist,C:\GTT\EnglishDB\Words\j\joist.md
7581,joke,C:\GTT\EnglishDB\Words\j\joke.md
7582,jokingly,C:\GTT\EnglishDB\Words\j\jokingly.md
7583,jolly,C:\GTT\EnglishDB\Words\j\jolly.md
7584,jolt,C:\GTT\EnglishDB\Words\j\jolt.md
7585,jostle,C:\GTT\EnglishDB\Words\j\jostle.md
7586,jot,C:\GTT\EnglishDB\Words\j\jot.md
7587,journal,C:\GTT\EnglishDB\Words\j\journal.md
7588,journalism,C:\GTT\EnglishDB\Words\j\journalism.md
7589,journalist,C:\GTT\EnglishDB\Words\j\journalist.md
7590,journalistic,C:\GTT\EnglishDB\Words\j\journalistic.md
7591,journey,C:\GTT\EnglishDB\Words\j\journey.md
7592,joy,C:\GTT\EnglishDB\Words\j\joy.md
7593,joyful,C:\GTT\EnglishDB\Words\j\joyful.md
7594,joyous,C:\GTT\EnglishDB\Words\j\joyous.md
7595,joystick,C:\GTT\EnglishDB\Words\j\joystick.md
7596,jubilant,C:\GTT\EnglishDB\Words\j\jubilant.md
7597,judgement,C:\GTT\EnglishDB\Words\j\judgement.md
7598,judgment,C:\GTT\EnglishDB\Words\j\judgment.md
7599,judicial,C:\GTT\EnglishDB\Words\j\judicial.md
7600,judiciary,C:\GTT\EnglishDB\Words\j\judiciary.md
7601,judicious,C:\GTT\EnglishDB\Words\j\judicious.md
7602,jug,C:\GTT\EnglishDB\Words\j\jug.md
7603,juggernaut,C:\GTT\EnglishDB\Words\j\juggernaut.md
7604,juggle,C:\GTT\EnglishDB\Words\j\juggle.md
7605,juice,C:\GTT\EnglishDB\Words\j\juice.md
7606,juicy,C:\GTT\EnglishDB\Words\j\juicy.md
7607,jukebox,C:\GTT\EnglishDB\Words\j\jukebox.md
7608,jumble,C:\GTT\EnglishDB\Words\j\jumble.md
7609,jumbo,C:\GTT\EnglishDB\Words\j\jumbo.md
7610,jump,C:\GTT\EnglishDB\Words\j\jump.md
7611,jumper,C:\GTT\EnglishDB\Words\j\jumper.md
7612,jumping,C:\GTT\EnglishDB\Words\j\jumping.md
7613,junction,C:\GTT\EnglishDB\Words\j\junction.md
7614,juncture,C:\GTT\EnglishDB\Words\j\juncture.md
7615,jungle,C:\GTT\EnglishDB\Words\j\jungle.md
7616,junior,C:\GTT\EnglishDB\Words\j\junior.md
7617,juniper,C:\GTT\EnglishDB\Words\j\juniper.md
7618,junk,C:\GTT\EnglishDB\Words\j\junk.md
7619,junkie,C:\GTT\EnglishDB\Words\j\junkie.md
7620,junkyard,C:\GTT\EnglishDB\Words\j\junkyard.md
7621,junta,C:\GTT\EnglishDB\Words\j\junta.md
7622,jurisdiction,C:\GTT\EnglishDB\Words\j\jurisdiction.md
7623,jurisprudence,C:\GTT\EnglishDB\Words\j\jurisprudence.md
7624,jurist,C:\GTT\EnglishDB\Words\j\jurist.md
7625,juror,C:\GTT\EnglishDB\Words\j\juror.md
7626,jury,C:\GTT\EnglishDB\Words\j\jury.md
7627,just,C:\GTT\EnglishDB\Words\j\just.md
7628,justice,C:\GTT\EnglishDB\Words\j\justice.md
7629,justifiable,C:\GTT\EnglishDB\Words\j\justifiable.md
7630,justification,C:\GTT\EnglishDB\Words\j\justification.md
7631,justify,C:\GTT\EnglishDB\Words\j\justify.md
7632,justly,C:\GTT\EnglishDB\Words\j\justly.md
7633,jut,C:\GTT\EnglishDB\Words\j\jut.md
7634,juvenile,C:\GTT\EnglishDB\Words\j\juvenile.md
7635,juxtapose,C:\GTT\EnglishDB\Words\j\juxtapose.md
7636,juxtaposition,C:\GTT\EnglishDB\Words\j\juxtaposition.md
7637,kale,C:\GTT\EnglishDB\Words\k\kale.md
7638,kangaroo,C:\GTT\EnglishDB\Words\k\kangaroo.md
7639,karate,C:\GTT\EnglishDB\Words\k\karate.md
7640,karma,C:\GTT\EnglishDB\Words\k\karma.md
7641,kayak,C:\GTT\EnglishDB\Words\k\kayak.md
7642,keel,C:\GTT\EnglishDB\Words\k\keel.md
7643,keen,C:\GTT\EnglishDB\Words\k\keen.md
7644,keenly,C:\GTT\EnglishDB\Words\k\keenly.md
7645,keep,C:\GTT\EnglishDB\Words\k\keep.md
7646,keeper,C:\GTT\EnglishDB\Words\k\keeper.md
7647,keeping,C:\GTT\EnglishDB\Words\k\keeping.md
7648,kennel,C:\GTT\EnglishDB\Words\k\kennel.md
7649,kernel,C:\GTT\EnglishDB\Words\k\kernel.md
7650,kerosene,C:\GTT\EnglishDB\Words\k\kerosene.md
7651,ketchup,C:\GTT\EnglishDB\Words\k\ketchup.md
7652,kettle,C:\GTT\EnglishDB\Words\k\kettle.md
7653,key,C:\GTT\EnglishDB\Words\k\key.md
7654,keyboard,C:\GTT\EnglishDB\Words\k\keyboard.md
7655,keynote,C:\GTT\EnglishDB\Words\k\keynote.md
7656,keypad,C:\GTT\EnglishDB\Words\k\keypad.md
7657,keyword,C:\GTT\EnglishDB\Words\k\keyword.md
7658,khaki,C:\GTT\EnglishDB\Words\k\khaki.md
7659,kick,C:\GTT\EnglishDB\Words\k\kick.md
7660,kickback,C:\GTT\EnglishDB\Words\k\kickback.md
7661,kicker,C:\GTT\EnglishDB\Words\k\kicker.md
7662,kickoff,C:\GTT\EnglishDB\Words\k\kickoff.md
7663,kid,C:\GTT\EnglishDB\Words\k\kid.md
7664,kidnap,C:\GTT\EnglishDB\Words\k\kidnap.md
7665,kidnapper,C:\GTT\EnglishDB\Words\k\kidnapper.md
7666,kidnapping,C:\GTT\EnglishDB\Words\k\kidnapping.md
7667,kidney,C:\GTT\EnglishDB\Words\k\kidney.md
7668,kill,C:\GTT\EnglishDB\Words\k\kill.md
7669,killer,C:\GTT\EnglishDB\Words\k\killer.md
7670,killing,C:\GTT\EnglishDB\Words\k\killing.md
7671,kiln,C:\GTT\EnglishDB\Words\k\kiln.md
7672,kimono,C:\GTT\EnglishDB\Words\k\kimono.md
7673,kin,C:\GTT\EnglishDB\Words\k\kin.md
7674,kind,C:\GTT\EnglishDB\Words\k\kind.md
7675,kinda,C:\GTT\EnglishDB\Words\k\kinda.md
7676,kindergarten,C:\GTT\EnglishDB\Words\k\kindergarten.md
7677,kindle,C:\GTT\EnglishDB\Words\k\kindle.md
7678,kindly,C:\GTT\EnglishDB\Words\k\kindly.md
7679,kindness,C:\GTT\EnglishDB\Words\k\kindness.md
7680,kindred,C:\GTT\EnglishDB\Words\k\kindred.md
7681,kinetic,C:\GTT\EnglishDB\Words\k\kinetic.md
7682,king,C:\GTT\EnglishDB\Words\k\king.md
7683,kingdom,C:\GTT\EnglishDB\Words\k\kingdom.md
7684,kink,C:\GTT\EnglishDB\Words\k\kink.md
7685,kinship,C:\GTT\EnglishDB\Words\k\kinship.md
7686,kiosk,C:\GTT\EnglishDB\Words\k\kiosk.md
7687,kiss,C:\GTT\EnglishDB\Words\k\kiss.md
7688,kit,C:\GTT\EnglishDB\Words\k\kit.md
7689,kitchen,C:\GTT\EnglishDB\Words\k\kitchen.md
7690,kite,C:\GTT\EnglishDB\Words\k\kite.md
7691,kitsch,C:\GTT\EnglishDB\Words\k\kitsch.md
7692,kitten,C:\GTT\EnglishDB\Words\k\kitten.md
7693,knack,C:\GTT\EnglishDB\Words\k\knack.md
7694,knapsack,C:\GTT\EnglishDB\Words\k\knapsack.md
7695,knead,C:\GTT\EnglishDB\Words\k\knead.md
7696,knee,C:\GTT\EnglishDB\Words\k\knee.md
7697,kneel,C:\GTT\EnglishDB\Words\k\kneel.md
7698,knife,C:\GTT\EnglishDB\Words\k\knife.md
7699,knight,C:\GTT\EnglishDB\Words\k\knight.md
7700,knit,C:\GTT\EnglishDB\Words\k\knit.md
7701,knitting,C:\GTT\EnglishDB\Words\k\knitting.md
7702,knob,C:\GTT\EnglishDB\Words\k\knob.md
7703,knock,C:\GTT\EnglishDB\Words\k\knock.md
7704,knocking,C:\GTT\EnglishDB\Words\k\knocking.md
7705,knockout,C:\GTT\EnglishDB\Words\k\knockout.md
7706,knoll,C:\GTT\EnglishDB\Words\k\knoll.md
7707,knot,C:\GTT\EnglishDB\Words\k\knot.md
7708,knotted,C:\GTT\EnglishDB\Words\k\knotted.md
7709,know,C:\GTT\EnglishDB\Words\k\know.md
7710,knowing,C:\GTT\EnglishDB\Words\k\knowing.md
7711,knowingly,C:\GTT\EnglishDB\Words\k\knowingly.md
7712,knowledge,C:\GTT\EnglishDB\Words\k\knowledge.md
7713,knowledgeable,C:\GTT\EnglishDB\Words\k\knowledgeable.md
7714,known,C:\GTT\EnglishDB\Words\k\known.md
7715,knuckle,C:\GTT\EnglishDB\Words\k\knuckle.md
7716,kosher,C:\GTT\EnglishDB\Words\k\kosher.md
7717,lab,C:\GTT\EnglishDB\Words\l\lab.md
7718,label,C:\GTT\EnglishDB\Words\l\label.md
7719,labor,C:\GTT\EnglishDB\Words\l\labor.md
7720,laboratory,C:\GTT\EnglishDB\Words\l\laboratory.md
7721,laborer,C:\GTT\EnglishDB\Words\l\laborer.md
7722,laborious,C:\GTT\EnglishDB\Words\l\laborious.md
7723,labour,C:\GTT\EnglishDB\Words\l\labour.md
7724,labyrinth,C:\GTT\EnglishDB\Words\l\labyrinth.md
7725,lace,C:\GTT\EnglishDB\Words\l\lace.md
7726,lack,C:\GTT\EnglishDB\Words\l\lack.md
7727,lackluster,C:\GTT\EnglishDB\Words\l\lackluster.md
7728,lacquer,C:\GTT\EnglishDB\Words\l\lacquer.md
7729,lacrosse,C:\GTT\EnglishDB\Words\l\lacrosse.md
7730,lacy,C:\GTT\EnglishDB\Words\l\lacy.md
7731,lad,C:\GTT\EnglishDB\Words\l\lad.md
7732,ladder,C:\GTT\EnglishDB\Words\l\ladder.md
7733,laden,C:\GTT\EnglishDB\Words\l\laden.md
7734,ladle,C:\GTT\EnglishDB\Words\l\ladle.md
7735,lady,C:\GTT\EnglishDB\Words\l\lady.md
7736,lag,C:\GTT\EnglishDB\Words\l\lag.md
7737,lagoon,C:\GTT\EnglishDB\Words\l\lagoon.md
7738,laity,C:\GTT\EnglishDB\Words\l\laity.md
7739,lamb,C:\GTT\EnglishDB\Words\l\lamb.md
7740,lame,C:\GTT\EnglishDB\Words\l\lame.md
7741,lament,C:\GTT\EnglishDB\Words\l\lament.md
7742,laminated,C:\GTT\EnglishDB\Words\l\laminated.md
7743,lamp,C:\GTT\EnglishDB\Words\l\lamp.md
7744,lance,C:\GTT\EnglishDB\Words\l\lance.md
7745,land,C:\GTT\EnglishDB\Words\l\land.md
7746,landed,C:\GTT\EnglishDB\Words\l\landed.md
7747,lander,C:\GTT\EnglishDB\Words\l\lander.md
7748,landfall,C:\GTT\EnglishDB\Words\l\landfall.md
7749,landfill,C:\GTT\EnglishDB\Words\l\landfill.md
7750,landing,C:\GTT\EnglishDB\Words\l\landing.md
7751,landlady,C:\GTT\EnglishDB\Words\l\landlady.md
7752,landlord,C:\GTT\EnglishDB\Words\l\landlord.md
7753,landmark,C:\GTT\EnglishDB\Words\l\landmark.md
7754,landowner,C:\GTT\EnglishDB\Words\l\landowner.md
7755,landscape,C:\GTT\EnglishDB\Words\l\landscape.md
7756,landscaping,C:\GTT\EnglishDB\Words\l\landscaping.md
7757,landslide,C:\GTT\EnglishDB\Words\l\landslide.md
7758,lane,C:\GTT\EnglishDB\Words\l\lane.md
7759,language,C:\GTT\EnglishDB\Words\l\language.md
7760,languid,C:\GTT\EnglishDB\Words\l\languid.md
7761,languish,C:\GTT\EnglishDB\Words\l\languish.md
7762,lanky,C:\GTT\EnglishDB\Words\l\lanky.md
7763,lantern,C:\GTT\EnglishDB\Words\l\lantern.md
7764,lap,C:\GTT\EnglishDB\Words\l\lap.md
7765,lapel,C:\GTT\EnglishDB\Words\l\lapel.md
7766,lapse,C:\GTT\EnglishDB\Words\l\lapse.md
7767,laptop,C:\GTT\EnglishDB\Words\l\laptop.md
7768,lard,C:\GTT\EnglishDB\Words\l\lard.md
7769,large,C:\GTT\EnglishDB\Words\l\large.md
7770,largely,C:\GTT\EnglishDB\Words\l\largely.md
7771,lark,C:\GTT\EnglishDB\Words\l\lark.md
7772,larva,C:\GTT\EnglishDB\Words\l\larva.md
7773,laser,C:\GTT\EnglishDB\Words\l\laser.md
7774,lash,C:\GTT\EnglishDB\Words\l\lash.md
7775,last,C:\GTT\EnglishDB\Words\l\last.md
7776,lasting,C:\GTT\EnglishDB\Words\l\lasting.md
7777,lastly,C:\GTT\EnglishDB\Words\l\lastly.md
7778,latch,C:\GTT\EnglishDB\Words\l\latch.md
7779,late,C:\GTT\EnglishDB\Words\l\late.md
7780,lately,C:\GTT\EnglishDB\Words\l\lately.md
7781,latency,C:\GTT\EnglishDB\Words\l\latency.md
7782,latent,C:\GTT\EnglishDB\Words\l\latent.md
7783,later,C:\GTT\EnglishDB\Words\l\later.md
7784,lateral,C:\GTT\EnglishDB\Words\l\lateral.md
7785,latex,C:\GTT\EnglishDB\Words\l\latex.md
7786,latitude,C:\GTT\EnglishDB\Words\l\latitude.md
7787,latter,C:\GTT\EnglishDB\Words\l\latter.md
7788,lattice,C:\GTT\EnglishDB\Words\l\lattice.md
7789,laud,C:\GTT\EnglishDB\Words\l\laud.md
7790,laudable,C:\GTT\EnglishDB\Words\l\laudable.md
7791,laugh,C:\GTT\EnglishDB\Words\l\laugh.md
7792,laughable,C:\GTT\EnglishDB\Words\l\laughable.md
7793,laughing,C:\GTT\EnglishDB\Words\l\laughing.md
7794,laughter,C:\GTT\EnglishDB\Words\l\laughter.md
7795,launch,C:\GTT\EnglishDB\Words\l\launch.md
7796,launcher,C:\GTT\EnglishDB\Words\l\launcher.md
7797,launching,C:\GTT\EnglishDB\Words\l\launching.md
7798,launder,C:\GTT\EnglishDB\Words\l\launder.md
7799,laundering,C:\GTT\EnglishDB\Words\l\laundering.md
7800,laundry,C:\GTT\EnglishDB\Words\l\laundry.md
7801,laureate,C:\GTT\EnglishDB\Words\l\laureate.md
7802,laurel,C:\GTT\EnglishDB\Words\l\laurel.md
7803,lava,C:\GTT\EnglishDB\Words\l\lava.md
7804,lavender,C:\GTT\EnglishDB\Words\l\lavender.md
7805,lavish,C:\GTT\EnglishDB\Words\l\lavish.md
7806,lavishly,C:\GTT\EnglishDB\Words\l\lavishly.md
7807,lawful,C:\GTT\EnglishDB\Words\l\lawful.md
7808,lawless,C:\GTT\EnglishDB\Words\l\lawless.md
7809,lawmaker,C:\GTT\EnglishDB\Words\l\lawmaker.md
7810,lawn,C:\GTT\EnglishDB\Words\l\lawn.md
7811,lawsuit,C:\GTT\EnglishDB\Words\l\lawsuit.md
7812,lawyer,C:\GTT\EnglishDB\Words\l\lawyer.md
7813,lax,C:\GTT\EnglishDB\Words\l\lax.md
7814,lay,C:\GTT\EnglishDB\Words\l\lay.md
7815,layer,C:\GTT\EnglishDB\Words\l\layer.md
7816,layered,C:\GTT\EnglishDB\Words\l\layered.md
7817,layering,C:\GTT\EnglishDB\Words\l\layering.md
7818,layman,C:\GTT\EnglishDB\Words\l\layman.md
7819,layoff,C:\GTT\EnglishDB\Words\l\layoff.md
7820,layout,C:\GTT\EnglishDB\Words\l\layout.md
7821,lazily,C:\GTT\EnglishDB\Words\l\lazily.md
7822,laziness,C:\GTT\EnglishDB\Words\l\laziness.md
7823,lazy,C:\GTT\EnglishDB\Words\l\lazy.md
7824,leach,C:\GTT\EnglishDB\Words\l\leach.md
7825,lead,C:\GTT\EnglishDB\Words\l\lead.md
7826,leader,C:\GTT\EnglishDB\Words\l\leader.md
7827,leadership,C:\GTT\EnglishDB\Words\l\leadership.md
7828,leading,C:\GTT\EnglishDB\Words\l\leading.md
7829,leaf,C:\GTT\EnglishDB\Words\l\leaf.md
7830,leaflet,C:\GTT\EnglishDB\Words\l\leaflet.md
7831,leafy,C:\GTT\EnglishDB\Words\l\leafy.md
7832,league,C:\GTT\EnglishDB\Words\l\league.md
7833,leaguer,C:\GTT\EnglishDB\Words\l\leaguer.md
7834,leak,C:\GTT\EnglishDB\Words\l\leak.md
7835,leakage,C:\GTT\EnglishDB\Words\l\leakage.md
7836,leaky,C:\GTT\EnglishDB\Words\l\leaky.md
7837,lean,C:\GTT\EnglishDB\Words\l\lean.md
7838,leaning,C:\GTT\EnglishDB\Words\l\leaning.md
7839,leap,C:\GTT\EnglishDB\Words\l\leap.md
7840,learn,C:\GTT\EnglishDB\Words\l\learn.md
7841,learned,C:\GTT\EnglishDB\Words\l\learned.md
7842,learner,C:\GTT\EnglishDB\Words\l\learner.md
7843,learning,C:\GTT\EnglishDB\Words\l\learning.md
7844,lease,C:\GTT\EnglishDB\Words\l\lease.md
7845,leash,C:\GTT\EnglishDB\Words\l\leash.md
7846,leasing,C:\GTT\EnglishDB\Words\l\leasing.md
7847,least,C:\GTT\EnglishDB\Words\l\least.md
7848,leather,C:\GTT\EnglishDB\Words\l\leather.md
7849,leathery,C:\GTT\EnglishDB\Words\l\leathery.md
7850,leave,C:\GTT\EnglishDB\Words\l\leave.md
7851,leaving,C:\GTT\EnglishDB\Words\l\leaving.md
7852,lecture,C:\GTT\EnglishDB\Words\l\lecture.md
7853,lecturer,C:\GTT\EnglishDB\Words\l\lecturer.md
7854,ledge,C:\GTT\EnglishDB\Words\l\ledge.md
7855,ledger,C:\GTT\EnglishDB\Words\l\ledger.md
7856,leech,C:\GTT\EnglishDB\Words\l\leech.md
7857,leery,C:\GTT\EnglishDB\Words\l\leery.md
7858,leeway,C:\GTT\EnglishDB\Words\l\leeway.md
7859,left,C:\GTT\EnglishDB\Words\l\left.md
7860,leftist,C:\GTT\EnglishDB\Words\l\leftist.md
7861,leftover,C:\GTT\EnglishDB\Words\l\leftover.md
7862,lefty,C:\GTT\EnglishDB\Words\l\lefty.md
7863,leg,C:\GTT\EnglishDB\Words\l\leg.md
7864,legacy,C:\GTT\EnglishDB\Words\l\legacy.md
7865,legal,C:\GTT\EnglishDB\Words\l\legal.md
7866,legality,C:\GTT\EnglishDB\Words\l\legality.md
7867,legalization,C:\GTT\EnglishDB\Words\l\legalization.md
7868,legalize,C:\GTT\EnglishDB\Words\l\legalize.md
7869,legally,C:\GTT\EnglishDB\Words\l\legally.md
7870,legend,C:\GTT\EnglishDB\Words\l\legend.md
7871,legendary,C:\GTT\EnglishDB\Words\l\legendary.md
7872,legging,C:\GTT\EnglishDB\Words\l\legging.md
7873,legion,C:\GTT\EnglishDB\Words\l\legion.md
7874,legislate,C:\GTT\EnglishDB\Words\l\legislate.md
7875,legislation,C:\GTT\EnglishDB\Words\l\legislation.md
7876,legislative,C:\GTT\EnglishDB\Words\l\legislative.md
7877,legislator,C:\GTT\EnglishDB\Words\l\legislator.md
7878,legislature,C:\GTT\EnglishDB\Words\l\legislature.md
7879,legitimacy,C:\GTT\EnglishDB\Words\l\legitimacy.md
7880,legitimate,C:\GTT\EnglishDB\Words\l\legitimate.md
7881,legitimately,C:\GTT\EnglishDB\Words\l\legitimately.md
7882,legitimize,C:\GTT\EnglishDB\Words\l\legitimize.md
7883,legume,C:\GTT\EnglishDB\Words\l\legume.md
7884,leisure,C:\GTT\EnglishDB\Words\l\leisure.md
7885,leisurely,C:\GTT\EnglishDB\Words\l\leisurely.md
7886,lemon,C:\GTT\EnglishDB\Words\l\lemon.md
7887,lemonade,C:\GTT\EnglishDB\Words\l\lemonade.md
7888,lend,C:\GTT\EnglishDB\Words\l\lend.md
7889,lender,C:\GTT\EnglishDB\Words\l\lender.md
7890,lending,C:\GTT\EnglishDB\Words\l\lending.md
7891,length,C:\GTT\EnglishDB\Words\l\length.md
7892,lengthen,C:\GTT\EnglishDB\Words\l\lengthen.md
7893,lengthwise,C:\GTT\EnglishDB\Words\l\lengthwise.md
7894,lengthy,C:\GTT\EnglishDB\Words\l\lengthy.md
7895,lenient,C:\GTT\EnglishDB\Words\l\lenient.md
7896,lens,C:\GTT\EnglishDB\Words\l\lens.md
7897,leopard,C:\GTT\EnglishDB\Words\l\leopard.md
7898,leper,C:\GTT\EnglishDB\Words\l\leper.md
7899,lesbian,C:\GTT\EnglishDB\Words\l\lesbian.md
7900,lesion,C:\GTT\EnglishDB\Words\l\lesion.md
7901,less,C:\GTT\EnglishDB\Words\l\less.md
7902,lessen,C:\GTT\EnglishDB\Words\l\lessen.md
7903,lesser,C:\GTT\EnglishDB\Words\l\lesser.md
7904,lesson,C:\GTT\EnglishDB\Words\l\lesson.md
7905,lest,C:\GTT\EnglishDB\Words\l\lest.md
7906,let,C:\GTT\EnglishDB\Words\l\let.md
7907,lethal,C:\GTT\EnglishDB\Words\l\lethal.md
7908,letter,C:\GTT\EnglishDB\Words\l\letter.md
7909,lettering,C:\GTT\EnglishDB\Words\l\lettering.md
7910,lettuce,C:\GTT\EnglishDB\Words\l\lettuce.md
7911,leukemia,C:\GTT\EnglishDB\Words\l\leukemia.md
7912,levee,C:\GTT\EnglishDB\Words\l\levee.md
7913,level,C:\GTT\EnglishDB\Words\l\level.md
7914,lever,C:\GTT\EnglishDB\Words\l\lever.md
7915,leverage,C:\GTT\EnglishDB\Words\l\leverage.md
7916,levy,C:\GTT\EnglishDB\Words\l\levy.md
7917,lewd,C:\GTT\EnglishDB\Words\l\lewd.md
7918,lexicon,C:\GTT\EnglishDB\Words\l\lexicon.md
7919,liability,C:\GTT\EnglishDB\Words\l\liability.md
7920,liable,C:\GTT\EnglishDB\Words\l\liable.md
7921,liaison,C:\GTT\EnglishDB\Words\l\liaison.md
7922,liar,C:\GTT\EnglishDB\Words\l\liar.md
7923,libel,C:\GTT\EnglishDB\Words\l\libel.md
7924,liberal,C:\GTT\EnglishDB\Words\l\liberal.md
7925,liberalism,C:\GTT\EnglishDB\Words\l\liberalism.md
7926,liberalization,C:\GTT\EnglishDB\Words\l\liberalization.md
7927,liberalize,C:\GTT\EnglishDB\Words\l\liberalize.md
7928,liberally,C:\GTT\EnglishDB\Words\l\liberally.md
7929,liberate,C:\GTT\EnglishDB\Words\l\liberate.md
7930,liberation,C:\GTT\EnglishDB\Words\l\liberation.md
7931,liberator,C:\GTT\EnglishDB\Words\l\liberator.md
7932,libertarian,C:\GTT\EnglishDB\Words\l\libertarian.md
7933,liberty,C:\GTT\EnglishDB\Words\l\liberty.md
7934,libido,C:\GTT\EnglishDB\Words\l\libido.md
7935,librarian,C:\GTT\EnglishDB\Words\l\librarian.md
7936,library,C:\GTT\EnglishDB\Words\l\library.md
7937,license,C:\GTT\EnglishDB\Words\l\license.md
7938,licensed,C:\GTT\EnglishDB\Words\l\licensed.md
7939,lichen,C:\GTT\EnglishDB\Words\l\lichen.md
7940,lick,C:\GTT\EnglishDB\Words\l\lick.md
7941,lid,C:\GTT\EnglishDB\Words\l\lid.md
7942,lie,C:\GTT\EnglishDB\Words\l\lie.md
7943,lieu,C:\GTT\EnglishDB\Words\l\lieu.md
7944,lieutenant,C:\GTT\EnglishDB\Words\l\lieutenant.md
7945,life,C:\GTT\EnglishDB\Words\l\life.md
7946,lifeboat,C:\GTT\EnglishDB\Words\l\lifeboat.md
7947,lifeguard,C:\GTT\EnglishDB\Words\l\lifeguard.md
7948,lifeless,C:\GTT\EnglishDB\Words\l\lifeless.md
7949,lifelike,C:\GTT\EnglishDB\Words\l\lifelike.md
7950,lifeline,C:\GTT\EnglishDB\Words\l\lifeline.md
7951,lifelong,C:\GTT\EnglishDB\Words\l\lifelong.md
7952,lifetime,C:\GTT\EnglishDB\Words\l\lifetime.md
7953,lift,C:\GTT\EnglishDB\Words\l\lift.md
7954,ligament,C:\GTT\EnglishDB\Words\l\ligament.md
7955,light,C:\GTT\EnglishDB\Words\l\light.md
7956,lighten,C:\GTT\EnglishDB\Words\l\lighten.md
7957,lighter,C:\GTT\EnglishDB\Words\l\lighter.md
7958,lighthouse,C:\GTT\EnglishDB\Words\l\lighthouse.md
7959,lighting,C:\GTT\EnglishDB\Words\l\lighting.md
7960,lightly,C:\GTT\EnglishDB\Words\l\lightly.md
7961,lightness,C:\GTT\EnglishDB\Words\l\lightness.md
7962,lightning,C:\GTT\EnglishDB\Words\l\lightning.md
7963,lightweight,C:\GTT\EnglishDB\Words\l\lightweight.md
7964,likable,C:\GTT\EnglishDB\Words\l\likable.md
7965,like,C:\GTT\EnglishDB\Words\l\like.md
7966,likelihood,C:\GTT\EnglishDB\Words\l\likelihood.md
7967,likely,C:\GTT\EnglishDB\Words\l\likely.md
7968,liken,C:\GTT\EnglishDB\Words\l\liken.md
7969,likeness,C:\GTT\EnglishDB\Words\l\likeness.md
7970,likewise,C:\GTT\EnglishDB\Words\l\likewise.md
7971,liking,C:\GTT\EnglishDB\Words\l\liking.md
7972,lilac,C:\GTT\EnglishDB\Words\l\lilac.md
7973,lily,C:\GTT\EnglishDB\Words\l\lily.md
7974,limb,C:\GTT\EnglishDB\Words\l\limb.md
7975,limbo,C:\GTT\EnglishDB\Words\l\limbo.md
7976,lime,C:\GTT\EnglishDB\Words\l\lime.md
7977,limelight,C:\GTT\EnglishDB\Words\l\limelight.md
7978,limestone,C:\GTT\EnglishDB\Words\l\limestone.md
7979,limit,C:\GTT\EnglishDB\Words\l\limit.md
7980,limitation,C:\GTT\EnglishDB\Words\l\limitation.md
7981,limited,C:\GTT\EnglishDB\Words\l\limited.md
7982,limiting,C:\GTT\EnglishDB\Words\l\limiting.md
7983,limitless,C:\GTT\EnglishDB\Words\l\limitless.md
7984,limousine,C:\GTT\EnglishDB\Words\l\limousine.md
7985,limp,C:\GTT\EnglishDB\Words\l\limp.md
7986,line,C:\GTT\EnglishDB\Words\l\line.md
7987,lineage,C:\GTT\EnglishDB\Words\l\lineage.md
7988,linear,C:\GTT\EnglishDB\Words\l\linear.md
7989,linebacker,C:\GTT\EnglishDB\Words\l\linebacker.md
7990,lineman,C:\GTT\EnglishDB\Words\l\lineman.md
7991,linen,C:\GTT\EnglishDB\Words\l\linen.md
7992,liner,C:\GTT\EnglishDB\Words\l\liner.md
7993,lineup,C:\GTT\EnglishDB\Words\l\lineup.md
7994,linger,C:\GTT\EnglishDB\Words\l\linger.md
7995,lingerie,C:\GTT\EnglishDB\Words\l\lingerie.md
7996,lingering,C:\GTT\EnglishDB\Words\l\lingering.md
7997,lingo,C:\GTT\EnglishDB\Words\l\lingo.md
7998,linguist,C:\GTT\EnglishDB\Words\l\linguist.md
7999,linguistic,C:\GTT\EnglishDB\Words\l\linguistic.md
8000,linguistics,C:\GTT\EnglishDB\Words\l\linguistics.md
8001,lining,C:\GTT\EnglishDB\Words\l\lining.md
8002,link,C:\GTT\EnglishDB\Words\l\link.md
8003,linkage,C:\GTT\EnglishDB\Words\l\linkage.md
8004,linked,C:\GTT\EnglishDB\Words\l\linked.md
8005,linoleum,C:\GTT\EnglishDB\Words\l\linoleum.md
8006,lion,C:\GTT\EnglishDB\Words\l\lion.md
8007,lip,C:\GTT\EnglishDB\Words\l\lip.md
8008,lipstick,C:\GTT\EnglishDB\Words\l\lipstick.md
8009,liqueur,C:\GTT\EnglishDB\Words\l\liqueur.md
8010,liquid,C:\GTT\EnglishDB\Words\l\liquid.md
8011,liquidate,C:\GTT\EnglishDB\Words\l\liquidate.md
8012,liquidation,C:\GTT\EnglishDB\Words\l\liquidation.md
8013,liquidity,C:\GTT\EnglishDB\Words\l\liquidity.md
8014,liquor,C:\GTT\EnglishDB\Words\l\liquor.md
8015,list,C:\GTT\EnglishDB\Words\l\list.md
8016,listed,C:\GTT\EnglishDB\Words\l\listed.md
8017,listen,C:\GTT\EnglishDB\Words\l\listen.md
8018,listener,C:\GTT\EnglishDB\Words\l\listener.md
8019,listening,C:\GTT\EnglishDB\Words\l\listening.md
8020,listing,C:\GTT\EnglishDB\Words\l\listing.md
8021,litany,C:\GTT\EnglishDB\Words\l\litany.md
8022,lite,C:\GTT\EnglishDB\Words\l\lite.md
8023,liter,C:\GTT\EnglishDB\Words\l\liter.md
8024,literacy,C:\GTT\EnglishDB\Words\l\literacy.md
8025,literal,C:\GTT\EnglishDB\Words\l\literal.md
8026,literally,C:\GTT\EnglishDB\Words\l\literally.md
8027,literary,C:\GTT\EnglishDB\Words\l\literary.md
8028,literate,C:\GTT\EnglishDB\Words\l\literate.md
8029,literature,C:\GTT\EnglishDB\Words\l\literature.md
8030,lithe,C:\GTT\EnglishDB\Words\l\lithe.md
8031,lithium,C:\GTT\EnglishDB\Words\l\lithium.md
8032,litigate,C:\GTT\EnglishDB\Words\l\litigate.md
8033,litigation,C:\GTT\EnglishDB\Words\l\litigation.md
8034,litmus,C:\GTT\EnglishDB\Words\l\litmus.md
8035,litter,C:\GTT\EnglishDB\Words\l\litter.md
8036,little,C:\GTT\EnglishDB\Words\l\little.md
8037,liturgical,C:\GTT\EnglishDB\Words\l\liturgical.md
8038,liturgy,C:\GTT\EnglishDB\Words\l\liturgy.md
8039,livable,C:\GTT\EnglishDB\Words\l\livable.md
8040,live,C:\GTT\EnglishDB\Words\l\live.md
8041,livelihood,C:\GTT\EnglishDB\Words\l\livelihood.md
8042,lively,C:\GTT\EnglishDB\Words\l\lively.md
8043,liver,C:\GTT\EnglishDB\Words\l\liver.md
8044,livestock,C:\GTT\EnglishDB\Words\l\livestock.md
8045,livid,C:\GTT\EnglishDB\Words\l\livid.md
8046,living,C:\GTT\EnglishDB\Words\l\living.md
8047,lizard,C:\GTT\EnglishDB\Words\l\lizard.md
8048,llama,C:\GTT\EnglishDB\Words\l\llama.md
8049,load,C:\GTT\EnglishDB\Words\l\load.md
8050,loaded,C:\GTT\EnglishDB\Words\l\loaded.md
8051,loader,C:\GTT\EnglishDB\Words\l\loader.md
8052,loading,C:\GTT\EnglishDB\Words\l\loading.md
8053,loaf,C:\GTT\EnglishDB\Words\l\loaf.md
8054,loafer,C:\GTT\EnglishDB\Words\l\loafer.md
8055,loan,C:\GTT\EnglishDB\Words\l\loan.md
8056,loath,C:\GTT\EnglishDB\Words\l\loath.md
8057,loathe,C:\GTT\EnglishDB\Words\l\loathe.md
8058,loathing,C:\GTT\EnglishDB\Words\l\loathing.md
8059,lob,C:\GTT\EnglishDB\Words\l\lob.md
8060,lobby,C:\GTT\EnglishDB\Words\l\lobby.md
8061,lobbyist,C:\GTT\EnglishDB\Words\l\lobbyist.md
8062,lobe,C:\GTT\EnglishDB\Words\l\lobe.md
8063,lobster,C:\GTT\EnglishDB\Words\l\lobster.md
8064,local,C:\GTT\EnglishDB\Words\l\local.md
8065,locale,C:\GTT\EnglishDB\Words\l\locale.md
8066,locality,C:\GTT\EnglishDB\Words\l\locality.md
8067,localize,C:\GTT\EnglishDB\Words\l\localize.md
8068,locally,C:\GTT\EnglishDB\Words\l\locally.md
8069,locate,C:\GTT\EnglishDB\Words\l\locate.md
8070,location,C:\GTT\EnglishDB\Words\l\location.md
8071,lock,C:\GTT\EnglishDB\Words\l\lock.md
8072,locked,C:\GTT\EnglishDB\Words\l\locked.md
8073,locker,C:\GTT\EnglishDB\Words\l\locker.md
8074,lockout,C:\GTT\EnglishDB\Words\l\lockout.md
8075,locomotive,C:\GTT\EnglishDB\Words\l\locomotive.md
8076,locus,C:\GTT\EnglishDB\Words\l\locus.md
8077,locust,C:\GTT\EnglishDB\Words\l\locust.md
8078,lodge,C:\GTT\EnglishDB\Words\l\lodge.md
8079,lodging,C:\GTT\EnglishDB\Words\l\lodging.md
8080,loft,C:\GTT\EnglishDB\Words\l\loft.md
8081,lofty,C:\GTT\EnglishDB\Words\l\lofty.md
8082,log,C:\GTT\EnglishDB\Words\l\log.md
8083,logger,C:\GTT\EnglishDB\Words\l\logger.md
8084,logging,C:\GTT\EnglishDB\Words\l\logging.md
8085,logic,C:\GTT\EnglishDB\Words\l\logic.md
8086,logical,C:\GTT\EnglishDB\Words\l\logical.md
8087,logically,C:\GTT\EnglishDB\Words\l\logically.md
8088,logistic,C:\GTT\EnglishDB\Words\l\logistic.md
8089,logistics,C:\GTT\EnglishDB\Words\l\logistics.md
8090,logo,C:\GTT\EnglishDB\Words\l\logo.md
8091,loll,C:\GTT\EnglishDB\Words\l\loll.md
8092,lone,C:\GTT\EnglishDB\Words\l\lone.md
8093,loneliness,C:\GTT\EnglishDB\Words\l\loneliness.md
8094,lonely,C:\GTT\EnglishDB\Words\l\lonely.md
8095,loner,C:\GTT\EnglishDB\Words\l\loner.md
8096,lonesome,C:\GTT\EnglishDB\Words\l\lonesome.md
8097,long,C:\GTT\EnglishDB\Words\l\long.md
8098,longevity,C:\GTT\EnglishDB\Words\l\longevity.md
8099,longing,C:\GTT\EnglishDB\Words\l\longing.md
8100,longitude,C:\GTT\EnglishDB\Words\l\longitude.md
8101,longitudinal,C:\GTT\EnglishDB\Words\l\longitudinal.md
8102,longtime,C:\GTT\EnglishDB\Words\l\longtime.md
8103,look,C:\GTT\EnglishDB\Words\l\look.md
8104,looking,C:\GTT\EnglishDB\Words\l\looking.md
8105,lookout,C:\GTT\EnglishDB\Words\l\lookout.md
8106,loom,C:\GTT\EnglishDB\Words\l\loom.md
8107,looming,C:\GTT\EnglishDB\Words\l\looming.md
8108,loon,C:\GTT\EnglishDB\Words\l\loon.md
8109,loop,C:\GTT\EnglishDB\Words\l\loop.md
8110,loophole,C:\GTT\EnglishDB\Words\l\loophole.md
8111,loose,C:\GTT\EnglishDB\Words\l\loose.md
8112,loosely,C:\GTT\EnglishDB\Words\l\loosely.md
8113,loosen,C:\GTT\EnglishDB\Words\l\loosen.md
8114,loot,C:\GTT\EnglishDB\Words\l\loot.md
8115,lope,C:\GTT\EnglishDB\Words\l\lope.md
8116,lopsided,C:\GTT\EnglishDB\Words\l\lopsided.md
8117,lord,C:\GTT\EnglishDB\Words\l\lord.md
8118,lore,C:\GTT\EnglishDB\Words\l\lore.md
8119,lose,C:\GTT\EnglishDB\Words\l\lose.md
8120,loser,C:\GTT\EnglishDB\Words\l\loser.md
8121,losing,C:\GTT\EnglishDB\Words\l\losing.md
8122,loss,C:\GTT\EnglishDB\Words\l\loss.md
8123,lost,C:\GTT\EnglishDB\Words\l\lost.md
8124,lot,C:\GTT\EnglishDB\Words\l\lot.md
8125,lotion,C:\GTT\EnglishDB\Words\l\lotion.md
8126,lottery,C:\GTT\EnglishDB\Words\l\lottery.md
8127,loud,C:\GTT\EnglishDB\Words\l\loud.md
8128,loudly,C:\GTT\EnglishDB\Words\l\loudly.md
8129,loudspeaker,C:\GTT\EnglishDB\Words\l\loudspeaker.md
8130,lounge,C:\GTT\EnglishDB\Words\l\lounge.md
8131,louse,C:\GTT\EnglishDB\Words\l\louse.md
8132,lousy,C:\GTT\EnglishDB\Words\l\lousy.md
8133,lovable,C:\GTT\EnglishDB\Words\l\lovable.md
8134,love,C:\GTT\EnglishDB\Words\l\love.md
8135,lovely,C:\GTT\EnglishDB\Words\l\lovely.md
8136,lover,C:\GTT\EnglishDB\Words\l\lover.md
8137,loving,C:\GTT\EnglishDB\Words\l\loving.md
8138,lovingly,C:\GTT\EnglishDB\Words\l\lovingly.md
8139,low,C:\GTT\EnglishDB\Words\l\low.md
8140,lower,C:\GTT\EnglishDB\Words\l\lower.md
8141,lowering,C:\GTT\EnglishDB\Words\l\lowering.md
8142,lowland,C:\GTT\EnglishDB\Words\l\lowland.md
8143,lowly,C:\GTT\EnglishDB\Words\l\lowly.md
8144,loyal,C:\GTT\EnglishDB\Words\l\loyal.md
8145,loyalist,C:\GTT\EnglishDB\Words\l\loyalist.md
8146,loyalty,C:\GTT\EnglishDB\Words\l\loyalty.md
8147,lubricant,C:\GTT\EnglishDB\Words\l\lubricant.md
8148,lucid,C:\GTT\EnglishDB\Words\l\lucid.md
8149,luck,C:\GTT\EnglishDB\Words\l\luck.md
8150,luckily,C:\GTT\EnglishDB\Words\l\luckily.md
8151,lucky,C:\GTT\EnglishDB\Words\l\lucky.md
8152,lucrative,C:\GTT\EnglishDB\Words\l\lucrative.md
8153,ludicrous,C:\GTT\EnglishDB\Words\l\ludicrous.md
8154,lug,C:\GTT\EnglishDB\Words\l\lug.md
8155,luggage,C:\GTT\EnglishDB\Words\l\luggage.md
8156,lukewarm,C:\GTT\EnglishDB\Words\l\lukewarm.md
8157,lull,C:\GTT\EnglishDB\Words\l\lull.md
8158,lullaby,C:\GTT\EnglishDB\Words\l\lullaby.md
8159,lumbar,C:\GTT\EnglishDB\Words\l\lumbar.md
8160,lumber,C:\GTT\EnglishDB\Words\l\lumber.md
8161,lumbering,C:\GTT\EnglishDB\Words\l\lumbering.md
8162,luminary,C:\GTT\EnglishDB\Words\l\luminary.md
8163,luminosity,C:\GTT\EnglishDB\Words\l\luminosity.md
8164,luminous,C:\GTT\EnglishDB\Words\l\luminous.md
8165,lump,C:\GTT\EnglishDB\Words\l\lump.md
8166,lumpy,C:\GTT\EnglishDB\Words\l\lumpy.md
8167,lunar,C:\GTT\EnglishDB\Words\l\lunar.md
8168,lunatic,C:\GTT\EnglishDB\Words\l\lunatic.md
8169,lunch,C:\GTT\EnglishDB\Words\l\lunch.md
8170,luncheon,C:\GTT\EnglishDB\Words\l\luncheon.md
8171,lunchtime,C:\GTT\EnglishDB\Words\l\lunchtime.md
8172,lung,C:\GTT\EnglishDB\Words\l\lung.md
8173,lunge,C:\GTT\EnglishDB\Words\l\lunge.md
8174,lupus,C:\GTT\EnglishDB\Words\l\lupus.md
8175,lurch,C:\GTT\EnglishDB\Words\l\lurch.md
8176,lure,C:\GTT\EnglishDB\Words\l\lure.md
8177,lurid,C:\GTT\EnglishDB\Words\l\lurid.md
8178,lurk,C:\GTT\EnglishDB\Words\l\lurk.md
8179,luscious,C:\GTT\EnglishDB\Words\l\luscious.md
8180,lush,C:\GTT\EnglishDB\Words\l\lush.md
8181,lust,C:\GTT\EnglishDB\Words\l\lust.md
8182,luster,C:\GTT\EnglishDB\Words\l\luster.md
8183,luxurious,C:\GTT\EnglishDB\Words\l\luxurious.md
8184,luxury,C:\GTT\EnglishDB\Words\l\luxury.md
8185,lying,C:\GTT\EnglishDB\Words\l\lying.md
8186,lymph,C:\GTT\EnglishDB\Words\l\lymph.md
8187,lymphoma,C:\GTT\EnglishDB\Words\l\lymphoma.md
8188,lynch,C:\GTT\EnglishDB\Words\l\lynch.md
8189,lynching,C:\GTT\EnglishDB\Words\l\lynching.md
8190,lyric,C:\GTT\EnglishDB\Words\l\lyric.md
8191,lyrical,C:\GTT\EnglishDB\Words\l\lyrical.md
8192,macabre,C:\GTT\EnglishDB\Words\m\macabre.md
8193,macaroni,C:\GTT\EnglishDB\Words\m\macaroni.md
8194,machete,C:\GTT\EnglishDB\Words\m\machete.md
8195,machine,C:\GTT\EnglishDB\Words\m\machine.md
8196,machinery,C:\GTT\EnglishDB\Words\m\machinery.md
8197,machinist,C:\GTT\EnglishDB\Words\m\machinist.md
8198,mackerel,C:\GTT\EnglishDB\Words\m\mackerel.md
8199,macro,C:\GTT\EnglishDB\Words\m\macro.md
8200,macroeconomic,C:\GTT\EnglishDB\Words\m\macroeconomic.md
8201,mad,C:\GTT\EnglishDB\Words\m\mad.md
8202,madam,C:\GTT\EnglishDB\Words\m\madam.md
8203,madden,C:\GTT\EnglishDB\Words\m\madden.md
8204,madly,C:\GTT\EnglishDB\Words\m\madly.md
8205,madman,C:\GTT\EnglishDB\Words\m\madman.md
8206,madness,C:\GTT\EnglishDB\Words\m\madness.md
8207,maestro,C:\GTT\EnglishDB\Words\m\maestro.md
8208,mafia,C:\GTT\EnglishDB\Words\m\mafia.md
8209,magazine,C:\GTT\EnglishDB\Words\m\magazine.md
8210,magenta,C:\GTT\EnglishDB\Words\m\magenta.md
8211,maggot,C:\GTT\EnglishDB\Words\m\maggot.md
8212,magic,C:\GTT\EnglishDB\Words\m\magic.md
8213,magical,C:\GTT\EnglishDB\Words\m\magical.md
8214,magically,C:\GTT\EnglishDB\Words\m\magically.md
8215,magician,C:\GTT\EnglishDB\Words\m\magician.md
8216,magistrate,C:\GTT\EnglishDB\Words\m\magistrate.md
8217,magnate,C:\GTT\EnglishDB\Words\m\magnate.md
8218,magnesium,C:\GTT\EnglishDB\Words\m\magnesium.md
8219,magnet,C:\GTT\EnglishDB\Words\m\magnet.md
8220,magnetic,C:\GTT\EnglishDB\Words\m\magnetic.md
8221,magnetism,C:\GTT\EnglishDB\Words\m\magnetism.md
8222,magnification,C:\GTT\EnglishDB\Words\m\magnification.md
8223,magnificent,C:\GTT\EnglishDB\Words\m\magnificent.md
8224,magnify,C:\GTT\EnglishDB\Words\m\magnify.md
8225,magnitude,C:\GTT\EnglishDB\Words\m\magnitude.md
8226,magnolia,C:\GTT\EnglishDB\Words\m\magnolia.md
8227,mahogany,C:\GTT\EnglishDB\Words\m\mahogany.md
8228,maid,C:\GTT\EnglishDB\Words\m\maid.md
8229,maiden,C:\GTT\EnglishDB\Words\m\maiden.md
8230,mail,C:\GTT\EnglishDB\Words\m\mail.md
8231,mailbox,C:\GTT\EnglishDB\Words\m\mailbox.md
8232,mailing,C:\GTT\EnglishDB\Words\m\mailing.md
8233,mailman,C:\GTT\EnglishDB\Words\m\mailman.md
8234,maim,C:\GTT\EnglishDB\Words\m\maim.md
8235,main,C:\GTT\EnglishDB\Words\m\main.md
8236,mainframe,C:\GTT\EnglishDB\Words\m\mainframe.md
8237,mainland,C:\GTT\EnglishDB\Words\m\mainland.md
8238,mainline,C:\GTT\EnglishDB\Words\m\mainline.md
8239,mainly,C:\GTT\EnglishDB\Words\m\mainly.md
8240,mainstay,C:\GTT\EnglishDB\Words\m\mainstay.md
8241,mainstream,C:\GTT\EnglishDB\Words\m\mainstream.md
8242,maintain,C:\GTT\EnglishDB\Words\m\maintain.md
8243,maintenance,C:\GTT\EnglishDB\Words\m\maintenance.md
8244,maize,C:\GTT\EnglishDB\Words\m\maize.md
8245,majestic,C:\GTT\EnglishDB\Words\m\majestic.md
8246,majesty,C:\GTT\EnglishDB\Words\m\majesty.md
8247,major,C:\GTT\EnglishDB\Words\m\major.md
8248,majority,C:\GTT\EnglishDB\Words\m\majority.md
8249,make,C:\GTT\EnglishDB\Words\m\make.md
8250,maker,C:\GTT\EnglishDB\Words\m\maker.md
8251,makeshift,C:\GTT\EnglishDB\Words\m\makeshift.md
8252,makeup,C:\GTT\EnglishDB\Words\m\makeup.md
8253,making,C:\GTT\EnglishDB\Words\m\making.md
8254,malady,C:\GTT\EnglishDB\Words\m\malady.md
8255,malaise,C:\GTT\EnglishDB\Words\m\malaise.md
8256,malaria,C:\GTT\EnglishDB\Words\m\malaria.md
8257,male,C:\GTT\EnglishDB\Words\m\male.md
8258,malfunction,C:\GTT\EnglishDB\Words\m\malfunction.md
8259,malice,C:\GTT\EnglishDB\Words\m\malice.md
8260,malicious,C:\GTT\EnglishDB\Words\m\malicious.md
8261,malignancy,C:\GTT\EnglishDB\Words\m\malignancy.md
8262,malignant,C:\GTT\EnglishDB\Words\m\malignant.md
8263,mall,C:\GTT\EnglishDB\Words\m\mall.md
8264,malleable,C:\GTT\EnglishDB\Words\m\malleable.md
8265,mallet,C:\GTT\EnglishDB\Words\m\mallet.md
8266,malnutrition,C:\GTT\EnglishDB\Words\m\malnutrition.md
8267,malpractice,C:\GTT\EnglishDB\Words\m\malpractice.md
8268,malt,C:\GTT\EnglishDB\Words\m\malt.md
8269,mama,C:\GTT\EnglishDB\Words\m\mama.md
8270,mammal,C:\GTT\EnglishDB\Words\m\mammal.md
8271,mammalian,C:\GTT\EnglishDB\Words\m\mammalian.md
8272,mammoth,C:\GTT\EnglishDB\Words\m\mammoth.md
8273,man,C:\GTT\EnglishDB\Words\m\man.md
8274,manage,C:\GTT\EnglishDB\Words\m\manage.md
8275,manageable,C:\GTT\EnglishDB\Words\m\manageable.md
8276,management,C:\GTT\EnglishDB\Words\m\management.md
8277,manager,C:\GTT\EnglishDB\Words\m\manager.md
8278,managerial,C:\GTT\EnglishDB\Words\m\managerial.md
8279,managing,C:\GTT\EnglishDB\Words\m\managing.md
8280,mandate,C:\GTT\EnglishDB\Words\m\mandate.md
8281,mandatory,C:\GTT\EnglishDB\Words\m\mandatory.md
8282,mane,C:\GTT\EnglishDB\Words\m\mane.md
8283,maneuver,C:\GTT\EnglishDB\Words\m\maneuver.md
8284,mangle,C:\GTT\EnglishDB\Words\m\mangle.md
8285,mango,C:\GTT\EnglishDB\Words\m\mango.md
8286,mangrove,C:\GTT\EnglishDB\Words\m\mangrove.md
8287,manhood,C:\GTT\EnglishDB\Words\m\manhood.md
8288,manhunt,C:\GTT\EnglishDB\Words\m\manhunt.md
8289,mania,C:\GTT\EnglishDB\Words\m\mania.md
8290,maniac,C:\GTT\EnglishDB\Words\m\maniac.md
8291,manic,C:\GTT\EnglishDB\Words\m\manic.md
8292,manicure,C:\GTT\EnglishDB\Words\m\manicure.md
8293,manifest,C:\GTT\EnglishDB\Words\m\manifest.md
8294,manifestation,C:\GTT\EnglishDB\Words\m\manifestation.md
8295,manifesto,C:\GTT\EnglishDB\Words\m\manifesto.md
8296,manipulate,C:\GTT\EnglishDB\Words\m\manipulate.md
8297,manipulation,C:\GTT\EnglishDB\Words\m\manipulation.md
8298,manipulative,C:\GTT\EnglishDB\Words\m\manipulative.md
8299,mankind,C:\GTT\EnglishDB\Words\m\mankind.md
8300,manly,C:\GTT\EnglishDB\Words\m\manly.md
8301,manned,C:\GTT\EnglishDB\Words\m\manned.md
8302,mannequin,C:\GTT\EnglishDB\Words\m\mannequin.md
8303,manner,C:\GTT\EnglishDB\Words\m\manner.md
8304,mannerism,C:\GTT\EnglishDB\Words\m\mannerism.md
8305,manor,C:\GTT\EnglishDB\Words\m\manor.md
8306,manpower,C:\GTT\EnglishDB\Words\m\manpower.md
8307,mansion,C:\GTT\EnglishDB\Words\m\mansion.md
8308,manslaughter,C:\GTT\EnglishDB\Words\m\manslaughter.md
8309,mantel,C:\GTT\EnglishDB\Words\m\mantel.md
8310,mantle,C:\GTT\EnglishDB\Words\m\mantle.md
8311,manual,C:\GTT\EnglishDB\Words\m\manual.md
8312,manually,C:\GTT\EnglishDB\Words\m\manually.md
8313,manufacture,C:\GTT\EnglishDB\Words\m\manufacture.md
8314,manufacturer,C:\GTT\EnglishDB\Words\m\manufacturer.md
8315,manufacturing,C:\GTT\EnglishDB\Words\m\manufacturing.md
8316,manure,C:\GTT\EnglishDB\Words\m\manure.md
8317,manuscript,C:\GTT\EnglishDB\Words\m\manuscript.md
8318,many,C:\GTT\EnglishDB\Words\m\many.md
8319,map,C:\GTT\EnglishDB\Words\m\map.md
8320,maple,C:\GTT\EnglishDB\Words\m\maple.md
8321,mapping,C:\GTT\EnglishDB\Words\m\mapping.md
8322,mar,C:\GTT\EnglishDB\Words\m\mar.md
8323,marathon,C:\GTT\EnglishDB\Words\m\marathon.md
8324,marble,C:\GTT\EnglishDB\Words\m\marble.md
8325,march,C:\GTT\EnglishDB\Words\m\march.md
8326,mare,C:\GTT\EnglishDB\Words\m\mare.md
8327,margarine,C:\GTT\EnglishDB\Words\m\margarine.md
8328,margarita,C:\GTT\EnglishDB\Words\m\margarita.md
8329,margin,C:\GTT\EnglishDB\Words\m\margin.md
8330,marginal,C:\GTT\EnglishDB\Words\m\marginal.md
8331,marginalize,C:\GTT\EnglishDB\Words\m\marginalize.md
8332,marigold,C:\GTT\EnglishDB\Words\m\marigold.md
8333,marijuana,C:\GTT\EnglishDB\Words\m\marijuana.md
8334,marina,C:\GTT\EnglishDB\Words\m\marina.md
8335,marinade,C:\GTT\EnglishDB\Words\m\marinade.md
8336,marinate,C:\GTT\EnglishDB\Words\m\marinate.md
8337,marine,C:\GTT\EnglishDB\Words\m\marine.md
8338,marital,C:\GTT\EnglishDB\Words\m\marital.md
8339,maritime,C:\GTT\EnglishDB\Words\m\maritime.md
8340,mark,C:\GTT\EnglishDB\Words\m\mark.md
8341,marked,C:\GTT\EnglishDB\Words\m\marked.md
8342,markedly,C:\GTT\EnglishDB\Words\m\markedly.md
8343,marker,C:\GTT\EnglishDB\Words\m\marker.md
8344,market,C:\GTT\EnglishDB\Words\m\market.md
8345,marketable,C:\GTT\EnglishDB\Words\m\marketable.md
8346,marketer,C:\GTT\EnglishDB\Words\m\marketer.md
8347,marketing,C:\GTT\EnglishDB\Words\m\marketing.md
8348,marketplace,C:\GTT\EnglishDB\Words\m\marketplace.md
8349,marking,C:\GTT\EnglishDB\Words\m\marking.md
8350,maroon,C:\GTT\EnglishDB\Words\m\maroon.md
8351,marquee,C:\GTT\EnglishDB\Words\m\marquee.md
8352,marriage,C:\GTT\EnglishDB\Words\m\marriage.md
8353,married,C:\GTT\EnglishDB\Words\m\married.md
8354,marrow,C:\GTT\EnglishDB\Words\m\marrow.md
8355,marry,C:\GTT\EnglishDB\Words\m\marry.md
8356,marsh,C:\GTT\EnglishDB\Words\m\marsh.md
8357,marshal,C:\GTT\EnglishDB\Words\m\marshal.md
8358,marshmallow,C:\GTT\EnglishDB\Words\m\marshmallow.md
8359,martial,C:\GTT\EnglishDB\Words\m\martial.md
8360,martini,C:\GTT\EnglishDB\Words\m\martini.md
8361,martyr,C:\GTT\EnglishDB\Words\m\martyr.md
8362,martyrdom,C:\GTT\EnglishDB\Words\m\martyrdom.md
8363,marvel,C:\GTT\EnglishDB\Words\m\marvel.md
8364,marvelous,C:\GTT\EnglishDB\Words\m\marvelous.md
8365,mascara,C:\GTT\EnglishDB\Words\m\mascara.md
8366,mascot,C:\GTT\EnglishDB\Words\m\mascot.md
8367,masculine,C:\GTT\EnglishDB\Words\m\masculine.md
8368,masculinity,C:\GTT\EnglishDB\Words\m\masculinity.md
8369,mash,C:\GTT\EnglishDB\Words\m\mash.md
8370,mask,C:\GTT\EnglishDB\Words\m\mask.md
8371,masked,C:\GTT\EnglishDB\Words\m\masked.md
8372,mason,C:\GTT\EnglishDB\Words\m\mason.md
8373,masonry,C:\GTT\EnglishDB\Words\m\masonry.md
8374,masquerade,C:\GTT\EnglishDB\Words\m\masquerade.md
8375,mass,C:\GTT\EnglishDB\Words\m\mass.md
8376,massacre,C:\GTT\EnglishDB\Words\m\massacre.md
8377,massage,C:\GTT\EnglishDB\Words\m\massage.md
8378,massive,C:\GTT\EnglishDB\Words\m\massive.md
8379,mast,C:\GTT\EnglishDB\Words\m\mast.md
8380,mastectomy,C:\GTT\EnglishDB\Words\m\mastectomy.md
8381,master,C:\GTT\EnglishDB\Words\m\master.md
8382,masterful,C:\GTT\EnglishDB\Words\m\masterful.md
8383,mastermind,C:\GTT\EnglishDB\Words\m\mastermind.md
8384,masterpiece,C:\GTT\EnglishDB\Words\m\masterpiece.md
8385,mastery,C:\GTT\EnglishDB\Words\m\mastery.md
8386,masturbate,C:\GTT\EnglishDB\Words\m\masturbate.md
8387,masturbation,C:\GTT\EnglishDB\Words\m\masturbation.md
8388,mat,C:\GTT\EnglishDB\Words\m\mat.md
8389,match,C:\GTT\EnglishDB\Words\m\match.md
8390,matching,C:\GTT\EnglishDB\Words\m\matching.md
8391,matchup,C:\GTT\EnglishDB\Words\m\matchup.md
8392,mate,C:\GTT\EnglishDB\Words\m\mate.md
8393,mater,C:\GTT\EnglishDB\Words\m\mater.md
8394,material,C:\GTT\EnglishDB\Words\m\material.md
8395,materialism,C:\GTT\EnglishDB\Words\m\materialism.md
8396,materialistic,C:\GTT\EnglishDB\Words\m\materialistic.md
8397,materialize,C:\GTT\EnglishDB\Words\m\materialize.md
8398,materially,C:\GTT\EnglishDB\Words\m\materially.md
8399,maternal,C:\GTT\EnglishDB\Words\m\maternal.md
8400,maternity,C:\GTT\EnglishDB\Words\m\maternity.md
8401,math,C:\GTT\EnglishDB\Words\m\math.md
8402,mathematical,C:\GTT\EnglishDB\Words\m\mathematical.md
8403,mathematically,C:\GTT\EnglishDB\Words\m\mathematically.md
8404,mathematician,C:\GTT\EnglishDB\Words\m\mathematician.md
8405,mathematics,C:\GTT\EnglishDB\Words\m\mathematics.md
8406,matinee,C:\GTT\EnglishDB\Words\m\matinee.md
8407,mating,C:\GTT\EnglishDB\Words\m\mating.md
8408,matrix,C:\GTT\EnglishDB\Words\m\matrix.md
8409,matron,C:\GTT\EnglishDB\Words\m\matron.md
8410,matte,C:\GTT\EnglishDB\Words\m\matte.md
8411,matter,C:\GTT\EnglishDB\Words\m\matter.md
8412,mattress,C:\GTT\EnglishDB\Words\m\mattress.md
8413,maturation,C:\GTT\EnglishDB\Words\m\maturation.md
8414,mature,C:\GTT\EnglishDB\Words\m\mature.md
8415,maturity,C:\GTT\EnglishDB\Words\m\maturity.md
8416,mausoleum,C:\GTT\EnglishDB\Words\m\mausoleum.md
8417,maverick,C:\GTT\EnglishDB\Words\m\maverick.md
8418,maxim,C:\GTT\EnglishDB\Words\m\maxim.md
8419,maximal,C:\GTT\EnglishDB\Words\m\maximal.md
8420,maximize,C:\GTT\EnglishDB\Words\m\maximize.md
8421,maximum,C:\GTT\EnglishDB\Words\m\maximum.md
8422,may,C:\GTT\EnglishDB\Words\m\may.md
8423,maybe,C:\GTT\EnglishDB\Words\m\maybe.md
8424,mayhem,C:\GTT\EnglishDB\Words\m\mayhem.md
8425,mayonnaise,C:\GTT\EnglishDB\Words\m\mayonnaise.md
8426,mayor,C:\GTT\EnglishDB\Words\m\mayor.md
8427,mayoral,C:\GTT\EnglishDB\Words\m\mayoral.md
8428,maze,C:\GTT\EnglishDB\Words\m\maze.md
8429,me,C:\GTT\EnglishDB\Words\m\me.md
8430,meadow,C:\GTT\EnglishDB\Words\m\meadow.md
8431,meager,C:\GTT\EnglishDB\Words\m\meager.md
8432,meal,C:\GTT\EnglishDB\Words\m\meal.md
8433,mean,C:\GTT\EnglishDB\Words\m\mean.md
8434,meander,C:\GTT\EnglishDB\Words\m\meander.md
8435,meaning,C:\GTT\EnglishDB\Words\m\meaning.md
8436,meaningful,C:\GTT\EnglishDB\Words\m\meaningful.md
8437,meaningless,C:\GTT\EnglishDB\Words\m\meaningless.md
8438,meantime,C:\GTT\EnglishDB\Words\m\meantime.md
8439,meanwhile,C:\GTT\EnglishDB\Words\m\meanwhile.md
8440,measles,C:\GTT\EnglishDB\Words\m\measles.md
8441,measurable,C:\GTT\EnglishDB\Words\m\measurable.md
8442,measure,C:\GTT\EnglishDB\Words\m\measure.md
8443,measured,C:\GTT\EnglishDB\Words\m\measured.md
8444,measurement,C:\GTT\EnglishDB\Words\m\measurement.md
8445,measuring,C:\GTT\EnglishDB\Words\m\measuring.md
8446,meat,C:\GTT\EnglishDB\Words\m\meat.md
8447,meatball,C:\GTT\EnglishDB\Words\m\meatball.md
8448,meaty,C:\GTT\EnglishDB\Words\m\meaty.md
8449,mechanic,C:\GTT\EnglishDB\Words\m\mechanic.md
8450,mechanical,C:\GTT\EnglishDB\Words\m\mechanical.md
8451,mechanism,C:\GTT\EnglishDB\Words\m\mechanism.md
8452,medal,C:\GTT\EnglishDB\Words\m\medal.md
8453,medalist,C:\GTT\EnglishDB\Words\m\medalist.md
8454,medallion,C:\GTT\EnglishDB\Words\m\medallion.md
8455,meddle,C:\GTT\EnglishDB\Words\m\meddle.md
8456,media,C:\GTT\EnglishDB\Words\m\media.md
8457,medial,C:\GTT\EnglishDB\Words\m\medial.md
8458,median,C:\GTT\EnglishDB\Words\m\median.md
8459,mediate,C:\GTT\EnglishDB\Words\m\mediate.md
8460,mediation,C:\GTT\EnglishDB\Words\m\mediation.md
8461,mediator,C:\GTT\EnglishDB\Words\m\mediator.md
8462,medic,C:\GTT\EnglishDB\Words\m\medic.md
8463,medical,C:\GTT\EnglishDB\Words\m\medical.md
8464,medically,C:\GTT\EnglishDB\Words\m\medically.md
8465,medication,C:\GTT\EnglishDB\Words\m\medication.md
8466,medicinal,C:\GTT\EnglishDB\Words\m\medicinal.md
8467,medicine,C:\GTT\EnglishDB\Words\m\medicine.md
8468,medieval,C:\GTT\EnglishDB\Words\m\medieval.md
8469,mediocre,C:\GTT\EnglishDB\Words\m\mediocre.md
8470,mediocrity,C:\GTT\EnglishDB\Words\m\mediocrity.md
8471,meditate,C:\GTT\EnglishDB\Words\m\meditate.md
8472,meditation,C:\GTT\EnglishDB\Words\m\meditation.md
8473,meditative,C:\GTT\EnglishDB\Words\m\meditative.md
8474,medium,C:\GTT\EnglishDB\Words\m\medium.md
8475,medley,C:\GTT\EnglishDB\Words\m\medley.md
8476,meek,C:\GTT\EnglishDB\Words\m\meek.md
8477,meet,C:\GTT\EnglishDB\Words\m\meet.md
8478,meeting,C:\GTT\EnglishDB\Words\m\meeting.md
8479,mega,C:\GTT\EnglishDB\Words\m\mega.md
8480,megawatt,C:\GTT\EnglishDB\Words\m\megawatt.md
8481,melancholy,C:\GTT\EnglishDB\Words\m\melancholy.md
8482,melanoma,C:\GTT\EnglishDB\Words\m\melanoma.md
8483,meld,C:\GTT\EnglishDB\Words\m\meld.md
8484,melee,C:\GTT\EnglishDB\Words\m\melee.md
8485,mellow,C:\GTT\EnglishDB\Words\m\mellow.md
8486,melodic,C:\GTT\EnglishDB\Words\m\melodic.md
8487,melodrama,C:\GTT\EnglishDB\Words\m\melodrama.md
8488,melodramatic,C:\GTT\EnglishDB\Words\m\melodramatic.md
8489,melody,C:\GTT\EnglishDB\Words\m\melody.md
8490,melon,C:\GTT\EnglishDB\Words\m\melon.md
8491,melt,C:\GTT\EnglishDB\Words\m\melt.md
8492,melting,C:\GTT\EnglishDB\Words\m\melting.md
8493,member,C:\GTT\EnglishDB\Words\m\member.md
8494,membership,C:\GTT\EnglishDB\Words\m\membership.md
8495,membrane,C:\GTT\EnglishDB\Words\m\membrane.md
8496,memento,C:\GTT\EnglishDB\Words\m\memento.md
8497,memo,C:\GTT\EnglishDB\Words\m\memo.md
8498,memoir,C:\GTT\EnglishDB\Words\m\memoir.md
8499,memorabilia,C:\GTT\EnglishDB\Words\m\memorabilia.md
8500,memorable,C:\GTT\EnglishDB\Words\m\memorable.md
8501,memorandum,C:\GTT\EnglishDB\Words\m\memorandum.md
8502,memorial,C:\GTT\EnglishDB\Words\m\memorial.md
8503,memorialize,C:\GTT\EnglishDB\Words\m\memorialize.md
8504,memorize,C:\GTT\EnglishDB\Words\m\memorize.md
8505,memory,C:\GTT\EnglishDB\Words\m\memory.md
8506,menace,C:\GTT\EnglishDB\Words\m\menace.md
8507,mend,C:\GTT\EnglishDB\Words\m\mend.md
8508,menial,C:\GTT\EnglishDB\Words\m\menial.md
8509,meningitis,C:\GTT\EnglishDB\Words\m\meningitis.md
8510,menopause,C:\GTT\EnglishDB\Words\m\menopause.md
8511,menstrual,C:\GTT\EnglishDB\Words\m\menstrual.md
8512,mental,C:\GTT\EnglishDB\Words\m\mental.md
8513,mentality,C:\GTT\EnglishDB\Words\m\mentality.md
8514,mentally,C:\GTT\EnglishDB\Words\m\mentally.md
8515,mention,C:\GTT\EnglishDB\Words\m\mention.md
8516,mentor,C:\GTT\EnglishDB\Words\m\mentor.md
8517,menu,C:\GTT\EnglishDB\Words\m\menu.md
8518,mercenary,C:\GTT\EnglishDB\Words\m\mercenary.md
8519,merchandise,C:\GTT\EnglishDB\Words\m\merchandise.md
8520,merchant,C:\GTT\EnglishDB\Words\m\merchant.md
8521,merciful,C:\GTT\EnglishDB\Words\m\merciful.md
8522,mercifully,C:\GTT\EnglishDB\Words\m\mercifully.md
8523,merciless,C:\GTT\EnglishDB\Words\m\merciless.md
8524,mercury,C:\GTT\EnglishDB\Words\m\mercury.md
8525,mercy,C:\GTT\EnglishDB\Words\m\mercy.md
8526,mere,C:\GTT\EnglishDB\Words\m\mere.md
8527,merely,C:\GTT\EnglishDB\Words\m\merely.md
8528,merge,C:\GTT\EnglishDB\Words\m\merge.md
8529,merger,C:\GTT\EnglishDB\Words\m\merger.md
8530,merit,C:\GTT\EnglishDB\Words\m\merit.md
8531,mermaid,C:\GTT\EnglishDB\Words\m\mermaid.md
8532,merrily,C:\GTT\EnglishDB\Words\m\merrily.md
8533,merry,C:\GTT\EnglishDB\Words\m\merry.md
8534,mesa,C:\GTT\EnglishDB\Words\m\mesa.md
8535,mesh,C:\GTT\EnglishDB\Words\m\mesh.md
8536,mesmerize,C:\GTT\EnglishDB\Words\m\mesmerize.md
8537,mesquite,C:\GTT\EnglishDB\Words\m\mesquite.md
8538,mess,C:\GTT\EnglishDB\Words\m\mess.md
8539,message,C:\GTT\EnglishDB\Words\m\message.md
8540,messenger,C:\GTT\EnglishDB\Words\m\messenger.md
8541,messianic,C:\GTT\EnglishDB\Words\m\messianic.md
8542,messy,C:\GTT\EnglishDB\Words\m\messy.md
8543,metabolic,C:\GTT\EnglishDB\Words\m\metabolic.md
8544,metabolism,C:\GTT\EnglishDB\Words\m\metabolism.md
8545,metal,C:\GTT\EnglishDB\Words\m\metal.md
8546,metallic,C:\GTT\EnglishDB\Words\m\metallic.md
8547,metamorphosis,C:\GTT\EnglishDB\Words\m\metamorphosis.md
8548,metaphor,C:\GTT\EnglishDB\Words\m\metaphor.md
8549,metaphorical,C:\GTT\EnglishDB\Words\m\metaphorical.md
8550,metaphysical,C:\GTT\EnglishDB\Words\m\metaphysical.md
8551,metaphysics,C:\GTT\EnglishDB\Words\m\metaphysics.md
8552,metastasis,C:\GTT\EnglishDB\Words\m\metastasis.md
8553,mete,C:\GTT\EnglishDB\Words\m\mete.md
8554,meteor,C:\GTT\EnglishDB\Words\m\meteor.md
8555,meteorite,C:\GTT\EnglishDB\Words\m\meteorite.md
8556,meteorologist,C:\GTT\EnglishDB\Words\m\meteorologist.md
8557,meter,C:\GTT\EnglishDB\Words\m\meter.md
8558,methamphetamine,C:\GTT\EnglishDB\Words\m\methamphetamine.md
8559,methane,C:\GTT\EnglishDB\Words\m\methane.md
8560,method,C:\GTT\EnglishDB\Words\m\method.md
8561,methodical,C:\GTT\EnglishDB\Words\m\methodical.md
8562,methodically,C:\GTT\EnglishDB\Words\m\methodically.md
8563,methodological,C:\GTT\EnglishDB\Words\m\methodological.md
8564,methodology,C:\GTT\EnglishDB\Words\m\methodology.md
8565,meticulous,C:\GTT\EnglishDB\Words\m\meticulous.md
8566,metric,C:\GTT\EnglishDB\Words\m\metric.md
8567,metro,C:\GTT\EnglishDB\Words\m\metro.md
8568,metropolis,C:\GTT\EnglishDB\Words\m\metropolis.md
8569,metropolitan,C:\GTT\EnglishDB\Words\m\metropolitan.md
8570,microbe,C:\GTT\EnglishDB\Words\m\microbe.md
8571,microbial,C:\GTT\EnglishDB\Words\m\microbial.md
8572,microchip,C:\GTT\EnglishDB\Words\m\microchip.md
8573,microcosm,C:\GTT\EnglishDB\Words\m\microcosm.md
8574,micron,C:\GTT\EnglishDB\Words\m\micron.md
8575,microorganism,C:\GTT\EnglishDB\Words\m\microorganism.md
8576,microphone,C:\GTT\EnglishDB\Words\m\microphone.md
8577,microprocessor,C:\GTT\EnglishDB\Words\m\microprocessor.md
8578,microscope,C:\GTT\EnglishDB\Words\m\microscope.md
8579,microscopic,C:\GTT\EnglishDB\Words\m\microscopic.md
8580,microwave,C:\GTT\EnglishDB\Words\m\microwave.md
8581,mid,C:\GTT\EnglishDB\Words\m\mid.md
8582,midday,C:\GTT\EnglishDB\Words\m\midday.md
8583,middle,C:\GTT\EnglishDB\Words\m\middle.md
8584,midget,C:\GTT\EnglishDB\Words\m\midget.md
8585,midnight,C:\GTT\EnglishDB\Words\m\midnight.md
8586,midpoint,C:\GTT\EnglishDB\Words\m\midpoint.md
8587,midst,C:\GTT\EnglishDB\Words\m\midst.md
8588,midterm,C:\GTT\EnglishDB\Words\m\midterm.md
8589,midtown,C:\GTT\EnglishDB\Words\m\midtown.md
8590,midway,C:\GTT\EnglishDB\Words\m\midway.md
8591,midwife,C:\GTT\EnglishDB\Words\m\midwife.md
8592,might,C:\GTT\EnglishDB\Words\m\might.md
8593,mightily,C:\GTT\EnglishDB\Words\m\mightily.md
8594,mighty,C:\GTT\EnglishDB\Words\m\mighty.md
8595,migraine,C:\GTT\EnglishDB\Words\m\migraine.md
8596,migrant,C:\GTT\EnglishDB\Words\m\migrant.md
8597,migrate,C:\GTT\EnglishDB\Words\m\migrate.md
8598,migration,C:\GTT\EnglishDB\Words\m\migration.md
8599,migratory,C:\GTT\EnglishDB\Words\m\migratory.md
8600,mike,C:\GTT\EnglishDB\Words\m\mike.md
8601,mild,C:\GTT\EnglishDB\Words\m\mild.md
8602,mildew,C:\GTT\EnglishDB\Words\m\mildew.md
8603,mildly,C:\GTT\EnglishDB\Words\m\mildly.md
8604,mileage,C:\GTT\EnglishDB\Words\m\mileage.md
8605,milestone,C:\GTT\EnglishDB\Words\m\milestone.md
8606,milieu,C:\GTT\EnglishDB\Words\m\milieu.md
8607,militancy,C:\GTT\EnglishDB\Words\m\militancy.md
8608,militant,C:\GTT\EnglishDB\Words\m\militant.md
8609,militarily,C:\GTT\EnglishDB\Words\m\militarily.md
8610,military,C:\GTT\EnglishDB\Words\m\military.md
8611,militia,C:\GTT\EnglishDB\Words\m\militia.md
8612,militiaman,C:\GTT\EnglishDB\Words\m\militiaman.md
8613,milk,C:\GTT\EnglishDB\Words\m\milk.md
8614,milky,C:\GTT\EnglishDB\Words\m\milky.md
8615,mill,C:\GTT\EnglishDB\Words\m\mill.md
8616,millennium,C:\GTT\EnglishDB\Words\m\millennium.md
8617,millimeter,C:\GTT\EnglishDB\Words\m\millimeter.md
8618,milling,C:\GTT\EnglishDB\Words\m\milling.md
8619,million,C:\GTT\EnglishDB\Words\m\million.md
8620,millionaire,C:\GTT\EnglishDB\Words\m\millionaire.md
8621,millisecond,C:\GTT\EnglishDB\Words\m\millisecond.md
8622,mimetic,C:\GTT\EnglishDB\Words\m\mimetic.md
8623,mimic,C:\GTT\EnglishDB\Words\m\mimic.md
8624,mince,C:\GTT\EnglishDB\Words\m\mince.md
8625,mind,C:\GTT\EnglishDB\Words\m\mind.md
8626,mindful,C:\GTT\EnglishDB\Words\m\mindful.md
8627,mindless,C:\GTT\EnglishDB\Words\m\mindless.md
8628,mine,C:\GTT\EnglishDB\Words\m\mine.md
8629,miner,C:\GTT\EnglishDB\Words\m\miner.md
8630,mineral,C:\GTT\EnglishDB\Words\m\mineral.md
8631,mingle,C:\GTT\EnglishDB\Words\m\mingle.md
8632,mini,C:\GTT\EnglishDB\Words\m\mini.md
8633,miniature,C:\GTT\EnglishDB\Words\m\miniature.md
8634,minimal,C:\GTT\EnglishDB\Words\m\minimal.md
8635,minimalist,C:\GTT\EnglishDB\Words\m\minimalist.md
8636,minimally,C:\GTT\EnglishDB\Words\m\minimally.md
8637,minimize,C:\GTT\EnglishDB\Words\m\minimize.md
8638,minimum,C:\GTT\EnglishDB\Words\m\minimum.md
8639,mining,C:\GTT\EnglishDB\Words\m\mining.md
8640,minister,C:\GTT\EnglishDB\Words\m\minister.md
8641,ministerial,C:\GTT\EnglishDB\Words\m\ministerial.md
8642,ministry,C:\GTT\EnglishDB\Words\m\ministry.md
8643,minivan,C:\GTT\EnglishDB\Words\m\minivan.md
8644,mink,C:\GTT\EnglishDB\Words\m\mink.md
8645,minnow,C:\GTT\EnglishDB\Words\m\minnow.md
8646,minor,C:\GTT\EnglishDB\Words\m\minor.md
8647,minority,C:\GTT\EnglishDB\Words\m\minority.md
8648,mint,C:\GTT\EnglishDB\Words\m\mint.md
8649,minus,C:\GTT\EnglishDB\Words\m\minus.md
8650,minuscule,C:\GTT\EnglishDB\Words\m\minuscule.md
8651,minute,C:\GTT\EnglishDB\Words\m\minute.md
8652,minutia,C:\GTT\EnglishDB\Words\m\minutia.md
8653,miracle,C:\GTT\EnglishDB\Words\m\miracle.md
8654,miraculous,C:\GTT\EnglishDB\Words\m\miraculous.md
8655,mirage,C:\GTT\EnglishDB\Words\m\mirage.md
8656,mire,C:\GTT\EnglishDB\Words\m\mire.md
8657,mirror,C:\GTT\EnglishDB\Words\m\mirror.md
8658,misbehave,C:\GTT\EnglishDB\Words\m\misbehave.md
8659,misbehavior,C:\GTT\EnglishDB\Words\m\misbehavior.md
8660,miscalculation,C:\GTT\EnglishDB\Words\m\miscalculation.md
8661,miscarriage,C:\GTT\EnglishDB\Words\m\miscarriage.md
8662,miscellaneous,C:\GTT\EnglishDB\Words\m\miscellaneous.md
8663,mischief,C:\GTT\EnglishDB\Words\m\mischief.md
8664,mischievous,C:\GTT\EnglishDB\Words\m\mischievous.md
8665,misconception,C:\GTT\EnglishDB\Words\m\misconception.md
8666,misconduct,C:\GTT\EnglishDB\Words\m\misconduct.md
8667,misdeed,C:\GTT\EnglishDB\Words\m\misdeed.md
8668,misdemeanor,C:\GTT\EnglishDB\Words\m\misdemeanor.md
8669,miserable,C:\GTT\EnglishDB\Words\m\miserable.md
8670,miserably,C:\GTT\EnglishDB\Words\m\miserably.md
8671,misfit,C:\GTT\EnglishDB\Words\m\misfit.md
8672,misfortune,C:\GTT\EnglishDB\Words\m\misfortune.md
8673,misgiving,C:\GTT\EnglishDB\Words\m\misgiving.md
8674,misguided,C:\GTT\EnglishDB\Words\m\misguided.md
8675,mishandle,C:\GTT\EnglishDB\Words\m\mishandle.md
8676,mishap,C:\GTT\EnglishDB\Words\m\mishap.md
8677,misinformation,C:\GTT\EnglishDB\Words\m\misinformation.md
8678,misinterpret,C:\GTT\EnglishDB\Words\m\misinterpret.md
8679,misjudge,C:\GTT\EnglishDB\Words\m\misjudge.md
8680,mislead,C:\GTT\EnglishDB\Words\m\mislead.md
8681,misleading,C:\GTT\EnglishDB\Words\m\misleading.md
8682,mismanagement,C:\GTT\EnglishDB\Words\m\mismanagement.md
8683,mismatch,C:\GTT\EnglishDB\Words\m\mismatch.md
8684,misplace,C:\GTT\EnglishDB\Words\m\misplace.md
8685,misread,C:\GTT\EnglishDB\Words\m\misread.md
8686,misrepresent,C:\GTT\EnglishDB\Words\m\misrepresent.md
8687,misrepresentation,C:\GTT\EnglishDB\Words\m\misrepresentation.md
8688,miss,C:\GTT\EnglishDB\Words\m\miss.md
8689,missile,C:\GTT\EnglishDB\Words\m\missile.md
8690,missing,C:\GTT\EnglishDB\Words\m\missing.md
8691,mission,C:\GTT\EnglishDB\Words\m\mission.md
8692,missionary,C:\GTT\EnglishDB\Words\m\missionary.md
8693,misstep,C:\GTT\EnglishDB\Words\m\misstep.md
8694,mist,C:\GTT\EnglishDB\Words\m\mist.md
8695,mistaken,C:\GTT\EnglishDB\Words\m\mistaken.md
8696,mistakenly,C:\GTT\EnglishDB\Words\m\mistakenly.md
8697,mister,C:\GTT\EnglishDB\Words\m\mister.md
8698,mistreat,C:\GTT\EnglishDB\Words\m\mistreat.md
8699,mistreatment,C:\GTT\EnglishDB\Words\m\mistreatment.md
8700,mistress,C:\GTT\EnglishDB\Words\m\mistress.md
8701,mistrust,C:\GTT\EnglishDB\Words\m\mistrust.md
8702,misty,C:\GTT\EnglishDB\Words\m\misty.md
8703,misunderstand,C:\GTT\EnglishDB\Words\m\misunderstand.md
8704,misunderstanding,C:\GTT\EnglishDB\Words\m\misunderstanding.md
8705,misuse,C:\GTT\EnglishDB\Words\m\misuse.md
8706,mite,C:\GTT\EnglishDB\Words\m\mite.md
8707,mitigate,C:\GTT\EnglishDB\Words\m\mitigate.md
8708,mitigation,C:\GTT\EnglishDB\Words\m\mitigation.md
8709,mitt,C:\GTT\EnglishDB\Words\m\mitt.md
8710,mitten,C:\GTT\EnglishDB\Words\m\mitten.md
8711,mix,C:\GTT\EnglishDB\Words\m\mix.md
8712,mixed,C:\GTT\EnglishDB\Words\m\mixed.md
8713,mixer,C:\GTT\EnglishDB\Words\m\mixer.md
8714,mixing,C:\GTT\EnglishDB\Words\m\mixing.md
8715,mixture,C:\GTT\EnglishDB\Words\m\mixture.md
8716,mm,C:\GTT\EnglishDB\Words\m\mm.md
8717,mmm,C:\GTT\EnglishDB\Words\m\mmm.md
8718,moan,C:\GTT\EnglishDB\Words\m\moan.md
8719,moat,C:\GTT\EnglishDB\Words\m\moat.md
8720,mob,C:\GTT\EnglishDB\Words\m\mob.md
8721,mobile,C:\GTT\EnglishDB\Words\m\mobile.md
8722,mobility,C:\GTT\EnglishDB\Words\m\mobility.md
8723,mobilization,C:\GTT\EnglishDB\Words\m\mobilization.md
8724,mobilize,C:\GTT\EnglishDB\Words\m\mobilize.md
8725,mobster,C:\GTT\EnglishDB\Words\m\mobster.md
8726,moccasin,C:\GTT\EnglishDB\Words\m\moccasin.md
8727,mock,C:\GTT\EnglishDB\Words\m\mock.md
8728,mockery,C:\GTT\EnglishDB\Words\m\mockery.md
8729,modality,C:\GTT\EnglishDB\Words\m\modality.md
8730,mode,C:\GTT\EnglishDB\Words\m\mode.md
8731,model,C:\GTT\EnglishDB\Words\m\model.md
8732,modeling,C:\GTT\EnglishDB\Words\m\modeling.md
8733,modem,C:\GTT\EnglishDB\Words\m\modem.md
8734,moderate,C:\GTT\EnglishDB\Words\m\moderate.md
8735,moderately,C:\GTT\EnglishDB\Words\m\moderately.md
8736,moderator,C:\GTT\EnglishDB\Words\m\moderator.md
8737,modern,C:\GTT\EnglishDB\Words\m\modern.md
8738,modernism,C:\GTT\EnglishDB\Words\m\modernism.md
8739,modernist,C:\GTT\EnglishDB\Words\m\modernist.md
8740,modernity,C:\GTT\EnglishDB\Words\m\modernity.md
8741,modernization,C:\GTT\EnglishDB\Words\m\modernization.md
8742,modernize,C:\GTT\EnglishDB\Words\m\modernize.md
8743,modest,C:\GTT\EnglishDB\Words\m\modest.md
8744,modestly,C:\GTT\EnglishDB\Words\m\modestly.md
8745,modesty,C:\GTT\EnglishDB\Words\m\modesty.md
8746,modification,C:\GTT\EnglishDB\Words\m\modification.md
8747,modify,C:\GTT\EnglishDB\Words\m\modify.md
8748,modular,C:\GTT\EnglishDB\Words\m\modular.md
8749,modulate,C:\GTT\EnglishDB\Words\m\modulate.md
8750,module,C:\GTT\EnglishDB\Words\m\module.md
8751,moist,C:\GTT\EnglishDB\Words\m\moist.md
8752,moisten,C:\GTT\EnglishDB\Words\m\moisten.md
8753,moisture,C:\GTT\EnglishDB\Words\m\moisture.md
8754,molasses,C:\GTT\EnglishDB\Words\m\molasses.md
8755,mold,C:\GTT\EnglishDB\Words\m\mold.md
8756,molding,C:\GTT\EnglishDB\Words\m\molding.md
8757,mole,C:\GTT\EnglishDB\Words\m\mole.md
8758,molecular,C:\GTT\EnglishDB\Words\m\molecular.md
8759,molecule,C:\GTT\EnglishDB\Words\m\molecule.md
8760,molest,C:\GTT\EnglishDB\Words\m\molest.md
8761,molestation,C:\GTT\EnglishDB\Words\m\molestation.md
8762,molten,C:\GTT\EnglishDB\Words\m\molten.md
8763,moment,C:\GTT\EnglishDB\Words\m\moment.md
8764,momentarily,C:\GTT\EnglishDB\Words\m\momentarily.md
8765,momentary,C:\GTT\EnglishDB\Words\m\momentary.md
8766,momentous,C:\GTT\EnglishDB\Words\m\momentous.md
8767,momentum,C:\GTT\EnglishDB\Words\m\momentum.md
8768,mommy,C:\GTT\EnglishDB\Words\m\mommy.md
8769,monarch,C:\GTT\EnglishDB\Words\m\monarch.md
8770,monarchy,C:\GTT\EnglishDB\Words\m\monarchy.md
8771,monastery,C:\GTT\EnglishDB\Words\m\monastery.md
8772,monastic,C:\GTT\EnglishDB\Words\m\monastic.md
8773,monetary,C:\GTT\EnglishDB\Words\m\monetary.md
8774,money,C:\GTT\EnglishDB\Words\m\money.md
8775,moniker,C:\GTT\EnglishDB\Words\m\moniker.md
8776,monitor,C:\GTT\EnglishDB\Words\m\monitor.md
8777,monk,C:\GTT\EnglishDB\Words\m\monk.md
8778,monkey,C:\GTT\EnglishDB\Words\m\monkey.md
8779,monochrome,C:\GTT\EnglishDB\Words\m\monochrome.md
8780,monogamous,C:\GTT\EnglishDB\Words\m\monogamous.md
8781,monograph,C:\GTT\EnglishDB\Words\m\monograph.md
8782,monolith,C:\GTT\EnglishDB\Words\m\monolith.md
8783,monolithic,C:\GTT\EnglishDB\Words\m\monolithic.md
8784,monologue,C:\GTT\EnglishDB\Words\m\monologue.md
8785,monopolize,C:\GTT\EnglishDB\Words\m\monopolize.md
8786,monopoly,C:\GTT\EnglishDB\Words\m\monopoly.md
8787,monotonous,C:\GTT\EnglishDB\Words\m\monotonous.md
8788,monoxide,C:\GTT\EnglishDB\Words\m\monoxide.md
8789,monsoon,C:\GTT\EnglishDB\Words\m\monsoon.md
8790,monster,C:\GTT\EnglishDB\Words\m\monster.md
8791,monstrous,C:\GTT\EnglishDB\Words\m\monstrous.md
8792,montage,C:\GTT\EnglishDB\Words\m\montage.md
8793,month,C:\GTT\EnglishDB\Words\m\month.md
8794,monthly,C:\GTT\EnglishDB\Words\m\monthly.md
8795,monument,C:\GTT\EnglishDB\Words\m\monument.md
8796,monumental,C:\GTT\EnglishDB\Words\m\monumental.md
8797,mood,C:\GTT\EnglishDB\Words\m\mood.md
8798,moody,C:\GTT\EnglishDB\Words\m\moody.md
8799,moon,C:\GTT\EnglishDB\Words\m\moon.md
8800,moonlight,C:\GTT\EnglishDB\Words\m\moonlight.md
8801,moonlit,C:\GTT\EnglishDB\Words\m\moonlit.md
8802,moor,C:\GTT\EnglishDB\Words\m\moor.md
8803,moose,C:\GTT\EnglishDB\Words\m\moose.md
8804,moot,C:\GTT\EnglishDB\Words\m\moot.md
8805,mop,C:\GTT\EnglishDB\Words\m\mop.md
8806,moral,C:\GTT\EnglishDB\Words\m\moral.md
8807,morale,C:\GTT\EnglishDB\Words\m\morale.md
8808,morality,C:\GTT\EnglishDB\Words\m\morality.md
8809,morally,C:\GTT\EnglishDB\Words\m\morally.md
8810,moratorium,C:\GTT\EnglishDB\Words\m\moratorium.md
8811,morbid,C:\GTT\EnglishDB\Words\m\morbid.md
8812,morbidity,C:\GTT\EnglishDB\Words\m\morbidity.md
8813,more,C:\GTT\EnglishDB\Words\m\more.md
8814,moreover,C:\GTT\EnglishDB\Words\m\moreover.md
8815,morgue,C:\GTT\EnglishDB\Words\m\morgue.md
8816,morning,C:\GTT\EnglishDB\Words\m\morning.md
8817,morphine,C:\GTT\EnglishDB\Words\m\morphine.md
8818,morphology,C:\GTT\EnglishDB\Words\m\morphology.md
8819,morsel,C:\GTT\EnglishDB\Words\m\morsel.md
8820,mortal,C:\GTT\EnglishDB\Words\m\mortal.md
8821,mortality,C:\GTT\EnglishDB\Words\m\mortality.md
8822,mortar,C:\GTT\EnglishDB\Words\m\mortar.md
8823,mortgage,C:\GTT\EnglishDB\Words\m\mortgage.md
8824,mortify,C:\GTT\EnglishDB\Words\m\mortify.md
8825,mortuary,C:\GTT\EnglishDB\Words\m\mortuary.md
8826,mosaic,C:\GTT\EnglishDB\Words\m\mosaic.md
8827,mosque,C:\GTT\EnglishDB\Words\m\mosque.md
8828,mosquito,C:\GTT\EnglishDB\Words\m\mosquito.md
8829,moss,C:\GTT\EnglishDB\Words\m\moss.md
8830,mossy,C:\GTT\EnglishDB\Words\m\mossy.md
8831,most,C:\GTT\EnglishDB\Words\m\most.md
8832,mostly,C:\GTT\EnglishDB\Words\m\mostly.md
8833,motel,C:\GTT\EnglishDB\Words\m\motel.md
8834,moth,C:\GTT\EnglishDB\Words\m\moth.md
8835,mother,C:\GTT\EnglishDB\Words\m\mother.md
8836,motherhood,C:\GTT\EnglishDB\Words\m\motherhood.md
8837,motif,C:\GTT\EnglishDB\Words\m\motif.md
8838,motion,C:\GTT\EnglishDB\Words\m\motion.md
8839,motionless,C:\GTT\EnglishDB\Words\m\motionless.md
8840,motivate,C:\GTT\EnglishDB\Words\m\motivate.md
8841,motivation,C:\GTT\EnglishDB\Words\m\motivation.md
8842,motivational,C:\GTT\EnglishDB\Words\m\motivational.md
8843,motivator,C:\GTT\EnglishDB\Words\m\motivator.md
8844,motive,C:\GTT\EnglishDB\Words\m\motive.md
8845,motley,C:\GTT\EnglishDB\Words\m\motley.md
8846,motor,C:\GTT\EnglishDB\Words\m\motor.md
8847,motorcade,C:\GTT\EnglishDB\Words\m\motorcade.md
8848,motorcycle,C:\GTT\EnglishDB\Words\m\motorcycle.md
8849,motorist,C:\GTT\EnglishDB\Words\m\motorist.md
8850,mottled,C:\GTT\EnglishDB\Words\m\mottled.md
8851,motto,C:\GTT\EnglishDB\Words\m\motto.md
8852,mound,C:\GTT\EnglishDB\Words\m\mound.md
8853,mount,C:\GTT\EnglishDB\Words\m\mount.md
8854,mountain,C:\GTT\EnglishDB\Words\m\mountain.md
8855,mountainous,C:\GTT\EnglishDB\Words\m\mountainous.md
8856,mountainside,C:\GTT\EnglishDB\Words\m\mountainside.md
8857,mountaintop,C:\GTT\EnglishDB\Words\m\mountaintop.md
8858,mounted,C:\GTT\EnglishDB\Words\m\mounted.md
8859,mounting,C:\GTT\EnglishDB\Words\m\mounting.md
8860,mourn,C:\GTT\EnglishDB\Words\m\mourn.md
8861,mourner,C:\GTT\EnglishDB\Words\m\mourner.md
8862,mournful,C:\GTT\EnglishDB\Words\m\mournful.md
8863,mourning,C:\GTT\EnglishDB\Words\m\mourning.md
8864,mouse,C:\GTT\EnglishDB\Words\m\mouse.md
8865,mousse,C:\GTT\EnglishDB\Words\m\mousse.md
8866,moustache,C:\GTT\EnglishDB\Words\m\moustache.md
8867,mouth,C:\GTT\EnglishDB\Words\m\mouth.md
8868,mouthful,C:\GTT\EnglishDB\Words\m\mouthful.md
8869,mouthpiece,C:\GTT\EnglishDB\Words\m\mouthpiece.md
8870,movable,C:\GTT\EnglishDB\Words\m\movable.md
8871,move,C:\GTT\EnglishDB\Words\m\move.md
8872,movement,C:\GTT\EnglishDB\Words\m\movement.md
8873,mover,C:\GTT\EnglishDB\Words\m\mover.md
8874,movie,C:\GTT\EnglishDB\Words\m\movie.md
8875,moviegoer,C:\GTT\EnglishDB\Words\m\moviegoer.md
8876,moving,C:\GTT\EnglishDB\Words\m\moving.md
8877,mow,C:\GTT\EnglishDB\Words\m\mow.md
8878,mower,C:\GTT\EnglishDB\Words\m\mower.md
8879,mozzarella,C:\GTT\EnglishDB\Words\m\mozzarella.md
8880,much,C:\GTT\EnglishDB\Words\m\much.md
8881,muck,C:\GTT\EnglishDB\Words\m\muck.md
8882,mucus,C:\GTT\EnglishDB\Words\m\mucus.md
8883,muddle,C:\GTT\EnglishDB\Words\m\muddle.md
8884,muddy,C:\GTT\EnglishDB\Words\m\muddy.md
8885,muffin,C:\GTT\EnglishDB\Words\m\muffin.md
8886,muffle,C:\GTT\EnglishDB\Words\m\muffle.md
8887,muffler,C:\GTT\EnglishDB\Words\m\muffler.md
8888,mulch,C:\GTT\EnglishDB\Words\m\mulch.md
8889,mule,C:\GTT\EnglishDB\Words\m\mule.md
8890,mull,C:\GTT\EnglishDB\Words\m\mull.md
8891,multilateral,C:\GTT\EnglishDB\Words\m\multilateral.md
8892,multimedia,C:\GTT\EnglishDB\Words\m\multimedia.md
8893,multimillionaire,C:\GTT\EnglishDB\Words\m\multimillionaire.md
8894,multinational,C:\GTT\EnglishDB\Words\m\multinational.md
8895,multiple,C:\GTT\EnglishDB\Words\m\multiple.md
8896,multiplication,C:\GTT\EnglishDB\Words\m\multiplication.md
8897,multiplicity,C:\GTT\EnglishDB\Words\m\multiplicity.md
8898,multiply,C:\GTT\EnglishDB\Words\m\multiply.md
8899,multipurpose,C:\GTT\EnglishDB\Words\m\multipurpose.md
8900,multiracial,C:\GTT\EnglishDB\Words\m\multiracial.md
8901,multitude,C:\GTT\EnglishDB\Words\m\multitude.md
8902,multivariate,C:\GTT\EnglishDB\Words\m\multivariate.md
8903,mum,C:\GTT\EnglishDB\Words\m\mum.md
8904,mumble,C:\GTT\EnglishDB\Words\m\mumble.md
8905,mummy,C:\GTT\EnglishDB\Words\m\mummy.md
8906,munch,C:\GTT\EnglishDB\Words\m\munch.md
8907,mundane,C:\GTT\EnglishDB\Words\m\mundane.md
8908,municipal,C:\GTT\EnglishDB\Words\m\municipal.md
8909,municipality,C:\GTT\EnglishDB\Words\m\municipality.md
8910,munitions,C:\GTT\EnglishDB\Words\m\munitions.md
8911,mural,C:\GTT\EnglishDB\Words\m\mural.md
8912,murder,C:\GTT\EnglishDB\Words\m\murder.md
8913,murderer,C:\GTT\EnglishDB\Words\m\murderer.md
8914,murderous,C:\GTT\EnglishDB\Words\m\murderous.md
8915,murky,C:\GTT\EnglishDB\Words\m\murky.md
8916,murmur,C:\GTT\EnglishDB\Words\m\murmur.md
8917,muscle,C:\GTT\EnglishDB\Words\m\muscle.md
8918,muscular,C:\GTT\EnglishDB\Words\m\muscular.md
8919,muse,C:\GTT\EnglishDB\Words\m\muse.md
8920,museum,C:\GTT\EnglishDB\Words\m\museum.md
8921,mushroom,C:\GTT\EnglishDB\Words\m\mushroom.md
8922,mushy,C:\GTT\EnglishDB\Words\m\mushy.md
8923,music,C:\GTT\EnglishDB\Words\m\music.md
8924,musical,C:\GTT\EnglishDB\Words\m\musical.md
8925,musically,C:\GTT\EnglishDB\Words\m\musically.md
8926,musician,C:\GTT\EnglishDB\Words\m\musician.md
8927,musing,C:\GTT\EnglishDB\Words\m\musing.md
8928,musket,C:\GTT\EnglishDB\Words\m\musket.md
8929,must,C:\GTT\EnglishDB\Words\m\must.md
8930,mustache,C:\GTT\EnglishDB\Words\m\mustache.md
8931,mustard,C:\GTT\EnglishDB\Words\m\mustard.md
8932,muster,C:\GTT\EnglishDB\Words\m\muster.md
8933,musty,C:\GTT\EnglishDB\Words\m\musty.md
8934,mutant,C:\GTT\EnglishDB\Words\m\mutant.md
8935,mutate,C:\GTT\EnglishDB\Words\m\mutate.md
8936,mutation,C:\GTT\EnglishDB\Words\m\mutation.md
8937,mute,C:\GTT\EnglishDB\Words\m\mute.md
8938,mutilation,C:\GTT\EnglishDB\Words\m\mutilation.md
8939,mutiny,C:\GTT\EnglishDB\Words\m\mutiny.md
8940,mutt,C:\GTT\EnglishDB\Words\m\mutt.md
8941,mutter,C:\GTT\EnglishDB\Words\m\mutter.md
8942,mutual,C:\GTT\EnglishDB\Words\m\mutual.md
8943,mutually,C:\GTT\EnglishDB\Words\m\mutually.md
8944,muzzle,C:\GTT\EnglishDB\Words\m\muzzle.md
8945,my,C:\GTT\EnglishDB\Words\m\my.md
8946,myriad,C:\GTT\EnglishDB\Words\m\myriad.md
8947,myself,C:\GTT\EnglishDB\Words\m\myself.md
8948,mysterious,C:\GTT\EnglishDB\Words\m\mysterious.md
8949,mystery,C:\GTT\EnglishDB\Words\m\mystery.md
8950,mystic,C:\GTT\EnglishDB\Words\m\mystic.md
8951,mystical,C:\GTT\EnglishDB\Words\m\mystical.md
8952,mysticism,C:\GTT\EnglishDB\Words\m\mysticism.md
8953,mystify,C:\GTT\EnglishDB\Words\m\mystify.md
8954,mystique,C:\GTT\EnglishDB\Words\m\mystique.md
8955,myth,C:\GTT\EnglishDB\Words\m\myth.md
8956,mythic,C:\GTT\EnglishDB\Words\m\mythic.md
8957,mythical,C:\GTT\EnglishDB\Words\m\mythical.md
8958,mythological,C:\GTT\EnglishDB\Words\m\mythological.md
8959,mythology,C:\GTT\EnglishDB\Words\m\mythology.md
8960,nab,C:\GTT\EnglishDB\Words\n\nab.md
8961,nag,C:\GTT\EnglishDB\Words\n\nag.md
8962,nagging,C:\GTT\EnglishDB\Words\n\nagging.md
8963,nail,C:\GTT\EnglishDB\Words\n\nail.md
8964,naive,C:\GTT\EnglishDB\Words\n\naive.md
8965,naivete,C:\GTT\EnglishDB\Words\n\naivete.md
8966,naked,C:\GTT\EnglishDB\Words\n\naked.md
8967,nakedness,C:\GTT\EnglishDB\Words\n\nakedness.md
8968,name,C:\GTT\EnglishDB\Words\n\name.md
8969,nameless,C:\GTT\EnglishDB\Words\n\nameless.md
8970,namely,C:\GTT\EnglishDB\Words\n\namely.md
8971,namesake,C:\GTT\EnglishDB\Words\n\namesake.md
8972,naming,C:\GTT\EnglishDB\Words\n\naming.md
8973,nanny,C:\GTT\EnglishDB\Words\n\nanny.md
8974,nap,C:\GTT\EnglishDB\Words\n\nap.md
8975,nape,C:\GTT\EnglishDB\Words\n\nape.md
8976,napkin,C:\GTT\EnglishDB\Words\n\napkin.md
8977,narcissism,C:\GTT\EnglishDB\Words\n\narcissism.md
8978,narcissistic,C:\GTT\EnglishDB\Words\n\narcissistic.md
8979,narcotic,C:\GTT\EnglishDB\Words\n\narcotic.md
8980,narrate,C:\GTT\EnglishDB\Words\n\narrate.md
8981,narration,C:\GTT\EnglishDB\Words\n\narration.md
8982,narrative,C:\GTT\EnglishDB\Words\n\narrative.md
8983,narrow,C:\GTT\EnglishDB\Words\n\narrow.md
8984,narrowly,C:\GTT\EnglishDB\Words\n\narrowly.md
8985,nasal,C:\GTT\EnglishDB\Words\n\nasal.md
8986,nascent,C:\GTT\EnglishDB\Words\n\nascent.md
8987,nasty,C:\GTT\EnglishDB\Words\n\nasty.md
8988,nation,C:\GTT\EnglishDB\Words\n\nation.md
8989,national,C:\GTT\EnglishDB\Words\n\national.md
8990,nationalism,C:\GTT\EnglishDB\Words\n\nationalism.md
8991,nationalist,C:\GTT\EnglishDB\Words\n\nationalist.md
8992,nationalistic,C:\GTT\EnglishDB\Words\n\nationalistic.md
8993,nationality,C:\GTT\EnglishDB\Words\n\nationality.md
8994,nationalize,C:\GTT\EnglishDB\Words\n\nationalize.md
8995,nationally,C:\GTT\EnglishDB\Words\n\nationally.md
8996,nationwide,C:\GTT\EnglishDB\Words\n\nationwide.md
8997,native,C:\GTT\EnglishDB\Words\n\native.md
8998,natural,C:\GTT\EnglishDB\Words\n\natural.md
8999,naturalism,C:\GTT\EnglishDB\Words\n\naturalism.md
9000,naturalist,C:\GTT\EnglishDB\Words\n\naturalist.md
9001,naturalistic,C:\GTT\EnglishDB\Words\n\naturalistic.md
9002,naturally,C:\GTT\EnglishDB\Words\n\naturally.md
9003,nature,C:\GTT\EnglishDB\Words\n\nature.md
9004,naughty,C:\GTT\EnglishDB\Words\n\naughty.md
9005,nausea,C:\GTT\EnglishDB\Words\n\nausea.md
9006,nautical,C:\GTT\EnglishDB\Words\n\nautical.md
9007,naval,C:\GTT\EnglishDB\Words\n\naval.md
9008,nave,C:\GTT\EnglishDB\Words\n\nave.md
9009,navel,C:\GTT\EnglishDB\Words\n\navel.md
9010,navigate,C:\GTT\EnglishDB\Words\n\navigate.md
9011,navigation,C:\GTT\EnglishDB\Words\n\navigation.md
9012,navigational,C:\GTT\EnglishDB\Words\n\navigational.md
9013,navigator,C:\GTT\EnglishDB\Words\n\navigator.md
9014,navy,C:\GTT\EnglishDB\Words\n\navy.md
9015,naw,C:\GTT\EnglishDB\Words\n\naw.md
9016,nay,C:\GTT\EnglishDB\Words\n\nay.md
9017,near,C:\GTT\EnglishDB\Words\n\near.md
9018,nearby,C:\GTT\EnglishDB\Words\n\nearby.md
9019,nearly,C:\GTT\EnglishDB\Words\n\nearly.md
9020,neat,C:\GTT\EnglishDB\Words\n\neat.md
9021,neatly,C:\GTT\EnglishDB\Words\n\neatly.md
9022,nebula,C:\GTT\EnglishDB\Words\n\nebula.md
9023,necessarily,C:\GTT\EnglishDB\Words\n\necessarily.md
9024,necessary,C:\GTT\EnglishDB\Words\n\necessary.md
9025,necessitate,C:\GTT\EnglishDB\Words\n\necessitate.md
9026,necessity,C:\GTT\EnglishDB\Words\n\necessity.md
9027,neck,C:\GTT\EnglishDB\Words\n\neck.md
9028,necklace,C:\GTT\EnglishDB\Words\n\necklace.md
9029,neckline,C:\GTT\EnglishDB\Words\n\neckline.md
9030,necktie,C:\GTT\EnglishDB\Words\n\necktie.md
9031,nectar,C:\GTT\EnglishDB\Words\n\nectar.md
9032,need,C:\GTT\EnglishDB\Words\n\need.md
9033,needle,C:\GTT\EnglishDB\Words\n\needle.md
9034,needless,C:\GTT\EnglishDB\Words\n\needless.md
9035,needlessly,C:\GTT\EnglishDB\Words\n\needlessly.md
9036,needy,C:\GTT\EnglishDB\Words\n\needy.md
9037,nefarious,C:\GTT\EnglishDB\Words\n\nefarious.md
9038,negate,C:\GTT\EnglishDB\Words\n\negate.md
9039,negation,C:\GTT\EnglishDB\Words\n\negation.md
9040,negative,C:\GTT\EnglishDB\Words\n\negative.md
9041,negatively,C:\GTT\EnglishDB\Words\n\negatively.md
9042,negativity,C:\GTT\EnglishDB\Words\n\negativity.md
9043,neglect,C:\GTT\EnglishDB\Words\n\neglect.md
9044,neglected,C:\GTT\EnglishDB\Words\n\neglected.md
9045,negligence,C:\GTT\EnglishDB\Words\n\negligence.md
9046,negligent,C:\GTT\EnglishDB\Words\n\negligent.md
9047,negligible,C:\GTT\EnglishDB\Words\n\negligible.md
9048,negotiate,C:\GTT\EnglishDB\Words\n\negotiate.md
9049,negotiating,C:\GTT\EnglishDB\Words\n\negotiating.md
9050,negotiation,C:\GTT\EnglishDB\Words\n\negotiation.md
9051,negotiator,C:\GTT\EnglishDB\Words\n\negotiator.md
9052,negro,C:\GTT\EnglishDB\Words\n\negro.md
9053,neighbor,C:\GTT\EnglishDB\Words\n\neighbor.md
9054,neighborhood,C:\GTT\EnglishDB\Words\n\neighborhood.md
9055,neighboring,C:\GTT\EnglishDB\Words\n\neighboring.md
9056,neither,C:\GTT\EnglishDB\Words\n\neither.md
9057,nemesis,C:\GTT\EnglishDB\Words\n\nemesis.md
9058,neon,C:\GTT\EnglishDB\Words\n\neon.md
9059,neophyte,C:\GTT\EnglishDB\Words\n\neophyte.md
9060,nephew,C:\GTT\EnglishDB\Words\n\nephew.md
9061,nerd,C:\GTT\EnglishDB\Words\n\nerd.md
9062,nerve,C:\GTT\EnglishDB\Words\n\nerve.md
9063,nervous,C:\GTT\EnglishDB\Words\n\nervous.md
9064,nest,C:\GTT\EnglishDB\Words\n\nest.md
9065,nestle,C:\GTT\EnglishDB\Words\n\nestle.md
9066,net,C:\GTT\EnglishDB\Words\n\net.md
9067,netting,C:\GTT\EnglishDB\Words\n\netting.md
9068,nettle,C:\GTT\EnglishDB\Words\n\nettle.md
9069,network,C:\GTT\EnglishDB\Words\n\network.md
9070,neural,C:\GTT\EnglishDB\Words\n\neural.md
9071,neurological,C:\GTT\EnglishDB\Words\n\neurological.md
9072,neurologist,C:\GTT\EnglishDB\Words\n\neurologist.md
9073,neuron,C:\GTT\EnglishDB\Words\n\neuron.md
9074,neuroscience,C:\GTT\EnglishDB\Words\n\neuroscience.md
9075,neurosurgeon,C:\GTT\EnglishDB\Words\n\neurosurgeon.md
9076,neurotic,C:\GTT\EnglishDB\Words\n\neurotic.md
9077,neurotransmitter,C:\GTT\EnglishDB\Words\n\neurotransmitter.md
9078,neutral,C:\GTT\EnglishDB\Words\n\neutral.md
9079,neutrality,C:\GTT\EnglishDB\Words\n\neutrality.md
9080,neutralize,C:\GTT\EnglishDB\Words\n\neutralize.md
9081,neutrino,C:\GTT\EnglishDB\Words\n\neutrino.md
9082,neutron,C:\GTT\EnglishDB\Words\n\neutron.md
9083,never,C:\GTT\EnglishDB\Words\n\never.md
9084,nevertheless,C:\GTT\EnglishDB\Words\n\nevertheless.md
9085,new,C:\GTT\EnglishDB\Words\n\new.md
9086,newborn,C:\GTT\EnglishDB\Words\n\newborn.md
9087,newcomer,C:\GTT\EnglishDB\Words\n\newcomer.md
9088,newfound,C:\GTT\EnglishDB\Words\n\newfound.md
9089,newly,C:\GTT\EnglishDB\Words\n\newly.md
9090,newlywed,C:\GTT\EnglishDB\Words\n\newlywed.md
9091,newness,C:\GTT\EnglishDB\Words\n\newness.md
9092,news,C:\GTT\EnglishDB\Words\n\news.md
9093,newscast,C:\GTT\EnglishDB\Words\n\newscast.md
9094,newsletter,C:\GTT\EnglishDB\Words\n\newsletter.md
9095,newsman,C:\GTT\EnglishDB\Words\n\newsman.md
9096,newspaper,C:\GTT\EnglishDB\Words\n\newspaper.md
9097,newsprint,C:\GTT\EnglishDB\Words\n\newsprint.md
9098,newsroom,C:\GTT\EnglishDB\Words\n\newsroom.md
9099,newsstand,C:\GTT\EnglishDB\Words\n\newsstand.md
9100,next,C:\GTT\EnglishDB\Words\n\next.md
9101,nexus,C:\GTT\EnglishDB\Words\n\nexus.md
9102,nibble,C:\GTT\EnglishDB\Words\n\nibble.md
9103,nice,C:\GTT\EnglishDB\Words\n\nice.md
9104,nicely,C:\GTT\EnglishDB\Words\n\nicely.md
9105,nicety,C:\GTT\EnglishDB\Words\n\nicety.md
9106,niche,C:\GTT\EnglishDB\Words\n\niche.md
9107,nick,C:\GTT\EnglishDB\Words\n\nick.md
9108,nickel,C:\GTT\EnglishDB\Words\n\nickel.md
9109,nickname,C:\GTT\EnglishDB\Words\n\nickname.md
9110,nicotine,C:\GTT\EnglishDB\Words\n\nicotine.md
9111,niece,C:\GTT\EnglishDB\Words\n\niece.md
9112,nifty,C:\GTT\EnglishDB\Words\n\nifty.md
9113,nigger,C:\GTT\EnglishDB\Words\n\nigger.md
9114,night,C:\GTT\EnglishDB\Words\n\night.md
9115,nightclub,C:\GTT\EnglishDB\Words\n\nightclub.md
9116,nightfall,C:\GTT\EnglishDB\Words\n\nightfall.md
9117,nightgown,C:\GTT\EnglishDB\Words\n\nightgown.md
9118,nightly,C:\GTT\EnglishDB\Words\n\nightly.md
9119,nightmare,C:\GTT\EnglishDB\Words\n\nightmare.md
9120,nightmarish,C:\GTT\EnglishDB\Words\n\nightmarish.md
9121,nightstand,C:\GTT\EnglishDB\Words\n\nightstand.md
9122,nighttime,C:\GTT\EnglishDB\Words\n\nighttime.md
9123,nimble,C:\GTT\EnglishDB\Words\n\nimble.md
9124,nine,C:\GTT\EnglishDB\Words\n\nine.md
9125,nineteen,C:\GTT\EnglishDB\Words\n\nineteen.md
9126,nineteenth,C:\GTT\EnglishDB\Words\n\nineteenth.md
9127,ninety,C:\GTT\EnglishDB\Words\n\ninety.md
9128,ninth,C:\GTT\EnglishDB\Words\n\ninth.md
9129,nip,C:\GTT\EnglishDB\Words\n\nip.md
9130,nipple,C:\GTT\EnglishDB\Words\n\nipple.md
9131,nitrate,C:\GTT\EnglishDB\Words\n\nitrate.md
9132,nitrogen,C:\GTT\EnglishDB\Words\n\nitrogen.md
9133,nix,C:\GTT\EnglishDB\Words\n\nix.md
9134,no,C:\GTT\EnglishDB\Words\n\no.md
9135,nobility,C:\GTT\EnglishDB\Words\n\nobility.md
9136,noble,C:\GTT\EnglishDB\Words\n\noble.md
9137,nobody,C:\GTT\EnglishDB\Words\n\nobody.md
9138,nocturnal,C:\GTT\EnglishDB\Words\n\nocturnal.md
9139,nod,C:\GTT\EnglishDB\Words\n\nod.md
9140,node,C:\GTT\EnglishDB\Words\n\node.md
9141,noise,C:\GTT\EnglishDB\Words\n\noise.md
9142,noisily,C:\GTT\EnglishDB\Words\n\noisily.md
9143,noisy,C:\GTT\EnglishDB\Words\n\noisy.md
9144,nomad,C:\GTT\EnglishDB\Words\n\nomad.md
9145,nomadic,C:\GTT\EnglishDB\Words\n\nomadic.md
9146,nominal,C:\GTT\EnglishDB\Words\n\nominal.md
9147,nominally,C:\GTT\EnglishDB\Words\n\nominally.md
9148,nominate,C:\GTT\EnglishDB\Words\n\nominate.md
9149,nomination,C:\GTT\EnglishDB\Words\n\nomination.md
9150,nominee,C:\GTT\EnglishDB\Words\n\nominee.md
9151,nondescript,C:\GTT\EnglishDB\Words\n\nondescript.md
9152,none,C:\GTT\EnglishDB\Words\n\none.md
9153,nonetheless,C:\GTT\EnglishDB\Words\n\nonetheless.md
9154,nonexistent,C:\GTT\EnglishDB\Words\n\nonexistent.md
9155,nonlinear,C:\GTT\EnglishDB\Words\n\nonlinear.md
9156,nonprofit,C:\GTT\EnglishDB\Words\n\nonprofit.md
9157,nonsense,C:\GTT\EnglishDB\Words\n\nonsense.md
9158,nonstop,C:\GTT\EnglishDB\Words\n\nonstop.md
9159,nonverbal,C:\GTT\EnglishDB\Words\n\nonverbal.md
9160,noodle,C:\GTT\EnglishDB\Words\n\noodle.md
9161,nook,C:\GTT\EnglishDB\Words\n\nook.md
9162,noon,C:\GTT\EnglishDB\Words\n\noon.md
9163,noose,C:\GTT\EnglishDB\Words\n\noose.md
9164,nope,C:\GTT\EnglishDB\Words\n\nope.md
9165,nor,C:\GTT\EnglishDB\Words\n\nor.md
9166,norm,C:\GTT\EnglishDB\Words\n\norm.md
9167,normal,C:\GTT\EnglishDB\Words\n\normal.md
9168,normalcy,C:\GTT\EnglishDB\Words\n\normalcy.md
9169,normality,C:\GTT\EnglishDB\Words\n\normality.md
9170,normalization,C:\GTT\EnglishDB\Words\n\normalization.md
9171,normalize,C:\GTT\EnglishDB\Words\n\normalize.md
9172,normally,C:\GTT\EnglishDB\Words\n\normally.md
9173,normative,C:\GTT\EnglishDB\Words\n\normative.md
9174,north,C:\GTT\EnglishDB\Words\n\north.md
9175,northeast,C:\GTT\EnglishDB\Words\n\northeast.md
9176,northeastern,C:\GTT\EnglishDB\Words\n\northeastern.md
9177,northern,C:\GTT\EnglishDB\Words\n\northern.md
9178,northward,C:\GTT\EnglishDB\Words\n\northward.md
9179,northwest,C:\GTT\EnglishDB\Words\n\northwest.md
9180,northwestern,C:\GTT\EnglishDB\Words\n\northwestern.md
9181,nose,C:\GTT\EnglishDB\Words\n\nose.md
9182,nostalgia,C:\GTT\EnglishDB\Words\n\nostalgia.md
9183,nostalgic,C:\GTT\EnglishDB\Words\n\nostalgic.md
9184,nostril,C:\GTT\EnglishDB\Words\n\nostril.md
9185,not,C:\GTT\EnglishDB\Words\n\not.md
9186,notable,C:\GTT\EnglishDB\Words\n\notable.md
9187,notably,C:\GTT\EnglishDB\Words\n\notably.md
9188,notation,C:\GTT\EnglishDB\Words\n\notation.md
9189,notch,C:\GTT\EnglishDB\Words\n\notch.md
9190,note,C:\GTT\EnglishDB\Words\n\note.md
9191,notebook,C:\GTT\EnglishDB\Words\n\notebook.md
9192,noted,C:\GTT\EnglishDB\Words\n\noted.md
9193,notepad,C:\GTT\EnglishDB\Words\n\notepad.md
9194,noteworthy,C:\GTT\EnglishDB\Words\n\noteworthy.md
9195,nothing,C:\GTT\EnglishDB\Words\n\nothing.md
9196,nothingness,C:\GTT\EnglishDB\Words\n\nothingness.md
9197,notice,C:\GTT\EnglishDB\Words\n\notice.md
9198,noticeable,C:\GTT\EnglishDB\Words\n\noticeable.md
9199,noticeably,C:\GTT\EnglishDB\Words\n\noticeably.md
9200,notification,C:\GTT\EnglishDB\Words\n\notification.md
9201,notify,C:\GTT\EnglishDB\Words\n\notify.md
9202,notion,C:\GTT\EnglishDB\Words\n\notion.md
9203,notoriety,C:\GTT\EnglishDB\Words\n\notoriety.md
9204,notorious,C:\GTT\EnglishDB\Words\n\notorious.md
9205,notwithstanding,C:\GTT\EnglishDB\Words\n\notwithstanding.md
9206,noun,C:\GTT\EnglishDB\Words\n\noun.md
9207,nourish,C:\GTT\EnglishDB\Words\n\nourish.md
9208,nourishment,C:\GTT\EnglishDB\Words\n\nourishment.md
9209,novel,C:\GTT\EnglishDB\Words\n\novel.md
9210,novelist,C:\GTT\EnglishDB\Words\n\novelist.md
9211,novella,C:\GTT\EnglishDB\Words\n\novella.md
9212,novelty,C:\GTT\EnglishDB\Words\n\novelty.md
9213,novice,C:\GTT\EnglishDB\Words\n\novice.md
9214,now,C:\GTT\EnglishDB\Words\n\now.md
9215,nowadays,C:\GTT\EnglishDB\Words\n\nowadays.md
9216,nowhere,C:\GTT\EnglishDB\Words\n\nowhere.md
9217,noxious,C:\GTT\EnglishDB\Words\n\noxious.md
9218,nozzle,C:\GTT\EnglishDB\Words\n\nozzle.md
9219,nuance,C:\GTT\EnglishDB\Words\n\nuance.md
9220,nuclear,C:\GTT\EnglishDB\Words\n\nuclear.md
9221,nucleus,C:\GTT\EnglishDB\Words\n\nucleus.md
9222,nude,C:\GTT\EnglishDB\Words\n\nude.md
9223,nudge,C:\GTT\EnglishDB\Words\n\nudge.md
9224,nudity,C:\GTT\EnglishDB\Words\n\nudity.md
9225,nugget,C:\GTT\EnglishDB\Words\n\nugget.md
9226,nuisance,C:\GTT\EnglishDB\Words\n\nuisance.md
9227,nuke,C:\GTT\EnglishDB\Words\n\nuke.md
9228,nullify,C:\GTT\EnglishDB\Words\n\nullify.md
9229,numb,C:\GTT\EnglishDB\Words\n\numb.md
9230,number,C:\GTT\EnglishDB\Words\n\number.md
9231,numbered,C:\GTT\EnglishDB\Words\n\numbered.md
9232,numbness,C:\GTT\EnglishDB\Words\n\numbness.md
9233,numeral,C:\GTT\EnglishDB\Words\n\numeral.md
9234,numerical,C:\GTT\EnglishDB\Words\n\numerical.md
9235,numerous,C:\GTT\EnglishDB\Words\n\numerous.md
9236,nun,C:\GTT\EnglishDB\Words\n\nun.md
9237,nurse,C:\GTT\EnglishDB\Words\n\nurse.md
9238,nursery,C:\GTT\EnglishDB\Words\n\nursery.md
9239,nursing,C:\GTT\EnglishDB\Words\n\nursing.md
9240,nurture,C:\GTT\EnglishDB\Words\n\nurture.md
9241,nut,C:\GTT\EnglishDB\Words\n\nut.md
9242,nutmeg,C:\GTT\EnglishDB\Words\n\nutmeg.md
9243,nutrient,C:\GTT\EnglishDB\Words\n\nutrient.md
9244,nutrition,C:\GTT\EnglishDB\Words\n\nutrition.md
9245,nutritional,C:\GTT\EnglishDB\Words\n\nutritional.md
9246,nutritionist,C:\GTT\EnglishDB\Words\n\nutritionist.md
9247,nutritious,C:\GTT\EnglishDB\Words\n\nutritious.md
9248,nuts,C:\GTT\EnglishDB\Words\n\nuts.md
9249,nutshell,C:\GTT\EnglishDB\Words\n\nutshell.md
9250,nutty,C:\GTT\EnglishDB\Words\n\nutty.md
9251,nuzzle,C:\GTT\EnglishDB\Words\n\nuzzle.md
9252,nylon,C:\GTT\EnglishDB\Words\n\nylon.md
9253,nymph,C:\GTT\EnglishDB\Words\n\nymph.md
9254,oak,C:\GTT\EnglishDB\Words\o\oak.md
9255,oar,C:\GTT\EnglishDB\Words\o\oar.md
9256,oasis,C:\GTT\EnglishDB\Words\o\oasis.md
9257,oath,C:\GTT\EnglishDB\Words\o\oath.md
9258,oatmeal,C:\GTT\EnglishDB\Words\o\oatmeal.md
9259,obedience,C:\GTT\EnglishDB\Words\o\obedience.md
9260,obedient,C:\GTT\EnglishDB\Words\o\obedient.md
9261,obese,C:\GTT\EnglishDB\Words\o\obese.md
9262,obesity,C:\GTT\EnglishDB\Words\o\obesity.md
9263,obey,C:\GTT\EnglishDB\Words\o\obey.md
9264,obituary,C:\GTT\EnglishDB\Words\o\obituary.md
9265,object,C:\GTT\EnglishDB\Words\o\object.md
9266,objection,C:\GTT\EnglishDB\Words\o\objection.md
9267,objectionable,C:\GTT\EnglishDB\Words\o\objectionable.md
9268,objective,C:\GTT\EnglishDB\Words\o\objective.md
9269,objectively,C:\GTT\EnglishDB\Words\o\objectively.md
9270,objectivity,C:\GTT\EnglishDB\Words\o\objectivity.md
9271,obligate,C:\GTT\EnglishDB\Words\o\obligate.md
9272,obligation,C:\GTT\EnglishDB\Words\o\obligation.md
9273,obligatory,C:\GTT\EnglishDB\Words\o\obligatory.md
9274,oblige,C:\GTT\EnglishDB\Words\o\oblige.md
9275,oblique,C:\GTT\EnglishDB\Words\o\oblique.md
9276,obliterate,C:\GTT\EnglishDB\Words\o\obliterate.md
9277,oblivion,C:\GTT\EnglishDB\Words\o\oblivion.md
9278,oblivious,C:\GTT\EnglishDB\Words\o\oblivious.md
9279,obnoxious,C:\GTT\EnglishDB\Words\o\obnoxious.md
9280,obscene,C:\GTT\EnglishDB\Words\o\obscene.md
9281,obscenity,C:\GTT\EnglishDB\Words\o\obscenity.md
9282,obscure,C:\GTT\EnglishDB\Words\o\obscure.md
9283,obscurity,C:\GTT\EnglishDB\Words\o\obscurity.md
9284,observable,C:\GTT\EnglishDB\Words\o\observable.md
9285,observance,C:\GTT\EnglishDB\Words\o\observance.md
9286,observant,C:\GTT\EnglishDB\Words\o\observant.md
9287,observation,C:\GTT\EnglishDB\Words\o\observation.md
9288,observational,C:\GTT\EnglishDB\Words\o\observational.md
9289,observatory,C:\GTT\EnglishDB\Words\o\observatory.md
9290,observe,C:\GTT\EnglishDB\Words\o\observe.md
9291,observer,C:\GTT\EnglishDB\Words\o\observer.md
9292,obsess,C:\GTT\EnglishDB\Words\o\obsess.md
9293,obsession,C:\GTT\EnglishDB\Words\o\obsession.md
9294,obsessive,C:\GTT\EnglishDB\Words\o\obsessive.md
9295,obsolete,C:\GTT\EnglishDB\Words\o\obsolete.md
9296,obstacle,C:\GTT\EnglishDB\Words\o\obstacle.md
9297,obstetrician,C:\GTT\EnglishDB\Words\o\obstetrician.md
9298,obstruct,C:\GTT\EnglishDB\Words\o\obstruct.md
9299,obstruction,C:\GTT\EnglishDB\Words\o\obstruction.md
9300,obtain,C:\GTT\EnglishDB\Words\o\obtain.md
9301,obvious,C:\GTT\EnglishDB\Words\o\obvious.md
9302,obviously,C:\GTT\EnglishDB\Words\o\obviously.md
9303,occasion,C:\GTT\EnglishDB\Words\o\occasion.md
9304,occasional,C:\GTT\EnglishDB\Words\o\occasional.md
9305,occasionally,C:\GTT\EnglishDB\Words\o\occasionally.md
9306,occult,C:\GTT\EnglishDB\Words\o\occult.md
9307,occupancy,C:\GTT\EnglishDB\Words\o\occupancy.md
9308,occupant,C:\GTT\EnglishDB\Words\o\occupant.md
9309,occupation,C:\GTT\EnglishDB\Words\o\occupation.md
9310,occupational,C:\GTT\EnglishDB\Words\o\occupational.md
9311,occupy,C:\GTT\EnglishDB\Words\o\occupy.md
9312,occur,C:\GTT\EnglishDB\Words\o\occur.md
9313,occurrence,C:\GTT\EnglishDB\Words\o\occurrence.md
9314,ocean,C:\GTT\EnglishDB\Words\o\ocean.md
9315,oceanic,C:\GTT\EnglishDB\Words\o\oceanic.md
9316,octave,C:\GTT\EnglishDB\Words\o\octave.md
9317,octopus,C:\GTT\EnglishDB\Words\o\octopus.md
9318,odd,C:\GTT\EnglishDB\Words\o\odd.md
9319,oddball,C:\GTT\EnglishDB\Words\o\oddball.md
9320,oddity,C:\GTT\EnglishDB\Words\o\oddity.md
9321,oddly,C:\GTT\EnglishDB\Words\o\oddly.md
9322,odds,C:\GTT\EnglishDB\Words\o\odds.md
9323,odor,C:\GTT\EnglishDB\Words\o\odor.md
9324,of,C:\GTT\EnglishDB\Words\o\of.md
9325,off,C:\GTT\EnglishDB\Words\o\off.md
9326,offbeat,C:\GTT\EnglishDB\Words\o\offbeat.md
9327,offend,C:\GTT\EnglishDB\Words\o\offend.md
9328,offender,C:\GTT\EnglishDB\Words\o\offender.md
9329,offending,C:\GTT\EnglishDB\Words\o\offending.md
9330,offense,C:\GTT\EnglishDB\Words\o\offense.md
9331,offensive,C:\GTT\EnglishDB\Words\o\offensive.md
9332,offensively,C:\GTT\EnglishDB\Words\o\offensively.md
9333,offer,C:\GTT\EnglishDB\Words\o\offer.md
9334,offering,C:\GTT\EnglishDB\Words\o\offering.md
9335,office,C:\GTT\EnglishDB\Words\o\office.md
9336,officer,C:\GTT\EnglishDB\Words\o\officer.md
9337,official,C:\GTT\EnglishDB\Words\o\official.md
9338,officially,C:\GTT\EnglishDB\Words\o\officially.md
9339,officiate,C:\GTT\EnglishDB\Words\o\officiate.md
9340,offset,C:\GTT\EnglishDB\Words\o\offset.md
9341,offshoot,C:\GTT\EnglishDB\Words\o\offshoot.md
9342,offshore,C:\GTT\EnglishDB\Words\o\offshore.md
9343,offspring,C:\GTT\EnglishDB\Words\o\offspring.md
9344,often,C:\GTT\EnglishDB\Words\o\often.md
9345,oftentimes,C:\GTT\EnglishDB\Words\o\oftentimes.md
9346,oh,C:\GTT\EnglishDB\Words\o\oh.md
9347,oil,C:\GTT\EnglishDB\Words\o\oil.md
9348,oily,C:\GTT\EnglishDB\Words\o\oily.md
9349,ointment,C:\GTT\EnglishDB\Words\o\ointment.md
9350,ok,C:\GTT\EnglishDB\Words\o\ok.md
9351,okay,C:\GTT\EnglishDB\Words\o\okay.md
9352,okra,C:\GTT\EnglishDB\Words\o\okra.md
9353,old,C:\GTT\EnglishDB\Words\o\old.md
9354,olive,C:\GTT\EnglishDB\Words\o\olive.md
9355,omelet,C:\GTT\EnglishDB\Words\o\omelet.md
9356,omen,C:\GTT\EnglishDB\Words\o\omen.md
9357,ominous,C:\GTT\EnglishDB\Words\o\ominous.md
9358,ominously,C:\GTT\EnglishDB\Words\o\ominously.md
9359,omission,C:\GTT\EnglishDB\Words\o\omission.md
9360,omit,C:\GTT\EnglishDB\Words\o\omit.md
9361,omnipresent,C:\GTT\EnglishDB\Words\o\omnipresent.md
9362,on,C:\GTT\EnglishDB\Words\o\on.md
9363,once,C:\GTT\EnglishDB\Words\o\once.md
9364,oncology,C:\GTT\EnglishDB\Words\o\oncology.md
9365,oncoming,C:\GTT\EnglishDB\Words\o\oncoming.md
9366,one,C:\GTT\EnglishDB\Words\o\one.md
9367,onerous,C:\GTT\EnglishDB\Words\o\onerous.md
9368,oneself,C:\GTT\EnglishDB\Words\o\oneself.md
9369,ongoing,C:\GTT\EnglishDB\Words\o\ongoing.md
9370,onion,C:\GTT\EnglishDB\Words\o\onion.md
9371,online,C:\GTT\EnglishDB\Words\o\online.md
9372,onlooker,C:\GTT\EnglishDB\Words\o\onlooker.md
9373,only,C:\GTT\EnglishDB\Words\o\only.md
9374,onset,C:\GTT\EnglishDB\Words\o\onset.md
9375,onslaught,C:\GTT\EnglishDB\Words\o\onslaught.md
9376,onstage,C:\GTT\EnglishDB\Words\o\onstage.md
9377,onto,C:\GTT\EnglishDB\Words\o\onto.md
9378,ontological,C:\GTT\EnglishDB\Words\o\ontological.md
9379,onward,C:\GTT\EnglishDB\Words\o\onward.md
9380,oops,C:\GTT\EnglishDB\Words\o\oops.md
9381,ooze,C:\GTT\EnglishDB\Words\o\ooze.md
9382,opaque,C:\GTT\EnglishDB\Words\o\opaque.md
9383,open,C:\GTT\EnglishDB\Words\o\open.md
9384,opener,C:\GTT\EnglishDB\Words\o\opener.md
9385,opening,C:\GTT\EnglishDB\Words\o\opening.md
9386,openly,C:\GTT\EnglishDB\Words\o\openly.md
9387,openness,C:\GTT\EnglishDB\Words\o\openness.md
9388,opera,C:\GTT\EnglishDB\Words\o\opera.md
9389,operate,C:\GTT\EnglishDB\Words\o\operate.md
9390,operatic,C:\GTT\EnglishDB\Words\o\operatic.md
9391,operation,C:\GTT\EnglishDB\Words\o\operation.md
9392,operational,C:\GTT\EnglishDB\Words\o\operational.md
9393,operationalize,C:\GTT\EnglishDB\Words\o\operationalize.md
9394,operative,C:\GTT\EnglishDB\Words\o\operative.md
9395,operator,C:\GTT\EnglishDB\Words\o\operator.md
9396,opiate,C:\GTT\EnglishDB\Words\o\opiate.md
9397,opine,C:\GTT\EnglishDB\Words\o\opine.md
9398,opinion,C:\GTT\EnglishDB\Words\o\opinion.md
9399,opium,C:\GTT\EnglishDB\Words\o\opium.md
9400,opponent,C:\GTT\EnglishDB\Words\o\opponent.md
9401,opportunistic,C:\GTT\EnglishDB\Words\o\opportunistic.md
9402,opportunity,C:\GTT\EnglishDB\Words\o\opportunity.md
9403,oppose,C:\GTT\EnglishDB\Words\o\oppose.md
9404,opposed,C:\GTT\EnglishDB\Words\o\opposed.md
9405,opposite,C:\GTT\EnglishDB\Words\o\opposite.md
9406,opposition,C:\GTT\EnglishDB\Words\o\opposition.md
9407,oppositional,C:\GTT\EnglishDB\Words\o\oppositional.md
9408,oppress,C:\GTT\EnglishDB\Words\o\oppress.md
9409,oppression,C:\GTT\EnglishDB\Words\o\oppression.md
9410,oppressive,C:\GTT\EnglishDB\Words\o\oppressive.md
9411,oppressor,C:\GTT\EnglishDB\Words\o\oppressor.md
9412,opt,C:\GTT\EnglishDB\Words\o\opt.md
9413,optic,C:\GTT\EnglishDB\Words\o\optic.md
9414,optical,C:\GTT\EnglishDB\Words\o\optical.md
9415,optics,C:\GTT\EnglishDB\Words\o\optics.md
9416,optimal,C:\GTT\EnglishDB\Words\o\optimal.md
9417,optimism,C:\GTT\EnglishDB\Words\o\optimism.md
9418,optimist,C:\GTT\EnglishDB\Words\o\optimist.md
9419,optimistic,C:\GTT\EnglishDB\Words\o\optimistic.md
9420,optimization,C:\GTT\EnglishDB\Words\o\optimization.md
9421,optimize,C:\GTT\EnglishDB\Words\o\optimize.md
9422,optimum,C:\GTT\EnglishDB\Words\o\optimum.md
9423,option,C:\GTT\EnglishDB\Words\o\option.md
9424,optional,C:\GTT\EnglishDB\Words\o\optional.md
9425,opulent,C:\GTT\EnglishDB\Words\o\opulent.md
9426,opus,C:\GTT\EnglishDB\Words\o\opus.md
9427,or,C:\GTT\EnglishDB\Words\o\or.md
9428,oral,C:\GTT\EnglishDB\Words\o\oral.md
9429,orally,C:\GTT\EnglishDB\Words\o\orally.md
9430,orange,C:\GTT\EnglishDB\Words\o\orange.md
9431,orator,C:\GTT\EnglishDB\Words\o\orator.md
9432,oratory,C:\GTT\EnglishDB\Words\o\oratory.md
9433,orb,C:\GTT\EnglishDB\Words\o\orb.md
9434,orbit,C:\GTT\EnglishDB\Words\o\orbit.md
9435,orbital,C:\GTT\EnglishDB\Words\o\orbital.md
9436,orbiter,C:\GTT\EnglishDB\Words\o\orbiter.md
9437,orchard,C:\GTT\EnglishDB\Words\o\orchard.md
9438,orchestra,C:\GTT\EnglishDB\Words\o\orchestra.md
9439,orchestral,C:\GTT\EnglishDB\Words\o\orchestral.md
9440,orchestrate,C:\GTT\EnglishDB\Words\o\orchestrate.md
9441,orchid,C:\GTT\EnglishDB\Words\o\orchid.md
9442,ordain,C:\GTT\EnglishDB\Words\o\ordain.md
9443,ordeal,C:\GTT\EnglishDB\Words\o\ordeal.md
9444,order,C:\GTT\EnglishDB\Words\o\order.md
9445,orderly,C:\GTT\EnglishDB\Words\o\orderly.md
9446,ordinance,C:\GTT\EnglishDB\Words\o\ordinance.md
9447,ordinarily,C:\GTT\EnglishDB\Words\o\ordinarily.md
9448,ordinary,C:\GTT\EnglishDB\Words\o\ordinary.md
9449,ordination,C:\GTT\EnglishDB\Words\o\ordination.md
9450,ordnance,C:\GTT\EnglishDB\Words\o\ordnance.md
9451,ore,C:\GTT\EnglishDB\Words\o\ore.md
9452,organ,C:\GTT\EnglishDB\Words\o\organ.md
9453,organic,C:\GTT\EnglishDB\Words\o\organic.md
9454,organically,C:\GTT\EnglishDB\Words\o\organically.md
9455,organism,C:\GTT\EnglishDB\Words\o\organism.md
9456,organization,C:\GTT\EnglishDB\Words\o\organization.md
9457,organizational,C:\GTT\EnglishDB\Words\o\organizational.md
9458,organize,C:\GTT\EnglishDB\Words\o\organize.md
9459,organized,C:\GTT\EnglishDB\Words\o\organized.md
9460,organizer,C:\GTT\EnglishDB\Words\o\organizer.md
9461,orgasm,C:\GTT\EnglishDB\Words\o\orgasm.md
9462,orgy,C:\GTT\EnglishDB\Words\o\orgy.md
9463,orient,C:\GTT\EnglishDB\Words\o\orient.md
9464,oriental,C:\GTT\EnglishDB\Words\o\oriental.md
9465,orientation,C:\GTT\EnglishDB\Words\o\orientation.md
9466,oriented,C:\GTT\EnglishDB\Words\o\oriented.md
9467,origin,C:\GTT\EnglishDB\Words\o\origin.md
9468,original,C:\GTT\EnglishDB\Words\o\original.md
9469,originality,C:\GTT\EnglishDB\Words\o\originality.md
9470,originally,C:\GTT\EnglishDB\Words\o\originally.md
9471,originate,C:\GTT\EnglishDB\Words\o\originate.md
9472,ornament,C:\GTT\EnglishDB\Words\o\ornament.md
9473,ornamental,C:\GTT\EnglishDB\Words\o\ornamental.md
9474,ornate,C:\GTT\EnglishDB\Words\o\ornate.md
9475,orphan,C:\GTT\EnglishDB\Words\o\orphan.md
9476,orphanage,C:\GTT\EnglishDB\Words\o\orphanage.md
9477,orthodox,C:\GTT\EnglishDB\Words\o\orthodox.md
9478,orthodoxy,C:\GTT\EnglishDB\Words\o\orthodoxy.md
9479,orthopaedic,C:\GTT\EnglishDB\Words\o\orthopaedic.md
9480,orthopedic,C:\GTT\EnglishDB\Words\o\orthopedic.md
9481,oscillate,C:\GTT\EnglishDB\Words\o\oscillate.md
9482,oscillation,C:\GTT\EnglishDB\Words\o\oscillation.md
9483,ostensibly,C:\GTT\EnglishDB\Words\o\ostensibly.md
9484,osteoporosis,C:\GTT\EnglishDB\Words\o\osteoporosis.md
9485,ostracize,C:\GTT\EnglishDB\Words\o\ostracize.md
9486,ostrich,C:\GTT\EnglishDB\Words\o\ostrich.md
9487,other,C:\GTT\EnglishDB\Words\o\other.md
9488,otherness,C:\GTT\EnglishDB\Words\o\otherness.md
9489,otherwise,C:\GTT\EnglishDB\Words\o\otherwise.md
9490,otter,C:\GTT\EnglishDB\Words\o\otter.md
9491,ouch,C:\GTT\EnglishDB\Words\o\ouch.md
9492,ought,C:\GTT\EnglishDB\Words\o\ought.md
9493,our,C:\GTT\EnglishDB\Words\o\our.md
9494,ours,C:\GTT\EnglishDB\Words\o\ours.md
9495,ourselves,C:\GTT\EnglishDB\Words\o\ourselves.md
9496,oust,C:\GTT\EnglishDB\Words\o\oust.md
9497,ouster,C:\GTT\EnglishDB\Words\o\ouster.md
9498,out,C:\GTT\EnglishDB\Words\o\out.md
9499,outage,C:\GTT\EnglishDB\Words\o\outage.md
9500,outbreak,C:\GTT\EnglishDB\Words\o\outbreak.md
9501,outburst,C:\GTT\EnglishDB\Words\o\outburst.md
9502,outcast,C:\GTT\EnglishDB\Words\o\outcast.md
9503,outcome,C:\GTT\EnglishDB\Words\o\outcome.md
9504,outcry,C:\GTT\EnglishDB\Words\o\outcry.md
9505,outdated,C:\GTT\EnglishDB\Words\o\outdated.md
9506,outdo,C:\GTT\EnglishDB\Words\o\outdo.md
9507,outdoor,C:\GTT\EnglishDB\Words\o\outdoor.md
9508,outdoors,C:\GTT\EnglishDB\Words\o\outdoors.md
9509,outer,C:\GTT\EnglishDB\Words\o\outer.md
9510,outfield,C:\GTT\EnglishDB\Words\o\outfield.md
9511,outfielder,C:\GTT\EnglishDB\Words\o\outfielder.md
9512,outfit,C:\GTT\EnglishDB\Words\o\outfit.md
9513,outfitter,C:\GTT\EnglishDB\Words\o\outfitter.md
9514,outflow,C:\GTT\EnglishDB\Words\o\outflow.md
9515,outgoing,C:\GTT\EnglishDB\Words\o\outgoing.md
9516,outgrow,C:\GTT\EnglishDB\Words\o\outgrow.md
9517,outgrowth,C:\GTT\EnglishDB\Words\o\outgrowth.md
9518,outhouse,C:\GTT\EnglishDB\Words\o\outhouse.md
9519,outing,C:\GTT\EnglishDB\Words\o\outing.md
9520,outlandish,C:\GTT\EnglishDB\Words\o\outlandish.md
9521,outlast,C:\GTT\EnglishDB\Words\o\outlast.md
9522,outlaw,C:\GTT\EnglishDB\Words\o\outlaw.md
9523,outlay,C:\GTT\EnglishDB\Words\o\outlay.md
9524,outlet,C:\GTT\EnglishDB\Words\o\outlet.md
9525,outline,C:\GTT\EnglishDB\Words\o\outline.md
9526,outlive,C:\GTT\EnglishDB\Words\o\outlive.md
9527,outlook,C:\GTT\EnglishDB\Words\o\outlook.md
9528,outlying,C:\GTT\EnglishDB\Words\o\outlying.md
9529,outmoded,C:\GTT\EnglishDB\Words\o\outmoded.md
9530,outnumber,C:\GTT\EnglishDB\Words\o\outnumber.md
9531,outpace,C:\GTT\EnglishDB\Words\o\outpace.md
9532,outpatient,C:\GTT\EnglishDB\Words\o\outpatient.md
9533,outperform,C:\GTT\EnglishDB\Words\o\outperform.md
9534,outpost,C:\GTT\EnglishDB\Words\o\outpost.md
9535,outpouring,C:\GTT\EnglishDB\Words\o\outpouring.md
9536,output,C:\GTT\EnglishDB\Words\o\output.md
9537,outrage,C:\GTT\EnglishDB\Words\o\outrage.md
9538,outrageous,C:\GTT\EnglishDB\Words\o\outrageous.md
9539,outreach,C:\GTT\EnglishDB\Words\o\outreach.md
9540,outright,C:\GTT\EnglishDB\Words\o\outright.md
9541,outrun,C:\GTT\EnglishDB\Words\o\outrun.md
9542,outscore,C:\GTT\EnglishDB\Words\o\outscore.md
9543,outset,C:\GTT\EnglishDB\Words\o\outset.md
9544,outside,C:\GTT\EnglishDB\Words\o\outside.md
9545,outsider,C:\GTT\EnglishDB\Words\o\outsider.md
9546,outskirts,C:\GTT\EnglishDB\Words\o\outskirts.md
9547,outspoken,C:\GTT\EnglishDB\Words\o\outspoken.md
9548,outstanding,C:\GTT\EnglishDB\Words\o\outstanding.md
9549,outstretched,C:\GTT\EnglishDB\Words\o\outstretched.md
9550,outstrip,C:\GTT\EnglishDB\Words\o\outstrip.md
9551,outward,C:\GTT\EnglishDB\Words\o\outward.md
9552,outwardly,C:\GTT\EnglishDB\Words\o\outwardly.md
9553,outweigh,C:\GTT\EnglishDB\Words\o\outweigh.md
9554,oval,C:\GTT\EnglishDB\Words\o\oval.md
9555,ovarian,C:\GTT\EnglishDB\Words\o\ovarian.md
9556,ovary,C:\GTT\EnglishDB\Words\o\ovary.md
9557,ovation,C:\GTT\EnglishDB\Words\o\ovation.md
9558,oven,C:\GTT\EnglishDB\Words\o\oven.md
9559,over,C:\GTT\EnglishDB\Words\o\over.md
9560,overall,C:\GTT\EnglishDB\Words\o\overall.md
9561,overbearing,C:\GTT\EnglishDB\Words\o\overbearing.md
9562,overblown,C:\GTT\EnglishDB\Words\o\overblown.md
9563,overboard,C:\GTT\EnglishDB\Words\o\overboard.md
9564,overcast,C:\GTT\EnglishDB\Words\o\overcast.md
9565,overcoat,C:\GTT\EnglishDB\Words\o\overcoat.md
9566,overcome,C:\GTT\EnglishDB\Words\o\overcome.md
9567,overdo,C:\GTT\EnglishDB\Words\o\overdo.md
9568,overdose,C:\GTT\EnglishDB\Words\o\overdose.md
9569,overdrive,C:\GTT\EnglishDB\Words\o\overdrive.md
9570,overdue,C:\GTT\EnglishDB\Words\o\overdue.md
9571,overeat,C:\GTT\EnglishDB\Words\o\overeat.md
9572,overestimate,C:\GTT\EnglishDB\Words\o\overestimate.md
9573,overflow,C:\GTT\EnglishDB\Words\o\overflow.md
9574,overgrow,C:\GTT\EnglishDB\Words\o\overgrow.md
9575,overgrown,C:\GTT\EnglishDB\Words\o\overgrown.md
9576,overhaul,C:\GTT\EnglishDB\Words\o\overhaul.md
9577,overhead,C:\GTT\EnglishDB\Words\o\overhead.md
9578,overhear,C:\GTT\EnglishDB\Words\o\overhear.md
9579,overjoyed,C:\GTT\EnglishDB\Words\o\overjoyed.md
9580,overlap,C:\GTT\EnglishDB\Words\o\overlap.md
9581,overlay,C:\GTT\EnglishDB\Words\o\overlay.md
9582,overload,C:\GTT\EnglishDB\Words\o\overload.md
9583,overlook,C:\GTT\EnglishDB\Words\o\overlook.md
9584,overly,C:\GTT\EnglishDB\Words\o\overly.md
9585,overnight,C:\GTT\EnglishDB\Words\o\overnight.md
9586,overpower,C:\GTT\EnglishDB\Words\o\overpower.md
9587,overpowering,C:\GTT\EnglishDB\Words\o\overpowering.md
9588,override,C:\GTT\EnglishDB\Words\o\override.md
9589,overrule,C:\GTT\EnglishDB\Words\o\overrule.md
9590,overrun,C:\GTT\EnglishDB\Words\o\overrun.md
9591,overseas,C:\GTT\EnglishDB\Words\o\overseas.md
9592,oversee,C:\GTT\EnglishDB\Words\o\oversee.md
9593,overseer,C:\GTT\EnglishDB\Words\o\overseer.md
9594,overshadow,C:\GTT\EnglishDB\Words\o\overshadow.md
9595,oversight,C:\GTT\EnglishDB\Words\o\oversight.md
9596,oversize,C:\GTT\EnglishDB\Words\o\oversize.md
9597,overstate,C:\GTT\EnglishDB\Words\o\overstate.md
9598,overt,C:\GTT\EnglishDB\Words\o\overt.md
9599,overtake,C:\GTT\EnglishDB\Words\o\overtake.md
9600,overthrow,C:\GTT\EnglishDB\Words\o\overthrow.md
9601,overtime,C:\GTT\EnglishDB\Words\o\overtime.md
9602,overtly,C:\GTT\EnglishDB\Words\o\overtly.md
9603,overtone,C:\GTT\EnglishDB\Words\o\overtone.md
9604,overture,C:\GTT\EnglishDB\Words\o\overture.md
9605,overturn,C:\GTT\EnglishDB\Words\o\overturn.md
9606,overuse,C:\GTT\EnglishDB\Words\o\overuse.md
9607,overweight,C:\GTT\EnglishDB\Words\o\overweight.md
9608,overwhelm,C:\GTT\EnglishDB\Words\o\overwhelm.md
9609,overwhelming,C:\GTT\EnglishDB\Words\o\overwhelming.md
9610,overwhelmingly,C:\GTT\EnglishDB\Words\o\overwhelmingly.md
9611,overzealous,C:\GTT\EnglishDB\Words\o\overzealous.md
9612,owe,C:\GTT\EnglishDB\Words\o\owe.md
9613,owing,C:\GTT\EnglishDB\Words\o\owing.md
9614,owl,C:\GTT\EnglishDB\Words\o\owl.md
9615,own,C:\GTT\EnglishDB\Words\o\own.md
9616,owner,C:\GTT\EnglishDB\Words\o\owner.md
9617,ownership,C:\GTT\EnglishDB\Words\o\ownership.md
9618,oxidation,C:\GTT\EnglishDB\Words\o\oxidation.md
9619,oxide,C:\GTT\EnglishDB\Words\o\oxide.md
9620,oxygen,C:\GTT\EnglishDB\Words\o\oxygen.md
9621,oyster,C:\GTT\EnglishDB\Words\o\oyster.md
9622,ozone,C:\GTT\EnglishDB\Words\o\ozone.md
9623,pace,C:\GTT\EnglishDB\Words\p\pace.md
9624,pacemaker,C:\GTT\EnglishDB\Words\p\pacemaker.md
9625,pacifist,C:\GTT\EnglishDB\Words\p\pacifist.md
9626,pacify,C:\GTT\EnglishDB\Words\p\pacify.md
9627,pack,C:\GTT\EnglishDB\Words\p\pack.md
9628,package,C:\GTT\EnglishDB\Words\p\package.md
9629,packaging,C:\GTT\EnglishDB\Words\p\packaging.md
9630,packet,C:\GTT\EnglishDB\Words\p\packet.md
9631,packing,C:\GTT\EnglishDB\Words\p\packing.md
9632,pact,C:\GTT\EnglishDB\Words\p\pact.md
9633,pad,C:\GTT\EnglishDB\Words\p\pad.md
9634,padded,C:\GTT\EnglishDB\Words\p\padded.md
9635,padding,C:\GTT\EnglishDB\Words\p\padding.md
9636,paddle,C:\GTT\EnglishDB\Words\p\paddle.md
9637,paddy,C:\GTT\EnglishDB\Words\p\paddy.md
9638,pagan,C:\GTT\EnglishDB\Words\p\pagan.md
9639,page,C:\GTT\EnglishDB\Words\p\page.md
9640,pageant,C:\GTT\EnglishDB\Words\p\pageant.md
9641,pager,C:\GTT\EnglishDB\Words\p\pager.md
9642,paid,C:\GTT\EnglishDB\Words\p\paid.md
9643,pail,C:\GTT\EnglishDB\Words\p\pail.md
9644,pain,C:\GTT\EnglishDB\Words\p\pain.md
9645,pained,C:\GTT\EnglishDB\Words\p\pained.md
9646,painful,C:\GTT\EnglishDB\Words\p\painful.md
9647,painfully,C:\GTT\EnglishDB\Words\p\painfully.md
9648,painkiller,C:\GTT\EnglishDB\Words\p\painkiller.md
9649,painless,C:\GTT\EnglishDB\Words\p\painless.md
9650,painstaking,C:\GTT\EnglishDB\Words\p\painstaking.md
9651,paint,C:\GTT\EnglishDB\Words\p\paint.md
9652,paintbrush,C:\GTT\EnglishDB\Words\p\paintbrush.md
9653,painted,C:\GTT\EnglishDB\Words\p\painted.md
9654,painter,C:\GTT\EnglishDB\Words\p\painter.md
9655,painting,C:\GTT\EnglishDB\Words\p\painting.md
9656,pair,C:\GTT\EnglishDB\Words\p\pair.md
9657,pajamas,C:\GTT\EnglishDB\Words\p\pajamas.md
9658,pal,C:\GTT\EnglishDB\Words\p\pal.md
9659,palace,C:\GTT\EnglishDB\Words\p\palace.md
9660,palatable,C:\GTT\EnglishDB\Words\p\palatable.md
9661,palate,C:\GTT\EnglishDB\Words\p\palate.md
9662,pale,C:\GTT\EnglishDB\Words\p\pale.md
9663,paleontologist,C:\GTT\EnglishDB\Words\p\paleontologist.md
9664,palette,C:\GTT\EnglishDB\Words\p\palette.md
9665,pallet,C:\GTT\EnglishDB\Words\p\pallet.md
9666,palm,C:\GTT\EnglishDB\Words\p\palm.md
9667,palpable,C:\GTT\EnglishDB\Words\p\palpable.md
9668,palsy,C:\GTT\EnglishDB\Words\p\palsy.md
9669,paltry,C:\GTT\EnglishDB\Words\p\paltry.md
9670,pamper,C:\GTT\EnglishDB\Words\p\pamper.md
9671,pamphlet,C:\GTT\EnglishDB\Words\p\pamphlet.md
9672,pan,C:\GTT\EnglishDB\Words\p\pan.md
9673,panacea,C:\GTT\EnglishDB\Words\p\panacea.md
9674,pancake,C:\GTT\EnglishDB\Words\p\pancake.md
9675,pancreas,C:\GTT\EnglishDB\Words\p\pancreas.md
9676,pancreatic,C:\GTT\EnglishDB\Words\p\pancreatic.md
9677,panda,C:\GTT\EnglishDB\Words\p\panda.md
9678,pandemic,C:\GTT\EnglishDB\Words\p\pandemic.md
9679,pander,C:\GTT\EnglishDB\Words\p\pander.md
9680,pane,C:\GTT\EnglishDB\Words\p\pane.md
9681,panel,C:\GTT\EnglishDB\Words\p\panel.md
9682,paneling,C:\GTT\EnglishDB\Words\p\paneling.md
9683,panelist,C:\GTT\EnglishDB\Words\p\panelist.md
9684,pang,C:\GTT\EnglishDB\Words\p\pang.md
9685,panic,C:\GTT\EnglishDB\Words\p\panic.md
9686,panicky,C:\GTT\EnglishDB\Words\p\panicky.md
9687,panorama,C:\GTT\EnglishDB\Words\p\panorama.md
9688,panoramic,C:\GTT\EnglishDB\Words\p\panoramic.md
9689,pant,C:\GTT\EnglishDB\Words\p\pant.md
9690,pantheon,C:\GTT\EnglishDB\Words\p\pantheon.md
9691,panther,C:\GTT\EnglishDB\Words\p\panther.md
9692,panties,C:\GTT\EnglishDB\Words\p\panties.md
9693,pantry,C:\GTT\EnglishDB\Words\p\pantry.md
9694,papa,C:\GTT\EnglishDB\Words\p\papa.md
9695,papal,C:\GTT\EnglishDB\Words\p\papal.md
9696,papaya,C:\GTT\EnglishDB\Words\p\papaya.md
9697,paper,C:\GTT\EnglishDB\Words\p\paper.md
9698,paperback,C:\GTT\EnglishDB\Words\p\paperback.md
9699,paperwork,C:\GTT\EnglishDB\Words\p\paperwork.md
9700,paprika,C:\GTT\EnglishDB\Words\p\paprika.md
9701,par,C:\GTT\EnglishDB\Words\p\par.md
9702,parable,C:\GTT\EnglishDB\Words\p\parable.md
9703,parachute,C:\GTT\EnglishDB\Words\p\parachute.md
9704,parade,C:\GTT\EnglishDB\Words\p\parade.md
9705,paradigm,C:\GTT\EnglishDB\Words\p\paradigm.md
9706,paradise,C:\GTT\EnglishDB\Words\p\paradise.md
9707,paradox,C:\GTT\EnglishDB\Words\p\paradox.md
9708,paradoxical,C:\GTT\EnglishDB\Words\p\paradoxical.md
9709,paragon,C:\GTT\EnglishDB\Words\p\paragon.md
9710,paragraph,C:\GTT\EnglishDB\Words\p\paragraph.md
9711,parallel,C:\GTT\EnglishDB\Words\p\parallel.md
9712,paralysis,C:\GTT\EnglishDB\Words\p\paralysis.md
9713,paralyze,C:\GTT\EnglishDB\Words\p\paralyze.md
9714,paramedic,C:\GTT\EnglishDB\Words\p\paramedic.md
9715,parameter,C:\GTT\EnglishDB\Words\p\parameter.md
9716,paramilitary,C:\GTT\EnglishDB\Words\p\paramilitary.md
9717,paramount,C:\GTT\EnglishDB\Words\p\paramount.md
9718,paranoia,C:\GTT\EnglishDB\Words\p\paranoia.md
9719,paraphernalia,C:\GTT\EnglishDB\Words\p\paraphernalia.md
9720,paraphrase,C:\GTT\EnglishDB\Words\p\paraphrase.md
9721,parasite,C:\GTT\EnglishDB\Words\p\parasite.md
9722,parasitic,C:\GTT\EnglishDB\Words\p\parasitic.md
9723,paratrooper,C:\GTT\EnglishDB\Words\p\paratrooper.md
9724,parcel,C:\GTT\EnglishDB\Words\p\parcel.md
9725,parched,C:\GTT\EnglishDB\Words\p\parched.md
9726,parchment,C:\GTT\EnglishDB\Words\p\parchment.md
9727,pardon,C:\GTT\EnglishDB\Words\p\pardon.md
9728,pare,C:\GTT\EnglishDB\Words\p\pare.md
9729,parent,C:\GTT\EnglishDB\Words\p\parent.md
9730,parental,C:\GTT\EnglishDB\Words\p\parental.md
9731,parenthesis,C:\GTT\EnglishDB\Words\p\parenthesis.md
9732,parenthood,C:\GTT\EnglishDB\Words\p\parenthood.md
9733,pariah,C:\GTT\EnglishDB\Words\p\pariah.md
9734,parish,C:\GTT\EnglishDB\Words\p\parish.md
9735,parishioner,C:\GTT\EnglishDB\Words\p\parishioner.md
9736,parity,C:\GTT\EnglishDB\Words\p\parity.md
9737,park,C:\GTT\EnglishDB\Words\p\park.md
9738,parka,C:\GTT\EnglishDB\Words\p\parka.md
9739,parking,C:\GTT\EnglishDB\Words\p\parking.md
9740,parlance,C:\GTT\EnglishDB\Words\p\parlance.md
9741,parlay,C:\GTT\EnglishDB\Words\p\parlay.md
9742,parliament,C:\GTT\EnglishDB\Words\p\parliament.md
9743,parliamentary,C:\GTT\EnglishDB\Words\p\parliamentary.md
9744,parlor,C:\GTT\EnglishDB\Words\p\parlor.md
9745,parochial,C:\GTT\EnglishDB\Words\p\parochial.md
9746,parody,C:\GTT\EnglishDB\Words\p\parody.md
9747,parole,C:\GTT\EnglishDB\Words\p\parole.md
9748,parrot,C:\GTT\EnglishDB\Words\p\parrot.md
9749,parse,C:\GTT\EnglishDB\Words\p\parse.md
9750,parsley,C:\GTT\EnglishDB\Words\p\parsley.md
9751,part,C:\GTT\EnglishDB\Words\p\part.md
9752,partake,C:\GTT\EnglishDB\Words\p\partake.md
9753,partial,C:\GTT\EnglishDB\Words\p\partial.md
9754,partially,C:\GTT\EnglishDB\Words\p\partially.md
9755,participant,C:\GTT\EnglishDB\Words\p\participant.md
9756,participate,C:\GTT\EnglishDB\Words\p\participate.md
9757,participation,C:\GTT\EnglishDB\Words\p\participation.md
9758,participatory,C:\GTT\EnglishDB\Words\p\participatory.md
9759,particle,C:\GTT\EnglishDB\Words\p\particle.md
9760,particular,C:\GTT\EnglishDB\Words\p\particular.md
9761,particularity,C:\GTT\EnglishDB\Words\p\particularity.md
9762,particularly,C:\GTT\EnglishDB\Words\p\particularly.md
9763,particulate,C:\GTT\EnglishDB\Words\p\particulate.md
9764,parting,C:\GTT\EnglishDB\Words\p\parting.md
9765,partisan,C:\GTT\EnglishDB\Words\p\partisan.md
9766,partisanship,C:\GTT\EnglishDB\Words\p\partisanship.md
9767,partition,C:\GTT\EnglishDB\Words\p\partition.md
9768,partly,C:\GTT\EnglishDB\Words\p\partly.md
9769,partner,C:\GTT\EnglishDB\Words\p\partner.md
9770,partnership,C:\GTT\EnglishDB\Words\p\partnership.md
9771,party,C:\GTT\EnglishDB\Words\p\party.md
9772,pass,C:\GTT\EnglishDB\Words\p\pass.md
9773,passage,C:\GTT\EnglishDB\Words\p\passage.md
9774,passageway,C:\GTT\EnglishDB\Words\p\passageway.md
9775,passenger,C:\GTT\EnglishDB\Words\p\passenger.md
9776,passer,C:\GTT\EnglishDB\Words\p\passer.md
9777,passing,C:\GTT\EnglishDB\Words\p\passing.md
9778,passion,C:\GTT\EnglishDB\Words\p\passion.md
9779,passionate,C:\GTT\EnglishDB\Words\p\passionate.md
9780,passive,C:\GTT\EnglishDB\Words\p\passive.md
9781,passively,C:\GTT\EnglishDB\Words\p\passively.md
9782,passivity,C:\GTT\EnglishDB\Words\p\passivity.md
9783,passport,C:\GTT\EnglishDB\Words\p\passport.md
9784,password,C:\GTT\EnglishDB\Words\p\password.md
9785,past,C:\GTT\EnglishDB\Words\p\past.md
9786,pasta,C:\GTT\EnglishDB\Words\p\pasta.md
9787,paste,C:\GTT\EnglishDB\Words\p\paste.md
9788,pastel,C:\GTT\EnglishDB\Words\p\pastel.md
9789,pastime,C:\GTT\EnglishDB\Words\p\pastime.md
9790,pastor,C:\GTT\EnglishDB\Words\p\pastor.md
9791,pastoral,C:\GTT\EnglishDB\Words\p\pastoral.md
9792,pastry,C:\GTT\EnglishDB\Words\p\pastry.md
9793,pasture,C:\GTT\EnglishDB\Words\p\pasture.md
9794,pat,C:\GTT\EnglishDB\Words\p\pat.md
9795,patch,C:\GTT\EnglishDB\Words\p\patch.md
9796,patchwork,C:\GTT\EnglishDB\Words\p\patchwork.md
9797,pate,C:\GTT\EnglishDB\Words\p\pate.md
9798,patent,C:\GTT\EnglishDB\Words\p\patent.md
9799,patently,C:\GTT\EnglishDB\Words\p\patently.md
9800,paternal,C:\GTT\EnglishDB\Words\p\paternal.md
9801,paternity,C:\GTT\EnglishDB\Words\p\paternity.md
9802,path,C:\GTT\EnglishDB\Words\p\path.md
9803,pathetic,C:\GTT\EnglishDB\Words\p\pathetic.md
9804,pathogen,C:\GTT\EnglishDB\Words\p\pathogen.md
9805,pathological,C:\GTT\EnglishDB\Words\p\pathological.md
9806,pathologist,C:\GTT\EnglishDB\Words\p\pathologist.md
9807,pathology,C:\GTT\EnglishDB\Words\p\pathology.md
9808,pathos,C:\GTT\EnglishDB\Words\p\pathos.md
9809,pathway,C:\GTT\EnglishDB\Words\p\pathway.md
9810,patience,C:\GTT\EnglishDB\Words\p\patience.md
9811,patient,C:\GTT\EnglishDB\Words\p\patient.md
9812,patiently,C:\GTT\EnglishDB\Words\p\patiently.md
9813,patina,C:\GTT\EnglishDB\Words\p\patina.md
9814,patio,C:\GTT\EnglishDB\Words\p\patio.md
9815,patriarch,C:\GTT\EnglishDB\Words\p\patriarch.md
9816,patriarchal,C:\GTT\EnglishDB\Words\p\patriarchal.md
9817,patriarchy,C:\GTT\EnglishDB\Words\p\patriarchy.md
9818,patriot,C:\GTT\EnglishDB\Words\p\patriot.md
9819,patriotic,C:\GTT\EnglishDB\Words\p\patriotic.md
9820,patriotism,C:\GTT\EnglishDB\Words\p\patriotism.md
9821,patrol,C:\GTT\EnglishDB\Words\p\patrol.md
9822,patrolman,C:\GTT\EnglishDB\Words\p\patrolman.md
9823,patron,C:\GTT\EnglishDB\Words\p\patron.md
9824,patronage,C:\GTT\EnglishDB\Words\p\patronage.md
9825,patronize,C:\GTT\EnglishDB\Words\p\patronize.md
9826,patronizing,C:\GTT\EnglishDB\Words\p\patronizing.md
9827,patter,C:\GTT\EnglishDB\Words\p\patter.md
9828,pattern,C:\GTT\EnglishDB\Words\p\pattern.md
9829,patty,C:\GTT\EnglishDB\Words\p\patty.md
9830,paucity,C:\GTT\EnglishDB\Words\p\paucity.md
9831,pause,C:\GTT\EnglishDB\Words\p\pause.md
9832,pavement,C:\GTT\EnglishDB\Words\p\pavement.md
9833,pavilion,C:\GTT\EnglishDB\Words\p\pavilion.md
9834,paving,C:\GTT\EnglishDB\Words\p\paving.md
9835,pawn,C:\GTT\EnglishDB\Words\p\pawn.md
9836,pay,C:\GTT\EnglishDB\Words\p\pay.md
9837,payable,C:\GTT\EnglishDB\Words\p\payable.md
9838,paycheck,C:\GTT\EnglishDB\Words\p\paycheck.md
9839,payday,C:\GTT\EnglishDB\Words\p\payday.md
9840,payer,C:\GTT\EnglishDB\Words\p\payer.md
9841,paying,C:\GTT\EnglishDB\Words\p\paying.md
9842,payload,C:\GTT\EnglishDB\Words\p\payload.md
9843,payment,C:\GTT\EnglishDB\Words\p\payment.md
9844,payoff,C:\GTT\EnglishDB\Words\p\payoff.md
9845,payout,C:\GTT\EnglishDB\Words\p\payout.md
9846,payroll,C:\GTT\EnglishDB\Words\p\payroll.md
9847,peace,C:\GTT\EnglishDB\Words\p\peace.md
9848,peaceful,C:\GTT\EnglishDB\Words\p\peaceful.md
9849,peacekeeper,C:\GTT\EnglishDB\Words\p\peacekeeper.md
9850,peacekeeping,C:\GTT\EnglishDB\Words\p\peacekeeping.md
9851,peacemaker,C:\GTT\EnglishDB\Words\p\peacemaker.md
9852,peacetime,C:\GTT\EnglishDB\Words\p\peacetime.md
9853,peach,C:\GTT\EnglishDB\Words\p\peach.md
9854,peacock,C:\GTT\EnglishDB\Words\p\peacock.md
9855,peak,C:\GTT\EnglishDB\Words\p\peak.md
9856,peanut,C:\GTT\EnglishDB\Words\p\peanut.md
9857,pear,C:\GTT\EnglishDB\Words\p\pear.md
9858,pearl,C:\GTT\EnglishDB\Words\p\pearl.md
9859,pearly,C:\GTT\EnglishDB\Words\p\pearly.md
9860,peasant,C:\GTT\EnglishDB\Words\p\peasant.md
9861,peat,C:\GTT\EnglishDB\Words\p\peat.md
9862,pebble,C:\GTT\EnglishDB\Words\p\pebble.md
9863,pecan,C:\GTT\EnglishDB\Words\p\pecan.md
9864,peck,C:\GTT\EnglishDB\Words\p\peck.md
9865,peculiar,C:\GTT\EnglishDB\Words\p\peculiar.md
9866,peculiarity,C:\GTT\EnglishDB\Words\p\peculiarity.md
9867,peculiarly,C:\GTT\EnglishDB\Words\p\peculiarly.md
9868,pedagogical,C:\GTT\EnglishDB\Words\p\pedagogical.md
9869,pedagogy,C:\GTT\EnglishDB\Words\p\pedagogy.md
9870,pedal,C:\GTT\EnglishDB\Words\p\pedal.md
9871,peddle,C:\GTT\EnglishDB\Words\p\peddle.md
9872,peddler,C:\GTT\EnglishDB\Words\p\peddler.md
9873,pedestal,C:\GTT\EnglishDB\Words\p\pedestal.md
9874,pedestrian,C:\GTT\EnglishDB\Words\p\pedestrian.md
9875,pediatric,C:\GTT\EnglishDB\Words\p\pediatric.md
9876,pediatrician,C:\GTT\EnglishDB\Words\p\pediatrician.md
9877,pedigree,C:\GTT\EnglishDB\Words\p\pedigree.md
9878,pee,C:\GTT\EnglishDB\Words\p\pee.md
9879,peek,C:\GTT\EnglishDB\Words\p\peek.md
9880,peel,C:\GTT\EnglishDB\Words\p\peel.md
9881,peeling,C:\GTT\EnglishDB\Words\p\peeling.md
9882,peep,C:\GTT\EnglishDB\Words\p\peep.md
9883,peer,C:\GTT\EnglishDB\Words\p\peer.md
9884,peg,C:\GTT\EnglishDB\Words\p\peg.md
9885,pellet,C:\GTT\EnglishDB\Words\p\pellet.md
9886,pelt,C:\GTT\EnglishDB\Words\p\pelt.md
9887,pelvic,C:\GTT\EnglishDB\Words\p\pelvic.md
9888,pelvis,C:\GTT\EnglishDB\Words\p\pelvis.md
9889,pen,C:\GTT\EnglishDB\Words\p\pen.md
9890,penal,C:\GTT\EnglishDB\Words\p\penal.md
9891,penalize,C:\GTT\EnglishDB\Words\p\penalize.md
9892,penalty,C:\GTT\EnglishDB\Words\p\penalty.md
9893,penance,C:\GTT\EnglishDB\Words\p\penance.md
9894,penchant,C:\GTT\EnglishDB\Words\p\penchant.md
9895,pencil,C:\GTT\EnglishDB\Words\p\pencil.md
9896,pendant,C:\GTT\EnglishDB\Words\p\pendant.md
9897,pending,C:\GTT\EnglishDB\Words\p\pending.md
9898,pendulum,C:\GTT\EnglishDB\Words\p\pendulum.md
9899,penetrate,C:\GTT\EnglishDB\Words\p\penetrate.md
9900,penetrating,C:\GTT\EnglishDB\Words\p\penetrating.md
9901,penetration,C:\GTT\EnglishDB\Words\p\penetration.md
9902,penguin,C:\GTT\EnglishDB\Words\p\penguin.md
9903,penicillin,C:\GTT\EnglishDB\Words\p\penicillin.md
9904,peninsula,C:\GTT\EnglishDB\Words\p\peninsula.md
9905,penis,C:\GTT\EnglishDB\Words\p\penis.md
9906,penitentiary,C:\GTT\EnglishDB\Words\p\penitentiary.md
9907,pennant,C:\GTT\EnglishDB\Words\p\pennant.md
9908,pension,C:\GTT\EnglishDB\Words\p\pension.md
9909,pensive,C:\GTT\EnglishDB\Words\p\pensive.md
9910,penthouse,C:\GTT\EnglishDB\Words\p\penthouse.md
9911,people,C:\GTT\EnglishDB\Words\p\people.md
9912,pep,C:\GTT\EnglishDB\Words\p\pep.md
9913,pepper,C:\GTT\EnglishDB\Words\p\pepper.md
9914,peppercorn,C:\GTT\EnglishDB\Words\p\peppercorn.md
9915,peppermint,C:\GTT\EnglishDB\Words\p\peppermint.md
9916,peptide,C:\GTT\EnglishDB\Words\p\peptide.md
9917,per,C:\GTT\EnglishDB\Words\p\per.md
9918,perceive,C:\GTT\EnglishDB\Words\p\perceive.md
9919,percentage,C:\GTT\EnglishDB\Words\p\percentage.md
9920,perceptible,C:\GTT\EnglishDB\Words\p\perceptible.md
9921,perception,C:\GTT\EnglishDB\Words\p\perception.md
9922,perceptive,C:\GTT\EnglishDB\Words\p\perceptive.md
9923,perceptual,C:\GTT\EnglishDB\Words\p\perceptual.md
9924,perch,C:\GTT\EnglishDB\Words\p\perch.md
9925,percolate,C:\GTT\EnglishDB\Words\p\percolate.md
9926,percussion,C:\GTT\EnglishDB\Words\p\percussion.md
9927,perennial,C:\GTT\EnglishDB\Words\p\perennial.md
9928,perfect,C:\GTT\EnglishDB\Words\p\perfect.md
9929,perfection,C:\GTT\EnglishDB\Words\p\perfection.md
9930,perfectionism,C:\GTT\EnglishDB\Words\p\perfectionism.md
9931,perfectionist,C:\GTT\EnglishDB\Words\p\perfectionist.md
9932,perfectly,C:\GTT\EnglishDB\Words\p\perfectly.md
9933,perforation,C:\GTT\EnglishDB\Words\p\perforation.md
9934,perform,C:\GTT\EnglishDB\Words\p\perform.md
9935,performance,C:\GTT\EnglishDB\Words\p\performance.md
9936,performer,C:\GTT\EnglishDB\Words\p\performer.md
9937,performing,C:\GTT\EnglishDB\Words\p\performing.md
9938,perfume,C:\GTT\EnglishDB\Words\p\perfume.md
9939,perfunctory,C:\GTT\EnglishDB\Words\p\perfunctory.md
9940,perhaps,C:\GTT\EnglishDB\Words\p\perhaps.md
9941,peril,C:\GTT\EnglishDB\Words\p\peril.md
9942,perilous,C:\GTT\EnglishDB\Words\p\perilous.md
9943,perimeter,C:\GTT\EnglishDB\Words\p\perimeter.md
9944,period,C:\GTT\EnglishDB\Words\p\period.md
9945,periodic,C:\GTT\EnglishDB\Words\p\periodic.md
9946,periodical,C:\GTT\EnglishDB\Words\p\periodical.md
9947,periodically,C:\GTT\EnglishDB\Words\p\periodically.md
9948,peripheral,C:\GTT\EnglishDB\Words\p\peripheral.md
9949,periphery,C:\GTT\EnglishDB\Words\p\periphery.md
9950,perish,C:\GTT\EnglishDB\Words\p\perish.md
9951,perjury,C:\GTT\EnglishDB\Words\p\perjury.md
9952,perk,C:\GTT\EnglishDB\Words\p\perk.md
9953,perky,C:\GTT\EnglishDB\Words\p\perky.md
9954,permanence,C:\GTT\EnglishDB\Words\p\permanence.md
9955,permanent,C:\GTT\EnglishDB\Words\p\permanent.md
9956,permanently,C:\GTT\EnglishDB\Words\p\permanently.md
9957,permeate,C:\GTT\EnglishDB\Words\p\permeate.md
9958,permissible,C:\GTT\EnglishDB\Words\p\permissible.md
9959,permission,C:\GTT\EnglishDB\Words\p\permission.md
9960,permissive,C:\GTT\EnglishDB\Words\p\permissive.md
9961,permit,C:\GTT\EnglishDB\Words\p\permit.md
9962,pernicious,C:\GTT\EnglishDB\Words\p\pernicious.md
9963,peroxide,C:\GTT\EnglishDB\Words\p\peroxide.md
9964,perpendicular,C:\GTT\EnglishDB\Words\p\perpendicular.md
9965,perpetrate,C:\GTT\EnglishDB\Words\p\perpetrate.md
9966,perpetrator,C:\GTT\EnglishDB\Words\p\perpetrator.md
9967,perpetual,C:\GTT\EnglishDB\Words\p\perpetual.md
9968,perpetually,C:\GTT\EnglishDB\Words\p\perpetually.md
9969,perpetuate,C:\GTT\EnglishDB\Words\p\perpetuate.md
9970,perplex,C:\GTT\EnglishDB\Words\p\perplex.md
9971,perplexed,C:\GTT\EnglishDB\Words\p\perplexed.md
9972,perplexing,C:\GTT\EnglishDB\Words\p\perplexing.md
9973,persecute,C:\GTT\EnglishDB\Words\p\persecute.md
9974,persecution,C:\GTT\EnglishDB\Words\p\persecution.md
9975,perseverance,C:\GTT\EnglishDB\Words\p\perseverance.md
9976,persevere,C:\GTT\EnglishDB\Words\p\persevere.md
9977,persist,C:\GTT\EnglishDB\Words\p\persist.md
9978,persistence,C:\GTT\EnglishDB\Words\p\persistence.md
9979,persistent,C:\GTT\EnglishDB\Words\p\persistent.md
9980,person,C:\GTT\EnglishDB\Words\p\person.md
9981,persona,C:\GTT\EnglishDB\Words\p\persona.md
9982,personable,C:\GTT\EnglishDB\Words\p\personable.md
9983,personal,C:\GTT\EnglishDB\Words\p\personal.md
9984,personality,C:\GTT\EnglishDB\Words\p\personality.md
9985,personalize,C:\GTT\EnglishDB\Words\p\personalize.md
9986,personally,C:\GTT\EnglishDB\Words\p\personally.md
9987,personification,C:\GTT\EnglishDB\Words\p\personification.md
9988,personify,C:\GTT\EnglishDB\Words\p\personify.md
9989,personnel,C:\GTT\EnglishDB\Words\p\personnel.md
9990,perspective,C:\GTT\EnglishDB\Words\p\perspective.md
9991,perspiration,C:\GTT\EnglishDB\Words\p\perspiration.md
9992,persuade,C:\GTT\EnglishDB\Words\p\persuade.md
9993,persuasion,C:\GTT\EnglishDB\Words\p\persuasion.md
9994,persuasive,C:\GTT\EnglishDB\Words\p\persuasive.md
9995,pertain,C:\GTT\EnglishDB\Words\p\pertain.md
9996,pertinent,C:\GTT\EnglishDB\Words\p\pertinent.md
9997,peruse,C:\GTT\EnglishDB\Words\p\peruse.md
9998,pervade,C:\GTT\EnglishDB\Words\p\pervade.md
9999,pervasive,C:\GTT\EnglishDB\Words\p\pervasive.md
10000,perverse,C:\GTT\EnglishDB\Words\p\perverse.md
10001,perversion,C:\GTT\EnglishDB\Words\p\perversion.md
10002,pesky,C:\GTT\EnglishDB\Words\p\pesky.md
10003,pessimism,C:\GTT\EnglishDB\Words\p\pessimism.md
10004,pessimist,C:\GTT\EnglishDB\Words\p\pessimist.md
10005,pessimistic,C:\GTT\EnglishDB\Words\p\pessimistic.md
10006,pest,C:\GTT\EnglishDB\Words\p\pest.md
10007,pester,C:\GTT\EnglishDB\Words\p\pester.md
10008,pesticide,C:\GTT\EnglishDB\Words\p\pesticide.md
10009,pet,C:\GTT\EnglishDB\Words\p\pet.md
10010,petal,C:\GTT\EnglishDB\Words\p\petal.md
10011,petite,C:\GTT\EnglishDB\Words\p\petite.md
10012,petition,C:\GTT\EnglishDB\Words\p\petition.md
10013,petitioner,C:\GTT\EnglishDB\Words\p\petitioner.md
10014,petroleum,C:\GTT\EnglishDB\Words\p\petroleum.md
10015,petty,C:\GTT\EnglishDB\Words\p\petty.md
10016,pew,C:\GTT\EnglishDB\Words\p\pew.md
10017,pewter,C:\GTT\EnglishDB\Words\p\pewter.md
10018,phalanx,C:\GTT\EnglishDB\Words\p\phalanx.md
10019,phantom,C:\GTT\EnglishDB\Words\p\phantom.md
10020,pharmacist,C:\GTT\EnglishDB\Words\p\pharmacist.md
10021,pharmacy,C:\GTT\EnglishDB\Words\p\pharmacy.md
10022,phase,C:\GTT\EnglishDB\Words\p\phase.md
10023,pheasant,C:\GTT\EnglishDB\Words\p\pheasant.md
10024,phenomenal,C:\GTT\EnglishDB\Words\p\phenomenal.md
10025,phenomenon,C:\GTT\EnglishDB\Words\p\phenomenon.md
10026,philanthropic,C:\GTT\EnglishDB\Words\p\philanthropic.md
10027,philanthropist,C:\GTT\EnglishDB\Words\p\philanthropist.md
10028,philanthropy,C:\GTT\EnglishDB\Words\p\philanthropy.md
10029,philosopher,C:\GTT\EnglishDB\Words\p\philosopher.md
10030,philosophical,C:\GTT\EnglishDB\Words\p\philosophical.md
10031,philosophy,C:\GTT\EnglishDB\Words\p\philosophy.md
10032,phobia,C:\GTT\EnglishDB\Words\p\phobia.md
10033,phone,C:\GTT\EnglishDB\Words\p\phone.md
10034,phony,C:\GTT\EnglishDB\Words\p\phony.md
10035,phosphate,C:\GTT\EnglishDB\Words\p\phosphate.md
10036,phosphorus,C:\GTT\EnglishDB\Words\p\phosphorus.md
10037,photo,C:\GTT\EnglishDB\Words\p\photo.md
10038,photocopy,C:\GTT\EnglishDB\Words\p\photocopy.md
10039,photograph,C:\GTT\EnglishDB\Words\p\photograph.md
10040,photographer,C:\GTT\EnglishDB\Words\p\photographer.md
10041,photographic,C:\GTT\EnglishDB\Words\p\photographic.md
10042,photography,C:\GTT\EnglishDB\Words\p\photography.md
10043,photon,C:\GTT\EnglishDB\Words\p\photon.md
10044,photosynthesis,C:\GTT\EnglishDB\Words\p\photosynthesis.md
10045,photovoltaic,C:\GTT\EnglishDB\Words\p\photovoltaic.md
10046,phrase,C:\GTT\EnglishDB\Words\p\phrase.md
10047,phrasing,C:\GTT\EnglishDB\Words\p\phrasing.md
10048,physical,C:\GTT\EnglishDB\Words\p\physical.md
10049,physically,C:\GTT\EnglishDB\Words\p\physically.md
10050,physician,C:\GTT\EnglishDB\Words\p\physician.md
10051,physicist,C:\GTT\EnglishDB\Words\p\physicist.md
10052,physics,C:\GTT\EnglishDB\Words\p\physics.md
10053,physiological,C:\GTT\EnglishDB\Words\p\physiological.md
10054,physiologist,C:\GTT\EnglishDB\Words\p\physiologist.md
10055,physiology,C:\GTT\EnglishDB\Words\p\physiology.md
10056,physique,C:\GTT\EnglishDB\Words\p\physique.md
10057,pianist,C:\GTT\EnglishDB\Words\p\pianist.md
10058,piano,C:\GTT\EnglishDB\Words\p\piano.md
10059,piazza,C:\GTT\EnglishDB\Words\p\piazza.md
10060,pick,C:\GTT\EnglishDB\Words\p\pick.md
10061,picker,C:\GTT\EnglishDB\Words\p\picker.md
10062,picket,C:\GTT\EnglishDB\Words\p\picket.md
10063,picking,C:\GTT\EnglishDB\Words\p\picking.md
10064,pickle,C:\GTT\EnglishDB\Words\p\pickle.md
10065,pickled,C:\GTT\EnglishDB\Words\p\pickled.md
10066,pickup,C:\GTT\EnglishDB\Words\p\pickup.md
10067,picky,C:\GTT\EnglishDB\Words\p\picky.md
10068,picnic,C:\GTT\EnglishDB\Words\p\picnic.md
10069,pictorial,C:\GTT\EnglishDB\Words\p\pictorial.md
10070,picture,C:\GTT\EnglishDB\Words\p\picture.md
10071,picturesque,C:\GTT\EnglishDB\Words\p\picturesque.md
10072,pie,C:\GTT\EnglishDB\Words\p\pie.md
10073,piece,C:\GTT\EnglishDB\Words\p\piece.md
10074,pier,C:\GTT\EnglishDB\Words\p\pier.md
10075,pierce,C:\GTT\EnglishDB\Words\p\pierce.md
10076,piercing,C:\GTT\EnglishDB\Words\p\piercing.md
10077,piety,C:\GTT\EnglishDB\Words\p\piety.md
10078,pig,C:\GTT\EnglishDB\Words\p\pig.md
10079,pigeon,C:\GTT\EnglishDB\Words\p\pigeon.md
10080,pigment,C:\GTT\EnglishDB\Words\p\pigment.md
10081,pike,C:\GTT\EnglishDB\Words\p\pike.md
10082,pile,C:\GTT\EnglishDB\Words\p\pile.md
10083,pilgrim,C:\GTT\EnglishDB\Words\p\pilgrim.md
10084,pilgrimage,C:\GTT\EnglishDB\Words\p\pilgrimage.md
10085,pill,C:\GTT\EnglishDB\Words\p\pill.md
10086,pillar,C:\GTT\EnglishDB\Words\p\pillar.md
10087,pillow,C:\GTT\EnglishDB\Words\p\pillow.md
10088,pillowcase,C:\GTT\EnglishDB\Words\p\pillowcase.md
10089,pilot,C:\GTT\EnglishDB\Words\p\pilot.md
10090,pimp,C:\GTT\EnglishDB\Words\p\pimp.md
10091,pimple,C:\GTT\EnglishDB\Words\p\pimple.md
10092,pin,C:\GTT\EnglishDB\Words\p\pin.md
10093,pinch,C:\GTT\EnglishDB\Words\p\pinch.md
10094,pine,C:\GTT\EnglishDB\Words\p\pine.md
10095,pineapple,C:\GTT\EnglishDB\Words\p\pineapple.md
10096,pink,C:\GTT\EnglishDB\Words\p\pink.md
10097,pinnacle,C:\GTT\EnglishDB\Words\p\pinnacle.md
10098,pinpoint,C:\GTT\EnglishDB\Words\p\pinpoint.md
10099,pioneer,C:\GTT\EnglishDB\Words\p\pioneer.md
10100,pious,C:\GTT\EnglishDB\Words\p\pious.md
10101,pipe,C:\GTT\EnglishDB\Words\p\pipe.md
10102,pipeline,C:\GTT\EnglishDB\Words\p\pipeline.md
10103,piping,C:\GTT\EnglishDB\Words\p\piping.md
10104,pique,C:\GTT\EnglishDB\Words\p\pique.md
10105,piracy,C:\GTT\EnglishDB\Words\p\piracy.md
10106,pirate,C:\GTT\EnglishDB\Words\p\pirate.md
10107,piss,C:\GTT\EnglishDB\Words\p\piss.md
10108,pissed,C:\GTT\EnglishDB\Words\p\pissed.md
10109,pistachio,C:\GTT\EnglishDB\Words\p\pistachio.md
10110,pistol,C:\GTT\EnglishDB\Words\p\pistol.md
10111,piston,C:\GTT\EnglishDB\Words\p\piston.md
10112,pit,C:\GTT\EnglishDB\Words\p\pit.md
10113,pitch,C:\GTT\EnglishDB\Words\p\pitch.md
10114,pitcher,C:\GTT\EnglishDB\Words\p\pitcher.md
10115,pitching,C:\GTT\EnglishDB\Words\p\pitching.md
10116,pitfall,C:\GTT\EnglishDB\Words\p\pitfall.md
10117,pitiful,C:\GTT\EnglishDB\Words\p\pitiful.md
10118,pity,C:\GTT\EnglishDB\Words\p\pity.md
10119,pivot,C:\GTT\EnglishDB\Words\p\pivot.md
10120,pivotal,C:\GTT\EnglishDB\Words\p\pivotal.md
10121,pixel,C:\GTT\EnglishDB\Words\p\pixel.md
10122,pizza,C:\GTT\EnglishDB\Words\p\pizza.md
10123,placard,C:\GTT\EnglishDB\Words\p\placard.md
10124,placate,C:\GTT\EnglishDB\Words\p\placate.md
10125,place,C:\GTT\EnglishDB\Words\p\place.md
10126,placebo,C:\GTT\EnglishDB\Words\p\placebo.md
10127,placement,C:\GTT\EnglishDB\Words\p\placement.md
10128,placid,C:\GTT\EnglishDB\Words\p\placid.md
10129,plagiarism,C:\GTT\EnglishDB\Words\p\plagiarism.md
10130,plague,C:\GTT\EnglishDB\Words\p\plague.md
10131,plaid,C:\GTT\EnglishDB\Words\p\plaid.md
10132,plain,C:\GTT\EnglishDB\Words\p\plain.md
10133,plainly,C:\GTT\EnglishDB\Words\p\plainly.md
10134,plaintiff,C:\GTT\EnglishDB\Words\p\plaintiff.md
10135,plaintive,C:\GTT\EnglishDB\Words\p\plaintive.md
10136,plan,C:\GTT\EnglishDB\Words\p\plan.md
10137,plane,C:\GTT\EnglishDB\Words\p\plane.md
10138,planet,C:\GTT\EnglishDB\Words\p\planet.md
10139,planetarium,C:\GTT\EnglishDB\Words\p\planetarium.md
10140,planetary,C:\GTT\EnglishDB\Words\p\planetary.md
10141,plank,C:\GTT\EnglishDB\Words\p\plank.md
10142,planned,C:\GTT\EnglishDB\Words\p\planned.md
10143,planner,C:\GTT\EnglishDB\Words\p\planner.md
10144,planning,C:\GTT\EnglishDB\Words\p\planning.md
10145,plant,C:\GTT\EnglishDB\Words\p\plant.md
10146,plantain,C:\GTT\EnglishDB\Words\p\plantain.md
10147,plantation,C:\GTT\EnglishDB\Words\p\plantation.md
10148,planter,C:\GTT\EnglishDB\Words\p\planter.md
10149,planting,C:\GTT\EnglishDB\Words\p\planting.md
10150,plaque,C:\GTT\EnglishDB\Words\p\plaque.md
10151,plasma,C:\GTT\EnglishDB\Words\p\plasma.md
10152,plaster,C:\GTT\EnglishDB\Words\p\plaster.md
10153,plastic,C:\GTT\EnglishDB\Words\p\plastic.md
10154,plate,C:\GTT\EnglishDB\Words\p\plate.md
10155,plateau,C:\GTT\EnglishDB\Words\p\plateau.md
10156,platelet,C:\GTT\EnglishDB\Words\p\platelet.md
10157,platform,C:\GTT\EnglishDB\Words\p\platform.md
10158,platinum,C:\GTT\EnglishDB\Words\p\platinum.md
10159,platonic,C:\GTT\EnglishDB\Words\p\platonic.md
10160,platoon,C:\GTT\EnglishDB\Words\p\platoon.md
10161,platter,C:\GTT\EnglishDB\Words\p\platter.md
10162,plausible,C:\GTT\EnglishDB\Words\p\plausible.md
10163,play,C:\GTT\EnglishDB\Words\p\play.md
10164,playback,C:\GTT\EnglishDB\Words\p\playback.md
10165,player,C:\GTT\EnglishDB\Words\p\player.md
10166,playful,C:\GTT\EnglishDB\Words\p\playful.md
10167,playfully,C:\GTT\EnglishDB\Words\p\playfully.md
10168,playground,C:\GTT\EnglishDB\Words\p\playground.md
10169,playmate,C:\GTT\EnglishDB\Words\p\playmate.md
10170,playwright,C:\GTT\EnglishDB\Words\p\playwright.md
10171,plaza,C:\GTT\EnglishDB\Words\p\plaza.md
10172,plea,C:\GTT\EnglishDB\Words\p\plea.md
10173,plead,C:\GTT\EnglishDB\Words\p\plead.md
10174,pleasant,C:\GTT\EnglishDB\Words\p\pleasant.md
10175,please,C:\GTT\EnglishDB\Words\p\please.md
10176,pleased,C:\GTT\EnglishDB\Words\p\pleased.md
10177,pleasing,C:\GTT\EnglishDB\Words\p\pleasing.md
10178,pleasurable,C:\GTT\EnglishDB\Words\p\pleasurable.md
10179,pleasure,C:\GTT\EnglishDB\Words\p\pleasure.md
10180,pledge,C:\GTT\EnglishDB\Words\p\pledge.md
10181,plentiful,C:\GTT\EnglishDB\Words\p\plentiful.md
10182,plenty,C:\GTT\EnglishDB\Words\p\plenty.md
10183,plethora,C:\GTT\EnglishDB\Words\p\plethora.md
10184,pliers,C:\GTT\EnglishDB\Words\p\pliers.md
10185,plight,C:\GTT\EnglishDB\Words\p\plight.md
10186,plod,C:\GTT\EnglishDB\Words\p\plod.md
10187,plop,C:\GTT\EnglishDB\Words\p\plop.md
10188,plot,C:\GTT\EnglishDB\Words\p\plot.md
10189,plotter,C:\GTT\EnglishDB\Words\p\plotter.md
10190,plow,C:\GTT\EnglishDB\Words\p\plow.md
10191,ploy,C:\GTT\EnglishDB\Words\p\ploy.md
10192,pluck,C:\GTT\EnglishDB\Words\p\pluck.md
10193,plug,C:\GTT\EnglishDB\Words\p\plug.md
10194,plum,C:\GTT\EnglishDB\Words\p\plum.md
10195,plumb,C:\GTT\EnglishDB\Words\p\plumb.md
10196,plumber,C:\GTT\EnglishDB\Words\p\plumber.md
10197,plumbing,C:\GTT\EnglishDB\Words\p\plumbing.md
10198,plume,C:\GTT\EnglishDB\Words\p\plume.md
10199,plummet,C:\GTT\EnglishDB\Words\p\plummet.md
10200,plump,C:\GTT\EnglishDB\Words\p\plump.md
10201,plunder,C:\GTT\EnglishDB\Words\p\plunder.md
10202,plunge,C:\GTT\EnglishDB\Words\p\plunge.md
10203,plunk,C:\GTT\EnglishDB\Words\p\plunk.md
10204,plural,C:\GTT\EnglishDB\Words\p\plural.md
10205,pluralism,C:\GTT\EnglishDB\Words\p\pluralism.md
10206,pluralistic,C:\GTT\EnglishDB\Words\p\pluralistic.md
10207,plurality,C:\GTT\EnglishDB\Words\p\plurality.md
10208,plus,C:\GTT\EnglishDB\Words\p\plus.md
10209,plush,C:\GTT\EnglishDB\Words\p\plush.md
10210,ply,C:\GTT\EnglishDB\Words\p\ply.md
10211,plywood,C:\GTT\EnglishDB\Words\p\plywood.md
10212,pneumatic,C:\GTT\EnglishDB\Words\p\pneumatic.md
10213,pneumonia,C:\GTT\EnglishDB\Words\p\pneumonia.md
10214,poach,C:\GTT\EnglishDB\Words\p\poach.md
10215,poacher,C:\GTT\EnglishDB\Words\p\poacher.md
10216,pocket,C:\GTT\EnglishDB\Words\p\pocket.md
10217,pocketbook,C:\GTT\EnglishDB\Words\p\pocketbook.md
10218,pod,C:\GTT\EnglishDB\Words\p\pod.md
10219,podium,C:\GTT\EnglishDB\Words\p\podium.md
10220,poem,C:\GTT\EnglishDB\Words\p\poem.md
10221,poet,C:\GTT\EnglishDB\Words\p\poet.md
10222,poetic,C:\GTT\EnglishDB\Words\p\poetic.md
10223,poetics,C:\GTT\EnglishDB\Words\p\poetics.md
10224,poetry,C:\GTT\EnglishDB\Words\p\poetry.md
10225,poignant,C:\GTT\EnglishDB\Words\p\poignant.md
10226,point,C:\GTT\EnglishDB\Words\p\point.md
10227,pointed,C:\GTT\EnglishDB\Words\p\pointed.md
10228,pointedly,C:\GTT\EnglishDB\Words\p\pointedly.md
10229,pointer,C:\GTT\EnglishDB\Words\p\pointer.md
10230,pointless,C:\GTT\EnglishDB\Words\p\pointless.md
10231,pointy,C:\GTT\EnglishDB\Words\p\pointy.md
10232,poise,C:\GTT\EnglishDB\Words\p\poise.md
10233,poison,C:\GTT\EnglishDB\Words\p\poison.md
10234,poisoning,C:\GTT\EnglishDB\Words\p\poisoning.md
10235,poisonous,C:\GTT\EnglishDB\Words\p\poisonous.md
10236,poke,C:\GTT\EnglishDB\Words\p\poke.md
10237,poker,C:\GTT\EnglishDB\Words\p\poker.md
10238,polar,C:\GTT\EnglishDB\Words\p\polar.md
10239,polarity,C:\GTT\EnglishDB\Words\p\polarity.md
10240,polarization,C:\GTT\EnglishDB\Words\p\polarization.md
10241,polarize,C:\GTT\EnglishDB\Words\p\polarize.md
10242,pole,C:\GTT\EnglishDB\Words\p\pole.md
10243,polemic,C:\GTT\EnglishDB\Words\p\polemic.md
10244,police,C:\GTT\EnglishDB\Words\p\police.md
10245,policeman,C:\GTT\EnglishDB\Words\p\policeman.md
10246,policy,C:\GTT\EnglishDB\Words\p\policy.md
10247,policymaker,C:\GTT\EnglishDB\Words\p\policymaker.md
10248,polish,C:\GTT\EnglishDB\Words\p\polish.md
10249,polished,C:\GTT\EnglishDB\Words\p\polished.md
10250,polite,C:\GTT\EnglishDB\Words\p\polite.md
10251,politely,C:\GTT\EnglishDB\Words\p\politely.md
10252,politeness,C:\GTT\EnglishDB\Words\p\politeness.md
10253,political,C:\GTT\EnglishDB\Words\p\political.md
10254,politically,C:\GTT\EnglishDB\Words\p\politically.md
10255,politician,C:\GTT\EnglishDB\Words\p\politician.md
10256,politicize,C:\GTT\EnglishDB\Words\p\politicize.md
10257,politics,C:\GTT\EnglishDB\Words\p\politics.md
10258,polity,C:\GTT\EnglishDB\Words\p\polity.md
10259,polka,C:\GTT\EnglishDB\Words\p\polka.md
10260,poll,C:\GTT\EnglishDB\Words\p\poll.md
10261,pollen,C:\GTT\EnglishDB\Words\p\pollen.md
10262,polling,C:\GTT\EnglishDB\Words\p\polling.md
10263,pollster,C:\GTT\EnglishDB\Words\p\pollster.md
10264,pollutant,C:\GTT\EnglishDB\Words\p\pollutant.md
10265,pollute,C:\GTT\EnglishDB\Words\p\pollute.md
10266,polluted,C:\GTT\EnglishDB\Words\p\polluted.md
10267,pollution,C:\GTT\EnglishDB\Words\p\pollution.md
10268,polo,C:\GTT\EnglishDB\Words\p\polo.md
10269,polyester,C:\GTT\EnglishDB\Words\p\polyester.md
10270,polygamy,C:\GTT\EnglishDB\Words\p\polygamy.md
10271,polygraph,C:\GTT\EnglishDB\Words\p\polygraph.md
10272,polymer,C:\GTT\EnglishDB\Words\p\polymer.md
10273,polyp,C:\GTT\EnglishDB\Words\p\polyp.md
10274,pomegranate,C:\GTT\EnglishDB\Words\p\pomegranate.md
10275,pompous,C:\GTT\EnglishDB\Words\p\pompous.md
10276,poncho,C:\GTT\EnglishDB\Words\p\poncho.md
10277,pond,C:\GTT\EnglishDB\Words\p\pond.md
10278,ponder,C:\GTT\EnglishDB\Words\p\ponder.md
10279,pony,C:\GTT\EnglishDB\Words\p\pony.md
10280,ponytail,C:\GTT\EnglishDB\Words\p\ponytail.md
10281,poodle,C:\GTT\EnglishDB\Words\p\poodle.md
10282,pool,C:\GTT\EnglishDB\Words\p\pool.md
10283,poor,C:\GTT\EnglishDB\Words\p\poor.md
10284,poorly,C:\GTT\EnglishDB\Words\p\poorly.md
10285,pop,C:\GTT\EnglishDB\Words\p\pop.md
10286,popcorn,C:\GTT\EnglishDB\Words\p\popcorn.md
10287,poplar,C:\GTT\EnglishDB\Words\p\poplar.md
10288,poppy,C:\GTT\EnglishDB\Words\p\poppy.md
10289,populace,C:\GTT\EnglishDB\Words\p\populace.md
10290,popular,C:\GTT\EnglishDB\Words\p\popular.md
10291,popularity,C:\GTT\EnglishDB\Words\p\popularity.md
10292,popularize,C:\GTT\EnglishDB\Words\p\popularize.md
10293,popularly,C:\GTT\EnglishDB\Words\p\popularly.md
10294,populate,C:\GTT\EnglishDB\Words\p\populate.md
10295,population,C:\GTT\EnglishDB\Words\p\population.md
10296,populism,C:\GTT\EnglishDB\Words\p\populism.md
10297,populist,C:\GTT\EnglishDB\Words\p\populist.md
10298,populous,C:\GTT\EnglishDB\Words\p\populous.md
10299,porcelain,C:\GTT\EnglishDB\Words\p\porcelain.md
10300,porch,C:\GTT\EnglishDB\Words\p\porch.md
10301,pore,C:\GTT\EnglishDB\Words\p\pore.md
10302,pork,C:\GTT\EnglishDB\Words\p\pork.md
10303,porn,C:\GTT\EnglishDB\Words\p\porn.md
10304,pornographic,C:\GTT\EnglishDB\Words\p\pornographic.md
10305,pornography,C:\GTT\EnglishDB\Words\p\pornography.md
10306,porous,C:\GTT\EnglishDB\Words\p\porous.md
10307,porridge,C:\GTT\EnglishDB\Words\p\porridge.md
10308,port,C:\GTT\EnglishDB\Words\p\port.md
10309,portable,C:\GTT\EnglishDB\Words\p\portable.md
10310,portal,C:\GTT\EnglishDB\Words\p\portal.md
10311,portend,C:\GTT\EnglishDB\Words\p\portend.md
10312,porter,C:\GTT\EnglishDB\Words\p\porter.md
10313,portfolio,C:\GTT\EnglishDB\Words\p\portfolio.md
10314,portion,C:\GTT\EnglishDB\Words\p\portion.md
10315,portrait,C:\GTT\EnglishDB\Words\p\portrait.md
10316,portraiture,C:\GTT\EnglishDB\Words\p\portraiture.md
10317,portray,C:\GTT\EnglishDB\Words\p\portray.md
10318,portrayal,C:\GTT\EnglishDB\Words\p\portrayal.md
10319,pose,C:\GTT\EnglishDB\Words\p\pose.md
10320,posh,C:\GTT\EnglishDB\Words\p\posh.md
10321,posit,C:\GTT\EnglishDB\Words\p\posit.md
10322,position,C:\GTT\EnglishDB\Words\p\position.md
10323,positive,C:\GTT\EnglishDB\Words\p\positive.md
10324,posse,C:\GTT\EnglishDB\Words\p\posse.md
10325,possess,C:\GTT\EnglishDB\Words\p\possess.md
10326,possession,C:\GTT\EnglishDB\Words\p\possession.md
10327,possibility,C:\GTT\EnglishDB\Words\p\possibility.md
10328,possible,C:\GTT\EnglishDB\Words\p\possible.md
10329,possibly,C:\GTT\EnglishDB\Words\p\possibly.md
10330,postage,C:\GTT\EnglishDB\Words\p\postage.md
10331,postal,C:\GTT\EnglishDB\Words\p\postal.md
10332,postcard,C:\GTT\EnglishDB\Words\p\postcard.md
10333,poster,C:\GTT\EnglishDB\Words\p\poster.md
10334,posterior,C:\GTT\EnglishDB\Words\p\posterior.md
10335,posterity,C:\GTT\EnglishDB\Words\p\posterity.md
10336,posthumous,C:\GTT\EnglishDB\Words\p\posthumous.md
10337,posting,C:\GTT\EnglishDB\Words\p\posting.md
10338,postoperative,C:\GTT\EnglishDB\Words\p\postoperative.md
10339,postpartum,C:\GTT\EnglishDB\Words\p\postpartum.md
10340,postpone,C:\GTT\EnglishDB\Words\p\postpone.md
10341,postulate,C:\GTT\EnglishDB\Words\p\postulate.md
10342,posture,C:\GTT\EnglishDB\Words\p\posture.md
10343,pot,C:\GTT\EnglishDB\Words\p\pot.md
10344,potassium,C:\GTT\EnglishDB\Words\p\potassium.md
10345,potato,C:\GTT\EnglishDB\Words\p\potato.md
10346,potency,C:\GTT\EnglishDB\Words\p\potency.md
10347,potent,C:\GTT\EnglishDB\Words\p\potent.md
10348,potential,C:\GTT\EnglishDB\Words\p\potential.md
10349,potentially,C:\GTT\EnglishDB\Words\p\potentially.md
10350,pothole,C:\GTT\EnglishDB\Words\p\pothole.md
10351,potion,C:\GTT\EnglishDB\Words\p\potion.md
10352,potted,C:\GTT\EnglishDB\Words\p\potted.md
10353,potter,C:\GTT\EnglishDB\Words\p\potter.md
10354,pottery,C:\GTT\EnglishDB\Words\p\pottery.md
10355,pouch,C:\GTT\EnglishDB\Words\p\pouch.md
10356,poultry,C:\GTT\EnglishDB\Words\p\poultry.md
10357,pounce,C:\GTT\EnglishDB\Words\p\pounce.md
10358,pound,C:\GTT\EnglishDB\Words\p\pound.md
10359,pour,C:\GTT\EnglishDB\Words\p\pour.md
10360,pout,C:\GTT\EnglishDB\Words\p\pout.md
10361,poverty,C:\GTT\EnglishDB\Words\p\poverty.md
10362,powder,C:\GTT\EnglishDB\Words\p\powder.md
10363,powdered,C:\GTT\EnglishDB\Words\p\powdered.md
10364,powdery,C:\GTT\EnglishDB\Words\p\powdery.md
10365,power,C:\GTT\EnglishDB\Words\p\power.md
10366,powerful,C:\GTT\EnglishDB\Words\p\powerful.md
10367,powerfully,C:\GTT\EnglishDB\Words\p\powerfully.md
10368,powerhouse,C:\GTT\EnglishDB\Words\p\powerhouse.md
10369,powerless,C:\GTT\EnglishDB\Words\p\powerless.md
10370,pox,C:\GTT\EnglishDB\Words\p\pox.md
10371,practical,C:\GTT\EnglishDB\Words\p\practical.md
10372,practicality,C:\GTT\EnglishDB\Words\p\practicality.md
10373,practically,C:\GTT\EnglishDB\Words\p\practically.md
10374,practice,C:\GTT\EnglishDB\Words\p\practice.md
10375,practiced,C:\GTT\EnglishDB\Words\p\practiced.md
10376,practicing,C:\GTT\EnglishDB\Words\p\practicing.md
10377,practicum,C:\GTT\EnglishDB\Words\p\practicum.md
10378,practitioner,C:\GTT\EnglishDB\Words\p\practitioner.md
10379,pragmatic,C:\GTT\EnglishDB\Words\p\pragmatic.md
10380,pragmatism,C:\GTT\EnglishDB\Words\p\pragmatism.md
10381,pragmatist,C:\GTT\EnglishDB\Words\p\pragmatist.md
10382,prairie,C:\GTT\EnglishDB\Words\p\prairie.md
10383,praise,C:\GTT\EnglishDB\Words\p\praise.md
10384,prank,C:\GTT\EnglishDB\Words\p\prank.md
10385,pray,C:\GTT\EnglishDB\Words\p\pray.md
10386,prayer,C:\GTT\EnglishDB\Words\p\prayer.md
10387,preach,C:\GTT\EnglishDB\Words\p\preach.md
10388,preacher,C:\GTT\EnglishDB\Words\p\preacher.md
10389,preamble,C:\GTT\EnglishDB\Words\p\preamble.md
10390,precarious,C:\GTT\EnglishDB\Words\p\precarious.md
10391,precaution,C:\GTT\EnglishDB\Words\p\precaution.md
10392,precede,C:\GTT\EnglishDB\Words\p\precede.md
10393,precedence,C:\GTT\EnglishDB\Words\p\precedence.md
10394,precedent,C:\GTT\EnglishDB\Words\p\precedent.md
10395,preceding,C:\GTT\EnglishDB\Words\p\preceding.md
10396,precept,C:\GTT\EnglishDB\Words\p\precept.md
10397,precinct,C:\GTT\EnglishDB\Words\p\precinct.md
10398,precious,C:\GTT\EnglishDB\Words\p\precious.md
10399,precipice,C:\GTT\EnglishDB\Words\p\precipice.md
10400,precipitate,C:\GTT\EnglishDB\Words\p\precipitate.md
10401,precipitation,C:\GTT\EnglishDB\Words\p\precipitation.md
10402,precipitous,C:\GTT\EnglishDB\Words\p\precipitous.md
10403,precise,C:\GTT\EnglishDB\Words\p\precise.md
10404,precisely,C:\GTT\EnglishDB\Words\p\precisely.md
10405,precision,C:\GTT\EnglishDB\Words\p\precision.md
10406,preclude,C:\GTT\EnglishDB\Words\p\preclude.md
10407,precocious,C:\GTT\EnglishDB\Words\p\precocious.md
10408,preconception,C:\GTT\EnglishDB\Words\p\preconception.md
10409,precondition,C:\GTT\EnglishDB\Words\p\precondition.md
10410,precursor,C:\GTT\EnglishDB\Words\p\precursor.md
10411,predate,C:\GTT\EnglishDB\Words\p\predate.md
10412,predator,C:\GTT\EnglishDB\Words\p\predator.md
10413,predatory,C:\GTT\EnglishDB\Words\p\predatory.md
10414,predecessor,C:\GTT\EnglishDB\Words\p\predecessor.md
10415,predicament,C:\GTT\EnglishDB\Words\p\predicament.md
10416,predicate,C:\GTT\EnglishDB\Words\p\predicate.md
10417,predict,C:\GTT\EnglishDB\Words\p\predict.md
10418,predictability,C:\GTT\EnglishDB\Words\p\predictability.md
10419,predictable,C:\GTT\EnglishDB\Words\p\predictable.md
10420,prediction,C:\GTT\EnglishDB\Words\p\prediction.md
10421,predictive,C:\GTT\EnglishDB\Words\p\predictive.md
10422,predictor,C:\GTT\EnglishDB\Words\p\predictor.md
10423,predilection,C:\GTT\EnglishDB\Words\p\predilection.md
10424,predispose,C:\GTT\EnglishDB\Words\p\predispose.md
10425,predisposition,C:\GTT\EnglishDB\Words\p\predisposition.md
10426,predominant,C:\GTT\EnglishDB\Words\p\predominant.md
10427,predominate,C:\GTT\EnglishDB\Words\p\predominate.md
10428,preen,C:\GTT\EnglishDB\Words\p\preen.md
10429,preface,C:\GTT\EnglishDB\Words\p\preface.md
10430,prefer,C:\GTT\EnglishDB\Words\p\prefer.md
10431,preferable,C:\GTT\EnglishDB\Words\p\preferable.md
10432,preferably,C:\GTT\EnglishDB\Words\p\preferably.md
10433,preference,C:\GTT\EnglishDB\Words\p\preference.md
10434,preferential,C:\GTT\EnglishDB\Words\p\preferential.md
10435,preferred,C:\GTT\EnglishDB\Words\p\preferred.md
10436,pregnancy,C:\GTT\EnglishDB\Words\p\pregnancy.md
10437,pregnant,C:\GTT\EnglishDB\Words\p\pregnant.md
10438,preheat,C:\GTT\EnglishDB\Words\p\preheat.md
10439,prehistoric,C:\GTT\EnglishDB\Words\p\prehistoric.md
10440,prejudice,C:\GTT\EnglishDB\Words\p\prejudice.md
10441,prejudiced,C:\GTT\EnglishDB\Words\p\prejudiced.md
10442,preliminary,C:\GTT\EnglishDB\Words\p\preliminary.md
10443,prelude,C:\GTT\EnglishDB\Words\p\prelude.md
10444,premarital,C:\GTT\EnglishDB\Words\p\premarital.md
10445,premature,C:\GTT\EnglishDB\Words\p\premature.md
10446,prematurely,C:\GTT\EnglishDB\Words\p\prematurely.md
10447,premier,C:\GTT\EnglishDB\Words\p\premier.md
10448,premiere,C:\GTT\EnglishDB\Words\p\premiere.md
10449,premise,C:\GTT\EnglishDB\Words\p\premise.md
10450,premium,C:\GTT\EnglishDB\Words\p\premium.md
10451,premonition,C:\GTT\EnglishDB\Words\p\premonition.md
10452,prenatal,C:\GTT\EnglishDB\Words\p\prenatal.md
10453,preoccupation,C:\GTT\EnglishDB\Words\p\preoccupation.md
10454,preoccupied,C:\GTT\EnglishDB\Words\p\preoccupied.md
10455,preoperative,C:\GTT\EnglishDB\Words\p\preoperative.md
10456,prep,C:\GTT\EnglishDB\Words\p\prep.md
10457,prepaid,C:\GTT\EnglishDB\Words\p\prepaid.md
10458,preparation,C:\GTT\EnglishDB\Words\p\preparation.md
10459,preparatory,C:\GTT\EnglishDB\Words\p\preparatory.md
10460,prepare,C:\GTT\EnglishDB\Words\p\prepare.md
10461,prepared,C:\GTT\EnglishDB\Words\p\prepared.md
10462,preparedness,C:\GTT\EnglishDB\Words\p\preparedness.md
10463,preponderance,C:\GTT\EnglishDB\Words\p\preponderance.md
10464,preposterous,C:\GTT\EnglishDB\Words\p\preposterous.md
10465,prerequisite,C:\GTT\EnglishDB\Words\p\prerequisite.md
10466,prerogative,C:\GTT\EnglishDB\Words\p\prerogative.md
10467,preschool,C:\GTT\EnglishDB\Words\p\preschool.md
10468,prescient,C:\GTT\EnglishDB\Words\p\prescient.md
10469,prescribe,C:\GTT\EnglishDB\Words\p\prescribe.md
10470,prescription,C:\GTT\EnglishDB\Words\p\prescription.md
10471,preseason,C:\GTT\EnglishDB\Words\p\preseason.md
10472,presence,C:\GTT\EnglishDB\Words\p\presence.md
10473,present,C:\GTT\EnglishDB\Words\p\present.md
10474,presentation,C:\GTT\EnglishDB\Words\p\presentation.md
10475,presenter,C:\GTT\EnglishDB\Words\p\presenter.md
10476,presently,C:\GTT\EnglishDB\Words\p\presently.md
10477,preservation,C:\GTT\EnglishDB\Words\p\preservation.md
10478,preservationist,C:\GTT\EnglishDB\Words\p\preservationist.md
10479,preservative,C:\GTT\EnglishDB\Words\p\preservative.md
10480,preserve,C:\GTT\EnglishDB\Words\p\preserve.md
10481,preserving,C:\GTT\EnglishDB\Words\p\preserving.md
10482,preside,C:\GTT\EnglishDB\Words\p\preside.md
10483,presidency,C:\GTT\EnglishDB\Words\p\presidency.md
10484,president,C:\GTT\EnglishDB\Words\p\president.md
10485,presidential,C:\GTT\EnglishDB\Words\p\presidential.md
10486,press,C:\GTT\EnglishDB\Words\p\press.md
10487,pressing,C:\GTT\EnglishDB\Words\p\pressing.md
10488,pressure,C:\GTT\EnglishDB\Words\p\pressure.md
10489,prestige,C:\GTT\EnglishDB\Words\p\prestige.md
10490,prestigious,C:\GTT\EnglishDB\Words\p\prestigious.md
10491,presumably,C:\GTT\EnglishDB\Words\p\presumably.md
10492,presume,C:\GTT\EnglishDB\Words\p\presume.md
10493,presumption,C:\GTT\EnglishDB\Words\p\presumption.md
10494,presuppose,C:\GTT\EnglishDB\Words\p\presuppose.md
10495,pretend,C:\GTT\EnglishDB\Words\p\pretend.md
10496,pretense,C:\GTT\EnglishDB\Words\p\pretense.md
10497,pretension,C:\GTT\EnglishDB\Words\p\pretension.md
10498,pretentious,C:\GTT\EnglishDB\Words\p\pretentious.md
10499,pretext,C:\GTT\EnglishDB\Words\p\pretext.md
10500,pretty,C:\GTT\EnglishDB\Words\p\pretty.md
10501,pretzel,C:\GTT\EnglishDB\Words\p\pretzel.md
10502,prevail,C:\GTT\EnglishDB\Words\p\prevail.md
10503,prevailing,C:\GTT\EnglishDB\Words\p\prevailing.md
10504,prevalence,C:\GTT\EnglishDB\Words\p\prevalence.md
10505,prevalent,C:\GTT\EnglishDB\Words\p\prevalent.md
10506,prevent,C:\GTT\EnglishDB\Words\p\prevent.md
10507,preventable,C:\GTT\EnglishDB\Words\p\preventable.md
10508,preventative,C:\GTT\EnglishDB\Words\p\preventative.md
10509,prevention,C:\GTT\EnglishDB\Words\p\prevention.md
10510,preventive,C:\GTT\EnglishDB\Words\p\preventive.md
10511,preview,C:\GTT\EnglishDB\Words\p\preview.md
10512,previous,C:\GTT\EnglishDB\Words\p\previous.md
10513,previously,C:\GTT\EnglishDB\Words\p\previously.md
10514,prey,C:\GTT\EnglishDB\Words\p\prey.md
10515,price,C:\GTT\EnglishDB\Words\p\price.md
10516,priceless,C:\GTT\EnglishDB\Words\p\priceless.md
10517,prick,C:\GTT\EnglishDB\Words\p\prick.md
10518,prickly,C:\GTT\EnglishDB\Words\p\prickly.md
10519,pride,C:\GTT\EnglishDB\Words\p\pride.md
10520,priest,C:\GTT\EnglishDB\Words\p\priest.md
10521,priestess,C:\GTT\EnglishDB\Words\p\priestess.md
10522,priesthood,C:\GTT\EnglishDB\Words\p\priesthood.md
10523,priestly,C:\GTT\EnglishDB\Words\p\priestly.md
10524,prima,C:\GTT\EnglishDB\Words\p\prima.md
10525,primacy,C:\GTT\EnglishDB\Words\p\primacy.md
10526,primal,C:\GTT\EnglishDB\Words\p\primal.md
10527,primarily,C:\GTT\EnglishDB\Words\p\primarily.md
10528,primary,C:\GTT\EnglishDB\Words\p\primary.md
10529,primate,C:\GTT\EnglishDB\Words\p\primate.md
10530,prime,C:\GTT\EnglishDB\Words\p\prime.md
10531,primer,C:\GTT\EnglishDB\Words\p\primer.md
10532,primeval,C:\GTT\EnglishDB\Words\p\primeval.md
10533,primitive,C:\GTT\EnglishDB\Words\p\primitive.md
10534,primordial,C:\GTT\EnglishDB\Words\p\primordial.md
10535,prince,C:\GTT\EnglishDB\Words\p\prince.md
10536,princess,C:\GTT\EnglishDB\Words\p\princess.md
10537,principal,C:\GTT\EnglishDB\Words\p\principal.md
10538,principally,C:\GTT\EnglishDB\Words\p\principally.md
10539,principle,C:\GTT\EnglishDB\Words\p\principle.md
10540,principled,C:\GTT\EnglishDB\Words\p\principled.md
10541,print,C:\GTT\EnglishDB\Words\p\print.md
10542,printed,C:\GTT\EnglishDB\Words\p\printed.md
10543,printer,C:\GTT\EnglishDB\Words\p\printer.md
10544,printing,C:\GTT\EnglishDB\Words\p\printing.md
10545,printout,C:\GTT\EnglishDB\Words\p\printout.md
10546,prior,C:\GTT\EnglishDB\Words\p\prior.md
10547,prioritize,C:\GTT\EnglishDB\Words\p\prioritize.md
10548,priority,C:\GTT\EnglishDB\Words\p\priority.md
10549,prism,C:\GTT\EnglishDB\Words\p\prism.md
10550,prison,C:\GTT\EnglishDB\Words\p\prison.md
10551,prisoner,C:\GTT\EnglishDB\Words\p\prisoner.md
10552,pristine,C:\GTT\EnglishDB\Words\p\pristine.md
10553,privacy,C:\GTT\EnglishDB\Words\p\privacy.md
10554,private,C:\GTT\EnglishDB\Words\p\private.md
10555,privately,C:\GTT\EnglishDB\Words\p\privately.md
10556,privilege,C:\GTT\EnglishDB\Words\p\privilege.md
10557,privileged,C:\GTT\EnglishDB\Words\p\privileged.md
10558,privy,C:\GTT\EnglishDB\Words\p\privy.md
10559,prize,C:\GTT\EnglishDB\Words\p\prize.md
10560,pro,C:\GTT\EnglishDB\Words\p\pro.md
10561,probability,C:\GTT\EnglishDB\Words\p\probability.md
10562,probable,C:\GTT\EnglishDB\Words\p\probable.md
10563,probably,C:\GTT\EnglishDB\Words\p\probably.md
10564,probation,C:\GTT\EnglishDB\Words\p\probation.md
10565,probe,C:\GTT\EnglishDB\Words\p\probe.md
10566,probing,C:\GTT\EnglishDB\Words\p\probing.md
10567,problem,C:\GTT\EnglishDB\Words\p\problem.md
10568,problematic,C:\GTT\EnglishDB\Words\p\problematic.md
10569,procedural,C:\GTT\EnglishDB\Words\p\procedural.md
10570,procedure,C:\GTT\EnglishDB\Words\p\procedure.md
10571,proceed,C:\GTT\EnglishDB\Words\p\proceed.md
10572,proceeds,C:\GTT\EnglishDB\Words\p\proceeds.md
10573,process,C:\GTT\EnglishDB\Words\p\process.md
10574,processing,C:\GTT\EnglishDB\Words\p\processing.md
10575,procession,C:\GTT\EnglishDB\Words\p\procession.md
10576,processor,C:\GTT\EnglishDB\Words\p\processor.md
10577,proclaim,C:\GTT\EnglishDB\Words\p\proclaim.md
10578,proclamation,C:\GTT\EnglishDB\Words\p\proclamation.md
10579,proclivity,C:\GTT\EnglishDB\Words\p\proclivity.md
10580,procure,C:\GTT\EnglishDB\Words\p\procure.md
10581,procurement,C:\GTT\EnglishDB\Words\p\procurement.md
10582,prodigious,C:\GTT\EnglishDB\Words\p\prodigious.md
10583,prodigy,C:\GTT\EnglishDB\Words\p\prodigy.md
10584,produce,C:\GTT\EnglishDB\Words\p\produce.md
10585,producer,C:\GTT\EnglishDB\Words\p\producer.md
10586,product,C:\GTT\EnglishDB\Words\p\product.md
10587,production,C:\GTT\EnglishDB\Words\p\production.md
10588,productive,C:\GTT\EnglishDB\Words\p\productive.md
10589,productivity,C:\GTT\EnglishDB\Words\p\productivity.md
10590,profane,C:\GTT\EnglishDB\Words\p\profane.md
10591,profanity,C:\GTT\EnglishDB\Words\p\profanity.md
10592,profess,C:\GTT\EnglishDB\Words\p\profess.md
10593,profession,C:\GTT\EnglishDB\Words\p\profession.md
10594,professional,C:\GTT\EnglishDB\Words\p\professional.md
10595,professionalism,C:\GTT\EnglishDB\Words\p\professionalism.md
10596,professionally,C:\GTT\EnglishDB\Words\p\professionally.md
10597,professor,C:\GTT\EnglishDB\Words\p\professor.md
10598,proffer,C:\GTT\EnglishDB\Words\p\proffer.md
10599,proficiency,C:\GTT\EnglishDB\Words\p\proficiency.md
10600,proficient,C:\GTT\EnglishDB\Words\p\proficient.md
10601,profile,C:\GTT\EnglishDB\Words\p\profile.md
10602,profit,C:\GTT\EnglishDB\Words\p\profit.md
10603,profitability,C:\GTT\EnglishDB\Words\p\profitability.md
10604,profitable,C:\GTT\EnglishDB\Words\p\profitable.md
10605,profound,C:\GTT\EnglishDB\Words\p\profound.md
10606,profoundly,C:\GTT\EnglishDB\Words\p\profoundly.md
10607,profusely,C:\GTT\EnglishDB\Words\p\profusely.md
10608,profusion,C:\GTT\EnglishDB\Words\p\profusion.md
10609,progeny,C:\GTT\EnglishDB\Words\p\progeny.md
10610,prognosis,C:\GTT\EnglishDB\Words\p\prognosis.md
10611,program,C:\GTT\EnglishDB\Words\p\program.md
10612,programmatic,C:\GTT\EnglishDB\Words\p\programmatic.md
10613,programmer,C:\GTT\EnglishDB\Words\p\programmer.md
10614,programming,C:\GTT\EnglishDB\Words\p\programming.md
10615,progress,C:\GTT\EnglishDB\Words\p\progress.md
10616,progression,C:\GTT\EnglishDB\Words\p\progression.md
10617,progressive,C:\GTT\EnglishDB\Words\p\progressive.md
10618,progressively,C:\GTT\EnglishDB\Words\p\progressively.md
10619,prohibit,C:\GTT\EnglishDB\Words\p\prohibit.md
10620,prohibition,C:\GTT\EnglishDB\Words\p\prohibition.md
10621,prohibitive,C:\GTT\EnglishDB\Words\p\prohibitive.md
10622,project,C:\GTT\EnglishDB\Words\p\project.md
10623,projectile,C:\GTT\EnglishDB\Words\p\projectile.md
10624,projecting,C:\GTT\EnglishDB\Words\p\projecting.md
10625,projection,C:\GTT\EnglishDB\Words\p\projection.md
10626,projector,C:\GTT\EnglishDB\Words\p\projector.md
10627,proliferate,C:\GTT\EnglishDB\Words\p\proliferate.md
10628,proliferation,C:\GTT\EnglishDB\Words\p\proliferation.md
10629,prolific,C:\GTT\EnglishDB\Words\p\prolific.md
10630,prologue,C:\GTT\EnglishDB\Words\p\prologue.md
10631,prolong,C:\GTT\EnglishDB\Words\p\prolong.md
10632,prolonged,C:\GTT\EnglishDB\Words\p\prolonged.md
10633,promenade,C:\GTT\EnglishDB\Words\p\promenade.md
10634,prominence,C:\GTT\EnglishDB\Words\p\prominence.md
10635,prominent,C:\GTT\EnglishDB\Words\p\prominent.md
10636,prominently,C:\GTT\EnglishDB\Words\p\prominently.md
10637,promiscuity,C:\GTT\EnglishDB\Words\p\promiscuity.md
10638,promiscuous,C:\GTT\EnglishDB\Words\p\promiscuous.md
10639,promise,C:\GTT\EnglishDB\Words\p\promise.md
10640,promising,C:\GTT\EnglishDB\Words\p\promising.md
10641,promote,C:\GTT\EnglishDB\Words\p\promote.md
10642,promoter,C:\GTT\EnglishDB\Words\p\promoter.md
10643,promotion,C:\GTT\EnglishDB\Words\p\promotion.md
10644,promotional,C:\GTT\EnglishDB\Words\p\promotional.md
10645,prompt,C:\GTT\EnglishDB\Words\p\prompt.md
10646,promptly,C:\GTT\EnglishDB\Words\p\promptly.md
10647,promulgate,C:\GTT\EnglishDB\Words\p\promulgate.md
10648,prone,C:\GTT\EnglishDB\Words\p\prone.md
10649,prong,C:\GTT\EnglishDB\Words\p\prong.md
10650,pronoun,C:\GTT\EnglishDB\Words\p\pronoun.md
10651,pronounce,C:\GTT\EnglishDB\Words\p\pronounce.md
10652,pronounced,C:\GTT\EnglishDB\Words\p\pronounced.md
10653,pronouncement,C:\GTT\EnglishDB\Words\p\pronouncement.md
10654,pronunciation,C:\GTT\EnglishDB\Words\p\pronunciation.md
10655,proof,C:\GTT\EnglishDB\Words\p\proof.md
10656,prop,C:\GTT\EnglishDB\Words\p\prop.md
10657,propaganda,C:\GTT\EnglishDB\Words\p\propaganda.md
10658,propagate,C:\GTT\EnglishDB\Words\p\propagate.md
10659,propagation,C:\GTT\EnglishDB\Words\p\propagation.md
10660,propane,C:\GTT\EnglishDB\Words\p\propane.md
10661,propel,C:\GTT\EnglishDB\Words\p\propel.md
10662,propeller,C:\GTT\EnglishDB\Words\p\propeller.md
10663,propensity,C:\GTT\EnglishDB\Words\p\propensity.md
10664,proper,C:\GTT\EnglishDB\Words\p\proper.md
10665,properly,C:\GTT\EnglishDB\Words\p\properly.md
10666,property,C:\GTT\EnglishDB\Words\p\property.md
10667,prophecy,C:\GTT\EnglishDB\Words\p\prophecy.md
10668,prophesy,C:\GTT\EnglishDB\Words\p\prophesy.md
10669,prophet,C:\GTT\EnglishDB\Words\p\prophet.md
10670,prophetic,C:\GTT\EnglishDB\Words\p\prophetic.md
10671,proponent,C:\GTT\EnglishDB\Words\p\proponent.md
10672,proportion,C:\GTT\EnglishDB\Words\p\proportion.md
10673,proportional,C:\GTT\EnglishDB\Words\p\proportional.md
10674,proposal,C:\GTT\EnglishDB\Words\p\proposal.md
10675,propose,C:\GTT\EnglishDB\Words\p\propose.md
10676,proposed,C:\GTT\EnglishDB\Words\p\proposed.md
10677,proposition,C:\GTT\EnglishDB\Words\p\proposition.md
10678,proprietary,C:\GTT\EnglishDB\Words\p\proprietary.md
10679,proprietor,C:\GTT\EnglishDB\Words\p\proprietor.md
10680,propriety,C:\GTT\EnglishDB\Words\p\propriety.md
10681,propulsion,C:\GTT\EnglishDB\Words\p\propulsion.md
10682,prosaic,C:\GTT\EnglishDB\Words\p\prosaic.md
10683,prosciutto,C:\GTT\EnglishDB\Words\p\prosciutto.md
10684,prose,C:\GTT\EnglishDB\Words\p\prose.md
10685,prosecute,C:\GTT\EnglishDB\Words\p\prosecute.md
10686,prosecution,C:\GTT\EnglishDB\Words\p\prosecution.md
10687,prosecutor,C:\GTT\EnglishDB\Words\p\prosecutor.md
10688,prospect,C:\GTT\EnglishDB\Words\p\prospect.md
10689,prospective,C:\GTT\EnglishDB\Words\p\prospective.md
10690,prospector,C:\GTT\EnglishDB\Words\p\prospector.md
10691,prospectus,C:\GTT\EnglishDB\Words\p\prospectus.md
10692,prosper,C:\GTT\EnglishDB\Words\p\prosper.md
10693,prosperity,C:\GTT\EnglishDB\Words\p\prosperity.md
10694,prosperous,C:\GTT\EnglishDB\Words\p\prosperous.md
10695,prostate,C:\GTT\EnglishDB\Words\p\prostate.md
10696,prosthesis,C:\GTT\EnglishDB\Words\p\prosthesis.md
10697,prostitute,C:\GTT\EnglishDB\Words\p\prostitute.md
10698,prostitution,C:\GTT\EnglishDB\Words\p\prostitution.md
10699,protagonist,C:\GTT\EnglishDB\Words\p\protagonist.md
10700,protect,C:\GTT\EnglishDB\Words\p\protect.md
10701,protection,C:\GTT\EnglishDB\Words\p\protection.md
10702,protectionism,C:\GTT\EnglishDB\Words\p\protectionism.md
10703,protectionist,C:\GTT\EnglishDB\Words\p\protectionist.md
10704,protective,C:\GTT\EnglishDB\Words\p\protective.md
10705,protector,C:\GTT\EnglishDB\Words\p\protector.md
10706,protege,C:\GTT\EnglishDB\Words\p\protege.md
10707,protein,C:\GTT\EnglishDB\Words\p\protein.md
10708,protest,C:\GTT\EnglishDB\Words\p\protest.md
10709,protocol,C:\GTT\EnglishDB\Words\p\protocol.md
10710,proton,C:\GTT\EnglishDB\Words\p\proton.md
10711,prototype,C:\GTT\EnglishDB\Words\p\prototype.md
10712,protracted,C:\GTT\EnglishDB\Words\p\protracted.md
10713,protrude,C:\GTT\EnglishDB\Words\p\protrude.md
10714,proud,C:\GTT\EnglishDB\Words\p\proud.md
10715,proudly,C:\GTT\EnglishDB\Words\p\proudly.md
10716,prove,C:\GTT\EnglishDB\Words\p\prove.md
10717,proven,C:\GTT\EnglishDB\Words\p\proven.md
10718,provenance,C:\GTT\EnglishDB\Words\p\provenance.md
10719,proverb,C:\GTT\EnglishDB\Words\p\proverb.md
10720,proverbial,C:\GTT\EnglishDB\Words\p\proverbial.md
10721,provide,C:\GTT\EnglishDB\Words\p\provide.md
10722,provided,C:\GTT\EnglishDB\Words\p\provided.md
10723,provider,C:\GTT\EnglishDB\Words\p\provider.md
10724,providing,C:\GTT\EnglishDB\Words\p\providing.md
10725,province,C:\GTT\EnglishDB\Words\p\province.md
10726,provincial,C:\GTT\EnglishDB\Words\p\provincial.md
10727,provision,C:\GTT\EnglishDB\Words\p\provision.md
10728,provisional,C:\GTT\EnglishDB\Words\p\provisional.md
10729,provocation,C:\GTT\EnglishDB\Words\p\provocation.md
10730,provocative,C:\GTT\EnglishDB\Words\p\provocative.md
10731,provoke,C:\GTT\EnglishDB\Words\p\provoke.md
10732,provost,C:\GTT\EnglishDB\Words\p\provost.md
10733,prowess,C:\GTT\EnglishDB\Words\p\prowess.md
10734,prowl,C:\GTT\EnglishDB\Words\p\prowl.md
10735,proximal,C:\GTT\EnglishDB\Words\p\proximal.md
10736,proximity,C:\GTT\EnglishDB\Words\p\proximity.md
10737,proxy,C:\GTT\EnglishDB\Words\p\proxy.md
10738,prudence,C:\GTT\EnglishDB\Words\p\prudence.md
10739,prudent,C:\GTT\EnglishDB\Words\p\prudent.md
10740,prune,C:\GTT\EnglishDB\Words\p\prune.md
10741,pruning,C:\GTT\EnglishDB\Words\p\pruning.md
10742,pseudonym,C:\GTT\EnglishDB\Words\p\pseudonym.md
10743,psyche,C:\GTT\EnglishDB\Words\p\psyche.md
10744,psychedelic,C:\GTT\EnglishDB\Words\p\psychedelic.md
10745,psychiatric,C:\GTT\EnglishDB\Words\p\psychiatric.md
10746,psychiatrist,C:\GTT\EnglishDB\Words\p\psychiatrist.md
10747,psychiatry,C:\GTT\EnglishDB\Words\p\psychiatry.md
10748,psychic,C:\GTT\EnglishDB\Words\p\psychic.md
10749,psycho,C:\GTT\EnglishDB\Words\p\psycho.md
10750,psychoanalysis,C:\GTT\EnglishDB\Words\p\psychoanalysis.md
10751,psychoanalytic,C:\GTT\EnglishDB\Words\p\psychoanalytic.md
10752,psychological,C:\GTT\EnglishDB\Words\p\psychological.md
10753,psychologically,C:\GTT\EnglishDB\Words\p\psychologically.md
10754,psychologist,C:\GTT\EnglishDB\Words\p\psychologist.md
10755,psychology,C:\GTT\EnglishDB\Words\p\psychology.md
10756,psychometric,C:\GTT\EnglishDB\Words\p\psychometric.md
10757,psychopath,C:\GTT\EnglishDB\Words\p\psychopath.md
10758,psychopathology,C:\GTT\EnglishDB\Words\p\psychopathology.md
10759,psychosis,C:\GTT\EnglishDB\Words\p\psychosis.md
10760,psychotherapist,C:\GTT\EnglishDB\Words\p\psychotherapist.md
10761,psychotherapy,C:\GTT\EnglishDB\Words\p\psychotherapy.md
10762,psychotic,C:\GTT\EnglishDB\Words\p\psychotic.md
10763,pub,C:\GTT\EnglishDB\Words\p\pub.md
10764,puberty,C:\GTT\EnglishDB\Words\p\puberty.md
10765,pubic,C:\GTT\EnglishDB\Words\p\pubic.md
10766,public,C:\GTT\EnglishDB\Words\p\public.md
10767,publication,C:\GTT\EnglishDB\Words\p\publication.md
10768,publicist,C:\GTT\EnglishDB\Words\p\publicist.md
10769,publicity,C:\GTT\EnglishDB\Words\p\publicity.md
10770,publicize,C:\GTT\EnglishDB\Words\p\publicize.md
10771,publicly,C:\GTT\EnglishDB\Words\p\publicly.md
10772,publish,C:\GTT\EnglishDB\Words\p\publish.md
10773,publisher,C:\GTT\EnglishDB\Words\p\publisher.md
10774,publishing,C:\GTT\EnglishDB\Words\p\publishing.md
10775,puck,C:\GTT\EnglishDB\Words\p\puck.md
10776,pucker,C:\GTT\EnglishDB\Words\p\pucker.md
10777,pudding,C:\GTT\EnglishDB\Words\p\pudding.md
10778,puddle,C:\GTT\EnglishDB\Words\p\puddle.md
10779,pudgy,C:\GTT\EnglishDB\Words\p\pudgy.md
10780,pueblo,C:\GTT\EnglishDB\Words\p\pueblo.md
10781,puff,C:\GTT\EnglishDB\Words\p\puff.md
10782,puffy,C:\GTT\EnglishDB\Words\p\puffy.md
10783,puke,C:\GTT\EnglishDB\Words\p\puke.md
10784,pull,C:\GTT\EnglishDB\Words\p\pull.md
10785,pulley,C:\GTT\EnglishDB\Words\p\pulley.md
10786,pulmonary,C:\GTT\EnglishDB\Words\p\pulmonary.md
10787,pulp,C:\GTT\EnglishDB\Words\p\pulp.md
10788,pulpit,C:\GTT\EnglishDB\Words\p\pulpit.md
10789,pulsar,C:\GTT\EnglishDB\Words\p\pulsar.md
10790,pulse,C:\GTT\EnglishDB\Words\p\pulse.md
10791,pummel,C:\GTT\EnglishDB\Words\p\pummel.md
10792,pump,C:\GTT\EnglishDB\Words\p\pump.md
10793,pumpkin,C:\GTT\EnglishDB\Words\p\pumpkin.md
10794,pun,C:\GTT\EnglishDB\Words\p\pun.md
10795,punch,C:\GTT\EnglishDB\Words\p\punch.md
10796,punctuate,C:\GTT\EnglishDB\Words\p\punctuate.md
10797,punctuation,C:\GTT\EnglishDB\Words\p\punctuation.md
10798,puncture,C:\GTT\EnglishDB\Words\p\puncture.md
10799,pundit,C:\GTT\EnglishDB\Words\p\pundit.md
10800,pungent,C:\GTT\EnglishDB\Words\p\pungent.md
10801,punish,C:\GTT\EnglishDB\Words\p\punish.md
10802,punishment,C:\GTT\EnglishDB\Words\p\punishment.md
10803,punitive,C:\GTT\EnglishDB\Words\p\punitive.md
10804,punk,C:\GTT\EnglishDB\Words\p\punk.md
10805,punt,C:\GTT\EnglishDB\Words\p\punt.md
10806,punter,C:\GTT\EnglishDB\Words\p\punter.md
10807,puny,C:\GTT\EnglishDB\Words\p\puny.md
10808,pup,C:\GTT\EnglishDB\Words\p\pup.md
10809,pupil,C:\GTT\EnglishDB\Words\p\pupil.md
10810,puppet,C:\GTT\EnglishDB\Words\p\puppet.md
10811,puppy,C:\GTT\EnglishDB\Words\p\puppy.md
10812,purchase,C:\GTT\EnglishDB\Words\p\purchase.md
10813,purchaser,C:\GTT\EnglishDB\Words\p\purchaser.md
10814,pure,C:\GTT\EnglishDB\Words\p\pure.md
10815,puree,C:\GTT\EnglishDB\Words\p\puree.md
10816,purely,C:\GTT\EnglishDB\Words\p\purely.md
10817,purge,C:\GTT\EnglishDB\Words\p\purge.md
10818,purification,C:\GTT\EnglishDB\Words\p\purification.md
10819,purify,C:\GTT\EnglishDB\Words\p\purify.md
10820,purist,C:\GTT\EnglishDB\Words\p\purist.md
10821,purity,C:\GTT\EnglishDB\Words\p\purity.md
10822,purple,C:\GTT\EnglishDB\Words\p\purple.md
10823,purport,C:\GTT\EnglishDB\Words\p\purport.md
10824,purported,C:\GTT\EnglishDB\Words\p\purported.md
10825,purportedly,C:\GTT\EnglishDB\Words\p\purportedly.md
10826,purpose,C:\GTT\EnglishDB\Words\p\purpose.md
10827,purposeful,C:\GTT\EnglishDB\Words\p\purposeful.md
10828,purposely,C:\GTT\EnglishDB\Words\p\purposely.md
10829,purr,C:\GTT\EnglishDB\Words\p\purr.md
10830,purse,C:\GTT\EnglishDB\Words\p\purse.md
10831,pursuant,C:\GTT\EnglishDB\Words\p\pursuant.md
10832,pursue,C:\GTT\EnglishDB\Words\p\pursue.md
10833,pursuer,C:\GTT\EnglishDB\Words\p\pursuer.md
10834,pursuit,C:\GTT\EnglishDB\Words\p\pursuit.md
10835,purveyor,C:\GTT\EnglishDB\Words\p\purveyor.md
10836,purview,C:\GTT\EnglishDB\Words\p\purview.md
10837,push,C:\GTT\EnglishDB\Words\p\push.md
10838,pushy,C:\GTT\EnglishDB\Words\p\pushy.md
10839,pussy,C:\GTT\EnglishDB\Words\p\pussy.md
10840,put,C:\GTT\EnglishDB\Words\p\put.md
10841,putative,C:\GTT\EnglishDB\Words\p\putative.md
10842,putt,C:\GTT\EnglishDB\Words\p\putt.md
10843,putter,C:\GTT\EnglishDB\Words\p\putter.md
10844,puzzle,C:\GTT\EnglishDB\Words\p\puzzle.md
10845,puzzlement,C:\GTT\EnglishDB\Words\p\puzzlement.md
10846,puzzling,C:\GTT\EnglishDB\Words\p\puzzling.md
10847,pyramid,C:\GTT\EnglishDB\Words\p\pyramid.md
10848,python,C:\GTT\EnglishDB\Words\p\python.md
10849,quad,C:\GTT\EnglishDB\Words\q\quad.md
10850,quadrant,C:\GTT\EnglishDB\Words\q\quadrant.md
10851,quadruple,C:\GTT\EnglishDB\Words\q\quadruple.md
10852,quagmire,C:\GTT\EnglishDB\Words\q\quagmire.md
10853,quail,C:\GTT\EnglishDB\Words\q\quail.md
10854,quaint,C:\GTT\EnglishDB\Words\q\quaint.md
10855,quake,C:\GTT\EnglishDB\Words\q\quake.md
10856,qualification,C:\GTT\EnglishDB\Words\q\qualification.md
10857,qualified,C:\GTT\EnglishDB\Words\q\qualified.md
10858,qualifier,C:\GTT\EnglishDB\Words\q\qualifier.md
10859,qualify,C:\GTT\EnglishDB\Words\q\qualify.md
10860,qualitative,C:\GTT\EnglishDB\Words\q\qualitative.md
10861,qualitatively,C:\GTT\EnglishDB\Words\q\qualitatively.md
10862,quality,C:\GTT\EnglishDB\Words\q\quality.md
10863,qualm,C:\GTT\EnglishDB\Words\q\qualm.md
10864,quandary,C:\GTT\EnglishDB\Words\q\quandary.md
10865,quantify,C:\GTT\EnglishDB\Words\q\quantify.md
10866,quantitative,C:\GTT\EnglishDB\Words\q\quantitative.md
10867,quantity,C:\GTT\EnglishDB\Words\q\quantity.md
10868,quantum,C:\GTT\EnglishDB\Words\q\quantum.md
10869,quarantine,C:\GTT\EnglishDB\Words\q\quarantine.md
10870,quark,C:\GTT\EnglishDB\Words\q\quark.md
10871,quarrel,C:\GTT\EnglishDB\Words\q\quarrel.md
10872,quarry,C:\GTT\EnglishDB\Words\q\quarry.md
10873,quarter,C:\GTT\EnglishDB\Words\q\quarter.md
10874,quarterback,C:\GTT\EnglishDB\Words\q\quarterback.md
10875,quarterfinal,C:\GTT\EnglishDB\Words\q\quarterfinal.md
10876,quarterly,C:\GTT\EnglishDB\Words\q\quarterly.md
10877,quartet,C:\GTT\EnglishDB\Words\q\quartet.md
10878,quartz,C:\GTT\EnglishDB\Words\q\quartz.md
10879,quasar,C:\GTT\EnglishDB\Words\q\quasar.md
10880,quash,C:\GTT\EnglishDB\Words\q\quash.md
10881,queasy,C:\GTT\EnglishDB\Words\q\queasy.md
10882,queen,C:\GTT\EnglishDB\Words\q\queen.md
10883,queer,C:\GTT\EnglishDB\Words\q\queer.md
10884,quell,C:\GTT\EnglishDB\Words\q\quell.md
10885,quench,C:\GTT\EnglishDB\Words\q\quench.md
10886,query,C:\GTT\EnglishDB\Words\q\query.md
10887,quest,C:\GTT\EnglishDB\Words\q\quest.md
10888,question,C:\GTT\EnglishDB\Words\q\question.md
10889,questionable,C:\GTT\EnglishDB\Words\q\questionable.md
10890,questioner,C:\GTT\EnglishDB\Words\q\questioner.md
10891,questioning,C:\GTT\EnglishDB\Words\q\questioning.md
10892,questionnaire,C:\GTT\EnglishDB\Words\q\questionnaire.md
10893,queue,C:\GTT\EnglishDB\Words\q\queue.md
10894,quick,C:\GTT\EnglishDB\Words\q\quick.md
10895,quicken,C:\GTT\EnglishDB\Words\q\quicken.md
10896,quickly,C:\GTT\EnglishDB\Words\q\quickly.md
10897,quickness,C:\GTT\EnglishDB\Words\q\quickness.md
10898,quid,C:\GTT\EnglishDB\Words\q\quid.md
10899,quiet,C:\GTT\EnglishDB\Words\q\quiet.md
10900,quietly,C:\GTT\EnglishDB\Words\q\quietly.md
10901,quill,C:\GTT\EnglishDB\Words\q\quill.md
10902,quilt,C:\GTT\EnglishDB\Words\q\quilt.md
10903,quintessential,C:\GTT\EnglishDB\Words\q\quintessential.md
10904,quip,C:\GTT\EnglishDB\Words\q\quip.md
10905,quirk,C:\GTT\EnglishDB\Words\q\quirk.md
10906,quirky,C:\GTT\EnglishDB\Words\q\quirky.md
10907,quit,C:\GTT\EnglishDB\Words\q\quit.md
10908,quite,C:\GTT\EnglishDB\Words\q\quite.md
10909,quiver,C:\GTT\EnglishDB\Words\q\quiver.md
10910,quiz,C:\GTT\EnglishDB\Words\q\quiz.md
10911,quota,C:\GTT\EnglishDB\Words\q\quota.md
10912,quotation,C:\GTT\EnglishDB\Words\q\quotation.md
10913,quote,C:\GTT\EnglishDB\Words\q\quote.md
10914,quotient,C:\GTT\EnglishDB\Words\q\quotient.md
10915,rabbi,C:\GTT\EnglishDB\Words\r\rabbi.md
10916,rabbit,C:\GTT\EnglishDB\Words\r\rabbit.md
10917,rabid,C:\GTT\EnglishDB\Words\r\rabid.md
10918,rabies,C:\GTT\EnglishDB\Words\r\rabies.md
10919,raccoon,C:\GTT\EnglishDB\Words\r\raccoon.md
10920,race,C:\GTT\EnglishDB\Words\r\race.md
10921,racer,C:\GTT\EnglishDB\Words\r\racer.md
10922,racetrack,C:\GTT\EnglishDB\Words\r\racetrack.md
10923,racial,C:\GTT\EnglishDB\Words\r\racial.md
10924,racially,C:\GTT\EnglishDB\Words\r\racially.md
10925,racing,C:\GTT\EnglishDB\Words\r\racing.md
10926,racism,C:\GTT\EnglishDB\Words\r\racism.md
10927,racist,C:\GTT\EnglishDB\Words\r\racist.md
10928,rack,C:\GTT\EnglishDB\Words\r\rack.md
10929,racket,C:\GTT\EnglishDB\Words\r\racket.md
10930,racketeering,C:\GTT\EnglishDB\Words\r\racketeering.md
10931,racy,C:\GTT\EnglishDB\Words\r\racy.md
10932,radar,C:\GTT\EnglishDB\Words\r\radar.md
10933,radial,C:\GTT\EnglishDB\Words\r\radial.md
10934,radiance,C:\GTT\EnglishDB\Words\r\radiance.md
10935,radiant,C:\GTT\EnglishDB\Words\r\radiant.md
10936,radiate,C:\GTT\EnglishDB\Words\r\radiate.md
10937,radiation,C:\GTT\EnglishDB\Words\r\radiation.md
10938,radiator,C:\GTT\EnglishDB\Words\r\radiator.md
10939,radical,C:\GTT\EnglishDB\Words\r\radical.md
10940,radicalism,C:\GTT\EnglishDB\Words\r\radicalism.md
10941,radically,C:\GTT\EnglishDB\Words\r\radically.md
10942,radio,C:\GTT\EnglishDB\Words\r\radio.md
10943,radioactive,C:\GTT\EnglishDB\Words\r\radioactive.md
10944,radiologist,C:\GTT\EnglishDB\Words\r\radiologist.md
10945,radish,C:\GTT\EnglishDB\Words\r\radish.md
10946,radius,C:\GTT\EnglishDB\Words\r\radius.md
10947,radon,C:\GTT\EnglishDB\Words\r\radon.md
10948,raft,C:\GTT\EnglishDB\Words\r\raft.md
10949,rafter,C:\GTT\EnglishDB\Words\r\rafter.md
10950,rag,C:\GTT\EnglishDB\Words\r\rag.md
10951,rage,C:\GTT\EnglishDB\Words\r\rage.md
10952,ragged,C:\GTT\EnglishDB\Words\r\ragged.md
10953,raging,C:\GTT\EnglishDB\Words\r\raging.md
10954,raid,C:\GTT\EnglishDB\Words\r\raid.md
10955,raider,C:\GTT\EnglishDB\Words\r\raider.md
10956,rail,C:\GTT\EnglishDB\Words\r\rail.md
10957,railing,C:\GTT\EnglishDB\Words\r\railing.md
10958,railroad,C:\GTT\EnglishDB\Words\r\railroad.md
10959,railway,C:\GTT\EnglishDB\Words\r\railway.md
10960,rain,C:\GTT\EnglishDB\Words\r\rain.md
10961,rainbow,C:\GTT\EnglishDB\Words\r\rainbow.md
10962,raincoat,C:\GTT\EnglishDB\Words\r\raincoat.md
10963,raindrop,C:\GTT\EnglishDB\Words\r\raindrop.md
10964,rainfall,C:\GTT\EnglishDB\Words\r\rainfall.md
10965,rainstorm,C:\GTT\EnglishDB\Words\r\rainstorm.md
10966,rainwater,C:\GTT\EnglishDB\Words\r\rainwater.md
10967,rainy,C:\GTT\EnglishDB\Words\r\rainy.md
10968,raise,C:\GTT\EnglishDB\Words\r\raise.md
10969,raised,C:\GTT\EnglishDB\Words\r\raised.md
10970,raiser,C:\GTT\EnglishDB\Words\r\raiser.md
10971,raisin,C:\GTT\EnglishDB\Words\r\raisin.md
10972,raising,C:\GTT\EnglishDB\Words\r\raising.md
10973,rake,C:\GTT\EnglishDB\Words\r\rake.md
10974,rally,C:\GTT\EnglishDB\Words\r\rally.md
10975,ram,C:\GTT\EnglishDB\Words\r\ram.md
10976,ramble,C:\GTT\EnglishDB\Words\r\ramble.md
10977,rambling,C:\GTT\EnglishDB\Words\r\rambling.md
10978,ramification,C:\GTT\EnglishDB\Words\r\ramification.md
10979,ramp,C:\GTT\EnglishDB\Words\r\ramp.md
10980,rampage,C:\GTT\EnglishDB\Words\r\rampage.md
10981,rampant,C:\GTT\EnglishDB\Words\r\rampant.md
10982,ramshackle,C:\GTT\EnglishDB\Words\r\ramshackle.md
10983,ranch,C:\GTT\EnglishDB\Words\r\ranch.md
10984,rancher,C:\GTT\EnglishDB\Words\r\rancher.md
10985,rancid,C:\GTT\EnglishDB\Words\r\rancid.md
10986,random,C:\GTT\EnglishDB\Words\r\random.md
10987,randomly,C:\GTT\EnglishDB\Words\r\randomly.md
10988,range,C:\GTT\EnglishDB\Words\r\range.md
10989,ranger,C:\GTT\EnglishDB\Words\r\ranger.md
10990,rank,C:\GTT\EnglishDB\Words\r\rank.md
10991,ranking,C:\GTT\EnglishDB\Words\r\ranking.md
10992,ransack,C:\GTT\EnglishDB\Words\r\ransack.md
10993,ransom,C:\GTT\EnglishDB\Words\r\ransom.md
10994,rant,C:\GTT\EnglishDB\Words\r\rant.md
10995,rap,C:\GTT\EnglishDB\Words\r\rap.md
10996,rape,C:\GTT\EnglishDB\Words\r\rape.md
10997,rapid,C:\GTT\EnglishDB\Words\r\rapid.md
10998,rapidly,C:\GTT\EnglishDB\Words\r\rapidly.md
10999,rapist,C:\GTT\EnglishDB\Words\r\rapist.md
11000,rapper,C:\GTT\EnglishDB\Words\r\rapper.md
11001,rapport,C:\GTT\EnglishDB\Words\r\rapport.md
11002,rapprochement,C:\GTT\EnglishDB\Words\r\rapprochement.md
11003,rapt,C:\GTT\EnglishDB\Words\r\rapt.md
11004,raptor,C:\GTT\EnglishDB\Words\r\raptor.md
11005,rapture,C:\GTT\EnglishDB\Words\r\rapture.md
11006,rare,C:\GTT\EnglishDB\Words\r\rare.md
11007,rarely,C:\GTT\EnglishDB\Words\r\rarely.md
11008,rarity,C:\GTT\EnglishDB\Words\r\rarity.md
11009,rash,C:\GTT\EnglishDB\Words\r\rash.md
11010,raspberry,C:\GTT\EnglishDB\Words\r\raspberry.md
11011,rate,C:\GTT\EnglishDB\Words\r\rate.md
11012,rater,C:\GTT\EnglishDB\Words\r\rater.md
11013,rather,C:\GTT\EnglishDB\Words\r\rather.md
11014,ratification,C:\GTT\EnglishDB\Words\r\ratification.md
11015,ratify,C:\GTT\EnglishDB\Words\r\ratify.md
11016,rating,C:\GTT\EnglishDB\Words\r\rating.md
11017,ratio,C:\GTT\EnglishDB\Words\r\ratio.md
11018,ration,C:\GTT\EnglishDB\Words\r\ration.md
11019,rational,C:\GTT\EnglishDB\Words\r\rational.md
11020,rationale,C:\GTT\EnglishDB\Words\r\rationale.md
11021,rationality,C:\GTT\EnglishDB\Words\r\rationality.md
11022,rationalization,C:\GTT\EnglishDB\Words\r\rationalization.md
11023,rationalize,C:\GTT\EnglishDB\Words\r\rationalize.md
11024,rationally,C:\GTT\EnglishDB\Words\r\rationally.md
11025,rationing,C:\GTT\EnglishDB\Words\r\rationing.md
11026,rattle,C:\GTT\EnglishDB\Words\r\rattle.md
11027,rattlesnake,C:\GTT\EnglishDB\Words\r\rattlesnake.md
11028,raucous,C:\GTT\EnglishDB\Words\r\raucous.md
11029,ravage,C:\GTT\EnglishDB\Words\r\ravage.md
11030,rave,C:\GTT\EnglishDB\Words\r\rave.md
11031,raven,C:\GTT\EnglishDB\Words\r\raven.md
11032,ravine,C:\GTT\EnglishDB\Words\r\ravine.md
11033,ravioli,C:\GTT\EnglishDB\Words\r\ravioli.md
11034,raw,C:\GTT\EnglishDB\Words\r\raw.md
11035,ray,C:\GTT\EnglishDB\Words\r\ray.md
11036,raze,C:\GTT\EnglishDB\Words\r\raze.md
11037,razor,C:\GTT\EnglishDB\Words\r\razor.md
11038,re,C:\GTT\EnglishDB\Words\r\re.md
11039,reach,C:\GTT\EnglishDB\Words\r\reach.md
11040,react,C:\GTT\EnglishDB\Words\r\react.md
11041,reaction,C:\GTT\EnglishDB\Words\r\reaction.md
11042,reactionary,C:\GTT\EnglishDB\Words\r\reactionary.md
11043,reactive,C:\GTT\EnglishDB\Words\r\reactive.md
11044,reactor,C:\GTT\EnglishDB\Words\r\reactor.md
11045,read,C:\GTT\EnglishDB\Words\r\read.md
11046,readable,C:\GTT\EnglishDB\Words\r\readable.md
11047,reader,C:\GTT\EnglishDB\Words\r\reader.md
11048,readership,C:\GTT\EnglishDB\Words\r\readership.md
11049,readily,C:\GTT\EnglishDB\Words\r\readily.md
11050,readiness,C:\GTT\EnglishDB\Words\r\readiness.md
11051,reading,C:\GTT\EnglishDB\Words\r\reading.md
11052,readjust,C:\GTT\EnglishDB\Words\r\readjust.md
11053,ready,C:\GTT\EnglishDB\Words\r\ready.md
11054,reaffirm,C:\GTT\EnglishDB\Words\r\reaffirm.md
11055,real,C:\GTT\EnglishDB\Words\r\real.md
11056,realignment,C:\GTT\EnglishDB\Words\r\realignment.md
11057,realism,C:\GTT\EnglishDB\Words\r\realism.md
11058,realist,C:\GTT\EnglishDB\Words\r\realist.md
11059,realistic,C:\GTT\EnglishDB\Words\r\realistic.md
11060,realistically,C:\GTT\EnglishDB\Words\r\realistically.md
11061,reality,C:\GTT\EnglishDB\Words\r\reality.md
11062,realization,C:\GTT\EnglishDB\Words\r\realization.md
11063,realize,C:\GTT\EnglishDB\Words\r\realize.md
11064,really,C:\GTT\EnglishDB\Words\r\really.md
11065,realm,C:\GTT\EnglishDB\Words\r\realm.md
11066,realtor,C:\GTT\EnglishDB\Words\r\realtor.md
11067,ream,C:\GTT\EnglishDB\Words\r\ream.md
11068,reap,C:\GTT\EnglishDB\Words\r\reap.md
11069,reappear,C:\GTT\EnglishDB\Words\r\reappear.md
11070,rear,C:\GTT\EnglishDB\Words\r\rear.md
11071,rearrange,C:\GTT\EnglishDB\Words\r\rearrange.md
11072,rearview,C:\GTT\EnglishDB\Words\r\rearview.md
11073,reason,C:\GTT\EnglishDB\Words\r\reason.md
11074,reasonable,C:\GTT\EnglishDB\Words\r\reasonable.md
11075,reasonably,C:\GTT\EnglishDB\Words\r\reasonably.md
11076,reasoned,C:\GTT\EnglishDB\Words\r\reasoned.md
11077,reasoning,C:\GTT\EnglishDB\Words\r\reasoning.md
11078,reassemble,C:\GTT\EnglishDB\Words\r\reassemble.md
11079,reassert,C:\GTT\EnglishDB\Words\r\reassert.md
11080,reassess,C:\GTT\EnglishDB\Words\r\reassess.md
11081,reassign,C:\GTT\EnglishDB\Words\r\reassign.md
11082,reassurance,C:\GTT\EnglishDB\Words\r\reassurance.md
11083,reassure,C:\GTT\EnglishDB\Words\r\reassure.md
11084,reassuring,C:\GTT\EnglishDB\Words\r\reassuring.md
11085,rebate,C:\GTT\EnglishDB\Words\r\rebate.md
11086,rebel,C:\GTT\EnglishDB\Words\r\rebel.md
11087,rebellion,C:\GTT\EnglishDB\Words\r\rebellion.md
11088,rebellious,C:\GTT\EnglishDB\Words\r\rebellious.md
11089,rebirth,C:\GTT\EnglishDB\Words\r\rebirth.md
11090,reborn,C:\GTT\EnglishDB\Words\r\reborn.md
11091,rebound,C:\GTT\EnglishDB\Words\r\rebound.md
11092,rebuff,C:\GTT\EnglishDB\Words\r\rebuff.md
11093,rebuild,C:\GTT\EnglishDB\Words\r\rebuild.md
11094,rebuke,C:\GTT\EnglishDB\Words\r\rebuke.md
11095,rebut,C:\GTT\EnglishDB\Words\r\rebut.md
11096,rebuttal,C:\GTT\EnglishDB\Words\r\rebuttal.md
11097,recalcitrant,C:\GTT\EnglishDB\Words\r\recalcitrant.md
11098,recall,C:\GTT\EnglishDB\Words\r\recall.md
11099,recapture,C:\GTT\EnglishDB\Words\r\recapture.md
11100,recast,C:\GTT\EnglishDB\Words\r\recast.md
11101,recede,C:\GTT\EnglishDB\Words\r\recede.md
11102,receipt,C:\GTT\EnglishDB\Words\r\receipt.md
11103,receive,C:\GTT\EnglishDB\Words\r\receive.md
11104,received,C:\GTT\EnglishDB\Words\r\received.md
11105,receiver,C:\GTT\EnglishDB\Words\r\receiver.md
11106,receiving,C:\GTT\EnglishDB\Words\r\receiving.md
11107,recent,C:\GTT\EnglishDB\Words\r\recent.md
11108,recently,C:\GTT\EnglishDB\Words\r\recently.md
11109,receptacle,C:\GTT\EnglishDB\Words\r\receptacle.md
11110,reception,C:\GTT\EnglishDB\Words\r\reception.md
11111,receptionist,C:\GTT\EnglishDB\Words\r\receptionist.md
11112,receptive,C:\GTT\EnglishDB\Words\r\receptive.md
11113,receptor,C:\GTT\EnglishDB\Words\r\receptor.md
11114,recess,C:\GTT\EnglishDB\Words\r\recess.md
11115,recession,C:\GTT\EnglishDB\Words\r\recession.md
11116,recharge,C:\GTT\EnglishDB\Words\r\recharge.md
11117,recipe,C:\GTT\EnglishDB\Words\r\recipe.md
11118,recipient,C:\GTT\EnglishDB\Words\r\recipient.md
11119,reciprocal,C:\GTT\EnglishDB\Words\r\reciprocal.md
11120,reciprocate,C:\GTT\EnglishDB\Words\r\reciprocate.md
11121,reciprocity,C:\GTT\EnglishDB\Words\r\reciprocity.md
11122,recital,C:\GTT\EnglishDB\Words\r\recital.md
11123,recitation,C:\GTT\EnglishDB\Words\r\recitation.md
11124,recite,C:\GTT\EnglishDB\Words\r\recite.md
11125,reckless,C:\GTT\EnglishDB\Words\r\reckless.md
11126,recklessly,C:\GTT\EnglishDB\Words\r\recklessly.md
11127,reckon,C:\GTT\EnglishDB\Words\r\reckon.md
11128,reckoning,C:\GTT\EnglishDB\Words\r\reckoning.md
11129,reclaim,C:\GTT\EnglishDB\Words\r\reclaim.md
11130,recline,C:\GTT\EnglishDB\Words\r\recline.md
11131,recliner,C:\GTT\EnglishDB\Words\r\recliner.md
11132,reclusive,C:\GTT\EnglishDB\Words\r\reclusive.md
11133,recognition,C:\GTT\EnglishDB\Words\r\recognition.md
11134,recognizable,C:\GTT\EnglishDB\Words\r\recognizable.md
11135,recognize,C:\GTT\EnglishDB\Words\r\recognize.md
11136,recognized,C:\GTT\EnglishDB\Words\r\recognized.md
11137,recoil,C:\GTT\EnglishDB\Words\r\recoil.md
11138,recollect,C:\GTT\EnglishDB\Words\r\recollect.md
11139,recollection,C:\GTT\EnglishDB\Words\r\recollection.md
11140,recommend,C:\GTT\EnglishDB\Words\r\recommend.md
11141,recommendation,C:\GTT\EnglishDB\Words\r\recommendation.md
11142,recommended,C:\GTT\EnglishDB\Words\r\recommended.md
11143,reconcile,C:\GTT\EnglishDB\Words\r\reconcile.md
11144,reconciliation,C:\GTT\EnglishDB\Words\r\reconciliation.md
11145,reconfigure,C:\GTT\EnglishDB\Words\r\reconfigure.md
11146,reconnaissance,C:\GTT\EnglishDB\Words\r\reconnaissance.md
11147,reconnect,C:\GTT\EnglishDB\Words\r\reconnect.md
11148,reconsider,C:\GTT\EnglishDB\Words\r\reconsider.md
11149,reconstitute,C:\GTT\EnglishDB\Words\r\reconstitute.md
11150,reconstruct,C:\GTT\EnglishDB\Words\r\reconstruct.md
11151,reconstruction,C:\GTT\EnglishDB\Words\r\reconstruction.md
11152,reconstructive,C:\GTT\EnglishDB\Words\r\reconstructive.md
11153,record,C:\GTT\EnglishDB\Words\r\record.md
11154,recorder,C:\GTT\EnglishDB\Words\r\recorder.md
11155,recording,C:\GTT\EnglishDB\Words\r\recording.md
11156,recount,C:\GTT\EnglishDB\Words\r\recount.md
11157,recoup,C:\GTT\EnglishDB\Words\r\recoup.md
11158,recourse,C:\GTT\EnglishDB\Words\r\recourse.md
11159,recover,C:\GTT\EnglishDB\Words\r\recover.md
11160,recovery,C:\GTT\EnglishDB\Words\r\recovery.md
11161,recreation,C:\GTT\EnglishDB\Words\r\recreation.md
11162,recreational,C:\GTT\EnglishDB\Words\r\recreational.md
11163,recrimination,C:\GTT\EnglishDB\Words\r\recrimination.md
11164,recruit,C:\GTT\EnglishDB\Words\r\recruit.md
11165,recruiter,C:\GTT\EnglishDB\Words\r\recruiter.md
11166,recruitment,C:\GTT\EnglishDB\Words\r\recruitment.md
11167,rectangle,C:\GTT\EnglishDB\Words\r\rectangle.md
11168,rectangular,C:\GTT\EnglishDB\Words\r\rectangular.md
11169,rectify,C:\GTT\EnglishDB\Words\r\rectify.md
11170,recuperate,C:\GTT\EnglishDB\Words\r\recuperate.md
11171,recur,C:\GTT\EnglishDB\Words\r\recur.md
11172,recurrence,C:\GTT\EnglishDB\Words\r\recurrence.md
11173,recurrent,C:\GTT\EnglishDB\Words\r\recurrent.md
11174,recycle,C:\GTT\EnglishDB\Words\r\recycle.md
11175,red,C:\GTT\EnglishDB\Words\r\red.md
11176,redden,C:\GTT\EnglishDB\Words\r\redden.md
11177,reddish,C:\GTT\EnglishDB\Words\r\reddish.md
11178,redeem,C:\GTT\EnglishDB\Words\r\redeem.md
11179,redefine,C:\GTT\EnglishDB\Words\r\redefine.md
11180,redefinition,C:\GTT\EnglishDB\Words\r\redefinition.md
11181,redemption,C:\GTT\EnglishDB\Words\r\redemption.md
11182,redesign,C:\GTT\EnglishDB\Words\r\redesign.md
11183,redevelopment,C:\GTT\EnglishDB\Words\r\redevelopment.md
11184,redhead,C:\GTT\EnglishDB\Words\r\redhead.md
11185,redirect,C:\GTT\EnglishDB\Words\r\redirect.md
11186,rediscover,C:\GTT\EnglishDB\Words\r\rediscover.md
11187,redistribute,C:\GTT\EnglishDB\Words\r\redistribute.md
11188,redistribution,C:\GTT\EnglishDB\Words\r\redistribution.md
11189,redneck,C:\GTT\EnglishDB\Words\r\redneck.md
11190,redness,C:\GTT\EnglishDB\Words\r\redness.md
11191,redraw,C:\GTT\EnglishDB\Words\r\redraw.md
11192,redress,C:\GTT\EnglishDB\Words\r\redress.md
11193,reduce,C:\GTT\EnglishDB\Words\r\reduce.md
11194,reduced,C:\GTT\EnglishDB\Words\r\reduced.md
11195,reduction,C:\GTT\EnglishDB\Words\r\reduction.md
11196,redundancy,C:\GTT\EnglishDB\Words\r\redundancy.md
11197,redundant,C:\GTT\EnglishDB\Words\r\redundant.md
11198,redwood,C:\GTT\EnglishDB\Words\r\redwood.md
11199,reed,C:\GTT\EnglishDB\Words\r\reed.md
11200,reef,C:\GTT\EnglishDB\Words\r\reef.md
11201,reek,C:\GTT\EnglishDB\Words\r\reek.md
11202,reel,C:\GTT\EnglishDB\Words\r\reel.md
11203,ref,C:\GTT\EnglishDB\Words\r\ref.md
11204,refer,C:\GTT\EnglishDB\Words\r\refer.md
11205,referee,C:\GTT\EnglishDB\Words\r\referee.md
11206,reference,C:\GTT\EnglishDB\Words\r\reference.md
11207,referendum,C:\GTT\EnglishDB\Words\r\referendum.md
11208,referent,C:\GTT\EnglishDB\Words\r\referent.md
11209,referral,C:\GTT\EnglishDB\Words\r\referral.md
11210,refill,C:\GTT\EnglishDB\Words\r\refill.md
11211,refinance,C:\GTT\EnglishDB\Words\r\refinance.md
11212,refine,C:\GTT\EnglishDB\Words\r\refine.md
11213,refined,C:\GTT\EnglishDB\Words\r\refined.md
11214,refinement,C:\GTT\EnglishDB\Words\r\refinement.md
11215,refinery,C:\GTT\EnglishDB\Words\r\refinery.md
11216,reflect,C:\GTT\EnglishDB\Words\r\reflect.md
11217,reflected,C:\GTT\EnglishDB\Words\r\reflected.md
11218,reflection,C:\GTT\EnglishDB\Words\r\reflection.md
11219,reflective,C:\GTT\EnglishDB\Words\r\reflective.md
11220,reflector,C:\GTT\EnglishDB\Words\r\reflector.md
11221,reflex,C:\GTT\EnglishDB\Words\r\reflex.md
11222,reform,C:\GTT\EnglishDB\Words\r\reform.md
11223,reformed,C:\GTT\EnglishDB\Words\r\reformed.md
11224,reformer,C:\GTT\EnglishDB\Words\r\reformer.md
11225,reforming,C:\GTT\EnglishDB\Words\r\reforming.md
11226,reformist,C:\GTT\EnglishDB\Words\r\reformist.md
11227,refractor,C:\GTT\EnglishDB\Words\r\refractor.md
11228,refrain,C:\GTT\EnglishDB\Words\r\refrain.md
11229,refresh,C:\GTT\EnglishDB\Words\r\refresh.md
11230,refreshing,C:\GTT\EnglishDB\Words\r\refreshing.md
11231,refreshment,C:\GTT\EnglishDB\Words\r\refreshment.md
11232,refrigerate,C:\GTT\EnglishDB\Words\r\refrigerate.md
11233,refrigeration,C:\GTT\EnglishDB\Words\r\refrigeration.md
11234,refrigerator,C:\GTT\EnglishDB\Words\r\refrigerator.md
11235,refuel,C:\GTT\EnglishDB\Words\r\refuel.md
11236,refuge,C:\GTT\EnglishDB\Words\r\refuge.md
11237,refugee,C:\GTT\EnglishDB\Words\r\refugee.md
11238,refund,C:\GTT\EnglishDB\Words\r\refund.md
11239,refurbish,C:\GTT\EnglishDB\Words\r\refurbish.md
11240,refusal,C:\GTT\EnglishDB\Words\r\refusal.md
11241,refuse,C:\GTT\EnglishDB\Words\r\refuse.md
11242,refute,C:\GTT\EnglishDB\Words\r\refute.md
11243,regain,C:\GTT\EnglishDB\Words\r\regain.md
11244,regal,C:\GTT\EnglishDB\Words\r\regal.md
11245,regalia,C:\GTT\EnglishDB\Words\r\regalia.md
11246,regard,C:\GTT\EnglishDB\Words\r\regard.md
11247,regarding,C:\GTT\EnglishDB\Words\r\regarding.md
11248,regardless,C:\GTT\EnglishDB\Words\r\regardless.md
11249,regenerate,C:\GTT\EnglishDB\Words\r\regenerate.md
11250,regeneration,C:\GTT\EnglishDB\Words\r\regeneration.md
11251,regent,C:\GTT\EnglishDB\Words\r\regent.md
11252,regime,C:\GTT\EnglishDB\Words\r\regime.md
11253,regimen,C:\GTT\EnglishDB\Words\r\regimen.md
11254,regiment,C:\GTT\EnglishDB\Words\r\regiment.md
11255,region,C:\GTT\EnglishDB\Words\r\region.md
11256,regional,C:\GTT\EnglishDB\Words\r\regional.md
11257,regionally,C:\GTT\EnglishDB\Words\r\regionally.md
11258,register,C:\GTT\EnglishDB\Words\r\register.md
11259,registered,C:\GTT\EnglishDB\Words\r\registered.md
11260,registrar,C:\GTT\EnglishDB\Words\r\registrar.md
11261,registration,C:\GTT\EnglishDB\Words\r\registration.md
11262,registry,C:\GTT\EnglishDB\Words\r\registry.md
11263,regress,C:\GTT\EnglishDB\Words\r\regress.md
11264,regressive,C:\GTT\EnglishDB\Words\r\regressive.md
11265,regret,C:\GTT\EnglishDB\Words\r\regret.md
11266,regrettable,C:\GTT\EnglishDB\Words\r\regrettable.md
11267,regrettably,C:\GTT\EnglishDB\Words\r\regrettably.md
11268,regroup,C:\GTT\EnglishDB\Words\r\regroup.md
11269,regular,C:\GTT\EnglishDB\Words\r\regular.md
11270,regularity,C:\GTT\EnglishDB\Words\r\regularity.md
11271,regularly,C:\GTT\EnglishDB\Words\r\regularly.md
11272,regulate,C:\GTT\EnglishDB\Words\r\regulate.md
11273,regulation,C:\GTT\EnglishDB\Words\r\regulation.md
11274,regulator,C:\GTT\EnglishDB\Words\r\regulator.md
11275,regulatory,C:\GTT\EnglishDB\Words\r\regulatory.md
11276,rehab,C:\GTT\EnglishDB\Words\r\rehab.md
11277,rehabilitate,C:\GTT\EnglishDB\Words\r\rehabilitate.md
11278,rehabilitation,C:\GTT\EnglishDB\Words\r\rehabilitation.md
11279,rehearsal,C:\GTT\EnglishDB\Words\r\rehearsal.md
11280,rehearse,C:\GTT\EnglishDB\Words\r\rehearse.md
11281,reheat,C:\GTT\EnglishDB\Words\r\reheat.md
11282,reign,C:\GTT\EnglishDB\Words\r\reign.md
11283,reigning,C:\GTT\EnglishDB\Words\r\reigning.md
11284,reimburse,C:\GTT\EnglishDB\Words\r\reimburse.md
11285,reimbursement,C:\GTT\EnglishDB\Words\r\reimbursement.md
11286,rein,C:\GTT\EnglishDB\Words\r\rein.md
11287,reincarnation,C:\GTT\EnglishDB\Words\r\reincarnation.md
11288,reindeer,C:\GTT\EnglishDB\Words\r\reindeer.md
11289,reinforce,C:\GTT\EnglishDB\Words\r\reinforce.md
11290,reinforcement,C:\GTT\EnglishDB\Words\r\reinforcement.md
11291,reinstate,C:\GTT\EnglishDB\Words\r\reinstate.md
11292,reintroduce,C:\GTT\EnglishDB\Words\r\reintroduce.md
11293,reinvent,C:\GTT\EnglishDB\Words\r\reinvent.md
11294,reinvigorate,C:\GTT\EnglishDB\Words\r\reinvigorate.md
11295,reiterate,C:\GTT\EnglishDB\Words\r\reiterate.md
11296,reject,C:\GTT\EnglishDB\Words\r\reject.md
11297,rejection,C:\GTT\EnglishDB\Words\r\rejection.md
11298,rejoice,C:\GTT\EnglishDB\Words\r\rejoice.md
11299,rejoin,C:\GTT\EnglishDB\Words\r\rejoin.md
11300,rejuvenate,C:\GTT\EnglishDB\Words\r\rejuvenate.md
11301,rekindle,C:\GTT\EnglishDB\Words\r\rekindle.md
11302,relapse,C:\GTT\EnglishDB\Words\r\relapse.md
11303,relate,C:\GTT\EnglishDB\Words\r\relate.md
11304,related,C:\GTT\EnglishDB\Words\r\related.md
11305,relation,C:\GTT\EnglishDB\Words\r\relation.md
11306,relational,C:\GTT\EnglishDB\Words\r\relational.md
11307,relationship,C:\GTT\EnglishDB\Words\r\relationship.md
11308,relative,C:\GTT\EnglishDB\Words\r\relative.md
11309,relatively,C:\GTT\EnglishDB\Words\r\relatively.md
11310,relativism,C:\GTT\EnglishDB\Words\r\relativism.md
11311,relativity,C:\GTT\EnglishDB\Words\r\relativity.md
11312,relax,C:\GTT\EnglishDB\Words\r\relax.md
11313,relaxation,C:\GTT\EnglishDB\Words\r\relaxation.md
11314,relaxed,C:\GTT\EnglishDB\Words\r\relaxed.md
11315,relay,C:\GTT\EnglishDB\Words\r\relay.md
11316,release,C:\GTT\EnglishDB\Words\r\release.md
11317,relegate,C:\GTT\EnglishDB\Words\r\relegate.md
11318,relent,C:\GTT\EnglishDB\Words\r\relent.md
11319,relentless,C:\GTT\EnglishDB\Words\r\relentless.md
11320,relentlessly,C:\GTT\EnglishDB\Words\r\relentlessly.md
11321,relevance,C:\GTT\EnglishDB\Words\r\relevance.md
11322,relevant,C:\GTT\EnglishDB\Words\r\relevant.md
11323,reliability,C:\GTT\EnglishDB\Words\r\reliability.md
11324,reliable,C:\GTT\EnglishDB\Words\r\reliable.md
11325,reliably,C:\GTT\EnglishDB\Words\r\reliably.md
11326,reliance,C:\GTT\EnglishDB\Words\r\reliance.md
11327,reliant,C:\GTT\EnglishDB\Words\r\reliant.md
11328,relic,C:\GTT\EnglishDB\Words\r\relic.md
11329,relief,C:\GTT\EnglishDB\Words\r\relief.md
11330,relieve,C:\GTT\EnglishDB\Words\r\relieve.md
11331,relieved,C:\GTT\EnglishDB\Words\r\relieved.md
11332,reliever,C:\GTT\EnglishDB\Words\r\reliever.md
11333,religion,C:\GTT\EnglishDB\Words\r\religion.md
11334,religiosity,C:\GTT\EnglishDB\Words\r\religiosity.md
11335,religious,C:\GTT\EnglishDB\Words\r\religious.md
11336,religiously,C:\GTT\EnglishDB\Words\r\religiously.md
11337,relinquish,C:\GTT\EnglishDB\Words\r\relinquish.md
11338,relish,C:\GTT\EnglishDB\Words\r\relish.md
11339,relive,C:\GTT\EnglishDB\Words\r\relive.md
11340,reload,C:\GTT\EnglishDB\Words\r\reload.md
11341,relocate,C:\GTT\EnglishDB\Words\r\relocate.md
11342,relocation,C:\GTT\EnglishDB\Words\r\relocation.md
11343,reluctance,C:\GTT\EnglishDB\Words\r\reluctance.md
11344,reluctant,C:\GTT\EnglishDB\Words\r\reluctant.md
11345,reluctantly,C:\GTT\EnglishDB\Words\r\reluctantly.md
11346,rely,C:\GTT\EnglishDB\Words\r\rely.md
11347,remain,C:\GTT\EnglishDB\Words\r\remain.md
11348,remainder,C:\GTT\EnglishDB\Words\r\remainder.md
11349,remains,C:\GTT\EnglishDB\Words\r\remains.md
11350,remake,C:\GTT\EnglishDB\Words\r\remake.md
11351,remark,C:\GTT\EnglishDB\Words\r\remark.md
11352,remarkable,C:\GTT\EnglishDB\Words\r\remarkable.md
11353,remarkably,C:\GTT\EnglishDB\Words\r\remarkably.md
11354,remarry,C:\GTT\EnglishDB\Words\r\remarry.md
11355,rematch,C:\GTT\EnglishDB\Words\r\rematch.md
11356,remedial,C:\GTT\EnglishDB\Words\r\remedial.md
11357,remediation,C:\GTT\EnglishDB\Words\r\remediation.md
11358,remedy,C:\GTT\EnglishDB\Words\r\remedy.md
11359,remember,C:\GTT\EnglishDB\Words\r\remember.md
11360,remembrance,C:\GTT\EnglishDB\Words\r\remembrance.md
11361,remind,C:\GTT\EnglishDB\Words\r\remind.md
11362,reminder,C:\GTT\EnglishDB\Words\r\reminder.md
11363,reminisce,C:\GTT\EnglishDB\Words\r\reminisce.md
11364,reminiscence,C:\GTT\EnglishDB\Words\r\reminiscence.md
11365,reminiscent,C:\GTT\EnglishDB\Words\r\reminiscent.md
11366,remission,C:\GTT\EnglishDB\Words\r\remission.md
11367,remittance,C:\GTT\EnglishDB\Words\r\remittance.md
11368,remnant,C:\GTT\EnglishDB\Words\r\remnant.md
11369,remodel,C:\GTT\EnglishDB\Words\r\remodel.md
11370,remorse,C:\GTT\EnglishDB\Words\r\remorse.md
11371,remote,C:\GTT\EnglishDB\Words\r\remote.md
11372,remotely,C:\GTT\EnglishDB\Words\r\remotely.md
11373,removable,C:\GTT\EnglishDB\Words\r\removable.md
11374,removal,C:\GTT\EnglishDB\Words\r\removal.md
11375,remove,C:\GTT\EnglishDB\Words\r\remove.md
11376,renaissance,C:\GTT\EnglishDB\Words\r\renaissance.md
11377,renal,C:\GTT\EnglishDB\Words\r\renal.md
11378,rename,C:\GTT\EnglishDB\Words\r\rename.md
11379,render,C:\GTT\EnglishDB\Words\r\render.md
11380,rendering,C:\GTT\EnglishDB\Words\r\rendering.md
11381,rendezvous,C:\GTT\EnglishDB\Words\r\rendezvous.md
11382,rendition,C:\GTT\EnglishDB\Words\r\rendition.md
11383,renegade,C:\GTT\EnglishDB\Words\r\renegade.md
11384,renege,C:\GTT\EnglishDB\Words\r\renege.md
11385,renegotiate,C:\GTT\EnglishDB\Words\r\renegotiate.md
11386,renew,C:\GTT\EnglishDB\Words\r\renew.md
11387,renewable,C:\GTT\EnglishDB\Words\r\renewable.md
11388,renewal,C:\GTT\EnglishDB\Words\r\renewal.md
11389,renewed,C:\GTT\EnglishDB\Words\r\renewed.md
11390,renounce,C:\GTT\EnglishDB\Words\r\renounce.md
11391,renovate,C:\GTT\EnglishDB\Words\r\renovate.md
11392,renovation,C:\GTT\EnglishDB\Words\r\renovation.md
11393,renown,C:\GTT\EnglishDB\Words\r\renown.md
11394,renowned,C:\GTT\EnglishDB\Words\r\renowned.md
11395,rent,C:\GTT\EnglishDB\Words\r\rent.md
11396,rental,C:\GTT\EnglishDB\Words\r\rental.md
11397,rented,C:\GTT\EnglishDB\Words\r\rented.md
11398,renter,C:\GTT\EnglishDB\Words\r\renter.md
11399,reopen,C:\GTT\EnglishDB\Words\r\reopen.md
11400,reorganization,C:\GTT\EnglishDB\Words\r\reorganization.md
11401,reorganize,C:\GTT\EnglishDB\Words\r\reorganize.md
11402,rep,C:\GTT\EnglishDB\Words\r\rep.md
11403,repaint,C:\GTT\EnglishDB\Words\r\repaint.md
11404,repair,C:\GTT\EnglishDB\Words\r\repair.md
11405,reparation,C:\GTT\EnglishDB\Words\r\reparation.md
11406,repatriation,C:\GTT\EnglishDB\Words\r\repatriation.md
11407,repay,C:\GTT\EnglishDB\Words\r\repay.md
11408,repayment,C:\GTT\EnglishDB\Words\r\repayment.md
11409,repeal,C:\GTT\EnglishDB\Words\r\repeal.md
11410,repeat,C:\GTT\EnglishDB\Words\r\repeat.md
11411,repeated,C:\GTT\EnglishDB\Words\r\repeated.md
11412,repeatedly,C:\GTT\EnglishDB\Words\r\repeatedly.md
11413,repeating,C:\GTT\EnglishDB\Words\r\repeating.md
11414,repel,C:\GTT\EnglishDB\Words\r\repel.md
11415,repellent,C:\GTT\EnglishDB\Words\r\repellent.md
11416,repent,C:\GTT\EnglishDB\Words\r\repent.md
11417,repentance,C:\GTT\EnglishDB\Words\r\repentance.md
11418,repercussion,C:\GTT\EnglishDB\Words\r\repercussion.md
11419,repertoire,C:\GTT\EnglishDB\Words\r\repertoire.md
11420,repertory,C:\GTT\EnglishDB\Words\r\repertory.md
11421,repetition,C:\GTT\EnglishDB\Words\r\repetition.md
11422,repetitive,C:\GTT\EnglishDB\Words\r\repetitive.md
11423,replace,C:\GTT\EnglishDB\Words\r\replace.md
11424,replacement,C:\GTT\EnglishDB\Words\r\replacement.md
11425,replant,C:\GTT\EnglishDB\Words\r\replant.md
11426,replay,C:\GTT\EnglishDB\Words\r\replay.md
11427,replenish,C:\GTT\EnglishDB\Words\r\replenish.md
11428,replete,C:\GTT\EnglishDB\Words\r\replete.md
11429,replica,C:\GTT\EnglishDB\Words\r\replica.md
11430,replicate,C:\GTT\EnglishDB\Words\r\replicate.md
11431,replication,C:\GTT\EnglishDB\Words\r\replication.md
11432,reply,C:\GTT\EnglishDB\Words\r\reply.md
11433,report,C:\GTT\EnglishDB\Words\r\report.md
11434,reportedly,C:\GTT\EnglishDB\Words\r\reportedly.md
11435,reporter,C:\GTT\EnglishDB\Words\r\reporter.md
11436,reporting,C:\GTT\EnglishDB\Words\r\reporting.md
11437,repose,C:\GTT\EnglishDB\Words\r\repose.md
11438,reposition,C:\GTT\EnglishDB\Words\r\reposition.md
11439,repository,C:\GTT\EnglishDB\Words\r\repository.md
11440,reprehensible,C:\GTT\EnglishDB\Words\r\reprehensible.md
11441,represent,C:\GTT\EnglishDB\Words\r\represent.md
11442,representative,C:\GTT\EnglishDB\Words\r\representative.md
11443,repress,C:\GTT\EnglishDB\Words\r\repress.md
11444,repressed,C:\GTT\EnglishDB\Words\r\repressed.md
11445,repression,C:\GTT\EnglishDB\Words\r\repression.md
11446,repressive,C:\GTT\EnglishDB\Words\r\repressive.md
11447,reprieve,C:\GTT\EnglishDB\Words\r\reprieve.md
11448,reprimand,C:\GTT\EnglishDB\Words\r\reprimand.md
11449,reprint,C:\GTT\EnglishDB\Words\r\reprint.md
11450,reprisal,C:\GTT\EnglishDB\Words\r\reprisal.md
11451,reproach,C:\GTT\EnglishDB\Words\r\reproach.md
11452,reproduce,C:\GTT\EnglishDB\Words\r\reproduce.md
11453,reproduction,C:\GTT\EnglishDB\Words\r\reproduction.md
11454,reproductive,C:\GTT\EnglishDB\Words\r\reproductive.md
11455,reptile,C:\GTT\EnglishDB\Words\r\reptile.md
11456,republic,C:\GTT\EnglishDB\Words\r\republic.md
11457,republican,C:\GTT\EnglishDB\Words\r\republican.md
11458,repudiate,C:\GTT\EnglishDB\Words\r\repudiate.md
11459,repudiation,C:\GTT\EnglishDB\Words\r\repudiation.md
11460,repugnant,C:\GTT\EnglishDB\Words\r\repugnant.md
11461,repulse,C:\GTT\EnglishDB\Words\r\repulse.md
11462,repulsive,C:\GTT\EnglishDB\Words\r\repulsive.md
11463,reputable,C:\GTT\EnglishDB\Words\r\reputable.md
11464,reputation,C:\GTT\EnglishDB\Words\r\reputation.md
11465,repute,C:\GTT\EnglishDB\Words\r\repute.md
11466,request,C:\GTT\EnglishDB\Words\r\request.md
11467,require,C:\GTT\EnglishDB\Words\r\require.md
11468,required,C:\GTT\EnglishDB\Words\r\required.md
11469,requirement,C:\GTT\EnglishDB\Words\r\requirement.md
11470,requisite,C:\GTT\EnglishDB\Words\r\requisite.md
11471,rerun,C:\GTT\EnglishDB\Words\r\rerun.md
11472,resale,C:\GTT\EnglishDB\Words\r\resale.md
11473,reschedule,C:\GTT\EnglishDB\Words\r\reschedule.md
11474,rescind,C:\GTT\EnglishDB\Words\r\rescind.md
11475,rescue,C:\GTT\EnglishDB\Words\r\rescue.md
11476,rescuer,C:\GTT\EnglishDB\Words\r\rescuer.md
11477,research,C:\GTT\EnglishDB\Words\r\research.md
11478,researcher,C:\GTT\EnglishDB\Words\r\researcher.md
11479,resell,C:\GTT\EnglishDB\Words\r\resell.md
11480,resemblance,C:\GTT\EnglishDB\Words\r\resemblance.md
11481,resemble,C:\GTT\EnglishDB\Words\r\resemble.md
11482,resent,C:\GTT\EnglishDB\Words\r\resent.md
11483,resentful,C:\GTT\EnglishDB\Words\r\resentful.md
11484,resentment,C:\GTT\EnglishDB\Words\r\resentment.md
11485,reservation,C:\GTT\EnglishDB\Words\r\reservation.md
11486,reserve,C:\GTT\EnglishDB\Words\r\reserve.md
11487,reserved,C:\GTT\EnglishDB\Words\r\reserved.md
11488,reservist,C:\GTT\EnglishDB\Words\r\reservist.md
11489,reservoir,C:\GTT\EnglishDB\Words\r\reservoir.md
11490,reset,C:\GTT\EnglishDB\Words\r\reset.md
11491,resettle,C:\GTT\EnglishDB\Words\r\resettle.md
11492,resettlement,C:\GTT\EnglishDB\Words\r\resettlement.md
11493,reshape,C:\GTT\EnglishDB\Words\r\reshape.md
11494,reside,C:\GTT\EnglishDB\Words\r\reside.md
11495,residence,C:\GTT\EnglishDB\Words\r\residence.md
11496,residency,C:\GTT\EnglishDB\Words\r\residency.md
11497,resident,C:\GTT\EnglishDB\Words\r\resident.md
11498,residential,C:\GTT\EnglishDB\Words\r\residential.md
11499,residual,C:\GTT\EnglishDB\Words\r\residual.md
11500,residue,C:\GTT\EnglishDB\Words\r\residue.md
11501,resign,C:\GTT\EnglishDB\Words\r\resign.md
11502,resignation,C:\GTT\EnglishDB\Words\r\resignation.md
11503,resigned,C:\GTT\EnglishDB\Words\r\resigned.md
11504,resilience,C:\GTT\EnglishDB\Words\r\resilience.md
11505,resilient,C:\GTT\EnglishDB\Words\r\resilient.md
11506,resin,C:\GTT\EnglishDB\Words\r\resin.md
11507,resist,C:\GTT\EnglishDB\Words\r\resist.md
11508,resistance,C:\GTT\EnglishDB\Words\r\resistance.md
11509,resistant,C:\GTT\EnglishDB\Words\r\resistant.md
11510,resolute,C:\GTT\EnglishDB\Words\r\resolute.md
11511,resolutely,C:\GTT\EnglishDB\Words\r\resolutely.md
11512,resolution,C:\GTT\EnglishDB\Words\r\resolution.md
11513,resolve,C:\GTT\EnglishDB\Words\r\resolve.md
11514,resonance,C:\GTT\EnglishDB\Words\r\resonance.md
11515,resonant,C:\GTT\EnglishDB\Words\r\resonant.md
11516,resonate,C:\GTT\EnglishDB\Words\r\resonate.md
11517,resort,C:\GTT\EnglishDB\Words\r\resort.md
11518,resound,C:\GTT\EnglishDB\Words\r\resound.md
11519,resounding,C:\GTT\EnglishDB\Words\r\resounding.md
11520,resource,C:\GTT\EnglishDB\Words\r\resource.md
11521,resourceful,C:\GTT\EnglishDB\Words\r\resourceful.md
11522,respect,C:\GTT\EnglishDB\Words\r\respect.md
11523,respectability,C:\GTT\EnglishDB\Words\r\respectability.md
11524,respectable,C:\GTT\EnglishDB\Words\r\respectable.md
11525,respectful,C:\GTT\EnglishDB\Words\r\respectful.md
11526,respectfully,C:\GTT\EnglishDB\Words\r\respectfully.md
11527,respecting,C:\GTT\EnglishDB\Words\r\respecting.md
11528,respective,C:\GTT\EnglishDB\Words\r\respective.md
11529,respectively,C:\GTT\EnglishDB\Words\r\respectively.md
11530,respiration,C:\GTT\EnglishDB\Words\r\respiration.md
11531,respirator,C:\GTT\EnglishDB\Words\r\respirator.md
11532,respiratory,C:\GTT\EnglishDB\Words\r\respiratory.md
11533,respite,C:\GTT\EnglishDB\Words\r\respite.md
11534,respond,C:\GTT\EnglishDB\Words\r\respond.md
11535,respondent,C:\GTT\EnglishDB\Words\r\respondent.md
11536,responder,C:\GTT\EnglishDB\Words\r\responder.md
11537,response,C:\GTT\EnglishDB\Words\r\response.md
11538,responsibility,C:\GTT\EnglishDB\Words\r\responsibility.md
11539,responsible,C:\GTT\EnglishDB\Words\r\responsible.md
11540,responsive,C:\GTT\EnglishDB\Words\r\responsive.md
11541,rest,C:\GTT\EnglishDB\Words\r\rest.md
11542,restart,C:\GTT\EnglishDB\Words\r\restart.md
11543,restate,C:\GTT\EnglishDB\Words\r\restate.md
11544,restaurant,C:\GTT\EnglishDB\Words\r\restaurant.md
11545,restaurateur,C:\GTT\EnglishDB\Words\r\restaurateur.md
11546,restitution,C:\GTT\EnglishDB\Words\r\restitution.md
11547,restless,C:\GTT\EnglishDB\Words\r\restless.md
11548,restoration,C:\GTT\EnglishDB\Words\r\restoration.md
11549,restorative,C:\GTT\EnglishDB\Words\r\restorative.md
11550,restore,C:\GTT\EnglishDB\Words\r\restore.md
11551,restrain,C:\GTT\EnglishDB\Words\r\restrain.md
11552,restrained,C:\GTT\EnglishDB\Words\r\restrained.md
11553,restraining,C:\GTT\EnglishDB\Words\r\restraining.md
11554,restraint,C:\GTT\EnglishDB\Words\r\restraint.md
11555,restrict,C:\GTT\EnglishDB\Words\r\restrict.md
11556,restricted,C:\GTT\EnglishDB\Words\r\restricted.md
11557,restriction,C:\GTT\EnglishDB\Words\r\restriction.md
11558,restrictive,C:\GTT\EnglishDB\Words\r\restrictive.md
11559,restructure,C:\GTT\EnglishDB\Words\r\restructure.md
11560,result,C:\GTT\EnglishDB\Words\r\result.md
11561,resultant,C:\GTT\EnglishDB\Words\r\resultant.md
11562,resulting,C:\GTT\EnglishDB\Words\r\resulting.md
11563,resume,C:\GTT\EnglishDB\Words\r\resume.md
11564,resumption,C:\GTT\EnglishDB\Words\r\resumption.md
11565,resurface,C:\GTT\EnglishDB\Words\r\resurface.md
11566,resurgence,C:\GTT\EnglishDB\Words\r\resurgence.md
11567,resurrect,C:\GTT\EnglishDB\Words\r\resurrect.md
11568,resurrection,C:\GTT\EnglishDB\Words\r\resurrection.md
11569,resuscitate,C:\GTT\EnglishDB\Words\r\resuscitate.md
11570,retail,C:\GTT\EnglishDB\Words\r\retail.md
11571,retailer,C:\GTT\EnglishDB\Words\r\retailer.md
11572,retailing,C:\GTT\EnglishDB\Words\r\retailing.md
11573,retain,C:\GTT\EnglishDB\Words\r\retain.md
11574,retainer,C:\GTT\EnglishDB\Words\r\retainer.md
11575,retake,C:\GTT\EnglishDB\Words\r\retake.md
11576,retaliate,C:\GTT\EnglishDB\Words\r\retaliate.md
11577,retaliation,C:\GTT\EnglishDB\Words\r\retaliation.md
11578,retard,C:\GTT\EnglishDB\Words\r\retard.md
11579,retardation,C:\GTT\EnglishDB\Words\r\retardation.md
11580,retarded,C:\GTT\EnglishDB\Words\r\retarded.md
11581,retention,C:\GTT\EnglishDB\Words\r\retention.md
11582,rethink,C:\GTT\EnglishDB\Words\r\rethink.md
11583,reticence,C:\GTT\EnglishDB\Words\r\reticence.md
11584,reticent,C:\GTT\EnglishDB\Words\r\reticent.md
11585,retina,C:\GTT\EnglishDB\Words\r\retina.md
11586,retire,C:\GTT\EnglishDB\Words\r\retire.md
11587,retired,C:\GTT\EnglishDB\Words\r\retired.md
11588,retiree,C:\GTT\EnglishDB\Words\r\retiree.md
11589,retirement,C:\GTT\EnglishDB\Words\r\retirement.md
11590,retiring,C:\GTT\EnglishDB\Words\r\retiring.md
11591,retool,C:\GTT\EnglishDB\Words\r\retool.md
11592,retort,C:\GTT\EnglishDB\Words\r\retort.md
11593,retrace,C:\GTT\EnglishDB\Words\r\retrace.md
11594,retract,C:\GTT\EnglishDB\Words\r\retract.md
11595,retrain,C:\GTT\EnglishDB\Words\r\retrain.md
11596,retraining,C:\GTT\EnglishDB\Words\r\retraining.md
11597,retreat,C:\GTT\EnglishDB\Words\r\retreat.md
11598,retribution,C:\GTT\EnglishDB\Words\r\retribution.md
11599,retrieval,C:\GTT\EnglishDB\Words\r\retrieval.md
11600,retrieve,C:\GTT\EnglishDB\Words\r\retrieve.md
11601,retriever,C:\GTT\EnglishDB\Words\r\retriever.md
11602,retro,C:\GTT\EnglishDB\Words\r\retro.md
11603,retroactive,C:\GTT\EnglishDB\Words\r\retroactive.md
11604,retrofit,C:\GTT\EnglishDB\Words\r\retrofit.md
11605,retrospect,C:\GTT\EnglishDB\Words\r\retrospect.md
11606,retrospective,C:\GTT\EnglishDB\Words\r\retrospective.md
11607,return,C:\GTT\EnglishDB\Words\r\return.md
11608,reunification,C:\GTT\EnglishDB\Words\r\reunification.md
11609,reunion,C:\GTT\EnglishDB\Words\r\reunion.md
11610,reunite,C:\GTT\EnglishDB\Words\r\reunite.md
11611,reusable,C:\GTT\EnglishDB\Words\r\reusable.md
11612,reuse,C:\GTT\EnglishDB\Words\r\reuse.md
11613,rev,C:\GTT\EnglishDB\Words\r\rev.md
11614,revamp,C:\GTT\EnglishDB\Words\r\revamp.md
11615,reveal,C:\GTT\EnglishDB\Words\r\reveal.md
11616,revealing,C:\GTT\EnglishDB\Words\r\revealing.md
11617,revel,C:\GTT\EnglishDB\Words\r\revel.md
11618,revelation,C:\GTT\EnglishDB\Words\r\revelation.md
11619,reveler,C:\GTT\EnglishDB\Words\r\reveler.md
11620,revenge,C:\GTT\EnglishDB\Words\r\revenge.md
11621,revenue,C:\GTT\EnglishDB\Words\r\revenue.md
11622,reverberate,C:\GTT\EnglishDB\Words\r\reverberate.md
11623,revere,C:\GTT\EnglishDB\Words\r\revere.md
11624,reverence,C:\GTT\EnglishDB\Words\r\reverence.md
11625,reverend,C:\GTT\EnglishDB\Words\r\reverend.md
11626,reverie,C:\GTT\EnglishDB\Words\r\reverie.md
11627,reversal,C:\GTT\EnglishDB\Words\r\reversal.md
11628,reverse,C:\GTT\EnglishDB\Words\r\reverse.md
11629,reversible,C:\GTT\EnglishDB\Words\r\reversible.md
11630,revert,C:\GTT\EnglishDB\Words\r\revert.md
11631,review,C:\GTT\EnglishDB\Words\r\review.md
11632,reviewer,C:\GTT\EnglishDB\Words\r\reviewer.md
11633,revise,C:\GTT\EnglishDB\Words\r\revise.md
11634,revision,C:\GTT\EnglishDB\Words\r\revision.md
11635,revisionist,C:\GTT\EnglishDB\Words\r\revisionist.md
11636,revisit,C:\GTT\EnglishDB\Words\r\revisit.md
11637,revitalization,C:\GTT\EnglishDB\Words\r\revitalization.md
11638,revitalize,C:\GTT\EnglishDB\Words\r\revitalize.md
11639,revival,C:\GTT\EnglishDB\Words\r\revival.md
11640,revive,C:\GTT\EnglishDB\Words\r\revive.md
11641,revoke,C:\GTT\EnglishDB\Words\r\revoke.md
11642,revolt,C:\GTT\EnglishDB\Words\r\revolt.md
11643,revolution,C:\GTT\EnglishDB\Words\r\revolution.md
11644,revolutionary,C:\GTT\EnglishDB\Words\r\revolutionary.md
11645,revolutionize,C:\GTT\EnglishDB\Words\r\revolutionize.md
11646,revolve,C:\GTT\EnglishDB\Words\r\revolve.md
11647,revolver,C:\GTT\EnglishDB\Words\r\revolver.md
11648,revolving,C:\GTT\EnglishDB\Words\r\revolving.md
11649,revulsion,C:\GTT\EnglishDB\Words\r\revulsion.md
11650,reward,C:\GTT\EnglishDB\Words\r\reward.md
11651,rewarding,C:\GTT\EnglishDB\Words\r\rewarding.md
11652,rework,C:\GTT\EnglishDB\Words\r\rework.md
11653,rewrite,C:\GTT\EnglishDB\Words\r\rewrite.md
11654,rhetoric,C:\GTT\EnglishDB\Words\r\rhetoric.md
11655,rhetorical,C:\GTT\EnglishDB\Words\r\rhetorical.md
11656,rhetorically,C:\GTT\EnglishDB\Words\r\rhetorically.md
11657,rheumatoid,C:\GTT\EnglishDB\Words\r\rheumatoid.md
11658,rhino,C:\GTT\EnglishDB\Words\r\rhino.md
11659,rhododendron,C:\GTT\EnglishDB\Words\r\rhododendron.md
11660,rhubarb,C:\GTT\EnglishDB\Words\r\rhubarb.md
11661,rhyme,C:\GTT\EnglishDB\Words\r\rhyme.md
11662,rhythm,C:\GTT\EnglishDB\Words\r\rhythm.md
11663,rhythmic,C:\GTT\EnglishDB\Words\r\rhythmic.md
11664,rhythmically,C:\GTT\EnglishDB\Words\r\rhythmically.md
11665,ribbon,C:\GTT\EnglishDB\Words\r\ribbon.md
11666,rice,C:\GTT\EnglishDB\Words\r\rice.md
11667,rich,C:\GTT\EnglishDB\Words\r\rich.md
11668,riches,C:\GTT\EnglishDB\Words\r\riches.md
11669,richly,C:\GTT\EnglishDB\Words\r\richly.md
11670,richness,C:\GTT\EnglishDB\Words\r\richness.md
11671,rickety,C:\GTT\EnglishDB\Words\r\rickety.md
11672,ricochet,C:\GTT\EnglishDB\Words\r\ricochet.md
11673,rid,C:\GTT\EnglishDB\Words\r\rid.md
11674,riddle,C:\GTT\EnglishDB\Words\r\riddle.md
11675,ride,C:\GTT\EnglishDB\Words\r\ride.md
11676,rider,C:\GTT\EnglishDB\Words\r\rider.md
11677,ridge,C:\GTT\EnglishDB\Words\r\ridge.md
11678,ridicule,C:\GTT\EnglishDB\Words\r\ridicule.md
11679,ridiculous,C:\GTT\EnglishDB\Words\r\ridiculous.md
11680,ridiculously,C:\GTT\EnglishDB\Words\r\ridiculously.md
11681,riding,C:\GTT\EnglishDB\Words\r\riding.md
11682,rife,C:\GTT\EnglishDB\Words\r\rife.md
11683,riff,C:\GTT\EnglishDB\Words\r\riff.md
11684,rifle,C:\GTT\EnglishDB\Words\r\rifle.md
11685,rift,C:\GTT\EnglishDB\Words\r\rift.md
11686,rig,C:\GTT\EnglishDB\Words\r\rig.md
11687,rigging,C:\GTT\EnglishDB\Words\r\rigging.md
11688,right,C:\GTT\EnglishDB\Words\r\right.md
11689,righteous,C:\GTT\EnglishDB\Words\r\righteous.md
11690,righteousness,C:\GTT\EnglishDB\Words\r\righteousness.md
11691,rightful,C:\GTT\EnglishDB\Words\r\rightful.md
11692,rightfully,C:\GTT\EnglishDB\Words\r\rightfully.md
11693,rightly,C:\GTT\EnglishDB\Words\r\rightly.md
11694,rigid,C:\GTT\EnglishDB\Words\r\rigid.md
11695,rigidity,C:\GTT\EnglishDB\Words\r\rigidity.md
11696,rigidly,C:\GTT\EnglishDB\Words\r\rigidly.md
11697,rigor,C:\GTT\EnglishDB\Words\r\rigor.md
11698,rigorous,C:\GTT\EnglishDB\Words\r\rigorous.md
11699,rigorously,C:\GTT\EnglishDB\Words\r\rigorously.md
11700,rile,C:\GTT\EnglishDB\Words\r\rile.md
11701,rim,C:\GTT\EnglishDB\Words\r\rim.md
11702,rind,C:\GTT\EnglishDB\Words\r\rind.md
11703,ring,C:\GTT\EnglishDB\Words\r\ring.md
11704,ringer,C:\GTT\EnglishDB\Words\r\ringer.md
11705,ringing,C:\GTT\EnglishDB\Words\r\ringing.md
11706,rink,C:\GTT\EnglishDB\Words\r\rink.md
11707,rinse,C:\GTT\EnglishDB\Words\r\rinse.md
11708,riot,C:\GTT\EnglishDB\Words\r\riot.md
11709,rip,C:\GTT\EnglishDB\Words\r\rip.md
11710,riparian,C:\GTT\EnglishDB\Words\r\riparian.md
11711,ripe,C:\GTT\EnglishDB\Words\r\ripe.md
11712,ripen,C:\GTT\EnglishDB\Words\r\ripen.md
11713,ripped,C:\GTT\EnglishDB\Words\r\ripped.md
11714,ripple,C:\GTT\EnglishDB\Words\r\ripple.md
11715,rippling,C:\GTT\EnglishDB\Words\r\rippling.md
11716,rise,C:\GTT\EnglishDB\Words\r\rise.md
11717,riser,C:\GTT\EnglishDB\Words\r\riser.md
11718,rising,C:\GTT\EnglishDB\Words\r\rising.md
11719,risk,C:\GTT\EnglishDB\Words\r\risk.md
11720,risky,C:\GTT\EnglishDB\Words\r\risky.md
11721,risotto,C:\GTT\EnglishDB\Words\r\risotto.md
11722,rite,C:\GTT\EnglishDB\Words\r\rite.md
11723,ritual,C:\GTT\EnglishDB\Words\r\ritual.md
11724,rival,C:\GTT\EnglishDB\Words\r\rival.md
11725,rivalry,C:\GTT\EnglishDB\Words\r\rivalry.md
11726,river,C:\GTT\EnglishDB\Words\r\river.md
11727,riverbank,C:\GTT\EnglishDB\Words\r\riverbank.md
11728,riverboat,C:\GTT\EnglishDB\Words\r\riverboat.md
11729,rivet,C:\GTT\EnglishDB\Words\r\rivet.md
11730,roach,C:\GTT\EnglishDB\Words\r\roach.md
11731,road,C:\GTT\EnglishDB\Words\r\road.md
11732,roadblock,C:\GTT\EnglishDB\Words\r\roadblock.md
11733,roadside,C:\GTT\EnglishDB\Words\r\roadside.md
11734,roadway,C:\GTT\EnglishDB\Words\r\roadway.md
11735,roam,C:\GTT\EnglishDB\Words\r\roam.md
11736,roar,C:\GTT\EnglishDB\Words\r\roar.md
11737,roaring,C:\GTT\EnglishDB\Words\r\roaring.md
11738,roast,C:\GTT\EnglishDB\Words\r\roast.md
11739,rob,C:\GTT\EnglishDB\Words\r\rob.md
11740,robber,C:\GTT\EnglishDB\Words\r\robber.md
11741,robbery,C:\GTT\EnglishDB\Words\r\robbery.md
11742,robe,C:\GTT\EnglishDB\Words\r\robe.md
11743,robin,C:\GTT\EnglishDB\Words\r\robin.md
11744,robot,C:\GTT\EnglishDB\Words\r\robot.md
11745,robotics,C:\GTT\EnglishDB\Words\r\robotics.md
11746,robust,C:\GTT\EnglishDB\Words\r\robust.md
11747,rock,C:\GTT\EnglishDB\Words\r\rock.md
11748,rocker,C:\GTT\EnglishDB\Words\r\rocker.md
11749,rocket,C:\GTT\EnglishDB\Words\r\rocket.md
11750,rockfish,C:\GTT\EnglishDB\Words\r\rockfish.md
11751,rocking,C:\GTT\EnglishDB\Words\r\rocking.md
11752,rocky,C:\GTT\EnglishDB\Words\r\rocky.md
11753,rod,C:\GTT\EnglishDB\Words\r\rod.md
11754,rodent,C:\GTT\EnglishDB\Words\r\rodent.md
11755,rodeo,C:\GTT\EnglishDB\Words\r\rodeo.md
11756,rogue,C:\GTT\EnglishDB\Words\r\rogue.md
11757,roil,C:\GTT\EnglishDB\Words\r\roil.md
11758,role,C:\GTT\EnglishDB\Words\r\role.md
11759,roll,C:\GTT\EnglishDB\Words\r\roll.md
11760,rolled,C:\GTT\EnglishDB\Words\r\rolled.md
11761,roller,C:\GTT\EnglishDB\Words\r\roller.md
11762,rolling,C:\GTT\EnglishDB\Words\r\rolling.md
11763,romance,C:\GTT\EnglishDB\Words\r\romance.md
11764,romantic,C:\GTT\EnglishDB\Words\r\romantic.md
11765,romantically,C:\GTT\EnglishDB\Words\r\romantically.md
11766,romanticism,C:\GTT\EnglishDB\Words\r\romanticism.md
11767,romanticize,C:\GTT\EnglishDB\Words\r\romanticize.md
11768,roof,C:\GTT\EnglishDB\Words\r\roof.md
11769,roofing,C:\GTT\EnglishDB\Words\r\roofing.md
11770,rooftop,C:\GTT\EnglishDB\Words\r\rooftop.md
11771,rookie,C:\GTT\EnglishDB\Words\r\rookie.md
11772,room,C:\GTT\EnglishDB\Words\r\room.md
11773,roommate,C:\GTT\EnglishDB\Words\r\roommate.md
11774,roomy,C:\GTT\EnglishDB\Words\r\roomy.md
11775,roost,C:\GTT\EnglishDB\Words\r\roost.md
11776,rooster,C:\GTT\EnglishDB\Words\r\rooster.md
11777,root,C:\GTT\EnglishDB\Words\r\root.md
11778,rooted,C:\GTT\EnglishDB\Words\r\rooted.md
11779,rope,C:\GTT\EnglishDB\Words\r\rope.md
11780,rosary,C:\GTT\EnglishDB\Words\r\rosary.md
11781,rose,C:\GTT\EnglishDB\Words\r\rose.md
11782,rosemary,C:\GTT\EnglishDB\Words\r\rosemary.md
11783,roster,C:\GTT\EnglishDB\Words\r\roster.md
11784,rosy,C:\GTT\EnglishDB\Words\r\rosy.md
11785,rot,C:\GTT\EnglishDB\Words\r\rot.md
11786,rotary,C:\GTT\EnglishDB\Words\r\rotary.md
11787,rotate,C:\GTT\EnglishDB\Words\r\rotate.md
11788,rotation,C:\GTT\EnglishDB\Words\r\rotation.md
11789,rote,C:\GTT\EnglishDB\Words\r\rote.md
11790,rotor,C:\GTT\EnglishDB\Words\r\rotor.md
11791,rotten,C:\GTT\EnglishDB\Words\r\rotten.md
11792,rough,C:\GTT\EnglishDB\Words\r\rough.md
11793,roughly,C:\GTT\EnglishDB\Words\r\roughly.md
11794,roulette,C:\GTT\EnglishDB\Words\r\roulette.md
11795,round,C:\GTT\EnglishDB\Words\r\round.md
11796,rounded,C:\GTT\EnglishDB\Words\r\rounded.md
11797,roundup,C:\GTT\EnglishDB\Words\r\roundup.md
11798,rouse,C:\GTT\EnglishDB\Words\r\rouse.md
11799,rousing,C:\GTT\EnglishDB\Words\r\rousing.md
11800,rout,C:\GTT\EnglishDB\Words\r\rout.md
11801,route,C:\GTT\EnglishDB\Words\r\route.md
11802,router,C:\GTT\EnglishDB\Words\r\router.md
11803,routine,C:\GTT\EnglishDB\Words\r\routine.md
11804,routinely,C:\GTT\EnglishDB\Words\r\routinely.md
11805,rove,C:\GTT\EnglishDB\Words\r\rove.md
11806,rover,C:\GTT\EnglishDB\Words\r\rover.md
11807,roving,C:\GTT\EnglishDB\Words\r\roving.md
11808,row,C:\GTT\EnglishDB\Words\r\row.md
11809,rowdy,C:\GTT\EnglishDB\Words\r\rowdy.md
11810,rowing,C:\GTT\EnglishDB\Words\r\rowing.md
11811,royal,C:\GTT\EnglishDB\Words\r\royal.md
11812,royalty,C:\GTT\EnglishDB\Words\r\royalty.md
11813,rub,C:\GTT\EnglishDB\Words\r\rub.md
11814,rubber,C:\GTT\EnglishDB\Words\r\rubber.md
11815,rubbery,C:\GTT\EnglishDB\Words\r\rubbery.md
11816,rubbish,C:\GTT\EnglishDB\Words\r\rubbish.md
11817,rubble,C:\GTT\EnglishDB\Words\r\rubble.md
11818,rubric,C:\GTT\EnglishDB\Words\r\rubric.md
11819,ruby,C:\GTT\EnglishDB\Words\r\ruby.md
11820,rudder,C:\GTT\EnglishDB\Words\r\rudder.md
11821,ruddy,C:\GTT\EnglishDB\Words\r\ruddy.md
11822,rude,C:\GTT\EnglishDB\Words\r\rude.md
11823,rudely,C:\GTT\EnglishDB\Words\r\rudely.md
11824,rudimentary,C:\GTT\EnglishDB\Words\r\rudimentary.md
11825,ruefully,C:\GTT\EnglishDB\Words\r\ruefully.md
11826,ruffle,C:\GTT\EnglishDB\Words\r\ruffle.md
11827,rug,C:\GTT\EnglishDB\Words\r\rug.md
11828,rugby,C:\GTT\EnglishDB\Words\r\rugby.md
11829,rugged,C:\GTT\EnglishDB\Words\r\rugged.md
11830,ruin,C:\GTT\EnglishDB\Words\r\ruin.md
11831,ruined,C:\GTT\EnglishDB\Words\r\ruined.md
11832,rule,C:\GTT\EnglishDB\Words\r\rule.md
11833,ruler,C:\GTT\EnglishDB\Words\r\ruler.md
11834,ruling,C:\GTT\EnglishDB\Words\r\ruling.md
11835,rum,C:\GTT\EnglishDB\Words\r\rum.md
11836,rumble,C:\GTT\EnglishDB\Words\r\rumble.md
11837,rumbling,C:\GTT\EnglishDB\Words\r\rumbling.md
11838,rummage,C:\GTT\EnglishDB\Words\r\rummage.md
11839,rumor,C:\GTT\EnglishDB\Words\r\rumor.md
11840,rump,C:\GTT\EnglishDB\Words\r\rump.md
11841,run,C:\GTT\EnglishDB\Words\r\run.md
11842,runaway,C:\GTT\EnglishDB\Words\r\runaway.md
11843,rung,C:\GTT\EnglishDB\Words\r\rung.md
11844,runner,C:\GTT\EnglishDB\Words\r\runner.md
11845,running,C:\GTT\EnglishDB\Words\r\running.md
11846,runny,C:\GTT\EnglishDB\Words\r\runny.md
11847,runoff,C:\GTT\EnglishDB\Words\r\runoff.md
11848,runway,C:\GTT\EnglishDB\Words\r\runway.md
11849,rupture,C:\GTT\EnglishDB\Words\r\rupture.md
11850,rural,C:\GTT\EnglishDB\Words\r\rural.md
11851,ruse,C:\GTT\EnglishDB\Words\r\ruse.md
11852,rush,C:\GTT\EnglishDB\Words\r\rush.md
11853,rushing,C:\GTT\EnglishDB\Words\r\rushing.md
11854,rust,C:\GTT\EnglishDB\Words\r\rust.md
11855,rustic,C:\GTT\EnglishDB\Words\r\rustic.md
11856,rustle,C:\GTT\EnglishDB\Words\r\rustle.md
11857,rusty,C:\GTT\EnglishDB\Words\r\rusty.md
11858,rut,C:\GTT\EnglishDB\Words\r\rut.md
11859,ruthless,C:\GTT\EnglishDB\Words\r\ruthless.md
11860,ruthlessly,C:\GTT\EnglishDB\Words\r\ruthlessly.md
11861,rye,C:\GTT\EnglishDB\Words\r\rye.md
11862,sabbatical,C:\GTT\EnglishDB\Words\s\sabbatical.md
11863,saber,C:\GTT\EnglishDB\Words\s\saber.md
11864,sabotage,C:\GTT\EnglishDB\Words\s\sabotage.md
11865,sac,C:\GTT\EnglishDB\Words\s\sac.md
11866,sack,C:\GTT\EnglishDB\Words\s\sack.md
11867,sacrament,C:\GTT\EnglishDB\Words\s\sacrament.md
11868,sacramental,C:\GTT\EnglishDB\Words\s\sacramental.md
11869,sacred,C:\GTT\EnglishDB\Words\s\sacred.md
11870,sacrifice,C:\GTT\EnglishDB\Words\s\sacrifice.md
11871,sacrificial,C:\GTT\EnglishDB\Words\s\sacrificial.md
11872,sad,C:\GTT\EnglishDB\Words\s\sad.md
11873,sadden,C:\GTT\EnglishDB\Words\s\sadden.md
11874,saddle,C:\GTT\EnglishDB\Words\s\saddle.md
11875,sadistic,C:\GTT\EnglishDB\Words\s\sadistic.md
11876,sadly,C:\GTT\EnglishDB\Words\s\sadly.md
11877,sadness,C:\GTT\EnglishDB\Words\s\sadness.md
11878,safari,C:\GTT\EnglishDB\Words\s\safari.md
11879,safe,C:\GTT\EnglishDB\Words\s\safe.md
11880,safeguard,C:\GTT\EnglishDB\Words\s\safeguard.md
11881,safely,C:\GTT\EnglishDB\Words\s\safely.md
11882,safety,C:\GTT\EnglishDB\Words\s\safety.md
11883,saffron,C:\GTT\EnglishDB\Words\s\saffron.md
11884,sag,C:\GTT\EnglishDB\Words\s\sag.md
11885,saga,C:\GTT\EnglishDB\Words\s\saga.md
11886,sage,C:\GTT\EnglishDB\Words\s\sage.md
11887,sagebrush,C:\GTT\EnglishDB\Words\s\sagebrush.md
11888,said,C:\GTT\EnglishDB\Words\s\said.md
11889,sail,C:\GTT\EnglishDB\Words\s\sail.md
11890,sailboat,C:\GTT\EnglishDB\Words\s\sailboat.md
11891,sailing,C:\GTT\EnglishDB\Words\s\sailing.md
11892,sailor,C:\GTT\EnglishDB\Words\s\sailor.md
11893,saint,C:\GTT\EnglishDB\Words\s\saint.md
11894,sake,C:\GTT\EnglishDB\Words\s\sake.md
11895,salad,C:\GTT\EnglishDB\Words\s\salad.md
11896,salamander,C:\GTT\EnglishDB\Words\s\salamander.md
11897,salami,C:\GTT\EnglishDB\Words\s\salami.md
11898,salaried,C:\GTT\EnglishDB\Words\s\salaried.md
11899,salary,C:\GTT\EnglishDB\Words\s\salary.md
11900,sale,C:\GTT\EnglishDB\Words\s\sale.md
11901,salesman,C:\GTT\EnglishDB\Words\s\salesman.md
11902,salespeople,C:\GTT\EnglishDB\Words\s\salespeople.md
11903,salesperson,C:\GTT\EnglishDB\Words\s\salesperson.md
11904,salience,C:\GTT\EnglishDB\Words\s\salience.md
11905,salient,C:\GTT\EnglishDB\Words\s\salient.md
11906,saline,C:\GTT\EnglishDB\Words\s\saline.md
11907,salinity,C:\GTT\EnglishDB\Words\s\salinity.md
11908,saliva,C:\GTT\EnglishDB\Words\s\saliva.md
11909,salmon,C:\GTT\EnglishDB\Words\s\salmon.md
11910,salmonella,C:\GTT\EnglishDB\Words\s\salmonella.md
11911,salon,C:\GTT\EnglishDB\Words\s\salon.md
11912,saloon,C:\GTT\EnglishDB\Words\s\saloon.md
11913,salt,C:\GTT\EnglishDB\Words\s\salt.md
11914,salted,C:\GTT\EnglishDB\Words\s\salted.md
11915,saltwater,C:\GTT\EnglishDB\Words\s\saltwater.md
11916,salty,C:\GTT\EnglishDB\Words\s\salty.md
11917,salute,C:\GTT\EnglishDB\Words\s\salute.md
11918,salvage,C:\GTT\EnglishDB\Words\s\salvage.md
11919,salvation,C:\GTT\EnglishDB\Words\s\salvation.md
11920,same,C:\GTT\EnglishDB\Words\s\same.md
11921,sameness,C:\GTT\EnglishDB\Words\s\sameness.md
11922,sample,C:\GTT\EnglishDB\Words\s\sample.md
11923,sampler,C:\GTT\EnglishDB\Words\s\sampler.md
11924,sampling,C:\GTT\EnglishDB\Words\s\sampling.md
11925,sanction,C:\GTT\EnglishDB\Words\s\sanction.md
11926,sanctity,C:\GTT\EnglishDB\Words\s\sanctity.md
11927,sanctuary,C:\GTT\EnglishDB\Words\s\sanctuary.md
11928,sand,C:\GTT\EnglishDB\Words\s\sand.md
11929,sandal,C:\GTT\EnglishDB\Words\s\sandal.md
11930,sandbag,C:\GTT\EnglishDB\Words\s\sandbag.md
11931,sandbox,C:\GTT\EnglishDB\Words\s\sandbox.md
11932,sandpaper,C:\GTT\EnglishDB\Words\s\sandpaper.md
11933,sandstone,C:\GTT\EnglishDB\Words\s\sandstone.md
11934,sandwich,C:\GTT\EnglishDB\Words\s\sandwich.md
11935,sandy,C:\GTT\EnglishDB\Words\s\sandy.md
11936,sane,C:\GTT\EnglishDB\Words\s\sane.md
11937,sanguine,C:\GTT\EnglishDB\Words\s\sanguine.md
11938,sanitary,C:\GTT\EnglishDB\Words\s\sanitary.md
11939,sanitation,C:\GTT\EnglishDB\Words\s\sanitation.md
11940,sanity,C:\GTT\EnglishDB\Words\s\sanity.md
11941,sap,C:\GTT\EnglishDB\Words\s\sap.md
11942,sapling,C:\GTT\EnglishDB\Words\s\sapling.md
11943,sapphire,C:\GTT\EnglishDB\Words\s\sapphire.md
11944,sarcasm,C:\GTT\EnglishDB\Words\s\sarcasm.md
11945,sarcastic,C:\GTT\EnglishDB\Words\s\sarcastic.md
11946,sarcastically,C:\GTT\EnglishDB\Words\s\sarcastically.md
11947,sardine,C:\GTT\EnglishDB\Words\s\sardine.md
11948,sardonic,C:\GTT\EnglishDB\Words\s\sardonic.md
11949,sari,C:\GTT\EnglishDB\Words\s\sari.md
11950,sash,C:\GTT\EnglishDB\Words\s\sash.md
11951,sassy,C:\GTT\EnglishDB\Words\s\sassy.md
11952,satanic,C:\GTT\EnglishDB\Words\s\satanic.md
11953,satchel,C:\GTT\EnglishDB\Words\s\satchel.md
11954,satellite,C:\GTT\EnglishDB\Words\s\satellite.md
11955,satin,C:\GTT\EnglishDB\Words\s\satin.md
11956,satire,C:\GTT\EnglishDB\Words\s\satire.md
11957,satirical,C:\GTT\EnglishDB\Words\s\satirical.md
11958,satisfaction,C:\GTT\EnglishDB\Words\s\satisfaction.md
11959,satisfactorily,C:\GTT\EnglishDB\Words\s\satisfactorily.md
11960,satisfactory,C:\GTT\EnglishDB\Words\s\satisfactory.md
11961,satisfied,C:\GTT\EnglishDB\Words\s\satisfied.md
11962,satisfy,C:\GTT\EnglishDB\Words\s\satisfy.md
11963,satisfying,C:\GTT\EnglishDB\Words\s\satisfying.md
11964,saturate,C:\GTT\EnglishDB\Words\s\saturate.md
11965,saturated,C:\GTT\EnglishDB\Words\s\saturated.md
11966,saturation,C:\GTT\EnglishDB\Words\s\saturation.md
11967,sauce,C:\GTT\EnglishDB\Words\s\sauce.md
11968,saucepan,C:\GTT\EnglishDB\Words\s\saucepan.md
11969,saucer,C:\GTT\EnglishDB\Words\s\saucer.md
11970,sauna,C:\GTT\EnglishDB\Words\s\sauna.md
11971,saunter,C:\GTT\EnglishDB\Words\s\saunter.md
11972,sausage,C:\GTT\EnglishDB\Words\s\sausage.md
11973,savage,C:\GTT\EnglishDB\Words\s\savage.md
11974,savagely,C:\GTT\EnglishDB\Words\s\savagely.md
11975,savagery,C:\GTT\EnglishDB\Words\s\savagery.md
11976,savanna,C:\GTT\EnglishDB\Words\s\savanna.md
11977,save,C:\GTT\EnglishDB\Words\s\save.md
11978,saver,C:\GTT\EnglishDB\Words\s\saver.md
11979,saving,C:\GTT\EnglishDB\Words\s\saving.md
11980,savior,C:\GTT\EnglishDB\Words\s\savior.md
11981,savor,C:\GTT\EnglishDB\Words\s\savor.md
11982,savory,C:\GTT\EnglishDB\Words\s\savory.md
11983,savvy,C:\GTT\EnglishDB\Words\s\savvy.md
11984,saw,C:\GTT\EnglishDB\Words\s\saw.md
11985,sawdust,C:\GTT\EnglishDB\Words\s\sawdust.md
11986,sax,C:\GTT\EnglishDB\Words\s\sax.md
11987,saxophone,C:\GTT\EnglishDB\Words\s\saxophone.md
11988,say,C:\GTT\EnglishDB\Words\s\say.md
11989,saying,C:\GTT\EnglishDB\Words\s\saying.md
11990,scab,C:\GTT\EnglishDB\Words\s\scab.md
11991,scaffold,C:\GTT\EnglishDB\Words\s\scaffold.md
11992,scaffolding,C:\GTT\EnglishDB\Words\s\scaffolding.md
11993,scale,C:\GTT\EnglishDB\Words\s\scale.md
11994,scaling,C:\GTT\EnglishDB\Words\s\scaling.md
11995,scallop,C:\GTT\EnglishDB\Words\s\scallop.md
11996,scalp,C:\GTT\EnglishDB\Words\s\scalp.md
11997,scalpel,C:\GTT\EnglishDB\Words\s\scalpel.md
11998,scam,C:\GTT\EnglishDB\Words\s\scam.md
11999,scamper,C:\GTT\EnglishDB\Words\s\scamper.md
12000,scan,C:\GTT\EnglishDB\Words\s\scan.md
12001,scandal,C:\GTT\EnglishDB\Words\s\scandal.md
12002,scandalous,C:\GTT\EnglishDB\Words\s\scandalous.md
12003,scanner,C:\GTT\EnglishDB\Words\s\scanner.md
12004,scanning,C:\GTT\EnglishDB\Words\s\scanning.md
12005,scant,C:\GTT\EnglishDB\Words\s\scant.md
12006,scapegoat,C:\GTT\EnglishDB\Words\s\scapegoat.md
12007,scar,C:\GTT\EnglishDB\Words\s\scar.md
12008,scarce,C:\GTT\EnglishDB\Words\s\scarce.md
12009,scarcely,C:\GTT\EnglishDB\Words\s\scarcely.md
12010,scarcity,C:\GTT\EnglishDB\Words\s\scarcity.md
12011,scare,C:\GTT\EnglishDB\Words\s\scare.md
12012,scarecrow,C:\GTT\EnglishDB\Words\s\scarecrow.md
12013,scared,C:\GTT\EnglishDB\Words\s\scared.md
12014,scarf,C:\GTT\EnglishDB\Words\s\scarf.md
12015,scarlet,C:\GTT\EnglishDB\Words\s\scarlet.md
12016,scary,C:\GTT\EnglishDB\Words\s\scary.md
12017,scathing,C:\GTT\EnglishDB\Words\s\scathing.md
12018,scatter,C:\GTT\EnglishDB\Words\s\scatter.md
12019,scattered,C:\GTT\EnglishDB\Words\s\scattered.md
12020,scattering,C:\GTT\EnglishDB\Words\s\scattering.md
12021,scavenge,C:\GTT\EnglishDB\Words\s\scavenge.md
12022,scavenger,C:\GTT\EnglishDB\Words\s\scavenger.md
12023,scenario,C:\GTT\EnglishDB\Words\s\scenario.md
12024,scene,C:\GTT\EnglishDB\Words\s\scene.md
12025,scenery,C:\GTT\EnglishDB\Words\s\scenery.md
12026,scenic,C:\GTT\EnglishDB\Words\s\scenic.md
12027,scent,C:\GTT\EnglishDB\Words\s\scent.md
12028,scented,C:\GTT\EnglishDB\Words\s\scented.md
12029,schedule,C:\GTT\EnglishDB\Words\s\schedule.md
12030,scheduled,C:\GTT\EnglishDB\Words\s\scheduled.md
12031,scheduling,C:\GTT\EnglishDB\Words\s\scheduling.md
12032,schema,C:\GTT\EnglishDB\Words\s\schema.md
12033,schematic,C:\GTT\EnglishDB\Words\s\schematic.md
12034,scheme,C:\GTT\EnglishDB\Words\s\scheme.md
12035,schism,C:\GTT\EnglishDB\Words\s\schism.md
12036,schizophrenia,C:\GTT\EnglishDB\Words\s\schizophrenia.md
12037,scholar,C:\GTT\EnglishDB\Words\s\scholar.md
12038,scholarly,C:\GTT\EnglishDB\Words\s\scholarly.md
12039,scholarship,C:\GTT\EnglishDB\Words\s\scholarship.md
12040,scholastic,C:\GTT\EnglishDB\Words\s\scholastic.md
12041,school,C:\GTT\EnglishDB\Words\s\school.md
12042,schoolboy,C:\GTT\EnglishDB\Words\s\schoolboy.md
12043,schoolchild,C:\GTT\EnglishDB\Words\s\schoolchild.md
12044,schoolgirl,C:\GTT\EnglishDB\Words\s\schoolgirl.md
12045,schoolhouse,C:\GTT\EnglishDB\Words\s\schoolhouse.md
12046,schooling,C:\GTT\EnglishDB\Words\s\schooling.md
12047,schoolmate,C:\GTT\EnglishDB\Words\s\schoolmate.md
12048,schoolteacher,C:\GTT\EnglishDB\Words\s\schoolteacher.md
12049,schoolwork,C:\GTT\EnglishDB\Words\s\schoolwork.md
12050,schoolyard,C:\GTT\EnglishDB\Words\s\schoolyard.md
12051,schooner,C:\GTT\EnglishDB\Words\s\schooner.md
12052,science,C:\GTT\EnglishDB\Words\s\science.md
12053,scientific,C:\GTT\EnglishDB\Words\s\scientific.md
12054,scientifically,C:\GTT\EnglishDB\Words\s\scientifically.md
12055,scientist,C:\GTT\EnglishDB\Words\s\scientist.md
12056,scissors,C:\GTT\EnglishDB\Words\s\scissors.md
12057,sclerosis,C:\GTT\EnglishDB\Words\s\sclerosis.md
12058,scoff,C:\GTT\EnglishDB\Words\s\scoff.md
12059,scold,C:\GTT\EnglishDB\Words\s\scold.md
12060,scoop,C:\GTT\EnglishDB\Words\s\scoop.md
12061,scoot,C:\GTT\EnglishDB\Words\s\scoot.md
12062,scooter,C:\GTT\EnglishDB\Words\s\scooter.md
12063,scope,C:\GTT\EnglishDB\Words\s\scope.md
12064,scorch,C:\GTT\EnglishDB\Words\s\scorch.md
12065,score,C:\GTT\EnglishDB\Words\s\score.md
12066,scoreboard,C:\GTT\EnglishDB\Words\s\scoreboard.md
12067,scorecard,C:\GTT\EnglishDB\Words\s\scorecard.md
12068,scorer,C:\GTT\EnglishDB\Words\s\scorer.md
12069,scoring,C:\GTT\EnglishDB\Words\s\scoring.md
12070,scorn,C:\GTT\EnglishDB\Words\s\scorn.md
12071,scorpion,C:\GTT\EnglishDB\Words\s\scorpion.md
12072,scotch,C:\GTT\EnglishDB\Words\s\scotch.md
12073,scoundrel,C:\GTT\EnglishDB\Words\s\scoundrel.md
12074,scour,C:\GTT\EnglishDB\Words\s\scour.md
12075,scourge,C:\GTT\EnglishDB\Words\s\scourge.md
12076,scout,C:\GTT\EnglishDB\Words\s\scout.md
12077,scowl,C:\GTT\EnglishDB\Words\s\scowl.md
12078,scramble,C:\GTT\EnglishDB\Words\s\scramble.md
12079,scrap,C:\GTT\EnglishDB\Words\s\scrap.md
12080,scrapbook,C:\GTT\EnglishDB\Words\s\scrapbook.md
12081,scrape,C:\GTT\EnglishDB\Words\s\scrape.md
12082,scratch,C:\GTT\EnglishDB\Words\s\scratch.md
12083,scratchy,C:\GTT\EnglishDB\Words\s\scratchy.md
12084,scrawl,C:\GTT\EnglishDB\Words\s\scrawl.md
12085,scrawny,C:\GTT\EnglishDB\Words\s\scrawny.md
12086,scream,C:\GTT\EnglishDB\Words\s\scream.md
12087,screaming,C:\GTT\EnglishDB\Words\s\screaming.md
12088,screech,C:\GTT\EnglishDB\Words\s\screech.md
12089,screen,C:\GTT\EnglishDB\Words\s\screen.md
12090,screening,C:\GTT\EnglishDB\Words\s\screening.md
12091,screenplay,C:\GTT\EnglishDB\Words\s\screenplay.md
12092,screenwriter,C:\GTT\EnglishDB\Words\s\screenwriter.md
12093,screw,C:\GTT\EnglishDB\Words\s\screw.md
12094,screwdriver,C:\GTT\EnglishDB\Words\s\screwdriver.md
12095,scribble,C:\GTT\EnglishDB\Words\s\scribble.md
12096,scribe,C:\GTT\EnglishDB\Words\s\scribe.md
12097,scrimmage,C:\GTT\EnglishDB\Words\s\scrimmage.md
12098,script,C:\GTT\EnglishDB\Words\s\script.md
12099,scriptural,C:\GTT\EnglishDB\Words\s\scriptural.md
12100,scripture,C:\GTT\EnglishDB\Words\s\scripture.md
12101,scroll,C:\GTT\EnglishDB\Words\s\scroll.md
12102,scrub,C:\GTT\EnglishDB\Words\s\scrub.md
12103,scruffy,C:\GTT\EnglishDB\Words\s\scruffy.md
12104,scrunch,C:\GTT\EnglishDB\Words\s\scrunch.md
12105,scrutinize,C:\GTT\EnglishDB\Words\s\scrutinize.md
12106,scrutiny,C:\GTT\EnglishDB\Words\s\scrutiny.md
12107,scuba,C:\GTT\EnglishDB\Words\s\scuba.md
12108,scuff,C:\GTT\EnglishDB\Words\s\scuff.md
12109,scuffle,C:\GTT\EnglishDB\Words\s\scuffle.md
12110,sculpt,C:\GTT\EnglishDB\Words\s\sculpt.md
12111,sculptor,C:\GTT\EnglishDB\Words\s\sculptor.md
12112,sculptural,C:\GTT\EnglishDB\Words\s\sculptural.md
12113,sculpture,C:\GTT\EnglishDB\Words\s\sculpture.md
12114,scum,C:\GTT\EnglishDB\Words\s\scum.md
12115,scurry,C:\GTT\EnglishDB\Words\s\scurry.md
12116,scuttle,C:\GTT\EnglishDB\Words\s\scuttle.md
12117,sea,C:\GTT\EnglishDB\Words\s\sea.md
12118,seafood,C:\GTT\EnglishDB\Words\s\seafood.md
12119,seagull,C:\GTT\EnglishDB\Words\s\seagull.md
12120,seal,C:\GTT\EnglishDB\Words\s\seal.md
12121,sealed,C:\GTT\EnglishDB\Words\s\sealed.md
12122,seam,C:\GTT\EnglishDB\Words\s\seam.md
12123,seaman,C:\GTT\EnglishDB\Words\s\seaman.md
12124,seamless,C:\GTT\EnglishDB\Words\s\seamless.md
12125,seamstress,C:\GTT\EnglishDB\Words\s\seamstress.md
12126,sear,C:\GTT\EnglishDB\Words\s\sear.md
12127,search,C:\GTT\EnglishDB\Words\s\search.md
12128,searcher,C:\GTT\EnglishDB\Words\s\searcher.md
12129,seaside,C:\GTT\EnglishDB\Words\s\seaside.md
12130,season,C:\GTT\EnglishDB\Words\s\season.md
12131,seasonal,C:\GTT\EnglishDB\Words\s\seasonal.md
12132,seasoned,C:\GTT\EnglishDB\Words\s\seasoned.md
12133,seasoning,C:\GTT\EnglishDB\Words\s\seasoning.md
12134,seat,C:\GTT\EnglishDB\Words\s\seat.md
12135,seated,C:\GTT\EnglishDB\Words\s\seated.md
12136,seating,C:\GTT\EnglishDB\Words\s\seating.md
12137,seawater,C:\GTT\EnglishDB\Words\s\seawater.md
12138,seaweed,C:\GTT\EnglishDB\Words\s\seaweed.md
12139,secede,C:\GTT\EnglishDB\Words\s\secede.md
12140,secession,C:\GTT\EnglishDB\Words\s\secession.md
12141,secluded,C:\GTT\EnglishDB\Words\s\secluded.md
12142,seclusion,C:\GTT\EnglishDB\Words\s\seclusion.md
12143,second,C:\GTT\EnglishDB\Words\s\second.md
12144,secondary,C:\GTT\EnglishDB\Words\s\secondary.md
12145,secondly,C:\GTT\EnglishDB\Words\s\secondly.md
12146,secrecy,C:\GTT\EnglishDB\Words\s\secrecy.md
12147,secret,C:\GTT\EnglishDB\Words\s\secret.md
12148,secretary,C:\GTT\EnglishDB\Words\s\secretary.md
12149,secrete,C:\GTT\EnglishDB\Words\s\secrete.md
12150,secretion,C:\GTT\EnglishDB\Words\s\secretion.md
12151,secretive,C:\GTT\EnglishDB\Words\s\secretive.md
12152,secretly,C:\GTT\EnglishDB\Words\s\secretly.md
12153,sect,C:\GTT\EnglishDB\Words\s\sect.md
12154,sectarian,C:\GTT\EnglishDB\Words\s\sectarian.md
12155,section,C:\GTT\EnglishDB\Words\s\section.md
12156,sectional,C:\GTT\EnglishDB\Words\s\sectional.md
12157,sector,C:\GTT\EnglishDB\Words\s\sector.md
12158,secular,C:\GTT\EnglishDB\Words\s\secular.md
12159,secularism,C:\GTT\EnglishDB\Words\s\secularism.md
12160,secure,C:\GTT\EnglishDB\Words\s\secure.md
12161,securely,C:\GTT\EnglishDB\Words\s\securely.md
12162,security,C:\GTT\EnglishDB\Words\s\security.md
12163,sedan,C:\GTT\EnglishDB\Words\s\sedan.md
12164,sedative,C:\GTT\EnglishDB\Words\s\sedative.md
12165,sedentary,C:\GTT\EnglishDB\Words\s\sedentary.md
12166,sediment,C:\GTT\EnglishDB\Words\s\sediment.md
12167,seduce,C:\GTT\EnglishDB\Words\s\seduce.md
12168,seduction,C:\GTT\EnglishDB\Words\s\seduction.md
12169,seductive,C:\GTT\EnglishDB\Words\s\seductive.md
12170,see,C:\GTT\EnglishDB\Words\s\see.md
12171,seed,C:\GTT\EnglishDB\Words\s\seed.md
12172,seedling,C:\GTT\EnglishDB\Words\s\seedling.md
12173,seedy,C:\GTT\EnglishDB\Words\s\seedy.md
12174,seeing,C:\GTT\EnglishDB\Words\s\seeing.md
12175,seek,C:\GTT\EnglishDB\Words\s\seek.md
12176,seeker,C:\GTT\EnglishDB\Words\s\seeker.md
12177,seem,C:\GTT\EnglishDB\Words\s\seem.md
12178,seeming,C:\GTT\EnglishDB\Words\s\seeming.md
12179,seemingly,C:\GTT\EnglishDB\Words\s\seemingly.md
12180,seep,C:\GTT\EnglishDB\Words\s\seep.md
12181,seer,C:\GTT\EnglishDB\Words\s\seer.md
12182,seethe,C:\GTT\EnglishDB\Words\s\seethe.md
12183,segment,C:\GTT\EnglishDB\Words\s\segment.md
12184,segregate,C:\GTT\EnglishDB\Words\s\segregate.md
12185,segregation,C:\GTT\EnglishDB\Words\s\segregation.md
12186,seismic,C:\GTT\EnglishDB\Words\s\seismic.md
12187,seize,C:\GTT\EnglishDB\Words\s\seize.md
12188,seizure,C:\GTT\EnglishDB\Words\s\seizure.md
12189,seldom,C:\GTT\EnglishDB\Words\s\seldom.md
12190,select,C:\GTT\EnglishDB\Words\s\select.md
12191,selected,C:\GTT\EnglishDB\Words\s\selected.md
12192,selection,C:\GTT\EnglishDB\Words\s\selection.md
12193,selective,C:\GTT\EnglishDB\Words\s\selective.md
12194,self,C:\GTT\EnglishDB\Words\s\self.md
12195,selfish,C:\GTT\EnglishDB\Words\s\selfish.md
12196,selfishness,C:\GTT\EnglishDB\Words\s\selfishness.md
12197,selfless,C:\GTT\EnglishDB\Words\s\selfless.md
12198,sell,C:\GTT\EnglishDB\Words\s\sell.md
12199,seller,C:\GTT\EnglishDB\Words\s\seller.md
12200,selling,C:\GTT\EnglishDB\Words\s\selling.md
12201,semantic,C:\GTT\EnglishDB\Words\s\semantic.md
12202,semantics,C:\GTT\EnglishDB\Words\s\semantics.md
12203,semblance,C:\GTT\EnglishDB\Words\s\semblance.md
12204,semen,C:\GTT\EnglishDB\Words\s\semen.md
12205,semester,C:\GTT\EnglishDB\Words\s\semester.md
12206,semiconductor,C:\GTT\EnglishDB\Words\s\semiconductor.md
12207,semifinal,C:\GTT\EnglishDB\Words\s\semifinal.md
12208,seminal,C:\GTT\EnglishDB\Words\s\seminal.md
12209,seminar,C:\GTT\EnglishDB\Words\s\seminar.md
12210,seminary,C:\GTT\EnglishDB\Words\s\seminary.md
12211,senator,C:\GTT\EnglishDB\Words\s\senator.md
12212,senatorial,C:\GTT\EnglishDB\Words\s\senatorial.md
12213,send,C:\GTT\EnglishDB\Words\s\send.md
12214,sender,C:\GTT\EnglishDB\Words\s\sender.md
12215,senior,C:\GTT\EnglishDB\Words\s\senior.md
12216,seniority,C:\GTT\EnglishDB\Words\s\seniority.md
12217,sensation,C:\GTT\EnglishDB\Words\s\sensation.md
12218,sensational,C:\GTT\EnglishDB\Words\s\sensational.md
12219,sense,C:\GTT\EnglishDB\Words\s\sense.md
12220,senseless,C:\GTT\EnglishDB\Words\s\senseless.md
12221,sensibility,C:\GTT\EnglishDB\Words\s\sensibility.md
12222,sensible,C:\GTT\EnglishDB\Words\s\sensible.md
12223,sensibly,C:\GTT\EnglishDB\Words\s\sensibly.md
12224,sensitive,C:\GTT\EnglishDB\Words\s\sensitive.md
12225,sensitivity,C:\GTT\EnglishDB\Words\s\sensitivity.md
12226,sensor,C:\GTT\EnglishDB\Words\s\sensor.md
12227,sensory,C:\GTT\EnglishDB\Words\s\sensory.md
12228,sensual,C:\GTT\EnglishDB\Words\s\sensual.md
12229,sensuality,C:\GTT\EnglishDB\Words\s\sensuality.md
12230,sensuous,C:\GTT\EnglishDB\Words\s\sensuous.md
12231,sentence,C:\GTT\EnglishDB\Words\s\sentence.md
12232,sentient,C:\GTT\EnglishDB\Words\s\sentient.md
12233,sentiment,C:\GTT\EnglishDB\Words\s\sentiment.md
12234,sentimental,C:\GTT\EnglishDB\Words\s\sentimental.md
12235,sentimentality,C:\GTT\EnglishDB\Words\s\sentimentality.md
12236,sentry,C:\GTT\EnglishDB\Words\s\sentry.md
12237,separate,C:\GTT\EnglishDB\Words\s\separate.md
12238,separately,C:\GTT\EnglishDB\Words\s\separately.md
12239,separation,C:\GTT\EnglishDB\Words\s\separation.md
12240,separatist,C:\GTT\EnglishDB\Words\s\separatist.md
12241,septic,C:\GTT\EnglishDB\Words\s\septic.md
12242,sequel,C:\GTT\EnglishDB\Words\s\sequel.md
12243,sequence,C:\GTT\EnglishDB\Words\s\sequence.md
12244,sequential,C:\GTT\EnglishDB\Words\s\sequential.md
12245,sequester,C:\GTT\EnglishDB\Words\s\sequester.md
12246,sequin,C:\GTT\EnglishDB\Words\s\sequin.md
12247,serene,C:\GTT\EnglishDB\Words\s\serene.md
12248,serenity,C:\GTT\EnglishDB\Words\s\serenity.md
12249,sergeant,C:\GTT\EnglishDB\Words\s\sergeant.md
12250,serial,C:\GTT\EnglishDB\Words\s\serial.md
12251,series,C:\GTT\EnglishDB\Words\s\series.md
12252,serious,C:\GTT\EnglishDB\Words\s\serious.md
12253,seriously,C:\GTT\EnglishDB\Words\s\seriously.md
12254,seriousness,C:\GTT\EnglishDB\Words\s\seriousness.md
12255,sermon,C:\GTT\EnglishDB\Words\s\sermon.md
12256,serotonin,C:\GTT\EnglishDB\Words\s\serotonin.md
12257,serpent,C:\GTT\EnglishDB\Words\s\serpent.md
12258,serum,C:\GTT\EnglishDB\Words\s\serum.md
12259,servant,C:\GTT\EnglishDB\Words\s\servant.md
12260,serve,C:\GTT\EnglishDB\Words\s\serve.md
12261,server,C:\GTT\EnglishDB\Words\s\server.md
12262,service,C:\GTT\EnglishDB\Words\s\service.md
12263,serviceman,C:\GTT\EnglishDB\Words\s\serviceman.md
12264,serving,C:\GTT\EnglishDB\Words\s\serving.md
12265,servitude,C:\GTT\EnglishDB\Words\s\servitude.md
12266,sesame,C:\GTT\EnglishDB\Words\s\sesame.md
12267,session,C:\GTT\EnglishDB\Words\s\session.md
12268,set,C:\GTT\EnglishDB\Words\s\set.md
12269,setback,C:\GTT\EnglishDB\Words\s\setback.md
12270,settee,C:\GTT\EnglishDB\Words\s\settee.md
12271,setting,C:\GTT\EnglishDB\Words\s\setting.md
12272,settle,C:\GTT\EnglishDB\Words\s\settle.md
12273,settled,C:\GTT\EnglishDB\Words\s\settled.md
12274,settlement,C:\GTT\EnglishDB\Words\s\settlement.md
12275,settler,C:\GTT\EnglishDB\Words\s\settler.md
12276,setup,C:\GTT\EnglishDB\Words\s\setup.md
12277,seven,C:\GTT\EnglishDB\Words\s\seven.md
12278,seventeen,C:\GTT\EnglishDB\Words\s\seventeen.md
12279,seventeenth,C:\GTT\EnglishDB\Words\s\seventeenth.md
12280,seventh,C:\GTT\EnglishDB\Words\s\seventh.md
12281,seventy,C:\GTT\EnglishDB\Words\s\seventy.md
12282,sever,C:\GTT\EnglishDB\Words\s\sever.md
12283,several,C:\GTT\EnglishDB\Words\s\several.md
12284,severance,C:\GTT\EnglishDB\Words\s\severance.md
12285,severe,C:\GTT\EnglishDB\Words\s\severe.md
12286,severely,C:\GTT\EnglishDB\Words\s\severely.md
12287,severity,C:\GTT\EnglishDB\Words\s\severity.md
12288,sew,C:\GTT\EnglishDB\Words\s\sew.md
12289,sewage,C:\GTT\EnglishDB\Words\s\sewage.md
12290,sewer,C:\GTT\EnglishDB\Words\s\sewer.md
12291,sewing,C:\GTT\EnglishDB\Words\s\sewing.md
12292,sex,C:\GTT\EnglishDB\Words\s\sex.md
12293,sexism,C:\GTT\EnglishDB\Words\s\sexism.md
12294,sexist,C:\GTT\EnglishDB\Words\s\sexist.md
12295,sexual,C:\GTT\EnglishDB\Words\s\sexual.md
12296,sexuality,C:\GTT\EnglishDB\Words\s\sexuality.md
12297,sexually,C:\GTT\EnglishDB\Words\s\sexually.md
12298,sexy,C:\GTT\EnglishDB\Words\s\sexy.md
12299,shabby,C:\GTT\EnglishDB\Words\s\shabby.md
12300,shack,C:\GTT\EnglishDB\Words\s\shack.md
12301,shackle,C:\GTT\EnglishDB\Words\s\shackle.md
12302,shade,C:\GTT\EnglishDB\Words\s\shade.md
12303,shadow,C:\GTT\EnglishDB\Words\s\shadow.md
12304,shadowy,C:\GTT\EnglishDB\Words\s\shadowy.md
12305,shady,C:\GTT\EnglishDB\Words\s\shady.md
12306,shaft,C:\GTT\EnglishDB\Words\s\shaft.md
12307,shaggy,C:\GTT\EnglishDB\Words\s\shaggy.md
12308,shake,C:\GTT\EnglishDB\Words\s\shake.md
12309,shaker,C:\GTT\EnglishDB\Words\s\shaker.md
12310,shaking,C:\GTT\EnglishDB\Words\s\shaking.md
12311,shaky,C:\GTT\EnglishDB\Words\s\shaky.md
12312,shale,C:\GTT\EnglishDB\Words\s\shale.md
12313,shall,C:\GTT\EnglishDB\Words\s\shall.md
12314,shallot,C:\GTT\EnglishDB\Words\s\shallot.md
12315,shallow,C:\GTT\EnglishDB\Words\s\shallow.md
12316,sham,C:\GTT\EnglishDB\Words\s\sham.md
12317,shaman,C:\GTT\EnglishDB\Words\s\shaman.md
12318,shambles,C:\GTT\EnglishDB\Words\s\shambles.md
12319,shame,C:\GTT\EnglishDB\Words\s\shame.md
12320,shameful,C:\GTT\EnglishDB\Words\s\shameful.md
12321,shameless,C:\GTT\EnglishDB\Words\s\shameless.md
12322,shamelessly,C:\GTT\EnglishDB\Words\s\shamelessly.md
12323,shampoo,C:\GTT\EnglishDB\Words\s\shampoo.md
12324,shank,C:\GTT\EnglishDB\Words\s\shank.md
12325,shanty,C:\GTT\EnglishDB\Words\s\shanty.md
12326,shape,C:\GTT\EnglishDB\Words\s\shape.md
12327,shaped,C:\GTT\EnglishDB\Words\s\shaped.md
12328,shapely,C:\GTT\EnglishDB\Words\s\shapely.md
12329,shard,C:\GTT\EnglishDB\Words\s\shard.md
12330,share,C:\GTT\EnglishDB\Words\s\share.md
12331,shareholder,C:\GTT\EnglishDB\Words\s\shareholder.md
12332,shark,C:\GTT\EnglishDB\Words\s\shark.md
12333,sharp,C:\GTT\EnglishDB\Words\s\sharp.md
12334,sharpen,C:\GTT\EnglishDB\Words\s\sharpen.md
12335,sharply,C:\GTT\EnglishDB\Words\s\sharply.md
12336,sharpness,C:\GTT\EnglishDB\Words\s\sharpness.md
12337,shatter,C:\GTT\EnglishDB\Words\s\shatter.md
12338,shave,C:\GTT\EnglishDB\Words\s\shave.md
12339,shaving,C:\GTT\EnglishDB\Words\s\shaving.md
12340,shawl,C:\GTT\EnglishDB\Words\s\shawl.md
12341,she,C:\GTT\EnglishDB\Words\s\she.md
12342,sheaf,C:\GTT\EnglishDB\Words\s\sheaf.md
12343,shear,C:\GTT\EnglishDB\Words\s\shear.md
12344,sheath,C:\GTT\EnglishDB\Words\s\sheath.md
12345,sheathe,C:\GTT\EnglishDB\Words\s\sheathe.md
12346,shed,C:\GTT\EnglishDB\Words\s\shed.md
12347,sheen,C:\GTT\EnglishDB\Words\s\sheen.md
12348,sheep,C:\GTT\EnglishDB\Words\s\sheep.md
12349,sheepishly,C:\GTT\EnglishDB\Words\s\sheepishly.md
12350,sheer,C:\GTT\EnglishDB\Words\s\sheer.md
12351,sheet,C:\GTT\EnglishDB\Words\s\sheet.md
12352,shelf,C:\GTT\EnglishDB\Words\s\shelf.md
12353,shell,C:\GTT\EnglishDB\Words\s\shell.md
12354,shellfish,C:\GTT\EnglishDB\Words\s\shellfish.md
12355,shelter,C:\GTT\EnglishDB\Words\s\shelter.md
12356,shelve,C:\GTT\EnglishDB\Words\s\shelve.md
12357,shepherd,C:\GTT\EnglishDB\Words\s\shepherd.md
12358,sheriff,C:\GTT\EnglishDB\Words\s\sheriff.md
12359,sherry,C:\GTT\EnglishDB\Words\s\sherry.md
12360,shh,C:\GTT\EnglishDB\Words\s\shh.md
12361,shield,C:\GTT\EnglishDB\Words\s\shield.md
12362,shift,C:\GTT\EnglishDB\Words\s\shift.md
12363,shifting,C:\GTT\EnglishDB\Words\s\shifting.md
12364,shimmer,C:\GTT\EnglishDB\Words\s\shimmer.md
12365,shin,C:\GTT\EnglishDB\Words\s\shin.md
12366,shine,C:\GTT\EnglishDB\Words\s\shine.md
12367,shingle,C:\GTT\EnglishDB\Words\s\shingle.md
12368,shining,C:\GTT\EnglishDB\Words\s\shining.md
12369,shiny,C:\GTT\EnglishDB\Words\s\shiny.md
12370,ship,C:\GTT\EnglishDB\Words\s\ship.md
12371,shipment,C:\GTT\EnglishDB\Words\s\shipment.md
12372,shipping,C:\GTT\EnglishDB\Words\s\shipping.md
12373,shipwreck,C:\GTT\EnglishDB\Words\s\shipwreck.md
12374,shipyard,C:\GTT\EnglishDB\Words\s\shipyard.md
12375,shirt,C:\GTT\EnglishDB\Words\s\shirt.md
12376,shit,C:\GTT\EnglishDB\Words\s\shit.md
12377,shiver,C:\GTT\EnglishDB\Words\s\shiver.md
12378,shock,C:\GTT\EnglishDB\Words\s\shock.md
12379,shocked,C:\GTT\EnglishDB\Words\s\shocked.md
12380,shocking,C:\GTT\EnglishDB\Words\s\shocking.md
12381,shockingly,C:\GTT\EnglishDB\Words\s\shockingly.md
12382,shoddy,C:\GTT\EnglishDB\Words\s\shoddy.md
12383,shoe,C:\GTT\EnglishDB\Words\s\shoe.md
12384,shoot,C:\GTT\EnglishDB\Words\s\shoot.md
12385,shooter,C:\GTT\EnglishDB\Words\s\shooter.md
12386,shooting,C:\GTT\EnglishDB\Words\s\shooting.md
12387,shop,C:\GTT\EnglishDB\Words\s\shop.md
12388,shopkeeper,C:\GTT\EnglishDB\Words\s\shopkeeper.md
12389,shoplifting,C:\GTT\EnglishDB\Words\s\shoplifting.md
12390,shopper,C:\GTT\EnglishDB\Words\s\shopper.md
12391,shopping,C:\GTT\EnglishDB\Words\s\shopping.md
12392,shore,C:\GTT\EnglishDB\Words\s\shore.md
12393,shoreline,C:\GTT\EnglishDB\Words\s\shoreline.md
12394,short,C:\GTT\EnglishDB\Words\s\short.md
12395,shortage,C:\GTT\EnglishDB\Words\s\shortage.md
12396,shortcoming,C:\GTT\EnglishDB\Words\s\shortcoming.md
12397,shortcut,C:\GTT\EnglishDB\Words\s\shortcut.md
12398,shorten,C:\GTT\EnglishDB\Words\s\shorten.md
12399,shortfall,C:\GTT\EnglishDB\Words\s\shortfall.md
12400,shorthand,C:\GTT\EnglishDB\Words\s\shorthand.md
12401,shortly,C:\GTT\EnglishDB\Words\s\shortly.md
12402,shortness,C:\GTT\EnglishDB\Words\s\shortness.md
12403,shorts,C:\GTT\EnglishDB\Words\s\shorts.md
12404,shortstop,C:\GTT\EnglishDB\Words\s\shortstop.md
12405,shot,C:\GTT\EnglishDB\Words\s\shot.md
12406,shotgun,C:\GTT\EnglishDB\Words\s\shotgun.md
12407,should,C:\GTT\EnglishDB\Words\s\should.md
12408,shoulder,C:\GTT\EnglishDB\Words\s\shoulder.md
12409,shout,C:\GTT\EnglishDB\Words\s\shout.md
12410,shouting,C:\GTT\EnglishDB\Words\s\shouting.md
12411,shove,C:\GTT\EnglishDB\Words\s\shove.md
12412,shovel,C:\GTT\EnglishDB\Words\s\shovel.md
12413,show,C:\GTT\EnglishDB\Words\s\show.md
12414,showcase,C:\GTT\EnglishDB\Words\s\showcase.md
12415,showdown,C:\GTT\EnglishDB\Words\s\showdown.md
12416,shower,C:\GTT\EnglishDB\Words\s\shower.md
12417,showing,C:\GTT\EnglishDB\Words\s\showing.md
12418,showroom,C:\GTT\EnglishDB\Words\s\showroom.md
12419,showy,C:\GTT\EnglishDB\Words\s\showy.md
12420,shrapnel,C:\GTT\EnglishDB\Words\s\shrapnel.md
12421,shred,C:\GTT\EnglishDB\Words\s\shred.md
12422,shrewd,C:\GTT\EnglishDB\Words\s\shrewd.md
12423,shriek,C:\GTT\EnglishDB\Words\s\shriek.md
12424,shrill,C:\GTT\EnglishDB\Words\s\shrill.md
12425,shrimp,C:\GTT\EnglishDB\Words\s\shrimp.md
12426,shrine,C:\GTT\EnglishDB\Words\s\shrine.md
12427,shrink,C:\GTT\EnglishDB\Words\s\shrink.md
12428,shrivel,C:\GTT\EnglishDB\Words\s\shrivel.md
12429,shroud,C:\GTT\EnglishDB\Words\s\shroud.md
12430,shrub,C:\GTT\EnglishDB\Words\s\shrub.md
12431,shrug,C:\GTT\EnglishDB\Words\s\shrug.md
12432,shudder,C:\GTT\EnglishDB\Words\s\shudder.md
12433,shuffle,C:\GTT\EnglishDB\Words\s\shuffle.md
12434,shun,C:\GTT\EnglishDB\Words\s\shun.md
12435,shunt,C:\GTT\EnglishDB\Words\s\shunt.md
12436,shut,C:\GTT\EnglishDB\Words\s\shut.md
12437,shutdown,C:\GTT\EnglishDB\Words\s\shutdown.md
12438,shutout,C:\GTT\EnglishDB\Words\s\shutout.md
12439,shutter,C:\GTT\EnglishDB\Words\s\shutter.md
12440,shuttle,C:\GTT\EnglishDB\Words\s\shuttle.md
12441,shy,C:\GTT\EnglishDB\Words\s\shy.md
12442,shyly,C:\GTT\EnglishDB\Words\s\shyly.md
12443,shyness,C:\GTT\EnglishDB\Words\s\shyness.md
12444,sibling,C:\GTT\EnglishDB\Words\s\sibling.md
12445,sic,C:\GTT\EnglishDB\Words\s\sic.md
12446,sick,C:\GTT\EnglishDB\Words\s\sick.md
12447,sicken,C:\GTT\EnglishDB\Words\s\sicken.md
12448,sickening,C:\GTT\EnglishDB\Words\s\sickening.md
12449,sickle,C:\GTT\EnglishDB\Words\s\sickle.md
12450,sickly,C:\GTT\EnglishDB\Words\s\sickly.md
12451,sickness,C:\GTT\EnglishDB\Words\s\sickness.md
12452,side,C:\GTT\EnglishDB\Words\s\side.md
12453,sidebar,C:\GTT\EnglishDB\Words\s\sidebar.md
12454,sideboard,C:\GTT\EnglishDB\Words\s\sideboard.md
12455,sidekick,C:\GTT\EnglishDB\Words\s\sidekick.md
12456,sideline,C:\GTT\EnglishDB\Words\s\sideline.md
12457,sideshow,C:\GTT\EnglishDB\Words\s\sideshow.md
12458,sidestep,C:\GTT\EnglishDB\Words\s\sidestep.md
12459,sidewalk,C:\GTT\EnglishDB\Words\s\sidewalk.md
12460,sideways,C:\GTT\EnglishDB\Words\s\sideways.md
12461,siding,C:\GTT\EnglishDB\Words\s\siding.md
12462,sidle,C:\GTT\EnglishDB\Words\s\sidle.md
12463,siege,C:\GTT\EnglishDB\Words\s\siege.md
12464,sieve,C:\GTT\EnglishDB\Words\s\sieve.md
12465,sift,C:\GTT\EnglishDB\Words\s\sift.md
12466,sigh,C:\GTT\EnglishDB\Words\s\sigh.md
12467,sight,C:\GTT\EnglishDB\Words\s\sight.md
12468,sightseeing,C:\GTT\EnglishDB\Words\s\sightseeing.md
12469,sign,C:\GTT\EnglishDB\Words\s\sign.md
12470,signal,C:\GTT\EnglishDB\Words\s\signal.md
12471,signatory,C:\GTT\EnglishDB\Words\s\signatory.md
12472,signature,C:\GTT\EnglishDB\Words\s\signature.md
12473,signed,C:\GTT\EnglishDB\Words\s\signed.md
12474,significance,C:\GTT\EnglishDB\Words\s\significance.md
12475,significant,C:\GTT\EnglishDB\Words\s\significant.md
12476,significantly,C:\GTT\EnglishDB\Words\s\significantly.md
12477,signify,C:\GTT\EnglishDB\Words\s\signify.md
12478,silence,C:\GTT\EnglishDB\Words\s\silence.md
12479,silent,C:\GTT\EnglishDB\Words\s\silent.md
12480,silently,C:\GTT\EnglishDB\Words\s\silently.md
12481,silhouette,C:\GTT\EnglishDB\Words\s\silhouette.md
12482,silicon,C:\GTT\EnglishDB\Words\s\silicon.md
12483,silicone,C:\GTT\EnglishDB\Words\s\silicone.md
12484,silk,C:\GTT\EnglishDB\Words\s\silk.md
12485,silken,C:\GTT\EnglishDB\Words\s\silken.md
12486,silky,C:\GTT\EnglishDB\Words\s\silky.md
12487,sill,C:\GTT\EnglishDB\Words\s\sill.md
12488,silly,C:\GTT\EnglishDB\Words\s\silly.md
12489,silo,C:\GTT\EnglishDB\Words\s\silo.md
12490,silt,C:\GTT\EnglishDB\Words\s\silt.md
12491,silver,C:\GTT\EnglishDB\Words\s\silver.md
12492,silverware,C:\GTT\EnglishDB\Words\s\silverware.md
12493,silvery,C:\GTT\EnglishDB\Words\s\silvery.md
12494,similar,C:\GTT\EnglishDB\Words\s\similar.md
12495,similarity,C:\GTT\EnglishDB\Words\s\similarity.md
12496,similarly,C:\GTT\EnglishDB\Words\s\similarly.md
12497,simmer,C:\GTT\EnglishDB\Words\s\simmer.md
12498,simple,C:\GTT\EnglishDB\Words\s\simple.md
12499,simplicity,C:\GTT\EnglishDB\Words\s\simplicity.md
12500,simplification,C:\GTT\EnglishDB\Words\s\simplification.md
12501,simplify,C:\GTT\EnglishDB\Words\s\simplify.md
12502,simplistic,C:\GTT\EnglishDB\Words\s\simplistic.md
12503,simply,C:\GTT\EnglishDB\Words\s\simply.md
12504,simulate,C:\GTT\EnglishDB\Words\s\simulate.md
12505,simulation,C:\GTT\EnglishDB\Words\s\simulation.md
12506,simulator,C:\GTT\EnglishDB\Words\s\simulator.md
12507,simultaneous,C:\GTT\EnglishDB\Words\s\simultaneous.md
12508,simultaneously,C:\GTT\EnglishDB\Words\s\simultaneously.md
12509,sin,C:\GTT\EnglishDB\Words\s\sin.md
12510,since,C:\GTT\EnglishDB\Words\s\since.md
12511,sincere,C:\GTT\EnglishDB\Words\s\sincere.md
12512,sincerely,C:\GTT\EnglishDB\Words\s\sincerely.md
12513,sincerity,C:\GTT\EnglishDB\Words\s\sincerity.md
12514,sinful,C:\GTT\EnglishDB\Words\s\sinful.md
12515,sing,C:\GTT\EnglishDB\Words\s\sing.md
12516,singer,C:\GTT\EnglishDB\Words\s\singer.md
12517,singing,C:\GTT\EnglishDB\Words\s\singing.md
12518,single,C:\GTT\EnglishDB\Words\s\single.md
12519,singular,C:\GTT\EnglishDB\Words\s\singular.md
12520,singularity,C:\GTT\EnglishDB\Words\s\singularity.md
12521,singularly,C:\GTT\EnglishDB\Words\s\singularly.md
12522,sinister,C:\GTT\EnglishDB\Words\s\sinister.md
12523,sink,C:\GTT\EnglishDB\Words\s\sink.md
12524,sinking,C:\GTT\EnglishDB\Words\s\sinking.md
12525,sinner,C:\GTT\EnglishDB\Words\s\sinner.md
12526,sinus,C:\GTT\EnglishDB\Words\s\sinus.md
12527,siphon,C:\GTT\EnglishDB\Words\s\siphon.md
12528,sir,C:\GTT\EnglishDB\Words\s\sir.md
12529,siren,C:\GTT\EnglishDB\Words\s\siren.md
12530,sister,C:\GTT\EnglishDB\Words\s\sister.md
12531,sit,C:\GTT\EnglishDB\Words\s\sit.md
12532,sitcom,C:\GTT\EnglishDB\Words\s\sitcom.md
12533,site,C:\GTT\EnglishDB\Words\s\site.md
12534,sitter,C:\GTT\EnglishDB\Words\s\sitter.md
12535,sitting,C:\GTT\EnglishDB\Words\s\sitting.md
12536,situate,C:\GTT\EnglishDB\Words\s\situate.md
12537,situation,C:\GTT\EnglishDB\Words\s\situation.md
12538,six,C:\GTT\EnglishDB\Words\s\six.md
12539,sixteen,C:\GTT\EnglishDB\Words\s\sixteen.md
12540,sixteenth,C:\GTT\EnglishDB\Words\s\sixteenth.md
12541,sixth,C:\GTT\EnglishDB\Words\s\sixth.md
12542,sixty,C:\GTT\EnglishDB\Words\s\sixty.md
12543,sizable,C:\GTT\EnglishDB\Words\s\sizable.md
12544,size,C:\GTT\EnglishDB\Words\s\size.md
12545,sizeable,C:\GTT\EnglishDB\Words\s\sizeable.md
12546,sizzle,C:\GTT\EnglishDB\Words\s\sizzle.md
12547,skate,C:\GTT\EnglishDB\Words\s\skate.md
12548,skateboard,C:\GTT\EnglishDB\Words\s\skateboard.md
12549,skater,C:\GTT\EnglishDB\Words\s\skater.md
12550,skating,C:\GTT\EnglishDB\Words\s\skating.md
12551,skeletal,C:\GTT\EnglishDB\Words\s\skeletal.md
12552,skeleton,C:\GTT\EnglishDB\Words\s\skeleton.md
12553,skeptic,C:\GTT\EnglishDB\Words\s\skeptic.md
12554,skeptical,C:\GTT\EnglishDB\Words\s\skeptical.md
12555,skepticism,C:\GTT\EnglishDB\Words\s\skepticism.md
12556,sketch,C:\GTT\EnglishDB\Words\s\sketch.md
12557,sketchy,C:\GTT\EnglishDB\Words\s\sketchy.md
12558,skew,C:\GTT\EnglishDB\Words\s\skew.md
12559,skewer,C:\GTT\EnglishDB\Words\s\skewer.md
12560,ski,C:\GTT\EnglishDB\Words\s\ski.md
12561,skid,C:\GTT\EnglishDB\Words\s\skid.md
12562,skier,C:\GTT\EnglishDB\Words\s\skier.md
12563,skiff,C:\GTT\EnglishDB\Words\s\skiff.md
12564,skiing,C:\GTT\EnglishDB\Words\s\skiing.md
12565,skill,C:\GTT\EnglishDB\Words\s\skill.md
12566,skilled,C:\GTT\EnglishDB\Words\s\skilled.md
12567,skillet,C:\GTT\EnglishDB\Words\s\skillet.md
12568,skillful,C:\GTT\EnglishDB\Words\s\skillful.md
12569,skillfully,C:\GTT\EnglishDB\Words\s\skillfully.md
12570,skim,C:\GTT\EnglishDB\Words\s\skim.md
12571,skimpy,C:\GTT\EnglishDB\Words\s\skimpy.md
12572,skin,C:\GTT\EnglishDB\Words\s\skin.md
12573,skinhead,C:\GTT\EnglishDB\Words\s\skinhead.md
12574,skinny,C:\GTT\EnglishDB\Words\s\skinny.md
12575,skip,C:\GTT\EnglishDB\Words\s\skip.md
12576,skipper,C:\GTT\EnglishDB\Words\s\skipper.md
12577,skirmish,C:\GTT\EnglishDB\Words\s\skirmish.md
12578,skirt,C:\GTT\EnglishDB\Words\s\skirt.md
12579,skit,C:\GTT\EnglishDB\Words\s\skit.md
12580,skitter,C:\GTT\EnglishDB\Words\s\skitter.md
12581,skull,C:\GTT\EnglishDB\Words\s\skull.md
12582,skunk,C:\GTT\EnglishDB\Words\s\skunk.md
12583,sky,C:\GTT\EnglishDB\Words\s\sky.md
12584,skylight,C:\GTT\EnglishDB\Words\s\skylight.md
12585,skyline,C:\GTT\EnglishDB\Words\s\skyline.md
12586,skyrocket,C:\GTT\EnglishDB\Words\s\skyrocket.md
12587,skyscraper,C:\GTT\EnglishDB\Words\s\skyscraper.md
12588,skyward,C:\GTT\EnglishDB\Words\s\skyward.md
12589,slab,C:\GTT\EnglishDB\Words\s\slab.md
12590,slack,C:\GTT\EnglishDB\Words\s\slack.md
12591,slain,C:\GTT\EnglishDB\Words\s\slain.md
12592,slalom,C:\GTT\EnglishDB\Words\s\slalom.md
12593,slam,C:\GTT\EnglishDB\Words\s\slam.md
12594,slang,C:\GTT\EnglishDB\Words\s\slang.md
12595,slant,C:\GTT\EnglishDB\Words\s\slant.md
12596,slap,C:\GTT\EnglishDB\Words\s\slap.md
12597,slash,C:\GTT\EnglishDB\Words\s\slash.md
12598,slat,C:\GTT\EnglishDB\Words\s\slat.md
12599,slate,C:\GTT\EnglishDB\Words\s\slate.md
12600,slather,C:\GTT\EnglishDB\Words\s\slather.md
12601,slaughter,C:\GTT\EnglishDB\Words\s\slaughter.md
12602,slaughterhouse,C:\GTT\EnglishDB\Words\s\slaughterhouse.md
12603,slave,C:\GTT\EnglishDB\Words\s\slave.md
12604,slavery,C:\GTT\EnglishDB\Words\s\slavery.md
12605,slay,C:\GTT\EnglishDB\Words\s\slay.md
12606,sleazy,C:\GTT\EnglishDB\Words\s\sleazy.md
12607,sleek,C:\GTT\EnglishDB\Words\s\sleek.md
12608,sleep,C:\GTT\EnglishDB\Words\s\sleep.md
12609,sleeper,C:\GTT\EnglishDB\Words\s\sleeper.md
12610,sleeping,C:\GTT\EnglishDB\Words\s\sleeping.md
12611,sleepless,C:\GTT\EnglishDB\Words\s\sleepless.md
12612,sleepy,C:\GTT\EnglishDB\Words\s\sleepy.md
12613,sleet,C:\GTT\EnglishDB\Words\s\sleet.md
12614,sleeve,C:\GTT\EnglishDB\Words\s\sleeve.md
12615,sleeveless,C:\GTT\EnglishDB\Words\s\sleeveless.md
12616,sleigh,C:\GTT\EnglishDB\Words\s\sleigh.md
12617,slender,C:\GTT\EnglishDB\Words\s\slender.md
12618,slew,C:\GTT\EnglishDB\Words\s\slew.md
12619,slice,C:\GTT\EnglishDB\Words\s\slice.md
12620,slick,C:\GTT\EnglishDB\Words\s\slick.md
12621,slicker,C:\GTT\EnglishDB\Words\s\slicker.md
12622,slide,C:\GTT\EnglishDB\Words\s\slide.md
12623,slider,C:\GTT\EnglishDB\Words\s\slider.md
12624,sliding,C:\GTT\EnglishDB\Words\s\sliding.md
12625,slight,C:\GTT\EnglishDB\Words\s\slight.md
12626,slightly,C:\GTT\EnglishDB\Words\s\slightly.md
12627,slim,C:\GTT\EnglishDB\Words\s\slim.md
12628,slime,C:\GTT\EnglishDB\Words\s\slime.md
12629,slimy,C:\GTT\EnglishDB\Words\s\slimy.md
12630,sling,C:\GTT\EnglishDB\Words\s\sling.md
12631,slink,C:\GTT\EnglishDB\Words\s\slink.md
12632,slip,C:\GTT\EnglishDB\Words\s\slip.md
12633,slipper,C:\GTT\EnglishDB\Words\s\slipper.md
12634,slippery,C:\GTT\EnglishDB\Words\s\slippery.md
12635,slit,C:\GTT\EnglishDB\Words\s\slit.md
12636,slither,C:\GTT\EnglishDB\Words\s\slither.md
12637,sliver,C:\GTT\EnglishDB\Words\s\sliver.md
12638,slog,C:\GTT\EnglishDB\Words\s\slog.md
12639,slogan,C:\GTT\EnglishDB\Words\s\slogan.md
12640,slope,C:\GTT\EnglishDB\Words\s\slope.md
12641,sloping,C:\GTT\EnglishDB\Words\s\sloping.md
12642,sloppy,C:\GTT\EnglishDB\Words\s\sloppy.md
12643,slosh,C:\GTT\EnglishDB\Words\s\slosh.md
12644,slot,C:\GTT\EnglishDB\Words\s\slot.md
12645,sloth,C:\GTT\EnglishDB\Words\s\sloth.md
12646,slouch,C:\GTT\EnglishDB\Words\s\slouch.md
12647,slow,C:\GTT\EnglishDB\Words\s\slow.md
12648,slowdown,C:\GTT\EnglishDB\Words\s\slowdown.md
12649,slower,C:\GTT\EnglishDB\Words\s\slower.md
12650,slowly,C:\GTT\EnglishDB\Words\s\slowly.md
12651,sludge,C:\GTT\EnglishDB\Words\s\sludge.md
12652,slug,C:\GTT\EnglishDB\Words\s\slug.md
12653,slugger,C:\GTT\EnglishDB\Words\s\slugger.md
12654,sluggish,C:\GTT\EnglishDB\Words\s\sluggish.md
12655,slum,C:\GTT\EnglishDB\Words\s\slum.md
12656,slumber,C:\GTT\EnglishDB\Words\s\slumber.md
12657,slump,C:\GTT\EnglishDB\Words\s\slump.md
12658,slur,C:\GTT\EnglishDB\Words\s\slur.md
12659,slush,C:\GTT\EnglishDB\Words\s\slush.md
12660,slut,C:\GTT\EnglishDB\Words\s\slut.md
12661,sly,C:\GTT\EnglishDB\Words\s\sly.md
12662,smack,C:\GTT\EnglishDB\Words\s\smack.md
12663,small,C:\GTT\EnglishDB\Words\s\small.md
12664,smallmouth,C:\GTT\EnglishDB\Words\s\smallmouth.md
12665,smallpox,C:\GTT\EnglishDB\Words\s\smallpox.md
12666,smart,C:\GTT\EnglishDB\Words\s\smart.md
12667,smartly,C:\GTT\EnglishDB\Words\s\smartly.md
12668,smash,C:\GTT\EnglishDB\Words\s\smash.md
12669,smashed,C:\GTT\EnglishDB\Words\s\smashed.md
12670,smashing,C:\GTT\EnglishDB\Words\s\smashing.md
12671,smattering,C:\GTT\EnglishDB\Words\s\smattering.md
12672,smear,C:\GTT\EnglishDB\Words\s\smear.md
12673,smell,C:\GTT\EnglishDB\Words\s\smell.md
12674,smelly,C:\GTT\EnglishDB\Words\s\smelly.md
12675,smile,C:\GTT\EnglishDB\Words\s\smile.md
12676,smiling,C:\GTT\EnglishDB\Words\s\smiling.md
12677,smirk,C:\GTT\EnglishDB\Words\s\smirk.md
12678,smite,C:\GTT\EnglishDB\Words\s\smite.md
12679,smock,C:\GTT\EnglishDB\Words\s\smock.md
12680,smog,C:\GTT\EnglishDB\Words\s\smog.md
12681,smoke,C:\GTT\EnglishDB\Words\s\smoke.md
12682,smokestack,C:\GTT\EnglishDB\Words\s\smokestack.md
12683,smoking,C:\GTT\EnglishDB\Words\s\smoking.md
12684,smoky,C:\GTT\EnglishDB\Words\s\smoky.md
12685,smolder,C:\GTT\EnglishDB\Words\s\smolder.md
12686,smooth,C:\GTT\EnglishDB\Words\s\smooth.md
12687,smoothly,C:\GTT\EnglishDB\Words\s\smoothly.md
12688,smoothness,C:\GTT\EnglishDB\Words\s\smoothness.md
12689,smother,C:\GTT\EnglishDB\Words\s\smother.md
12690,smudge,C:\GTT\EnglishDB\Words\s\smudge.md
12691,smug,C:\GTT\EnglishDB\Words\s\smug.md
12692,smuggle,C:\GTT\EnglishDB\Words\s\smuggle.md
12693,smuggler,C:\GTT\EnglishDB\Words\s\smuggler.md
12694,smuggling,C:\GTT\EnglishDB\Words\s\smuggling.md
12695,snack,C:\GTT\EnglishDB\Words\s\snack.md
12696,snag,C:\GTT\EnglishDB\Words\s\snag.md
12697,snail,C:\GTT\EnglishDB\Words\s\snail.md
12698,snake,C:\GTT\EnglishDB\Words\s\snake.md
12699,snap,C:\GTT\EnglishDB\Words\s\snap.md
12700,snapper,C:\GTT\EnglishDB\Words\s\snapper.md
12701,snappy,C:\GTT\EnglishDB\Words\s\snappy.md
12702,snapshot,C:\GTT\EnglishDB\Words\s\snapshot.md
12703,snare,C:\GTT\EnglishDB\Words\s\snare.md
12704,snarl,C:\GTT\EnglishDB\Words\s\snarl.md
12705,snatch,C:\GTT\EnglishDB\Words\s\snatch.md
12706,sneak,C:\GTT\EnglishDB\Words\s\sneak.md
12707,sneaky,C:\GTT\EnglishDB\Words\s\sneaky.md
12708,sneer,C:\GTT\EnglishDB\Words\s\sneer.md
12709,sneeze,C:\GTT\EnglishDB\Words\s\sneeze.md
12710,snicker,C:\GTT\EnglishDB\Words\s\snicker.md
12711,sniff,C:\GTT\EnglishDB\Words\s\sniff.md
12712,snip,C:\GTT\EnglishDB\Words\s\snip.md
12713,snipe,C:\GTT\EnglishDB\Words\s\snipe.md
12714,sniper,C:\GTT\EnglishDB\Words\s\sniper.md
12715,snippet,C:\GTT\EnglishDB\Words\s\snippet.md
12716,snob,C:\GTT\EnglishDB\Words\s\snob.md
12717,snoop,C:\GTT\EnglishDB\Words\s\snoop.md
12718,snore,C:\GTT\EnglishDB\Words\s\snore.md
12719,snort,C:\GTT\EnglishDB\Words\s\snort.md
12720,snout,C:\GTT\EnglishDB\Words\s\snout.md
12721,snow,C:\GTT\EnglishDB\Words\s\snow.md
12722,snowball,C:\GTT\EnglishDB\Words\s\snowball.md
12723,snowfall,C:\GTT\EnglishDB\Words\s\snowfall.md
12724,snowflake,C:\GTT\EnglishDB\Words\s\snowflake.md
12725,snowman,C:\GTT\EnglishDB\Words\s\snowman.md
12726,snowmobile,C:\GTT\EnglishDB\Words\s\snowmobile.md
12727,snowshoe,C:\GTT\EnglishDB\Words\s\snowshoe.md
12728,snowstorm,C:\GTT\EnglishDB\Words\s\snowstorm.md
12729,snowy,C:\GTT\EnglishDB\Words\s\snowy.md
12730,snub,C:\GTT\EnglishDB\Words\s\snub.md
12731,snuff,C:\GTT\EnglishDB\Words\s\snuff.md
12732,snug,C:\GTT\EnglishDB\Words\s\snug.md
12733,snuggle,C:\GTT\EnglishDB\Words\s\snuggle.md
12734,snugly,C:\GTT\EnglishDB\Words\s\snugly.md
12735,so,C:\GTT\EnglishDB\Words\s\so.md
12736,soak,C:\GTT\EnglishDB\Words\s\soak.md
12737,soaked,C:\GTT\EnglishDB\Words\s\soaked.md
12738,soap,C:\GTT\EnglishDB\Words\s\soap.md
12739,soapy,C:\GTT\EnglishDB\Words\s\soapy.md
12740,soar,C:\GTT\EnglishDB\Words\s\soar.md
12741,soaring,C:\GTT\EnglishDB\Words\s\soaring.md
12742,sob,C:\GTT\EnglishDB\Words\s\sob.md
12743,sober,C:\GTT\EnglishDB\Words\s\sober.md
12744,sobering,C:\GTT\EnglishDB\Words\s\sobering.md
12745,sobriety,C:\GTT\EnglishDB\Words\s\sobriety.md
12746,soccer,C:\GTT\EnglishDB\Words\s\soccer.md
12747,social,C:\GTT\EnglishDB\Words\s\social.md
12748,socialism,C:\GTT\EnglishDB\Words\s\socialism.md
12749,socialist,C:\GTT\EnglishDB\Words\s\socialist.md
12750,socialite,C:\GTT\EnglishDB\Words\s\socialite.md
12751,socialization,C:\GTT\EnglishDB\Words\s\socialization.md
12752,socialize,C:\GTT\EnglishDB\Words\s\socialize.md
12753,socially,C:\GTT\EnglishDB\Words\s\socially.md
12754,societal,C:\GTT\EnglishDB\Words\s\societal.md
12755,society,C:\GTT\EnglishDB\Words\s\society.md
12756,sociological,C:\GTT\EnglishDB\Words\s\sociological.md
12757,sociologist,C:\GTT\EnglishDB\Words\s\sociologist.md
12758,sociology,C:\GTT\EnglishDB\Words\s\sociology.md
12759,sock,C:\GTT\EnglishDB\Words\s\sock.md
12760,socket,C:\GTT\EnglishDB\Words\s\socket.md
12761,sod,C:\GTT\EnglishDB\Words\s\sod.md
12762,soda,C:\GTT\EnglishDB\Words\s\soda.md
12763,sodium,C:\GTT\EnglishDB\Words\s\sodium.md
12764,sofa,C:\GTT\EnglishDB\Words\s\sofa.md
12765,soft,C:\GTT\EnglishDB\Words\s\soft.md
12766,softball,C:\GTT\EnglishDB\Words\s\softball.md
12767,soften,C:\GTT\EnglishDB\Words\s\soften.md
12768,softly,C:\GTT\EnglishDB\Words\s\softly.md
12769,softness,C:\GTT\EnglishDB\Words\s\softness.md
12770,software,C:\GTT\EnglishDB\Words\s\software.md
12771,soggy,C:\GTT\EnglishDB\Words\s\soggy.md
12772,soil,C:\GTT\EnglishDB\Words\s\soil.md
12773,sojourn,C:\GTT\EnglishDB\Words\s\sojourn.md
12774,solace,C:\GTT\EnglishDB\Words\s\solace.md
12775,solar,C:\GTT\EnglishDB\Words\s\solar.md
12776,soldier,C:\GTT\EnglishDB\Words\s\soldier.md
12777,sole,C:\GTT\EnglishDB\Words\s\sole.md
12778,solely,C:\GTT\EnglishDB\Words\s\solely.md
12779,solemn,C:\GTT\EnglishDB\Words\s\solemn.md
12780,solemnly,C:\GTT\EnglishDB\Words\s\solemnly.md
12781,solicit,C:\GTT\EnglishDB\Words\s\solicit.md
12782,solicitation,C:\GTT\EnglishDB\Words\s\solicitation.md
12783,solicitor,C:\GTT\EnglishDB\Words\s\solicitor.md
12784,solid,C:\GTT\EnglishDB\Words\s\solid.md
12785,solidarity,C:\GTT\EnglishDB\Words\s\solidarity.md
12786,solidify,C:\GTT\EnglishDB\Words\s\solidify.md
12787,solidly,C:\GTT\EnglishDB\Words\s\solidly.md
12788,solitary,C:\GTT\EnglishDB\Words\s\solitary.md
12789,solitude,C:\GTT\EnglishDB\Words\s\solitude.md
12790,solo,C:\GTT\EnglishDB\Words\s\solo.md
12791,soloist,C:\GTT\EnglishDB\Words\s\soloist.md
12792,solstice,C:\GTT\EnglishDB\Words\s\solstice.md
12793,soluble,C:\GTT\EnglishDB\Words\s\soluble.md
12794,solution,C:\GTT\EnglishDB\Words\s\solution.md
12795,solve,C:\GTT\EnglishDB\Words\s\solve.md
12796,solvent,C:\GTT\EnglishDB\Words\s\solvent.md
12797,solving,C:\GTT\EnglishDB\Words\s\solving.md
12798,somatic,C:\GTT\EnglishDB\Words\s\somatic.md
12799,somber,C:\GTT\EnglishDB\Words\s\somber.md
12800,some,C:\GTT\EnglishDB\Words\s\some.md
12801,somebody,C:\GTT\EnglishDB\Words\s\somebody.md
12802,someday,C:\GTT\EnglishDB\Words\s\someday.md
12803,somehow,C:\GTT\EnglishDB\Words\s\somehow.md
12804,someone,C:\GTT\EnglishDB\Words\s\someone.md
12805,someplace,C:\GTT\EnglishDB\Words\s\someplace.md
12806,something,C:\GTT\EnglishDB\Words\s\something.md
12807,sometime,C:\GTT\EnglishDB\Words\s\sometime.md
12808,sometimes,C:\GTT\EnglishDB\Words\s\sometimes.md
12809,somewhat,C:\GTT\EnglishDB\Words\s\somewhat.md
12810,somewhere,C:\GTT\EnglishDB\Words\s\somewhere.md
12811,son,C:\GTT\EnglishDB\Words\s\son.md
12812,sonar,C:\GTT\EnglishDB\Words\s\sonar.md
12813,song,C:\GTT\EnglishDB\Words\s\song.md
12814,songbird,C:\GTT\EnglishDB\Words\s\songbird.md
12815,sonic,C:\GTT\EnglishDB\Words\s\sonic.md
12816,sonnet,C:\GTT\EnglishDB\Words\s\sonnet.md
12817,soon,C:\GTT\EnglishDB\Words\s\soon.md
12818,soot,C:\GTT\EnglishDB\Words\s\soot.md
12819,soothe,C:\GTT\EnglishDB\Words\s\soothe.md
12820,soothing,C:\GTT\EnglishDB\Words\s\soothing.md
12821,sophisticated,C:\GTT\EnglishDB\Words\s\sophisticated.md
12822,sophistication,C:\GTT\EnglishDB\Words\s\sophistication.md
12823,sophomore,C:\GTT\EnglishDB\Words\s\sophomore.md
12824,soprano,C:\GTT\EnglishDB\Words\s\soprano.md
12825,sorcerer,C:\GTT\EnglishDB\Words\s\sorcerer.md
12826,sorcery,C:\GTT\EnglishDB\Words\s\sorcery.md
12827,sordid,C:\GTT\EnglishDB\Words\s\sordid.md
12828,sore,C:\GTT\EnglishDB\Words\s\sore.md
12829,sorely,C:\GTT\EnglishDB\Words\s\sorely.md
12830,sorority,C:\GTT\EnglishDB\Words\s\sorority.md
12831,sorrow,C:\GTT\EnglishDB\Words\s\sorrow.md
12832,sorry,C:\GTT\EnglishDB\Words\s\sorry.md
12833,sort,C:\GTT\EnglishDB\Words\s\sort.md
12834,sortie,C:\GTT\EnglishDB\Words\s\sortie.md
12835,souffle,C:\GTT\EnglishDB\Words\s\souffle.md
12836,soul,C:\GTT\EnglishDB\Words\s\soul.md
12837,soulful,C:\GTT\EnglishDB\Words\s\soulful.md
12838,sound,C:\GTT\EnglishDB\Words\s\sound.md
12839,sounding,C:\GTT\EnglishDB\Words\s\sounding.md
12840,soundly,C:\GTT\EnglishDB\Words\s\soundly.md
12841,sour,C:\GTT\EnglishDB\Words\s\sour.md
12842,source,C:\GTT\EnglishDB\Words\s\source.md
12843,south,C:\GTT\EnglishDB\Words\s\south.md
12844,southeast,C:\GTT\EnglishDB\Words\s\southeast.md
12845,southeastern,C:\GTT\EnglishDB\Words\s\southeastern.md
12846,southern,C:\GTT\EnglishDB\Words\s\southern.md
12847,southward,C:\GTT\EnglishDB\Words\s\southward.md
12848,southwest,C:\GTT\EnglishDB\Words\s\southwest.md
12849,southwestern,C:\GTT\EnglishDB\Words\s\southwestern.md
12850,souvenir,C:\GTT\EnglishDB\Words\s\souvenir.md
12851,sovereign,C:\GTT\EnglishDB\Words\s\sovereign.md
12852,sovereignty,C:\GTT\EnglishDB\Words\s\sovereignty.md
12853,sow,C:\GTT\EnglishDB\Words\s\sow.md
12854,soy,C:\GTT\EnglishDB\Words\s\soy.md
12855,soybean,C:\GTT\EnglishDB\Words\s\soybean.md
12856,spa,C:\GTT\EnglishDB\Words\s\spa.md
12857,space,C:\GTT\EnglishDB\Words\s\space.md
12858,spacecraft,C:\GTT\EnglishDB\Words\s\spacecraft.md
12859,spaceship,C:\GTT\EnglishDB\Words\s\spaceship.md
12860,spacing,C:\GTT\EnglishDB\Words\s\spacing.md
12861,spacious,C:\GTT\EnglishDB\Words\s\spacious.md
12862,spade,C:\GTT\EnglishDB\Words\s\spade.md
12863,spaghetti,C:\GTT\EnglishDB\Words\s\spaghetti.md
12864,span,C:\GTT\EnglishDB\Words\s\span.md
12865,spank,C:\GTT\EnglishDB\Words\s\spank.md
12866,spar,C:\GTT\EnglishDB\Words\s\spar.md
12867,spare,C:\GTT\EnglishDB\Words\s\spare.md
12868,sparingly,C:\GTT\EnglishDB\Words\s\sparingly.md
12869,spark,C:\GTT\EnglishDB\Words\s\spark.md
12870,sparkle,C:\GTT\EnglishDB\Words\s\sparkle.md
12871,sparkling,C:\GTT\EnglishDB\Words\s\sparkling.md
12872,sparrow,C:\GTT\EnglishDB\Words\s\sparrow.md
12873,sparse,C:\GTT\EnglishDB\Words\s\sparse.md
12874,sparsely,C:\GTT\EnglishDB\Words\s\sparsely.md
12875,spasm,C:\GTT\EnglishDB\Words\s\spasm.md
12876,spate,C:\GTT\EnglishDB\Words\s\spate.md
12877,spatial,C:\GTT\EnglishDB\Words\s\spatial.md
12878,spatter,C:\GTT\EnglishDB\Words\s\spatter.md
12879,spatula,C:\GTT\EnglishDB\Words\s\spatula.md
12880,spawn,C:\GTT\EnglishDB\Words\s\spawn.md
12881,speak,C:\GTT\EnglishDB\Words\s\speak.md
12882,speaker,C:\GTT\EnglishDB\Words\s\speaker.md
12883,speaking,C:\GTT\EnglishDB\Words\s\speaking.md
12884,spear,C:\GTT\EnglishDB\Words\s\spear.md
12885,spearhead,C:\GTT\EnglishDB\Words\s\spearhead.md
12886,spec,C:\GTT\EnglishDB\Words\s\spec.md
12887,special,C:\GTT\EnglishDB\Words\s\special.md
12888,specialist,C:\GTT\EnglishDB\Words\s\specialist.md
12889,specialization,C:\GTT\EnglishDB\Words\s\specialization.md
12890,specialize,C:\GTT\EnglishDB\Words\s\specialize.md
12891,specially,C:\GTT\EnglishDB\Words\s\specially.md
12892,specialty,C:\GTT\EnglishDB\Words\s\specialty.md
12893,species,C:\GTT\EnglishDB\Words\s\species.md
12894,specific,C:\GTT\EnglishDB\Words\s\specific.md
12895,specifically,C:\GTT\EnglishDB\Words\s\specifically.md
12896,specification,C:\GTT\EnglishDB\Words\s\specification.md
12897,specify,C:\GTT\EnglishDB\Words\s\specify.md
12898,specimen,C:\GTT\EnglishDB\Words\s\specimen.md
12899,speck,C:\GTT\EnglishDB\Words\s\speck.md
12900,speckled,C:\GTT\EnglishDB\Words\s\speckled.md
12901,spectacle,C:\GTT\EnglishDB\Words\s\spectacle.md
12902,spectacular,C:\GTT\EnglishDB\Words\s\spectacular.md
12903,spectator,C:\GTT\EnglishDB\Words\s\spectator.md
12904,spectral,C:\GTT\EnglishDB\Words\s\spectral.md
12905,spectrometer,C:\GTT\EnglishDB\Words\s\spectrometer.md
12906,spectrum,C:\GTT\EnglishDB\Words\s\spectrum.md
12907,speculate,C:\GTT\EnglishDB\Words\s\speculate.md
12908,speculation,C:\GTT\EnglishDB\Words\s\speculation.md
12909,speculative,C:\GTT\EnglishDB\Words\s\speculative.md
12910,speculator,C:\GTT\EnglishDB\Words\s\speculator.md
12911,speech,C:\GTT\EnglishDB\Words\s\speech.md
12912,speechless,C:\GTT\EnglishDB\Words\s\speechless.md
12913,speechwriter,C:\GTT\EnglishDB\Words\s\speechwriter.md
12914,speed,C:\GTT\EnglishDB\Words\s\speed.md
12915,speeding,C:\GTT\EnglishDB\Words\s\speeding.md
12916,speedy,C:\GTT\EnglishDB\Words\s\speedy.md
12917,spell,C:\GTT\EnglishDB\Words\s\spell.md
12918,spelling,C:\GTT\EnglishDB\Words\s\spelling.md
12919,spend,C:\GTT\EnglishDB\Words\s\spend.md
12920,spender,C:\GTT\EnglishDB\Words\s\spender.md
12921,spending,C:\GTT\EnglishDB\Words\s\spending.md
12922,spent,C:\GTT\EnglishDB\Words\s\spent.md
12923,sperm,C:\GTT\EnglishDB\Words\s\sperm.md
12924,spew,C:\GTT\EnglishDB\Words\s\spew.md
12925,sphere,C:\GTT\EnglishDB\Words\s\sphere.md
12926,spherical,C:\GTT\EnglishDB\Words\s\spherical.md
12927,spice,C:\GTT\EnglishDB\Words\s\spice.md
12928,spicy,C:\GTT\EnglishDB\Words\s\spicy.md
12929,spider,C:\GTT\EnglishDB\Words\s\spider.md
12930,spike,C:\GTT\EnglishDB\Words\s\spike.md
12931,spiky,C:\GTT\EnglishDB\Words\s\spiky.md
12932,spill,C:\GTT\EnglishDB\Words\s\spill.md
12933,spin,C:\GTT\EnglishDB\Words\s\spin.md
12934,spinach,C:\GTT\EnglishDB\Words\s\spinach.md
12935,spinal,C:\GTT\EnglishDB\Words\s\spinal.md
12936,spindle,C:\GTT\EnglishDB\Words\s\spindle.md
12937,spindly,C:\GTT\EnglishDB\Words\s\spindly.md
12938,spine,C:\GTT\EnglishDB\Words\s\spine.md
12939,spinner,C:\GTT\EnglishDB\Words\s\spinner.md
12940,spinning,C:\GTT\EnglishDB\Words\s\spinning.md
12941,spiral,C:\GTT\EnglishDB\Words\s\spiral.md
12942,spire,C:\GTT\EnglishDB\Words\s\spire.md
12943,spirit,C:\GTT\EnglishDB\Words\s\spirit.md
12944,spirited,C:\GTT\EnglishDB\Words\s\spirited.md
12945,spiritual,C:\GTT\EnglishDB\Words\s\spiritual.md
12946,spirituality,C:\GTT\EnglishDB\Words\s\spirituality.md
12947,spiritually,C:\GTT\EnglishDB\Words\s\spiritually.md
12948,spit,C:\GTT\EnglishDB\Words\s\spit.md
12949,spite,C:\GTT\EnglishDB\Words\s\spite.md
12950,splash,C:\GTT\EnglishDB\Words\s\splash.md
12951,splatter,C:\GTT\EnglishDB\Words\s\splatter.md
12952,splay,C:\GTT\EnglishDB\Words\s\splay.md
12953,spleen,C:\GTT\EnglishDB\Words\s\spleen.md
12954,splendid,C:\GTT\EnglishDB\Words\s\splendid.md
12955,splendor,C:\GTT\EnglishDB\Words\s\splendor.md
12956,splice,C:\GTT\EnglishDB\Words\s\splice.md
12957,splinter,C:\GTT\EnglishDB\Words\s\splinter.md
12958,split,C:\GTT\EnglishDB\Words\s\split.md
12959,splitting,C:\GTT\EnglishDB\Words\s\splitting.md
12960,splurge,C:\GTT\EnglishDB\Words\s\splurge.md
12961,spoil,C:\GTT\EnglishDB\Words\s\spoil.md
12962,spoke,C:\GTT\EnglishDB\Words\s\spoke.md
12963,spoken,C:\GTT\EnglishDB\Words\s\spoken.md
12964,spokesman,C:\GTT\EnglishDB\Words\s\spokesman.md
12965,spokeswoman,C:\GTT\EnglishDB\Words\s\spokeswoman.md
12966,sponge,C:\GTT\EnglishDB\Words\s\sponge.md
12967,spongy,C:\GTT\EnglishDB\Words\s\spongy.md
12968,sponsor,C:\GTT\EnglishDB\Words\s\sponsor.md
12969,sponsorship,C:\GTT\EnglishDB\Words\s\sponsorship.md
12970,spontaneity,C:\GTT\EnglishDB\Words\s\spontaneity.md
12971,spontaneous,C:\GTT\EnglishDB\Words\s\spontaneous.md
12972,spontaneously,C:\GTT\EnglishDB\Words\s\spontaneously.md
12973,spook,C:\GTT\EnglishDB\Words\s\spook.md
12974,spooky,C:\GTT\EnglishDB\Words\s\spooky.md
12975,spool,C:\GTT\EnglishDB\Words\s\spool.md
12976,spoon,C:\GTT\EnglishDB\Words\s\spoon.md
12977,spoonful,C:\GTT\EnglishDB\Words\s\spoonful.md
12978,sporadic,C:\GTT\EnglishDB\Words\s\sporadic.md
12979,sporadically,C:\GTT\EnglishDB\Words\s\sporadically.md
12980,spore,C:\GTT\EnglishDB\Words\s\spore.md
12981,sport,C:\GTT\EnglishDB\Words\s\sport.md
12982,sporting,C:\GTT\EnglishDB\Words\s\sporting.md
12983,sportsman,C:\GTT\EnglishDB\Words\s\sportsman.md
12984,sportsmanship,C:\GTT\EnglishDB\Words\s\sportsmanship.md
12985,sportswriter,C:\GTT\EnglishDB\Words\s\sportswriter.md
12986,sporty,C:\GTT\EnglishDB\Words\s\sporty.md
12987,spot,C:\GTT\EnglishDB\Words\s\spot.md
12988,spotless,C:\GTT\EnglishDB\Words\s\spotless.md
12989,spotlight,C:\GTT\EnglishDB\Words\s\spotlight.md
12990,spotted,C:\GTT\EnglishDB\Words\s\spotted.md
12991,spotty,C:\GTT\EnglishDB\Words\s\spotty.md
12992,spousal,C:\GTT\EnglishDB\Words\s\spousal.md
12993,spouse,C:\GTT\EnglishDB\Words\s\spouse.md
12994,spout,C:\GTT\EnglishDB\Words\s\spout.md
12995,sprawl,C:\GTT\EnglishDB\Words\s\sprawl.md
12996,spray,C:\GTT\EnglishDB\Words\s\spray.md
12997,spread,C:\GTT\EnglishDB\Words\s\spread.md
12998,spreading,C:\GTT\EnglishDB\Words\s\spreading.md
12999,spreadsheet,C:\GTT\EnglishDB\Words\s\spreadsheet.md
13000,spree,C:\GTT\EnglishDB\Words\s\spree.md
13001,sprig,C:\GTT\EnglishDB\Words\s\sprig.md
13002,spring,C:\GTT\EnglishDB\Words\s\spring.md
13003,springboard,C:\GTT\EnglishDB\Words\s\springboard.md
13004,springtime,C:\GTT\EnglishDB\Words\s\springtime.md
13005,sprinkle,C:\GTT\EnglishDB\Words\s\sprinkle.md
13006,sprinkler,C:\GTT\EnglishDB\Words\s\sprinkler.md
13007,sprinkling,C:\GTT\EnglishDB\Words\s\sprinkling.md
13008,sprint,C:\GTT\EnglishDB\Words\s\sprint.md
13009,sprinter,C:\GTT\EnglishDB\Words\s\sprinter.md
13010,sprout,C:\GTT\EnglishDB\Words\s\sprout.md
13011,spruce,C:\GTT\EnglishDB\Words\s\spruce.md
13012,spur,C:\GTT\EnglishDB\Words\s\spur.md
13013,spurious,C:\GTT\EnglishDB\Words\s\spurious.md
13014,spurn,C:\GTT\EnglishDB\Words\s\spurn.md
13015,spurt,C:\GTT\EnglishDB\Words\s\spurt.md
13016,sputter,C:\GTT\EnglishDB\Words\s\sputter.md
13017,spy,C:\GTT\EnglishDB\Words\s\spy.md
13018,squabble,C:\GTT\EnglishDB\Words\s\squabble.md
13019,squad,C:\GTT\EnglishDB\Words\s\squad.md
13020,squadron,C:\GTT\EnglishDB\Words\s\squadron.md
13021,squander,C:\GTT\EnglishDB\Words\s\squander.md
13022,square,C:\GTT\EnglishDB\Words\s\square.md
13023,squarely,C:\GTT\EnglishDB\Words\s\squarely.md
13024,squash,C:\GTT\EnglishDB\Words\s\squash.md
13025,squat,C:\GTT\EnglishDB\Words\s\squat.md
13026,squatter,C:\GTT\EnglishDB\Words\s\squatter.md
13027,squawk,C:\GTT\EnglishDB\Words\s\squawk.md
13028,squeak,C:\GTT\EnglishDB\Words\s\squeak.md
13029,squeaky,C:\GTT\EnglishDB\Words\s\squeaky.md
13030,squeal,C:\GTT\EnglishDB\Words\s\squeal.md
13031,squeeze,C:\GTT\EnglishDB\Words\s\squeeze.md
13032,squelch,C:\GTT\EnglishDB\Words\s\squelch.md
13033,squid,C:\GTT\EnglishDB\Words\s\squid.md
13034,squint,C:\GTT\EnglishDB\Words\s\squint.md
13035,squirm,C:\GTT\EnglishDB\Words\s\squirm.md
13036,squirrel,C:\GTT\EnglishDB\Words\s\squirrel.md
13037,squirt,C:\GTT\EnglishDB\Words\s\squirt.md
13038,stab,C:\GTT\EnglishDB\Words\s\stab.md
13039,stability,C:\GTT\EnglishDB\Words\s\stability.md
13040,stabilization,C:\GTT\EnglishDB\Words\s\stabilization.md
13041,stabilize,C:\GTT\EnglishDB\Words\s\stabilize.md
13042,stable,C:\GTT\EnglishDB\Words\s\stable.md
13043,staccato,C:\GTT\EnglishDB\Words\s\staccato.md
13044,stack,C:\GTT\EnglishDB\Words\s\stack.md
13045,stadium,C:\GTT\EnglishDB\Words\s\stadium.md
13046,staff,C:\GTT\EnglishDB\Words\s\staff.md
13047,staffer,C:\GTT\EnglishDB\Words\s\staffer.md
13048,stag,C:\GTT\EnglishDB\Words\s\stag.md
13049,stage,C:\GTT\EnglishDB\Words\s\stage.md
13050,stagger,C:\GTT\EnglishDB\Words\s\stagger.md
13051,staggering,C:\GTT\EnglishDB\Words\s\staggering.md
13052,staging,C:\GTT\EnglishDB\Words\s\staging.md
13053,stagnant,C:\GTT\EnglishDB\Words\s\stagnant.md
13054,stagnate,C:\GTT\EnglishDB\Words\s\stagnate.md
13055,stagnation,C:\GTT\EnglishDB\Words\s\stagnation.md
13056,staid,C:\GTT\EnglishDB\Words\s\staid.md
13057,stain,C:\GTT\EnglishDB\Words\s\stain.md
13058,stainless,C:\GTT\EnglishDB\Words\s\stainless.md
13059,stair,C:\GTT\EnglishDB\Words\s\stair.md
13060,staircase,C:\GTT\EnglishDB\Words\s\staircase.md
13061,stairs,C:\GTT\EnglishDB\Words\s\stairs.md
13062,stairway,C:\GTT\EnglishDB\Words\s\stairway.md
13063,stake,C:\GTT\EnglishDB\Words\s\stake.md
13064,stakeholder,C:\GTT\EnglishDB\Words\s\stakeholder.md
13065,stale,C:\GTT\EnglishDB\Words\s\stale.md
13066,stalemate,C:\GTT\EnglishDB\Words\s\stalemate.md
13067,stalk,C:\GTT\EnglishDB\Words\s\stalk.md
13068,stalker,C:\GTT\EnglishDB\Words\s\stalker.md
13069,stall,C:\GTT\EnglishDB\Words\s\stall.md
13070,stallion,C:\GTT\EnglishDB\Words\s\stallion.md
13071,stalwart,C:\GTT\EnglishDB\Words\s\stalwart.md
13072,stamina,C:\GTT\EnglishDB\Words\s\stamina.md
13073,stammer,C:\GTT\EnglishDB\Words\s\stammer.md
13074,stamp,C:\GTT\EnglishDB\Words\s\stamp.md
13075,stampede,C:\GTT\EnglishDB\Words\s\stampede.md
13076,stance,C:\GTT\EnglishDB\Words\s\stance.md
13077,stand,C:\GTT\EnglishDB\Words\s\stand.md
13078,standard,C:\GTT\EnglishDB\Words\s\standard.md
13079,standardization,C:\GTT\EnglishDB\Words\s\standardization.md
13080,standardize,C:\GTT\EnglishDB\Words\s\standardize.md
13081,standby,C:\GTT\EnglishDB\Words\s\standby.md
13082,standing,C:\GTT\EnglishDB\Words\s\standing.md
13083,standoff,C:\GTT\EnglishDB\Words\s\standoff.md
13084,standout,C:\GTT\EnglishDB\Words\s\standout.md
13085,standpoint,C:\GTT\EnglishDB\Words\s\standpoint.md
13086,standstill,C:\GTT\EnglishDB\Words\s\standstill.md
13087,stanza,C:\GTT\EnglishDB\Words\s\stanza.md
13088,staple,C:\GTT\EnglishDB\Words\s\staple.md
13089,star,C:\GTT\EnglishDB\Words\s\star.md
13090,starboard,C:\GTT\EnglishDB\Words\s\starboard.md
13091,starch,C:\GTT\EnglishDB\Words\s\starch.md
13092,starched,C:\GTT\EnglishDB\Words\s\starched.md
13093,stardom,C:\GTT\EnglishDB\Words\s\stardom.md
13094,stare,C:\GTT\EnglishDB\Words\s\stare.md
13095,stark,C:\GTT\EnglishDB\Words\s\stark.md
13096,starlight,C:\GTT\EnglishDB\Words\s\starlight.md
13097,starry,C:\GTT\EnglishDB\Words\s\starry.md
13098,start,C:\GTT\EnglishDB\Words\s\start.md
13099,starter,C:\GTT\EnglishDB\Words\s\starter.md
13100,starting,C:\GTT\EnglishDB\Words\s\starting.md
13101,startle,C:\GTT\EnglishDB\Words\s\startle.md
13102,startled,C:\GTT\EnglishDB\Words\s\startled.md
13103,startling,C:\GTT\EnglishDB\Words\s\startling.md
13104,starvation,C:\GTT\EnglishDB\Words\s\starvation.md
13105,starve,C:\GTT\EnglishDB\Words\s\starve.md
13106,stash,C:\GTT\EnglishDB\Words\s\stash.md
13107,stasis,C:\GTT\EnglishDB\Words\s\stasis.md
13108,state,C:\GTT\EnglishDB\Words\s\state.md
13109,stated,C:\GTT\EnglishDB\Words\s\stated.md
13110,statehood,C:\GTT\EnglishDB\Words\s\statehood.md
13111,stately,C:\GTT\EnglishDB\Words\s\stately.md
13112,statement,C:\GTT\EnglishDB\Words\s\statement.md
13113,stateroom,C:\GTT\EnglishDB\Words\s\stateroom.md
13114,statesman,C:\GTT\EnglishDB\Words\s\statesman.md
13115,statewide,C:\GTT\EnglishDB\Words\s\statewide.md
13116,static,C:\GTT\EnglishDB\Words\s\static.md
13117,station,C:\GTT\EnglishDB\Words\s\station.md
13118,stationary,C:\GTT\EnglishDB\Words\s\stationary.md
13119,stationery,C:\GTT\EnglishDB\Words\s\stationery.md
13120,statistic,C:\GTT\EnglishDB\Words\s\statistic.md
13121,statistical,C:\GTT\EnglishDB\Words\s\statistical.md
13122,statistically,C:\GTT\EnglishDB\Words\s\statistically.md
13123,statistician,C:\GTT\EnglishDB\Words\s\statistician.md
13124,statistics,C:\GTT\EnglishDB\Words\s\statistics.md
13125,statue,C:\GTT\EnglishDB\Words\s\statue.md
13126,stature,C:\GTT\EnglishDB\Words\s\stature.md
13127,status,C:\GTT\EnglishDB\Words\s\status.md
13128,statute,C:\GTT\EnglishDB\Words\s\statute.md
13129,statutory,C:\GTT\EnglishDB\Words\s\statutory.md
13130,staunch,C:\GTT\EnglishDB\Words\s\staunch.md
13131,stave,C:\GTT\EnglishDB\Words\s\stave.md
13132,stay,C:\GTT\EnglishDB\Words\s\stay.md
13133,steadfast,C:\GTT\EnglishDB\Words\s\steadfast.md
13134,steadfastly,C:\GTT\EnglishDB\Words\s\steadfastly.md
13135,steadily,C:\GTT\EnglishDB\Words\s\steadily.md
13136,steady,C:\GTT\EnglishDB\Words\s\steady.md
13137,steak,C:\GTT\EnglishDB\Words\s\steak.md
13138,steal,C:\GTT\EnglishDB\Words\s\steal.md
13139,stealth,C:\GTT\EnglishDB\Words\s\stealth.md
13140,steam,C:\GTT\EnglishDB\Words\s\steam.md
13141,steamer,C:\GTT\EnglishDB\Words\s\steamer.md
13142,steamy,C:\GTT\EnglishDB\Words\s\steamy.md
13143,steel,C:\GTT\EnglishDB\Words\s\steel.md
13144,steely,C:\GTT\EnglishDB\Words\s\steely.md
13145,steep,C:\GTT\EnglishDB\Words\s\steep.md
13146,steeple,C:\GTT\EnglishDB\Words\s\steeple.md
13147,steeply,C:\GTT\EnglishDB\Words\s\steeply.md
13148,steer,C:\GTT\EnglishDB\Words\s\steer.md
13149,steering,C:\GTT\EnglishDB\Words\s\steering.md
13150,stellar,C:\GTT\EnglishDB\Words\s\stellar.md
13151,stem,C:\GTT\EnglishDB\Words\s\stem.md
13152,stench,C:\GTT\EnglishDB\Words\s\stench.md
13153,step,C:\GTT\EnglishDB\Words\s\step.md
13154,stepfather,C:\GTT\EnglishDB\Words\s\stepfather.md
13155,stepmother,C:\GTT\EnglishDB\Words\s\stepmother.md
13156,steppe,C:\GTT\EnglishDB\Words\s\steppe.md
13157,stereo,C:\GTT\EnglishDB\Words\s\stereo.md
13158,stereotype,C:\GTT\EnglishDB\Words\s\stereotype.md
13159,stereotyped,C:\GTT\EnglishDB\Words\s\stereotyped.md
13160,sterile,C:\GTT\EnglishDB\Words\s\sterile.md
13161,sterilize,C:\GTT\EnglishDB\Words\s\sterilize.md
13162,sterling,C:\GTT\EnglishDB\Words\s\sterling.md
13163,stern,C:\GTT\EnglishDB\Words\s\stern.md
13164,sternly,C:\GTT\EnglishDB\Words\s\sternly.md
13165,stethoscope,C:\GTT\EnglishDB\Words\s\stethoscope.md
13166,stew,C:\GTT\EnglishDB\Words\s\stew.md
13167,steward,C:\GTT\EnglishDB\Words\s\steward.md
13168,stewardship,C:\GTT\EnglishDB\Words\s\stewardship.md
13169,stick,C:\GTT\EnglishDB\Words\s\stick.md
13170,sticker,C:\GTT\EnglishDB\Words\s\sticker.md
13171,sticking,C:\GTT\EnglishDB\Words\s\sticking.md
13172,sticky,C:\GTT\EnglishDB\Words\s\sticky.md
13173,stiff,C:\GTT\EnglishDB\Words\s\stiff.md
13174,stiffen,C:\GTT\EnglishDB\Words\s\stiffen.md
13175,stiffly,C:\GTT\EnglishDB\Words\s\stiffly.md
13176,stiffness,C:\GTT\EnglishDB\Words\s\stiffness.md
13177,stifle,C:\GTT\EnglishDB\Words\s\stifle.md
13178,stigma,C:\GTT\EnglishDB\Words\s\stigma.md
13179,stigmatize,C:\GTT\EnglishDB\Words\s\stigmatize.md
13180,stiletto,C:\GTT\EnglishDB\Words\s\stiletto.md
13181,still,C:\GTT\EnglishDB\Words\s\still.md
13182,stillness,C:\GTT\EnglishDB\Words\s\stillness.md
13183,stilt,C:\GTT\EnglishDB\Words\s\stilt.md
13184,stimulant,C:\GTT\EnglishDB\Words\s\stimulant.md
13185,stimulate,C:\GTT\EnglishDB\Words\s\stimulate.md
13186,stimulating,C:\GTT\EnglishDB\Words\s\stimulating.md
13187,stimulation,C:\GTT\EnglishDB\Words\s\stimulation.md
13188,stimulus,C:\GTT\EnglishDB\Words\s\stimulus.md
13189,sting,C:\GTT\EnglishDB\Words\s\sting.md
13190,stinging,C:\GTT\EnglishDB\Words\s\stinging.md
13191,stingy,C:\GTT\EnglishDB\Words\s\stingy.md
13192,stink,C:\GTT\EnglishDB\Words\s\stink.md
13193,stint,C:\GTT\EnglishDB\Words\s\stint.md
13194,stipend,C:\GTT\EnglishDB\Words\s\stipend.md
13195,stipulate,C:\GTT\EnglishDB\Words\s\stipulate.md
13196,stipulation,C:\GTT\EnglishDB\Words\s\stipulation.md
13197,stir,C:\GTT\EnglishDB\Words\s\stir.md
13198,stirring,C:\GTT\EnglishDB\Words\s\stirring.md
13199,stirrup,C:\GTT\EnglishDB\Words\s\stirrup.md
13200,stitch,C:\GTT\EnglishDB\Words\s\stitch.md
13201,stock,C:\GTT\EnglishDB\Words\s\stock.md
13202,stockbroker,C:\GTT\EnglishDB\Words\s\stockbroker.md
13203,stockholder,C:\GTT\EnglishDB\Words\s\stockholder.md
13204,stocking,C:\GTT\EnglishDB\Words\s\stocking.md
13205,stockpile,C:\GTT\EnglishDB\Words\s\stockpile.md
13206,stocky,C:\GTT\EnglishDB\Words\s\stocky.md
13207,stoic,C:\GTT\EnglishDB\Words\s\stoic.md
13208,stoke,C:\GTT\EnglishDB\Words\s\stoke.md
13209,stolen,C:\GTT\EnglishDB\Words\s\stolen.md
13210,stomach,C:\GTT\EnglishDB\Words\s\stomach.md
13211,stomp,C:\GTT\EnglishDB\Words\s\stomp.md
13212,stone,C:\GTT\EnglishDB\Words\s\stone.md
13213,stony,C:\GTT\EnglishDB\Words\s\stony.md
13214,stool,C:\GTT\EnglishDB\Words\s\stool.md
13215,stoop,C:\GTT\EnglishDB\Words\s\stoop.md
13216,stop,C:\GTT\EnglishDB\Words\s\stop.md
13217,stoplight,C:\GTT\EnglishDB\Words\s\stoplight.md
13218,stopper,C:\GTT\EnglishDB\Words\s\stopper.md
13219,storage,C:\GTT\EnglishDB\Words\s\storage.md
13220,store,C:\GTT\EnglishDB\Words\s\store.md
13221,storefront,C:\GTT\EnglishDB\Words\s\storefront.md
13222,storeroom,C:\GTT\EnglishDB\Words\s\storeroom.md
13223,storied,C:\GTT\EnglishDB\Words\s\storied.md
13224,stormy,C:\GTT\EnglishDB\Words\s\stormy.md
13225,story,C:\GTT\EnglishDB\Words\s\story.md
13226,storybook,C:\GTT\EnglishDB\Words\s\storybook.md
13227,storyteller,C:\GTT\EnglishDB\Words\s\storyteller.md
13228,storytelling,C:\GTT\EnglishDB\Words\s\storytelling.md
13229,stout,C:\GTT\EnglishDB\Words\s\stout.md
13230,stove,C:\GTT\EnglishDB\Words\s\stove.md
13231,stow,C:\GTT\EnglishDB\Words\s\stow.md
13232,straddle,C:\GTT\EnglishDB\Words\s\straddle.md
13233,straight,C:\GTT\EnglishDB\Words\s\straight.md
13234,straighten,C:\GTT\EnglishDB\Words\s\straighten.md
13235,straightforward,C:\GTT\EnglishDB\Words\s\straightforward.md
13236,strain,C:\GTT\EnglishDB\Words\s\strain.md
13237,strained,C:\GTT\EnglishDB\Words\s\strained.md
13238,strainer,C:\GTT\EnglishDB\Words\s\strainer.md
13239,strait,C:\GTT\EnglishDB\Words\s\strait.md
13240,strand,C:\GTT\EnglishDB\Words\s\strand.md
13241,strange,C:\GTT\EnglishDB\Words\s\strange.md
13242,strangely,C:\GTT\EnglishDB\Words\s\strangely.md
13243,strangeness,C:\GTT\EnglishDB\Words\s\strangeness.md
13244,stranger,C:\GTT\EnglishDB\Words\s\stranger.md
13245,strangle,C:\GTT\EnglishDB\Words\s\strangle.md
13246,strap,C:\GTT\EnglishDB\Words\s\strap.md
13247,strapping,C:\GTT\EnglishDB\Words\s\strapping.md
13248,strategic,C:\GTT\EnglishDB\Words\s\strategic.md
13249,strategically,C:\GTT\EnglishDB\Words\s\strategically.md
13250,strategist,C:\GTT\EnglishDB\Words\s\strategist.md
13251,strategy,C:\GTT\EnglishDB\Words\s\strategy.md
13252,stratification,C:\GTT\EnglishDB\Words\s\stratification.md
13253,stratosphere,C:\GTT\EnglishDB\Words\s\stratosphere.md
13254,stratum,C:\GTT\EnglishDB\Words\s\stratum.md
13255,straw,C:\GTT\EnglishDB\Words\s\straw.md
13256,strawberry,C:\GTT\EnglishDB\Words\s\strawberry.md
13257,stray,C:\GTT\EnglishDB\Words\s\stray.md
13258,streak,C:\GTT\EnglishDB\Words\s\streak.md
13259,stream,C:\GTT\EnglishDB\Words\s\stream.md
13260,streamer,C:\GTT\EnglishDB\Words\s\streamer.md
13261,streamline,C:\GTT\EnglishDB\Words\s\streamline.md
13262,streamlined,C:\GTT\EnglishDB\Words\s\streamlined.md
13263,street,C:\GTT\EnglishDB\Words\s\street.md
13264,streetcar,C:\GTT\EnglishDB\Words\s\streetcar.md
13265,streetlight,C:\GTT\EnglishDB\Words\s\streetlight.md
13266,strength,C:\GTT\EnglishDB\Words\s\strength.md
13267,strengthen,C:\GTT\EnglishDB\Words\s\strengthen.md
13268,strenuous,C:\GTT\EnglishDB\Words\s\strenuous.md
13269,stress,C:\GTT\EnglishDB\Words\s\stress.md
13270,stressor,C:\GTT\EnglishDB\Words\s\stressor.md
13271,stretch,C:\GTT\EnglishDB\Words\s\stretch.md
13272,stretcher,C:\GTT\EnglishDB\Words\s\stretcher.md
13273,strew,C:\GTT\EnglishDB\Words\s\strew.md
13274,stricken,C:\GTT\EnglishDB\Words\s\stricken.md
13275,strict,C:\GTT\EnglishDB\Words\s\strict.md
13276,strictly,C:\GTT\EnglishDB\Words\s\strictly.md
13277,stricture,C:\GTT\EnglishDB\Words\s\stricture.md
13278,stride,C:\GTT\EnglishDB\Words\s\stride.md
13279,strident,C:\GTT\EnglishDB\Words\s\strident.md
13280,strife,C:\GTT\EnglishDB\Words\s\strife.md
13281,strike,C:\GTT\EnglishDB\Words\s\strike.md
13282,strikeout,C:\GTT\EnglishDB\Words\s\strikeout.md
13283,striker,C:\GTT\EnglishDB\Words\s\striker.md
13284,striking,C:\GTT\EnglishDB\Words\s\striking.md
13285,strikingly,C:\GTT\EnglishDB\Words\s\strikingly.md
13286,string,C:\GTT\EnglishDB\Words\s\string.md
13287,stringent,C:\GTT\EnglishDB\Words\s\stringent.md
13288,stringy,C:\GTT\EnglishDB\Words\s\stringy.md
13289,strip,C:\GTT\EnglishDB\Words\s\strip.md
13290,stripe,C:\GTT\EnglishDB\Words\s\stripe.md
13291,striped,C:\GTT\EnglishDB\Words\s\striped.md
13292,stripper,C:\GTT\EnglishDB\Words\s\stripper.md
13293,strive,C:\GTT\EnglishDB\Words\s\strive.md
13294,stroke,C:\GTT\EnglishDB\Words\s\stroke.md
13295,stroll,C:\GTT\EnglishDB\Words\s\stroll.md
13296,stroller,C:\GTT\EnglishDB\Words\s\stroller.md
13297,strong,C:\GTT\EnglishDB\Words\s\strong.md
13298,stronghold,C:\GTT\EnglishDB\Words\s\stronghold.md
13299,strongly,C:\GTT\EnglishDB\Words\s\strongly.md
13300,structural,C:\GTT\EnglishDB\Words\s\structural.md
13301,structurally,C:\GTT\EnglishDB\Words\s\structurally.md
13302,structure,C:\GTT\EnglishDB\Words\s\structure.md
13303,struggle,C:\GTT\EnglishDB\Words\s\struggle.md
13304,struggling,C:\GTT\EnglishDB\Words\s\struggling.md
13305,strum,C:\GTT\EnglishDB\Words\s\strum.md
13306,strut,C:\GTT\EnglishDB\Words\s\strut.md
13307,stub,C:\GTT\EnglishDB\Words\s\stub.md
13308,stubble,C:\GTT\EnglishDB\Words\s\stubble.md
13309,stubborn,C:\GTT\EnglishDB\Words\s\stubborn.md
13310,stubbornly,C:\GTT\EnglishDB\Words\s\stubbornly.md
13311,stubbornness,C:\GTT\EnglishDB\Words\s\stubbornness.md
13312,stubby,C:\GTT\EnglishDB\Words\s\stubby.md
13313,stucco,C:\GTT\EnglishDB\Words\s\stucco.md
13314,stuck,C:\GTT\EnglishDB\Words\s\stuck.md
13315,stud,C:\GTT\EnglishDB\Words\s\stud.md
13316,student,C:\GTT\EnglishDB\Words\s\student.md
13317,studied,C:\GTT\EnglishDB\Words\s\studied.md
13318,studio,C:\GTT\EnglishDB\Words\s\studio.md
13319,study,C:\GTT\EnglishDB\Words\s\study.md
13320,stuff,C:\GTT\EnglishDB\Words\s\stuff.md
13321,stuffing,C:\GTT\EnglishDB\Words\s\stuffing.md
13322,stuffy,C:\GTT\EnglishDB\Words\s\stuffy.md
13323,stumble,C:\GTT\EnglishDB\Words\s\stumble.md
13324,stump,C:\GTT\EnglishDB\Words\s\stump.md
13325,stun,C:\GTT\EnglishDB\Words\s\stun.md
13326,stunning,C:\GTT\EnglishDB\Words\s\stunning.md
13327,stunt,C:\GTT\EnglishDB\Words\s\stunt.md
13328,stunted,C:\GTT\EnglishDB\Words\s\stunted.md
13329,stupid,C:\GTT\EnglishDB\Words\s\stupid.md
13330,stupidity,C:\GTT\EnglishDB\Words\s\stupidity.md
13331,sturdy,C:\GTT\EnglishDB\Words\s\sturdy.md
13332,sturgeon,C:\GTT\EnglishDB\Words\s\sturgeon.md
13333,stutter,C:\GTT\EnglishDB\Words\s\stutter.md
13334,style,C:\GTT\EnglishDB\Words\s\style.md
13335,stylish,C:\GTT\EnglishDB\Words\s\stylish.md
13336,stylist,C:\GTT\EnglishDB\Words\s\stylist.md
13337,stylistic,C:\GTT\EnglishDB\Words\s\stylistic.md
13338,stymie,C:\GTT\EnglishDB\Words\s\stymie.md
13339,sub,C:\GTT\EnglishDB\Words\s\sub.md
13340,subcategory,C:\GTT\EnglishDB\Words\s\subcategory.md
13341,subcommittee,C:\GTT\EnglishDB\Words\s\subcommittee.md
13342,subconscious,C:\GTT\EnglishDB\Words\s\subconscious.md
13343,subcontractor,C:\GTT\EnglishDB\Words\s\subcontractor.md
13344,subculture,C:\GTT\EnglishDB\Words\s\subculture.md
13345,subdivide,C:\GTT\EnglishDB\Words\s\subdivide.md
13346,subdivision,C:\GTT\EnglishDB\Words\s\subdivision.md
13347,subdue,C:\GTT\EnglishDB\Words\s\subdue.md
13348,subdued,C:\GTT\EnglishDB\Words\s\subdued.md
13349,subgroup,C:\GTT\EnglishDB\Words\s\subgroup.md
13350,subject,C:\GTT\EnglishDB\Words\s\subject.md
13351,subjective,C:\GTT\EnglishDB\Words\s\subjective.md
13352,subjectivity,C:\GTT\EnglishDB\Words\s\subjectivity.md
13353,sublime,C:\GTT\EnglishDB\Words\s\sublime.md
13354,submarine,C:\GTT\EnglishDB\Words\s\submarine.md
13355,submerge,C:\GTT\EnglishDB\Words\s\submerge.md
13356,submerged,C:\GTT\EnglishDB\Words\s\submerged.md
13357,submission,C:\GTT\EnglishDB\Words\s\submission.md
13358,submissive,C:\GTT\EnglishDB\Words\s\submissive.md
13359,submit,C:\GTT\EnglishDB\Words\s\submit.md
13360,subordinate,C:\GTT\EnglishDB\Words\s\subordinate.md
13361,subordination,C:\GTT\EnglishDB\Words\s\subordination.md
13362,subpoena,C:\GTT\EnglishDB\Words\s\subpoena.md
13363,subscribe,C:\GTT\EnglishDB\Words\s\subscribe.md
13364,subscriber,C:\GTT\EnglishDB\Words\s\subscriber.md
13365,subscription,C:\GTT\EnglishDB\Words\s\subscription.md
13366,subsequent,C:\GTT\EnglishDB\Words\s\subsequent.md
13367,subsequently,C:\GTT\EnglishDB\Words\s\subsequently.md
13368,subset,C:\GTT\EnglishDB\Words\s\subset.md
13369,subside,C:\GTT\EnglishDB\Words\s\subside.md
13370,subsidiary,C:\GTT\EnglishDB\Words\s\subsidiary.md
13371,subsidize,C:\GTT\EnglishDB\Words\s\subsidize.md
13372,subsidy,C:\GTT\EnglishDB\Words\s\subsidy.md
13373,subsist,C:\GTT\EnglishDB\Words\s\subsist.md
13374,subsistence,C:\GTT\EnglishDB\Words\s\subsistence.md
13375,substance,C:\GTT\EnglishDB\Words\s\substance.md
13376,substandard,C:\GTT\EnglishDB\Words\s\substandard.md
13377,substantial,C:\GTT\EnglishDB\Words\s\substantial.md
13378,substantially,C:\GTT\EnglishDB\Words\s\substantially.md
13379,substantiate,C:\GTT\EnglishDB\Words\s\substantiate.md
13380,substantive,C:\GTT\EnglishDB\Words\s\substantive.md
13381,substitute,C:\GTT\EnglishDB\Words\s\substitute.md
13382,substitution,C:\GTT\EnglishDB\Words\s\substitution.md
13383,substrate,C:\GTT\EnglishDB\Words\s\substrate.md
13384,subsume,C:\GTT\EnglishDB\Words\s\subsume.md
13385,subsystem,C:\GTT\EnglishDB\Words\s\subsystem.md
13386,subterranean,C:\GTT\EnglishDB\Words\s\subterranean.md
13387,subtitle,C:\GTT\EnglishDB\Words\s\subtitle.md
13388,subtle,C:\GTT\EnglishDB\Words\s\subtle.md
13389,subtlety,C:\GTT\EnglishDB\Words\s\subtlety.md
13390,subtly,C:\GTT\EnglishDB\Words\s\subtly.md
13391,subtract,C:\GTT\EnglishDB\Words\s\subtract.md
13392,suburb,C:\GTT\EnglishDB\Words\s\suburb.md
13393,suburban,C:\GTT\EnglishDB\Words\s\suburban.md
13394,suburbia,C:\GTT\EnglishDB\Words\s\suburbia.md
13395,subversion,C:\GTT\EnglishDB\Words\s\subversion.md
13396,subversive,C:\GTT\EnglishDB\Words\s\subversive.md
13397,subvert,C:\GTT\EnglishDB\Words\s\subvert.md
13398,subway,C:\GTT\EnglishDB\Words\s\subway.md
13399,succeed,C:\GTT\EnglishDB\Words\s\succeed.md
13400,success,C:\GTT\EnglishDB\Words\s\success.md
13401,successful,C:\GTT\EnglishDB\Words\s\successful.md
13402,successfully,C:\GTT\EnglishDB\Words\s\successfully.md
13403,succession,C:\GTT\EnglishDB\Words\s\succession.md
13404,successive,C:\GTT\EnglishDB\Words\s\successive.md
13405,successor,C:\GTT\EnglishDB\Words\s\successor.md
13406,succinctly,C:\GTT\EnglishDB\Words\s\succinctly.md
13407,succulent,C:\GTT\EnglishDB\Words\s\succulent.md
13408,succumb,C:\GTT\EnglishDB\Words\s\succumb.md
13409,such,C:\GTT\EnglishDB\Words\s\such.md
13410,suck,C:\GTT\EnglishDB\Words\s\suck.md
13411,sucker,C:\GTT\EnglishDB\Words\s\sucker.md
13412,suction,C:\GTT\EnglishDB\Words\s\suction.md
13413,sudden,C:\GTT\EnglishDB\Words\s\sudden.md
13414,suddenly,C:\GTT\EnglishDB\Words\s\suddenly.md
13415,sue,C:\GTT\EnglishDB\Words\s\sue.md
13416,suede,C:\GTT\EnglishDB\Words\s\suede.md
13417,suffer,C:\GTT\EnglishDB\Words\s\suffer.md
13418,sufferer,C:\GTT\EnglishDB\Words\s\sufferer.md
13419,suffering,C:\GTT\EnglishDB\Words\s\suffering.md
13420,suffice,C:\GTT\EnglishDB\Words\s\suffice.md
13421,sufficient,C:\GTT\EnglishDB\Words\s\sufficient.md
13422,sufficiently,C:\GTT\EnglishDB\Words\s\sufficiently.md
13423,suffocate,C:\GTT\EnglishDB\Words\s\suffocate.md
13424,suffrage,C:\GTT\EnglishDB\Words\s\suffrage.md
13425,suffuse,C:\GTT\EnglishDB\Words\s\suffuse.md
13426,sugar,C:\GTT\EnglishDB\Words\s\sugar.md
13427,sugary,C:\GTT\EnglishDB\Words\s\sugary.md
13428,suggest,C:\GTT\EnglishDB\Words\s\suggest.md
13429,suggested,C:\GTT\EnglishDB\Words\s\suggested.md
13430,suggestion,C:\GTT\EnglishDB\Words\s\suggestion.md
13431,suggestive,C:\GTT\EnglishDB\Words\s\suggestive.md
13432,suicidal,C:\GTT\EnglishDB\Words\s\suicidal.md
13433,suicide,C:\GTT\EnglishDB\Words\s\suicide.md
13434,suit,C:\GTT\EnglishDB\Words\s\suit.md
13435,suitability,C:\GTT\EnglishDB\Words\s\suitability.md
13436,suitable,C:\GTT\EnglishDB\Words\s\suitable.md
13437,suitably,C:\GTT\EnglishDB\Words\s\suitably.md
13438,suitcase,C:\GTT\EnglishDB\Words\s\suitcase.md
13439,suite,C:\GTT\EnglishDB\Words\s\suite.md
13440,suitor,C:\GTT\EnglishDB\Words\s\suitor.md
13441,sulfur,C:\GTT\EnglishDB\Words\s\sulfur.md
13442,sulk,C:\GTT\EnglishDB\Words\s\sulk.md
13443,sullen,C:\GTT\EnglishDB\Words\s\sullen.md
13444,sully,C:\GTT\EnglishDB\Words\s\sully.md
13445,sultan,C:\GTT\EnglishDB\Words\s\sultan.md
13446,sultry,C:\GTT\EnglishDB\Words\s\sultry.md
13447,sum,C:\GTT\EnglishDB\Words\s\sum.md
13448,summarily,C:\GTT\EnglishDB\Words\s\summarily.md
13449,summarize,C:\GTT\EnglishDB\Words\s\summarize.md
13450,summary,C:\GTT\EnglishDB\Words\s\summary.md
13451,summation,C:\GTT\EnglishDB\Words\s\summation.md
13452,summer,C:\GTT\EnglishDB\Words\s\summer.md
13453,summertime,C:\GTT\EnglishDB\Words\s\summertime.md
13454,summit,C:\GTT\EnglishDB\Words\s\summit.md
13455,summon,C:\GTT\EnglishDB\Words\s\summon.md
13456,summons,C:\GTT\EnglishDB\Words\s\summons.md
13457,sumptuous,C:\GTT\EnglishDB\Words\s\sumptuous.md
13458,sun,C:\GTT\EnglishDB\Words\s\sun.md
13459,sunburn,C:\GTT\EnglishDB\Words\s\sunburn.md
13460,sundae,C:\GTT\EnglishDB\Words\s\sundae.md
13461,sundown,C:\GTT\EnglishDB\Words\s\sundown.md
13462,sunflower,C:\GTT\EnglishDB\Words\s\sunflower.md
13463,sunken,C:\GTT\EnglishDB\Words\s\sunken.md
13464,sunlight,C:\GTT\EnglishDB\Words\s\sunlight.md
13465,sunlit,C:\GTT\EnglishDB\Words\s\sunlit.md
13466,sunny,C:\GTT\EnglishDB\Words\s\sunny.md
13467,sunrise,C:\GTT\EnglishDB\Words\s\sunrise.md
13468,sunscreen,C:\GTT\EnglishDB\Words\s\sunscreen.md
13469,sunset,C:\GTT\EnglishDB\Words\s\sunset.md
13470,sunshine,C:\GTT\EnglishDB\Words\s\sunshine.md
13471,sunspot,C:\GTT\EnglishDB\Words\s\sunspot.md
13472,sup,C:\GTT\EnglishDB\Words\s\sup.md
13473,super,C:\GTT\EnglishDB\Words\s\super.md
13474,superb,C:\GTT\EnglishDB\Words\s\superb.md
13475,superbly,C:\GTT\EnglishDB\Words\s\superbly.md
13476,supercomputer,C:\GTT\EnglishDB\Words\s\supercomputer.md
13477,superconducting,C:\GTT\EnglishDB\Words\s\superconducting.md
13478,superficial,C:\GTT\EnglishDB\Words\s\superficial.md
13479,superficially,C:\GTT\EnglishDB\Words\s\superficially.md
13480,superfluous,C:\GTT\EnglishDB\Words\s\superfluous.md
13481,superhero,C:\GTT\EnglishDB\Words\s\superhero.md
13482,superhighway,C:\GTT\EnglishDB\Words\s\superhighway.md
13483,superhuman,C:\GTT\EnglishDB\Words\s\superhuman.md
13484,superimpose,C:\GTT\EnglishDB\Words\s\superimpose.md
13485,superintendent,C:\GTT\EnglishDB\Words\s\superintendent.md
13486,superior,C:\GTT\EnglishDB\Words\s\superior.md
13487,superiority,C:\GTT\EnglishDB\Words\s\superiority.md
13488,supermarket,C:\GTT\EnglishDB\Words\s\supermarket.md
13489,supernatural,C:\GTT\EnglishDB\Words\s\supernatural.md
13490,supernova,C:\GTT\EnglishDB\Words\s\supernova.md
13491,superpower,C:\GTT\EnglishDB\Words\s\superpower.md
13492,supersede,C:\GTT\EnglishDB\Words\s\supersede.md
13493,supersonic,C:\GTT\EnglishDB\Words\s\supersonic.md
13494,superstition,C:\GTT\EnglishDB\Words\s\superstition.md
13495,superstitious,C:\GTT\EnglishDB\Words\s\superstitious.md
13496,supervise,C:\GTT\EnglishDB\Words\s\supervise.md
13497,supervision,C:\GTT\EnglishDB\Words\s\supervision.md
13498,supervisor,C:\GTT\EnglishDB\Words\s\supervisor.md
13499,supervisory,C:\GTT\EnglishDB\Words\s\supervisory.md
13500,supper,C:\GTT\EnglishDB\Words\s\supper.md
13501,supplant,C:\GTT\EnglishDB\Words\s\supplant.md
13502,supple,C:\GTT\EnglishDB\Words\s\supple.md
13503,supplement,C:\GTT\EnglishDB\Words\s\supplement.md
13504,supplemental,C:\GTT\EnglishDB\Words\s\supplemental.md
13505,supplementary,C:\GTT\EnglishDB\Words\s\supplementary.md
13506,supplementation,C:\GTT\EnglishDB\Words\s\supplementation.md
13507,supplier,C:\GTT\EnglishDB\Words\s\supplier.md
13508,supply,C:\GTT\EnglishDB\Words\s\supply.md
13509,support,C:\GTT\EnglishDB\Words\s\support.md
13510,supporter,C:\GTT\EnglishDB\Words\s\supporter.md
13511,suppose,C:\GTT\EnglishDB\Words\s\suppose.md
13512,supposed,C:\GTT\EnglishDB\Words\s\supposed.md
13513,supposedly,C:\GTT\EnglishDB\Words\s\supposedly.md
13514,supposition,C:\GTT\EnglishDB\Words\s\supposition.md
13515,suppress,C:\GTT\EnglishDB\Words\s\suppress.md
13516,suppression,C:\GTT\EnglishDB\Words\s\suppression.md
13517,supremacist,C:\GTT\EnglishDB\Words\s\supremacist.md
13518,supremacy,C:\GTT\EnglishDB\Words\s\supremacy.md
13519,supremely,C:\GTT\EnglishDB\Words\s\supremely.md
13520,surcharge,C:\GTT\EnglishDB\Words\s\surcharge.md
13521,sure,C:\GTT\EnglishDB\Words\s\sure.md
13522,surely,C:\GTT\EnglishDB\Words\s\surely.md
13523,surf,C:\GTT\EnglishDB\Words\s\surf.md
13524,surface,C:\GTT\EnglishDB\Words\s\surface.md
13525,surfer,C:\GTT\EnglishDB\Words\s\surfer.md
13526,surge,C:\GTT\EnglishDB\Words\s\surge.md
13527,surgeon,C:\GTT\EnglishDB\Words\s\surgeon.md
13528,surgery,C:\GTT\EnglishDB\Words\s\surgery.md
13529,surgical,C:\GTT\EnglishDB\Words\s\surgical.md
13530,surgically,C:\GTT\EnglishDB\Words\s\surgically.md
13531,surly,C:\GTT\EnglishDB\Words\s\surly.md
13532,surmise,C:\GTT\EnglishDB\Words\s\surmise.md
13533,surmount,C:\GTT\EnglishDB\Words\s\surmount.md
13534,surname,C:\GTT\EnglishDB\Words\s\surname.md
13535,surpass,C:\GTT\EnglishDB\Words\s\surpass.md
13536,surplus,C:\GTT\EnglishDB\Words\s\surplus.md
13537,surprise,C:\GTT\EnglishDB\Words\s\surprise.md
13538,surprised,C:\GTT\EnglishDB\Words\s\surprised.md
13539,surprising,C:\GTT\EnglishDB\Words\s\surprising.md
13540,surprisingly,C:\GTT\EnglishDB\Words\s\surprisingly.md
13541,surrender,C:\GTT\EnglishDB\Words\s\surrender.md
13542,surreptitiously,C:\GTT\EnglishDB\Words\s\surreptitiously.md
13543,surrogate,C:\GTT\EnglishDB\Words\s\surrogate.md
13544,surround,C:\GTT\EnglishDB\Words\s\surround.md
13545,surrounding,C:\GTT\EnglishDB\Words\s\surrounding.md
13546,surroundings,C:\GTT\EnglishDB\Words\s\surroundings.md
13547,surveillance,C:\GTT\EnglishDB\Words\s\surveillance.md
13548,survey,C:\GTT\EnglishDB\Words\s\survey.md
13549,surveyor,C:\GTT\EnglishDB\Words\s\surveyor.md
13550,survival,C:\GTT\EnglishDB\Words\s\survival.md
13551,survive,C:\GTT\EnglishDB\Words\s\survive.md
13552,survivor,C:\GTT\EnglishDB\Words\s\survivor.md
13553,susceptibility,C:\GTT\EnglishDB\Words\s\susceptibility.md
13554,susceptible,C:\GTT\EnglishDB\Words\s\susceptible.md
13555,suspect,C:\GTT\EnglishDB\Words\s\suspect.md
13556,suspend,C:\GTT\EnglishDB\Words\s\suspend.md
13557,suspense,C:\GTT\EnglishDB\Words\s\suspense.md
13558,suspension,C:\GTT\EnglishDB\Words\s\suspension.md
13559,suspicion,C:\GTT\EnglishDB\Words\s\suspicion.md
13560,suspicious,C:\GTT\EnglishDB\Words\s\suspicious.md
13561,suspiciously,C:\GTT\EnglishDB\Words\s\suspiciously.md
13562,sustain,C:\GTT\EnglishDB\Words\s\sustain.md
13563,sustainable,C:\GTT\EnglishDB\Words\s\sustainable.md
13564,sustained,C:\GTT\EnglishDB\Words\s\sustained.md
13565,sustenance,C:\GTT\EnglishDB\Words\s\sustenance.md
13566,swab,C:\GTT\EnglishDB\Words\s\swab.md
13567,swagger,C:\GTT\EnglishDB\Words\s\swagger.md
13568,swallow,C:\GTT\EnglishDB\Words\s\swallow.md
13569,swamp,C:\GTT\EnglishDB\Words\s\swamp.md
13570,swan,C:\GTT\EnglishDB\Words\s\swan.md
13571,swap,C:\GTT\EnglishDB\Words\s\swap.md
13572,swarm,C:\GTT\EnglishDB\Words\s\swarm.md
13573,swastika,C:\GTT\EnglishDB\Words\s\swastika.md
13574,swat,C:\GTT\EnglishDB\Words\s\swat.md
13575,swath,C:\GTT\EnglishDB\Words\s\swath.md
13576,sway,C:\GTT\EnglishDB\Words\s\sway.md
13577,swear,C:\GTT\EnglishDB\Words\s\swear.md
13578,sweat,C:\GTT\EnglishDB\Words\s\sweat.md
13579,sweater,C:\GTT\EnglishDB\Words\s\sweater.md
13580,sweatshop,C:\GTT\EnglishDB\Words\s\sweatshop.md
13581,sweaty,C:\GTT\EnglishDB\Words\s\sweaty.md
13582,sweep,C:\GTT\EnglishDB\Words\s\sweep.md
13583,sweeping,C:\GTT\EnglishDB\Words\s\sweeping.md
13584,sweet,C:\GTT\EnglishDB\Words\s\sweet.md
13585,sweeten,C:\GTT\EnglishDB\Words\s\sweeten.md
13586,sweetener,C:\GTT\EnglishDB\Words\s\sweetener.md
13587,sweetheart,C:\GTT\EnglishDB\Words\s\sweetheart.md
13588,sweetie,C:\GTT\EnglishDB\Words\s\sweetie.md
13589,sweetly,C:\GTT\EnglishDB\Words\s\sweetly.md
13590,sweetness,C:\GTT\EnglishDB\Words\s\sweetness.md
13591,swell,C:\GTT\EnglishDB\Words\s\swell.md
13592,swelling,C:\GTT\EnglishDB\Words\s\swelling.md
13593,sweltering,C:\GTT\EnglishDB\Words\s\sweltering.md
13594,swerve,C:\GTT\EnglishDB\Words\s\swerve.md
13595,swift,C:\GTT\EnglishDB\Words\s\swift.md
13596,swiftly,C:\GTT\EnglishDB\Words\s\swiftly.md
13597,swig,C:\GTT\EnglishDB\Words\s\swig.md
13598,swim,C:\GTT\EnglishDB\Words\s\swim.md
13599,swimmer,C:\GTT\EnglishDB\Words\s\swimmer.md
13600,swimming,C:\GTT\EnglishDB\Words\s\swimming.md
13601,swimsuit,C:\GTT\EnglishDB\Words\s\swimsuit.md
13602,swine,C:\GTT\EnglishDB\Words\s\swine.md
13603,swing,C:\GTT\EnglishDB\Words\s\swing.md
13604,swipe,C:\GTT\EnglishDB\Words\s\swipe.md
13605,swirl,C:\GTT\EnglishDB\Words\s\swirl.md
13606,swish,C:\GTT\EnglishDB\Words\s\swish.md
13607,switch,C:\GTT\EnglishDB\Words\s\switch.md
13608,swivel,C:\GTT\EnglishDB\Words\s\swivel.md
13609,swollen,C:\GTT\EnglishDB\Words\s\swollen.md
13610,swoon,C:\GTT\EnglishDB\Words\s\swoon.md
13611,swoop,C:\GTT\EnglishDB\Words\s\swoop.md
13612,sword,C:\GTT\EnglishDB\Words\s\sword.md
13613,swordfish,C:\GTT\EnglishDB\Words\s\swordfish.md
13614,sworn,C:\GTT\EnglishDB\Words\s\sworn.md
13615,syllable,C:\GTT\EnglishDB\Words\s\syllable.md
13616,syllabus,C:\GTT\EnglishDB\Words\s\syllabus.md
13617,symbiotic,C:\GTT\EnglishDB\Words\s\symbiotic.md
13618,symbol,C:\GTT\EnglishDB\Words\s\symbol.md
13619,symbolic,C:\GTT\EnglishDB\Words\s\symbolic.md
13620,symbolically,C:\GTT\EnglishDB\Words\s\symbolically.md
13621,symbolism,C:\GTT\EnglishDB\Words\s\symbolism.md
13622,symbolize,C:\GTT\EnglishDB\Words\s\symbolize.md
13623,symmetrical,C:\GTT\EnglishDB\Words\s\symmetrical.md
13624,symmetry,C:\GTT\EnglishDB\Words\s\symmetry.md
13625,sympathetic,C:\GTT\EnglishDB\Words\s\sympathetic.md
13626,sympathetically,C:\GTT\EnglishDB\Words\s\sympathetically.md
13627,sympathize,C:\GTT\EnglishDB\Words\s\sympathize.md
13628,sympathizer,C:\GTT\EnglishDB\Words\s\sympathizer.md
13629,sympathy,C:\GTT\EnglishDB\Words\s\sympathy.md
13630,symphony,C:\GTT\EnglishDB\Words\s\symphony.md
13631,symposium,C:\GTT\EnglishDB\Words\s\symposium.md
13632,symptom,C:\GTT\EnglishDB\Words\s\symptom.md
13633,symptomatic,C:\GTT\EnglishDB\Words\s\symptomatic.md
13634,synagogue,C:\GTT\EnglishDB\Words\s\synagogue.md
13635,synchronize,C:\GTT\EnglishDB\Words\s\synchronize.md
13636,syndicate,C:\GTT\EnglishDB\Words\s\syndicate.md
13637,syndrome,C:\GTT\EnglishDB\Words\s\syndrome.md
13638,synonym,C:\GTT\EnglishDB\Words\s\synonym.md
13639,synonymous,C:\GTT\EnglishDB\Words\s\synonymous.md
13640,synopsis,C:\GTT\EnglishDB\Words\s\synopsis.md
13641,syntax,C:\GTT\EnglishDB\Words\s\syntax.md
13642,synthesis,C:\GTT\EnglishDB\Words\s\synthesis.md
13643,synthesize,C:\GTT\EnglishDB\Words\s\synthesize.md
13644,synthesizer,C:\GTT\EnglishDB\Words\s\synthesizer.md
13645,synthetic,C:\GTT\EnglishDB\Words\s\synthetic.md
13646,syphilis,C:\GTT\EnglishDB\Words\s\syphilis.md
13647,syringe,C:\GTT\EnglishDB\Words\s\syringe.md
13648,syrup,C:\GTT\EnglishDB\Words\s\syrup.md
13649,system,C:\GTT\EnglishDB\Words\s\system.md
13650,systematic,C:\GTT\EnglishDB\Words\s\systematic.md
13651,systematically,C:\GTT\EnglishDB\Words\s\systematically.md
13652,systemic,C:\GTT\EnglishDB\Words\s\systemic.md
13653,ta,C:\GTT\EnglishDB\Words\t\ta.md
13654,tab,C:\GTT\EnglishDB\Words\t\tab.md
13655,table,C:\GTT\EnglishDB\Words\t\table.md
13656,tableau,C:\GTT\EnglishDB\Words\t\tableau.md
13657,tablecloth,C:\GTT\EnglishDB\Words\t\tablecloth.md
13658,tablespoon,C:\GTT\EnglishDB\Words\t\tablespoon.md
13659,tablet,C:\GTT\EnglishDB\Words\t\tablet.md
13660,tabletop,C:\GTT\EnglishDB\Words\t\tabletop.md
13661,tabloid,C:\GTT\EnglishDB\Words\t\tabloid.md
13662,taboo,C:\GTT\EnglishDB\Words\t\taboo.md
13663,tabulate,C:\GTT\EnglishDB\Words\t\tabulate.md
13664,tacit,C:\GTT\EnglishDB\Words\t\tacit.md
13665,tack,C:\GTT\EnglishDB\Words\t\tack.md
13666,tackle,C:\GTT\EnglishDB\Words\t\tackle.md
13667,tacky,C:\GTT\EnglishDB\Words\t\tacky.md
13668,tact,C:\GTT\EnglishDB\Words\t\tact.md
13669,tactic,C:\GTT\EnglishDB\Words\t\tactic.md
13670,tactical,C:\GTT\EnglishDB\Words\t\tactical.md
13671,tactile,C:\GTT\EnglishDB\Words\t\tactile.md
13672,tad,C:\GTT\EnglishDB\Words\t\tad.md
13673,tag,C:\GTT\EnglishDB\Words\t\tag.md
13674,tail,C:\GTT\EnglishDB\Words\t\tail.md
13675,tailored,C:\GTT\EnglishDB\Words\t\tailored.md
13676,taint,C:\GTT\EnglishDB\Words\t\taint.md
13677,take,C:\GTT\EnglishDB\Words\t\take.md
13678,taking,C:\GTT\EnglishDB\Words\t\taking.md
13679,tale,C:\GTT\EnglishDB\Words\t\tale.md
13680,talent,C:\GTT\EnglishDB\Words\t\talent.md
13681,talented,C:\GTT\EnglishDB\Words\t\talented.md
13682,talk,C:\GTT\EnglishDB\Words\t\talk.md
13683,talkative,C:\GTT\EnglishDB\Words\t\talkative.md
13684,talker,C:\GTT\EnglishDB\Words\t\talker.md
13685,talking,C:\GTT\EnglishDB\Words\t\talking.md
13686,tall,C:\GTT\EnglishDB\Words\t\tall.md
13687,tally,C:\GTT\EnglishDB\Words\t\tally.md
13688,talon,C:\GTT\EnglishDB\Words\t\talon.md
13689,tamale,C:\GTT\EnglishDB\Words\t\tamale.md
13690,tame,C:\GTT\EnglishDB\Words\t\tame.md
13691,tamper,C:\GTT\EnglishDB\Words\t\tamper.md
13692,tan,C:\GTT\EnglishDB\Words\t\tan.md
13693,tandem,C:\GTT\EnglishDB\Words\t\tandem.md
13694,tangible,C:\GTT\EnglishDB\Words\t\tangible.md
13695,tangle,C:\GTT\EnglishDB\Words\t\tangle.md
13696,tango,C:\GTT\EnglishDB\Words\t\tango.md
13697,tangy,C:\GTT\EnglishDB\Words\t\tangy.md
13698,tank,C:\GTT\EnglishDB\Words\t\tank.md
13699,tanker,C:\GTT\EnglishDB\Words\t\tanker.md
13700,tantalize,C:\GTT\EnglishDB\Words\t\tantalize.md
13701,tantalizing,C:\GTT\EnglishDB\Words\t\tantalizing.md
13702,tantamount,C:\GTT\EnglishDB\Words\t\tantamount.md
13703,tantrum,C:\GTT\EnglishDB\Words\t\tantrum.md
13704,tap,C:\GTT\EnglishDB\Words\t\tap.md
13705,tape,C:\GTT\EnglishDB\Words\t\tape.md
13706,taper,C:\GTT\EnglishDB\Words\t\taper.md
13707,tapestry,C:\GTT\EnglishDB\Words\t\tapestry.md
13708,tar,C:\GTT\EnglishDB\Words\t\tar.md
13709,target,C:\GTT\EnglishDB\Words\t\target.md
13710,tariff,C:\GTT\EnglishDB\Words\t\tariff.md
13711,tarmac,C:\GTT\EnglishDB\Words\t\tarmac.md
13712,tarnish,C:\GTT\EnglishDB\Words\t\tarnish.md
13713,tarp,C:\GTT\EnglishDB\Words\t\tarp.md
13714,tarragon,C:\GTT\EnglishDB\Words\t\tarragon.md
13715,tart,C:\GTT\EnglishDB\Words\t\tart.md
13716,task,C:\GTT\EnglishDB\Words\t\task.md
13717,taste,C:\GTT\EnglishDB\Words\t\taste.md
13718,tasteful,C:\GTT\EnglishDB\Words\t\tasteful.md
13719,tasteless,C:\GTT\EnglishDB\Words\t\tasteless.md
13720,tasty,C:\GTT\EnglishDB\Words\t\tasty.md
13721,tattered,C:\GTT\EnglishDB\Words\t\tattered.md
13722,tattoo,C:\GTT\EnglishDB\Words\t\tattoo.md
13723,taunt,C:\GTT\EnglishDB\Words\t\taunt.md
13724,taut,C:\GTT\EnglishDB\Words\t\taut.md
13725,tavern,C:\GTT\EnglishDB\Words\t\tavern.md
13726,tawny,C:\GTT\EnglishDB\Words\t\tawny.md
13727,tax,C:\GTT\EnglishDB\Words\t\tax.md
13728,taxable,C:\GTT\EnglishDB\Words\t\taxable.md
13729,taxation,C:\GTT\EnglishDB\Words\t\taxation.md
13730,taxi,C:\GTT\EnglishDB\Words\t\taxi.md
13731,taxing,C:\GTT\EnglishDB\Words\t\taxing.md
13732,taxonomy,C:\GTT\EnglishDB\Words\t\taxonomy.md
13733,taxpayer,C:\GTT\EnglishDB\Words\t\taxpayer.md
13734,tea,C:\GTT\EnglishDB\Words\t\tea.md
13735,teach,C:\GTT\EnglishDB\Words\t\teach.md
13736,teacher,C:\GTT\EnglishDB\Words\t\teacher.md
13737,teaching,C:\GTT\EnglishDB\Words\t\teaching.md
13738,teacup,C:\GTT\EnglishDB\Words\t\teacup.md
13739,teak,C:\GTT\EnglishDB\Words\t\teak.md
13740,team,C:\GTT\EnglishDB\Words\t\team.md
13741,teammate,C:\GTT\EnglishDB\Words\t\teammate.md
13742,teamwork,C:\GTT\EnglishDB\Words\t\teamwork.md
13743,teapot,C:\GTT\EnglishDB\Words\t\teapot.md
13744,tear,C:\GTT\EnglishDB\Words\t\tear.md
13745,tearful,C:\GTT\EnglishDB\Words\t\tearful.md
13746,tease,C:\GTT\EnglishDB\Words\t\tease.md
13747,teaspoon,C:\GTT\EnglishDB\Words\t\teaspoon.md
13748,tech,C:\GTT\EnglishDB\Words\t\tech.md
13749,technical,C:\GTT\EnglishDB\Words\t\technical.md
13750,technicality,C:\GTT\EnglishDB\Words\t\technicality.md
13751,technically,C:\GTT\EnglishDB\Words\t\technically.md
13752,technician,C:\GTT\EnglishDB\Words\t\technician.md
13753,technique,C:\GTT\EnglishDB\Words\t\technique.md
13754,technological,C:\GTT\EnglishDB\Words\t\technological.md
13755,technologically,C:\GTT\EnglishDB\Words\t\technologically.md
13756,technologist,C:\GTT\EnglishDB\Words\t\technologist.md
13757,technology,C:\GTT\EnglishDB\Words\t\technology.md
13758,teddy,C:\GTT\EnglishDB\Words\t\teddy.md
13759,tedious,C:\GTT\EnglishDB\Words\t\tedious.md
13760,tee,C:\GTT\EnglishDB\Words\t\tee.md
13761,teeming,C:\GTT\EnglishDB\Words\t\teeming.md
13762,teen,C:\GTT\EnglishDB\Words\t\teen.md
13763,teenage,C:\GTT\EnglishDB\Words\t\teenage.md
13764,teenager,C:\GTT\EnglishDB\Words\t\teenager.md
13765,teeter,C:\GTT\EnglishDB\Words\t\teeter.md
13766,telecast,C:\GTT\EnglishDB\Words\t\telecast.md
13767,telecom,C:\GTT\EnglishDB\Words\t\telecom.md
13768,telegram,C:\GTT\EnglishDB\Words\t\telegram.md
13769,telegraph,C:\GTT\EnglishDB\Words\t\telegraph.md
13770,telephone,C:\GTT\EnglishDB\Words\t\telephone.md
13771,telescope,C:\GTT\EnglishDB\Words\t\telescope.md
13772,telescopic,C:\GTT\EnglishDB\Words\t\telescopic.md
13773,televise,C:\GTT\EnglishDB\Words\t\televise.md
13774,television,C:\GTT\EnglishDB\Words\t\television.md
13775,tell,C:\GTT\EnglishDB\Words\t\tell.md
13776,teller,C:\GTT\EnglishDB\Words\t\teller.md
13777,telling,C:\GTT\EnglishDB\Words\t\telling.md
13778,telltale,C:\GTT\EnglishDB\Words\t\telltale.md
13779,temper,C:\GTT\EnglishDB\Words\t\temper.md
13780,temperament,C:\GTT\EnglishDB\Words\t\temperament.md
13781,temperamental,C:\GTT\EnglishDB\Words\t\temperamental.md
13782,temperate,C:\GTT\EnglishDB\Words\t\temperate.md
13783,temperature,C:\GTT\EnglishDB\Words\t\temperature.md
13784,template,C:\GTT\EnglishDB\Words\t\template.md
13785,temple,C:\GTT\EnglishDB\Words\t\temple.md
13786,tempo,C:\GTT\EnglishDB\Words\t\tempo.md
13787,temporal,C:\GTT\EnglishDB\Words\t\temporal.md
13788,temporarily,C:\GTT\EnglishDB\Words\t\temporarily.md
13789,temporary,C:\GTT\EnglishDB\Words\t\temporary.md
13790,tempt,C:\GTT\EnglishDB\Words\t\tempt.md
13791,temptation,C:\GTT\EnglishDB\Words\t\temptation.md
13792,tempting,C:\GTT\EnglishDB\Words\t\tempting.md
13793,ten,C:\GTT\EnglishDB\Words\t\ten.md
13794,tenacious,C:\GTT\EnglishDB\Words\t\tenacious.md
13795,tenacity,C:\GTT\EnglishDB\Words\t\tenacity.md
13796,tenant,C:\GTT\EnglishDB\Words\t\tenant.md
13797,tend,C:\GTT\EnglishDB\Words\t\tend.md
13798,tendency,C:\GTT\EnglishDB\Words\t\tendency.md
13799,tender,C:\GTT\EnglishDB\Words\t\tender.md
13800,tenderloin,C:\GTT\EnglishDB\Words\t\tenderloin.md
13801,tenderly,C:\GTT\EnglishDB\Words\t\tenderly.md
13802,tenderness,C:\GTT\EnglishDB\Words\t\tenderness.md
13803,tendon,C:\GTT\EnglishDB\Words\t\tendon.md
13804,tendril,C:\GTT\EnglishDB\Words\t\tendril.md
13805,tenement,C:\GTT\EnglishDB\Words\t\tenement.md
13806,tenet,C:\GTT\EnglishDB\Words\t\tenet.md
13807,tennis,C:\GTT\EnglishDB\Words\t\tennis.md
13808,tenor,C:\GTT\EnglishDB\Words\t\tenor.md
13809,tense,C:\GTT\EnglishDB\Words\t\tense.md
13810,tension,C:\GTT\EnglishDB\Words\t\tension.md
13811,tent,C:\GTT\EnglishDB\Words\t\tent.md
13812,tentacle,C:\GTT\EnglishDB\Words\t\tentacle.md
13813,tentative,C:\GTT\EnglishDB\Words\t\tentative.md
13814,tentatively,C:\GTT\EnglishDB\Words\t\tentatively.md
13815,tenth,C:\GTT\EnglishDB\Words\t\tenth.md
13816,tenuous,C:\GTT\EnglishDB\Words\t\tenuous.md
13817,tenure,C:\GTT\EnglishDB\Words\t\tenure.md
13818,tepid,C:\GTT\EnglishDB\Words\t\tepid.md
13819,tequila,C:\GTT\EnglishDB\Words\t\tequila.md
13820,term,C:\GTT\EnglishDB\Words\t\term.md
13821,terminal,C:\GTT\EnglishDB\Words\t\terminal.md
13822,terminally,C:\GTT\EnglishDB\Words\t\terminally.md
13823,terminate,C:\GTT\EnglishDB\Words\t\terminate.md
13824,termination,C:\GTT\EnglishDB\Words\t\termination.md
13825,terminology,C:\GTT\EnglishDB\Words\t\terminology.md
13826,termite,C:\GTT\EnglishDB\Words\t\termite.md
13827,tern,C:\GTT\EnglishDB\Words\t\tern.md
13828,terrace,C:\GTT\EnglishDB\Words\t\terrace.md
13829,terrain,C:\GTT\EnglishDB\Words\t\terrain.md
13830,terrestrial,C:\GTT\EnglishDB\Words\t\terrestrial.md
13831,terrible,C:\GTT\EnglishDB\Words\t\terrible.md
13832,terribly,C:\GTT\EnglishDB\Words\t\terribly.md
13833,terrier,C:\GTT\EnglishDB\Words\t\terrier.md
13834,terrific,C:\GTT\EnglishDB\Words\t\terrific.md
13835,terrified,C:\GTT\EnglishDB\Words\t\terrified.md
13836,terrify,C:\GTT\EnglishDB\Words\t\terrify.md
13837,terrifying,C:\GTT\EnglishDB\Words\t\terrifying.md
13838,territorial,C:\GTT\EnglishDB\Words\t\territorial.md
13839,territory,C:\GTT\EnglishDB\Words\t\territory.md
13840,terror,C:\GTT\EnglishDB\Words\t\terror.md
13841,terrorism,C:\GTT\EnglishDB\Words\t\terrorism.md
13842,terrorist,C:\GTT\EnglishDB\Words\t\terrorist.md
13843,terrorize,C:\GTT\EnglishDB\Words\t\terrorize.md
13844,terse,C:\GTT\EnglishDB\Words\t\terse.md
13845,tertiary,C:\GTT\EnglishDB\Words\t\tertiary.md
13846,test,C:\GTT\EnglishDB\Words\t\test.md
13847,testament,C:\GTT\EnglishDB\Words\t\testament.md
13848,tester,C:\GTT\EnglishDB\Words\t\tester.md
13849,testicle,C:\GTT\EnglishDB\Words\t\testicle.md
13850,testify,C:\GTT\EnglishDB\Words\t\testify.md
13851,testimonial,C:\GTT\EnglishDB\Words\t\testimonial.md
13852,testimony,C:\GTT\EnglishDB\Words\t\testimony.md
13853,testing,C:\GTT\EnglishDB\Words\t\testing.md
13854,testosterone,C:\GTT\EnglishDB\Words\t\testosterone.md
13855,tether,C:\GTT\EnglishDB\Words\t\tether.md
13856,text,C:\GTT\EnglishDB\Words\t\text.md
13857,textbook,C:\GTT\EnglishDB\Words\t\textbook.md
13858,textile,C:\GTT\EnglishDB\Words\t\textile.md
13859,textual,C:\GTT\EnglishDB\Words\t\textual.md
13860,texture,C:\GTT\EnglishDB\Words\t\texture.md
13861,textured,C:\GTT\EnglishDB\Words\t\textured.md
13862,than,C:\GTT\EnglishDB\Words\t\than.md
13863,thank,C:\GTT\EnglishDB\Words\t\thank.md
13864,thankful,C:\GTT\EnglishDB\Words\t\thankful.md
13865,thankfully,C:\GTT\EnglishDB\Words\t\thankfully.md
13866,thanks,C:\GTT\EnglishDB\Words\t\thanks.md
13867,that,C:\GTT\EnglishDB\Words\t\that.md
13868,thaw,C:\GTT\EnglishDB\Words\t\thaw.md
13869,the,C:\GTT\EnglishDB\Words\t\the.md
13870,theater,C:\GTT\EnglishDB\Words\t\theater.md
13871,theatrical,C:\GTT\EnglishDB\Words\t\theatrical.md
13872,thee,C:\GTT\EnglishDB\Words\t\thee.md
13873,theft,C:\GTT\EnglishDB\Words\t\theft.md
13874,their,C:\GTT\EnglishDB\Words\t\their.md
13875,theirs,C:\GTT\EnglishDB\Words\t\theirs.md
13876,them,C:\GTT\EnglishDB\Words\t\them.md
13877,thematic,C:\GTT\EnglishDB\Words\t\thematic.md
13878,theme,C:\GTT\EnglishDB\Words\t\theme.md
13879,themselves,C:\GTT\EnglishDB\Words\t\themselves.md
13880,then,C:\GTT\EnglishDB\Words\t\then.md
13881,theologian,C:\GTT\EnglishDB\Words\t\theologian.md
13882,theological,C:\GTT\EnglishDB\Words\t\theological.md
13883,theologically,C:\GTT\EnglishDB\Words\t\theologically.md
13884,theology,C:\GTT\EnglishDB\Words\t\theology.md
13885,theorem,C:\GTT\EnglishDB\Words\t\theorem.md
13886,theoretical,C:\GTT\EnglishDB\Words\t\theoretical.md
13887,theoretically,C:\GTT\EnglishDB\Words\t\theoretically.md
13888,theorist,C:\GTT\EnglishDB\Words\t\theorist.md
13889,theorize,C:\GTT\EnglishDB\Words\t\theorize.md
13890,theory,C:\GTT\EnglishDB\Words\t\theory.md
13891,therapeutic,C:\GTT\EnglishDB\Words\t\therapeutic.md
13892,therapist,C:\GTT\EnglishDB\Words\t\therapist.md
13893,therapy,C:\GTT\EnglishDB\Words\t\therapy.md
13894,there,C:\GTT\EnglishDB\Words\t\there.md
13895,thereafter,C:\GTT\EnglishDB\Words\t\thereafter.md
13896,thereby,C:\GTT\EnglishDB\Words\t\thereby.md
13897,therefore,C:\GTT\EnglishDB\Words\t\therefore.md
13898,therein,C:\GTT\EnglishDB\Words\t\therein.md
13899,thereof,C:\GTT\EnglishDB\Words\t\thereof.md
13900,thermal,C:\GTT\EnglishDB\Words\t\thermal.md
13901,thermometer,C:\GTT\EnglishDB\Words\t\thermometer.md
13902,thermos,C:\GTT\EnglishDB\Words\t\thermos.md
13903,thermostat,C:\GTT\EnglishDB\Words\t\thermostat.md
13904,these,C:\GTT\EnglishDB\Words\t\these.md
13905,thesis,C:\GTT\EnglishDB\Words\t\thesis.md
13906,they,C:\GTT\EnglishDB\Words\t\they.md
13907,thick,C:\GTT\EnglishDB\Words\t\thick.md
13908,thicken,C:\GTT\EnglishDB\Words\t\thicken.md
13909,thicket,C:\GTT\EnglishDB\Words\t\thicket.md
13910,thickly,C:\GTT\EnglishDB\Words\t\thickly.md
13911,thickness,C:\GTT\EnglishDB\Words\t\thickness.md
13912,thief,C:\GTT\EnglishDB\Words\t\thief.md
13913,thigh,C:\GTT\EnglishDB\Words\t\thigh.md
13914,thin,C:\GTT\EnglishDB\Words\t\thin.md
13915,thing,C:\GTT\EnglishDB\Words\t\thing.md
13916,think,C:\GTT\EnglishDB\Words\t\think.md
13917,thinker,C:\GTT\EnglishDB\Words\t\thinker.md
13918,thinking,C:\GTT\EnglishDB\Words\t\thinking.md
13919,thinly,C:\GTT\EnglishDB\Words\t\thinly.md
13920,third,C:\GTT\EnglishDB\Words\t\third.md
13921,thirst,C:\GTT\EnglishDB\Words\t\thirst.md
13922,thirsty,C:\GTT\EnglishDB\Words\t\thirsty.md
13923,thirteen,C:\GTT\EnglishDB\Words\t\thirteen.md
13924,thirteenth,C:\GTT\EnglishDB\Words\t\thirteenth.md
13925,thirty,C:\GTT\EnglishDB\Words\t\thirty.md
13926,this,C:\GTT\EnglishDB\Words\t\this.md
13927,thistle,C:\GTT\EnglishDB\Words\t\thistle.md
13928,thong,C:\GTT\EnglishDB\Words\t\thong.md
13929,thorn,C:\GTT\EnglishDB\Words\t\thorn.md
13930,thorny,C:\GTT\EnglishDB\Words\t\thorny.md
13931,thorough,C:\GTT\EnglishDB\Words\t\thorough.md
13932,thoroughfare,C:\GTT\EnglishDB\Words\t\thoroughfare.md
13933,thoroughly,C:\GTT\EnglishDB\Words\t\thoroughly.md
13934,those,C:\GTT\EnglishDB\Words\t\those.md
13935,thou,C:\GTT\EnglishDB\Words\t\thou.md
13936,though,C:\GTT\EnglishDB\Words\t\though.md
13937,thought,C:\GTT\EnglishDB\Words\t\thought.md
13938,thoughtful,C:\GTT\EnglishDB\Words\t\thoughtful.md
13939,thoughtfully,C:\GTT\EnglishDB\Words\t\thoughtfully.md
13940,thousand,C:\GTT\EnglishDB\Words\t\thousand.md
13941,thrash,C:\GTT\EnglishDB\Words\t\thrash.md
13942,thread,C:\GTT\EnglishDB\Words\t\thread.md
13943,threadbare,C:\GTT\EnglishDB\Words\t\threadbare.md
13944,threat,C:\GTT\EnglishDB\Words\t\threat.md
13945,threaten,C:\GTT\EnglishDB\Words\t\threaten.md
13946,threatening,C:\GTT\EnglishDB\Words\t\threatening.md
13947,three,C:\GTT\EnglishDB\Words\t\three.md
13948,threshold,C:\GTT\EnglishDB\Words\t\threshold.md
13949,thrift,C:\GTT\EnglishDB\Words\t\thrift.md
13950,thrill,C:\GTT\EnglishDB\Words\t\thrill.md
13951,thriller,C:\GTT\EnglishDB\Words\t\thriller.md
13952,thrilling,C:\GTT\EnglishDB\Words\t\thrilling.md
13953,thrive,C:\GTT\EnglishDB\Words\t\thrive.md
13954,throat,C:\GTT\EnglishDB\Words\t\throat.md
13955,throb,C:\GTT\EnglishDB\Words\t\throb.md
13956,throne,C:\GTT\EnglishDB\Words\t\throne.md
13957,throng,C:\GTT\EnglishDB\Words\t\throng.md
13958,throttle,C:\GTT\EnglishDB\Words\t\throttle.md
13959,through,C:\GTT\EnglishDB\Words\t\through.md
13960,throughout,C:\GTT\EnglishDB\Words\t\throughout.md
13961,throw,C:\GTT\EnglishDB\Words\t\throw.md
13962,throwback,C:\GTT\EnglishDB\Words\t\throwback.md
13963,thrust,C:\GTT\EnglishDB\Words\t\thrust.md
13964,thud,C:\GTT\EnglishDB\Words\t\thud.md
13965,thug,C:\GTT\EnglishDB\Words\t\thug.md
13966,thumb,C:\GTT\EnglishDB\Words\t\thumb.md
13967,thumbnail,C:\GTT\EnglishDB\Words\t\thumbnail.md
13968,thump,C:\GTT\EnglishDB\Words\t\thump.md
13969,thunder,C:\GTT\EnglishDB\Words\t\thunder.md
13970,thunderous,C:\GTT\EnglishDB\Words\t\thunderous.md
13971,thunderstorm,C:\GTT\EnglishDB\Words\t\thunderstorm.md
13972,thus,C:\GTT\EnglishDB\Words\t\thus.md
13973,thwart,C:\GTT\EnglishDB\Words\t\thwart.md
13974,thy,C:\GTT\EnglishDB\Words\t\thy.md
13975,thyme,C:\GTT\EnglishDB\Words\t\thyme.md
13976,thyroid,C:\GTT\EnglishDB\Words\t\thyroid.md
13977,tic,C:\GTT\EnglishDB\Words\t\tic.md
13978,tick,C:\GTT\EnglishDB\Words\t\tick.md
13979,ticker,C:\GTT\EnglishDB\Words\t\ticker.md
13980,ticket,C:\GTT\EnglishDB\Words\t\ticket.md
13981,ticking,C:\GTT\EnglishDB\Words\t\ticking.md
13982,tickle,C:\GTT\EnglishDB\Words\t\tickle.md
13983,tidal,C:\GTT\EnglishDB\Words\t\tidal.md
13984,tidbit,C:\GTT\EnglishDB\Words\t\tidbit.md
13985,tide,C:\GTT\EnglishDB\Words\t\tide.md
13986,tidy,C:\GTT\EnglishDB\Words\t\tidy.md
13987,tie,C:\GTT\EnglishDB\Words\t\tie.md
13988,tier,C:\GTT\EnglishDB\Words\t\tier.md
13989,tiger,C:\GTT\EnglishDB\Words\t\tiger.md
13990,tight,C:\GTT\EnglishDB\Words\t\tight.md
13991,tighten,C:\GTT\EnglishDB\Words\t\tighten.md
13992,tightly,C:\GTT\EnglishDB\Words\t\tightly.md
13993,tightness,C:\GTT\EnglishDB\Words\t\tightness.md
13994,tightrope,C:\GTT\EnglishDB\Words\t\tightrope.md
13995,tights,C:\GTT\EnglishDB\Words\t\tights.md
13996,tile,C:\GTT\EnglishDB\Words\t\tile.md
13997,tiled,C:\GTT\EnglishDB\Words\t\tiled.md
13998,till,C:\GTT\EnglishDB\Words\t\till.md
13999,tilt,C:\GTT\EnglishDB\Words\t\tilt.md
14000,timber,C:\GTT\EnglishDB\Words\t\timber.md
14001,timbre,C:\GTT\EnglishDB\Words\t\timbre.md
14002,time,C:\GTT\EnglishDB\Words\t\time.md
14003,timeless,C:\GTT\EnglishDB\Words\t\timeless.md
14004,timely,C:\GTT\EnglishDB\Words\t\timely.md
14005,timer,C:\GTT\EnglishDB\Words\t\timer.md
14006,timetable,C:\GTT\EnglishDB\Words\t\timetable.md
14007,timid,C:\GTT\EnglishDB\Words\t\timid.md
14008,timing,C:\GTT\EnglishDB\Words\t\timing.md
14009,tin,C:\GTT\EnglishDB\Words\t\tin.md
14010,tinge,C:\GTT\EnglishDB\Words\t\tinge.md
14011,tingle,C:\GTT\EnglishDB\Words\t\tingle.md
14012,tinker,C:\GTT\EnglishDB\Words\t\tinker.md
14013,tint,C:\GTT\EnglishDB\Words\t\tint.md
14014,tiny,C:\GTT\EnglishDB\Words\t\tiny.md
14015,tip,C:\GTT\EnglishDB\Words\t\tip.md
14016,tiptoe,C:\GTT\EnglishDB\Words\t\tiptoe.md
14017,tirade,C:\GTT\EnglishDB\Words\t\tirade.md
14018,tire,C:\GTT\EnglishDB\Words\t\tire.md
14019,tired,C:\GTT\EnglishDB\Words\t\tired.md
14020,tireless,C:\GTT\EnglishDB\Words\t\tireless.md
14021,tirelessly,C:\GTT\EnglishDB\Words\t\tirelessly.md
14022,tiresome,C:\GTT\EnglishDB\Words\t\tiresome.md
14023,tiring,C:\GTT\EnglishDB\Words\t\tiring.md
14024,tissue,C:\GTT\EnglishDB\Words\t\tissue.md
14025,tit,C:\GTT\EnglishDB\Words\t\tit.md
14026,titan,C:\GTT\EnglishDB\Words\t\titan.md
14027,titanic,C:\GTT\EnglishDB\Words\t\titanic.md
14028,titanium,C:\GTT\EnglishDB\Words\t\titanium.md
14029,title,C:\GTT\EnglishDB\Words\t\title.md
14030,to,C:\GTT\EnglishDB\Words\t\to.md
14031,toad,C:\GTT\EnglishDB\Words\t\toad.md
14032,toast,C:\GTT\EnglishDB\Words\t\toast.md
14033,toaster,C:\GTT\EnglishDB\Words\t\toaster.md
14034,tobacco,C:\GTT\EnglishDB\Words\t\tobacco.md
14035,today,C:\GTT\EnglishDB\Words\t\today.md
14036,toddler,C:\GTT\EnglishDB\Words\t\toddler.md
14037,toe,C:\GTT\EnglishDB\Words\t\toe.md
14038,toenail,C:\GTT\EnglishDB\Words\t\toenail.md
14039,together,C:\GTT\EnglishDB\Words\t\together.md
14040,toil,C:\GTT\EnglishDB\Words\t\toil.md
14041,toilet,C:\GTT\EnglishDB\Words\t\toilet.md
14042,token,C:\GTT\EnglishDB\Words\t\token.md
14043,tolerable,C:\GTT\EnglishDB\Words\t\tolerable.md
14044,tolerance,C:\GTT\EnglishDB\Words\t\tolerance.md
14045,tolerant,C:\GTT\EnglishDB\Words\t\tolerant.md
14046,tolerate,C:\GTT\EnglishDB\Words\t\tolerate.md
14047,toll,C:\GTT\EnglishDB\Words\t\toll.md
14048,tomato,C:\GTT\EnglishDB\Words\t\tomato.md
14049,tomb,C:\GTT\EnglishDB\Words\t\tomb.md
14050,tombstone,C:\GTT\EnglishDB\Words\t\tombstone.md
14051,tome,C:\GTT\EnglishDB\Words\t\tome.md
14052,tomography,C:\GTT\EnglishDB\Words\t\tomography.md
14053,tomorrow,C:\GTT\EnglishDB\Words\t\tomorrow.md
14054,tonal,C:\GTT\EnglishDB\Words\t\tonal.md
14055,tone,C:\GTT\EnglishDB\Words\t\tone.md
14056,tongs,C:\GTT\EnglishDB\Words\t\tongs.md
14057,tongue,C:\GTT\EnglishDB\Words\t\tongue.md
14058,tonic,C:\GTT\EnglishDB\Words\t\tonic.md
14059,tonight,C:\GTT\EnglishDB\Words\t\tonight.md
14060,too,C:\GTT\EnglishDB\Words\t\too.md
14061,tool,C:\GTT\EnglishDB\Words\t\tool.md
14062,toolbox,C:\GTT\EnglishDB\Words\t\toolbox.md
14063,tooth,C:\GTT\EnglishDB\Words\t\tooth.md
14064,toothbrush,C:\GTT\EnglishDB\Words\t\toothbrush.md
14065,toothless,C:\GTT\EnglishDB\Words\t\toothless.md
14066,toothpaste,C:\GTT\EnglishDB\Words\t\toothpaste.md
14067,toothpick,C:\GTT\EnglishDB\Words\t\toothpick.md
14068,top,C:\GTT\EnglishDB\Words\t\top.md
14069,topic,C:\GTT\EnglishDB\Words\t\topic.md
14070,topical,C:\GTT\EnglishDB\Words\t\topical.md
14071,topless,C:\GTT\EnglishDB\Words\t\topless.md
14072,topography,C:\GTT\EnglishDB\Words\t\topography.md
14073,topping,C:\GTT\EnglishDB\Words\t\topping.md
14074,topple,C:\GTT\EnglishDB\Words\t\topple.md
14075,topsoil,C:\GTT\EnglishDB\Words\t\topsoil.md
14076,torch,C:\GTT\EnglishDB\Words\t\torch.md
14077,torment,C:\GTT\EnglishDB\Words\t\torment.md
14078,torn,C:\GTT\EnglishDB\Words\t\torn.md
14079,tornado,C:\GTT\EnglishDB\Words\t\tornado.md
14080,torpedo,C:\GTT\EnglishDB\Words\t\torpedo.md
14081,torque,C:\GTT\EnglishDB\Words\t\torque.md
14082,torrent,C:\GTT\EnglishDB\Words\t\torrent.md
14083,torso,C:\GTT\EnglishDB\Words\t\torso.md
14084,tort,C:\GTT\EnglishDB\Words\t\tort.md
14085,tortilla,C:\GTT\EnglishDB\Words\t\tortilla.md
14086,tortoise,C:\GTT\EnglishDB\Words\t\tortoise.md
14087,torture,C:\GTT\EnglishDB\Words\t\torture.md
14088,toss,C:\GTT\EnglishDB\Words\t\toss.md
14089,tot,C:\GTT\EnglishDB\Words\t\tot.md
14090,total,C:\GTT\EnglishDB\Words\t\total.md
14091,totalitarian,C:\GTT\EnglishDB\Words\t\totalitarian.md
14092,totalitarianism,C:\GTT\EnglishDB\Words\t\totalitarianism.md
14093,totality,C:\GTT\EnglishDB\Words\t\totality.md
14094,totally,C:\GTT\EnglishDB\Words\t\totally.md
14095,tote,C:\GTT\EnglishDB\Words\t\tote.md
14096,totem,C:\GTT\EnglishDB\Words\t\totem.md
14097,touch,C:\GTT\EnglishDB\Words\t\touch.md
14098,touchdown,C:\GTT\EnglishDB\Words\t\touchdown.md
14099,touching,C:\GTT\EnglishDB\Words\t\touching.md
14100,touchstone,C:\GTT\EnglishDB\Words\t\touchstone.md
14101,touchy,C:\GTT\EnglishDB\Words\t\touchy.md
14102,tough,C:\GTT\EnglishDB\Words\t\tough.md
14103,toughen,C:\GTT\EnglishDB\Words\t\toughen.md
14104,toughness,C:\GTT\EnglishDB\Words\t\toughness.md
14105,tour,C:\GTT\EnglishDB\Words\t\tour.md
14106,tourism,C:\GTT\EnglishDB\Words\t\tourism.md
14107,tourist,C:\GTT\EnglishDB\Words\t\tourist.md
14108,tournament,C:\GTT\EnglishDB\Words\t\tournament.md
14109,tout,C:\GTT\EnglishDB\Words\t\tout.md
14110,tow,C:\GTT\EnglishDB\Words\t\tow.md
14111,toward,C:\GTT\EnglishDB\Words\t\toward.md
14112,towards,C:\GTT\EnglishDB\Words\t\towards.md
14113,towel,C:\GTT\EnglishDB\Words\t\towel.md
14114,tower,C:\GTT\EnglishDB\Words\t\tower.md
14115,towering,C:\GTT\EnglishDB\Words\t\towering.md
14116,town,C:\GTT\EnglishDB\Words\t\town.md
14117,townhouse,C:\GTT\EnglishDB\Words\t\townhouse.md
14118,township,C:\GTT\EnglishDB\Words\t\township.md
14119,townspeople,C:\GTT\EnglishDB\Words\t\townspeople.md
14120,toxic,C:\GTT\EnglishDB\Words\t\toxic.md
14121,toxicity,C:\GTT\EnglishDB\Words\t\toxicity.md
14122,toxin,C:\GTT\EnglishDB\Words\t\toxin.md
14123,trace,C:\GTT\EnglishDB\Words\t\trace.md
14124,tracer,C:\GTT\EnglishDB\Words\t\tracer.md
14125,track,C:\GTT\EnglishDB\Words\t\track.md
14126,tracker,C:\GTT\EnglishDB\Words\t\tracker.md
14127,tracking,C:\GTT\EnglishDB\Words\t\tracking.md
14128,tract,C:\GTT\EnglishDB\Words\t\tract.md
14129,traction,C:\GTT\EnglishDB\Words\t\traction.md
14130,tractor,C:\GTT\EnglishDB\Words\t\tractor.md
14131,trade,C:\GTT\EnglishDB\Words\t\trade.md
14132,trademark,C:\GTT\EnglishDB\Words\t\trademark.md
14133,trader,C:\GTT\EnglishDB\Words\t\trader.md
14134,trading,C:\GTT\EnglishDB\Words\t\trading.md
14135,tradition,C:\GTT\EnglishDB\Words\t\tradition.md
14136,traditional,C:\GTT\EnglishDB\Words\t\traditional.md
14137,traditionally,C:\GTT\EnglishDB\Words\t\traditionally.md
14138,traffic,C:\GTT\EnglishDB\Words\t\traffic.md
14139,trafficker,C:\GTT\EnglishDB\Words\t\trafficker.md
14140,tragedy,C:\GTT\EnglishDB\Words\t\tragedy.md
14141,tragic,C:\GTT\EnglishDB\Words\t\tragic.md
14142,tragically,C:\GTT\EnglishDB\Words\t\tragically.md
14143,trail,C:\GTT\EnglishDB\Words\t\trail.md
14144,trailer,C:\GTT\EnglishDB\Words\t\trailer.md
14145,trailhead,C:\GTT\EnglishDB\Words\t\trailhead.md
14146,trailing,C:\GTT\EnglishDB\Words\t\trailing.md
14147,train,C:\GTT\EnglishDB\Words\t\train.md
14148,trainee,C:\GTT\EnglishDB\Words\t\trainee.md
14149,trainer,C:\GTT\EnglishDB\Words\t\trainer.md
14150,training,C:\GTT\EnglishDB\Words\t\training.md
14151,trait,C:\GTT\EnglishDB\Words\t\trait.md
14152,traitor,C:\GTT\EnglishDB\Words\t\traitor.md
14153,trajectory,C:\GTT\EnglishDB\Words\t\trajectory.md
14154,tram,C:\GTT\EnglishDB\Words\t\tram.md
14155,tramp,C:\GTT\EnglishDB\Words\t\tramp.md
14156,trample,C:\GTT\EnglishDB\Words\t\trample.md
14157,trance,C:\GTT\EnglishDB\Words\t\trance.md
14158,tranquil,C:\GTT\EnglishDB\Words\t\tranquil.md
14159,tranquility,C:\GTT\EnglishDB\Words\t\tranquility.md
14160,tranquilizer,C:\GTT\EnglishDB\Words\t\tranquilizer.md
14161,transaction,C:\GTT\EnglishDB\Words\t\transaction.md
14162,transatlantic,C:\GTT\EnglishDB\Words\t\transatlantic.md
14163,transcend,C:\GTT\EnglishDB\Words\t\transcend.md
14164,transcendence,C:\GTT\EnglishDB\Words\t\transcendence.md
14165,transcendent,C:\GTT\EnglishDB\Words\t\transcendent.md
14166,transcendental,C:\GTT\EnglishDB\Words\t\transcendental.md
14167,transcribe,C:\GTT\EnglishDB\Words\t\transcribe.md
14168,transcript,C:\GTT\EnglishDB\Words\t\transcript.md
14169,transcription,C:\GTT\EnglishDB\Words\t\transcription.md
14170,transducer,C:\GTT\EnglishDB\Words\t\transducer.md
14171,transfer,C:\GTT\EnglishDB\Words\t\transfer.md
14172,transfix,C:\GTT\EnglishDB\Words\t\transfix.md
14173,transform,C:\GTT\EnglishDB\Words\t\transform.md
14174,transformation,C:\GTT\EnglishDB\Words\t\transformation.md
14175,transformative,C:\GTT\EnglishDB\Words\t\transformative.md
14176,transformer,C:\GTT\EnglishDB\Words\t\transformer.md
14177,transfusion,C:\GTT\EnglishDB\Words\t\transfusion.md
14178,transgression,C:\GTT\EnglishDB\Words\t\transgression.md
14179,transient,C:\GTT\EnglishDB\Words\t\transient.md
14180,transistor,C:\GTT\EnglishDB\Words\t\transistor.md
14181,transit,C:\GTT\EnglishDB\Words\t\transit.md
14182,transition,C:\GTT\EnglishDB\Words\t\transition.md
14183,transitional,C:\GTT\EnglishDB\Words\t\transitional.md
14184,transitory,C:\GTT\EnglishDB\Words\t\transitory.md
14185,translate,C:\GTT\EnglishDB\Words\t\translate.md
14186,translation,C:\GTT\EnglishDB\Words\t\translation.md
14187,translator,C:\GTT\EnglishDB\Words\t\translator.md
14188,translucent,C:\GTT\EnglishDB\Words\t\translucent.md
14189,transmission,C:\GTT\EnglishDB\Words\t\transmission.md
14190,transmit,C:\GTT\EnglishDB\Words\t\transmit.md
14191,transmitter,C:\GTT\EnglishDB\Words\t\transmitter.md
14192,transom,C:\GTT\EnglishDB\Words\t\transom.md
14193,transparency,C:\GTT\EnglishDB\Words\t\transparency.md
14194,transparent,C:\GTT\EnglishDB\Words\t\transparent.md
14195,transpire,C:\GTT\EnglishDB\Words\t\transpire.md
14196,transplant,C:\GTT\EnglishDB\Words\t\transplant.md
14197,transplantation,C:\GTT\EnglishDB\Words\t\transplantation.md
14198,transport,C:\GTT\EnglishDB\Words\t\transport.md
14199,transportation,C:\GTT\EnglishDB\Words\t\transportation.md
14200,trap,C:\GTT\EnglishDB\Words\t\trap.md
14201,trapper,C:\GTT\EnglishDB\Words\t\trapper.md
14202,trappings,C:\GTT\EnglishDB\Words\t\trappings.md
14203,trash,C:\GTT\EnglishDB\Words\t\trash.md
14204,trauma,C:\GTT\EnglishDB\Words\t\trauma.md
14205,traumatic,C:\GTT\EnglishDB\Words\t\traumatic.md
14206,traumatize,C:\GTT\EnglishDB\Words\t\traumatize.md
14207,travail,C:\GTT\EnglishDB\Words\t\travail.md
14208,travel,C:\GTT\EnglishDB\Words\t\travel.md
14209,traveler,C:\GTT\EnglishDB\Words\t\traveler.md
14210,traveling,C:\GTT\EnglishDB\Words\t\traveling.md
14211,traverse,C:\GTT\EnglishDB\Words\t\traverse.md
14212,travesty,C:\GTT\EnglishDB\Words\t\travesty.md
14213,trawl,C:\GTT\EnglishDB\Words\t\trawl.md
14214,trawler,C:\GTT\EnglishDB\Words\t\trawler.md
14215,tray,C:\GTT\EnglishDB\Words\t\tray.md
14216,treacherous,C:\GTT\EnglishDB\Words\t\treacherous.md
14217,treachery,C:\GTT\EnglishDB\Words\t\treachery.md
14218,tread,C:\GTT\EnglishDB\Words\t\tread.md
14219,treadmill,C:\GTT\EnglishDB\Words\t\treadmill.md
14220,treason,C:\GTT\EnglishDB\Words\t\treason.md
14221,treasure,C:\GTT\EnglishDB\Words\t\treasure.md
14222,treasurer,C:\GTT\EnglishDB\Words\t\treasurer.md
14223,treasury,C:\GTT\EnglishDB\Words\t\treasury.md
14224,treat,C:\GTT\EnglishDB\Words\t\treat.md
14225,treatise,C:\GTT\EnglishDB\Words\t\treatise.md
14226,treatment,C:\GTT\EnglishDB\Words\t\treatment.md
14227,treaty,C:\GTT\EnglishDB\Words\t\treaty.md
14228,tree,C:\GTT\EnglishDB\Words\t\tree.md
14229,treetop,C:\GTT\EnglishDB\Words\t\treetop.md
14230,trek,C:\GTT\EnglishDB\Words\t\trek.md
14231,tremble,C:\GTT\EnglishDB\Words\t\tremble.md
14232,trembling,C:\GTT\EnglishDB\Words\t\trembling.md
14233,tremendous,C:\GTT\EnglishDB\Words\t\tremendous.md
14234,tremendously,C:\GTT\EnglishDB\Words\t\tremendously.md
14235,tremor,C:\GTT\EnglishDB\Words\t\tremor.md
14236,trench,C:\GTT\EnglishDB\Words\t\trench.md
14237,trend,C:\GTT\EnglishDB\Words\t\trend.md
14238,trendy,C:\GTT\EnglishDB\Words\t\trendy.md
14239,trepidation,C:\GTT\EnglishDB\Words\t\trepidation.md
14240,trespass,C:\GTT\EnglishDB\Words\t\trespass.md
14241,triad,C:\GTT\EnglishDB\Words\t\triad.md
14242,trial,C:\GTT\EnglishDB\Words\t\trial.md
14243,triangle,C:\GTT\EnglishDB\Words\t\triangle.md
14244,triangular,C:\GTT\EnglishDB\Words\t\triangular.md
14245,tribal,C:\GTT\EnglishDB\Words\t\tribal.md
14246,tribe,C:\GTT\EnglishDB\Words\t\tribe.md
14247,tribesman,C:\GTT\EnglishDB\Words\t\tribesman.md
14248,tribulation,C:\GTT\EnglishDB\Words\t\tribulation.md
14249,tribunal,C:\GTT\EnglishDB\Words\t\tribunal.md
14250,tributary,C:\GTT\EnglishDB\Words\t\tributary.md
14251,tribute,C:\GTT\EnglishDB\Words\t\tribute.md
14252,trick,C:\GTT\EnglishDB\Words\t\trick.md
14253,trickle,C:\GTT\EnglishDB\Words\t\trickle.md
14254,trickster,C:\GTT\EnglishDB\Words\t\trickster.md
14255,tricky,C:\GTT\EnglishDB\Words\t\tricky.md
14256,tried,C:\GTT\EnglishDB\Words\t\tried.md
14257,trifle,C:\GTT\EnglishDB\Words\t\trifle.md
14258,trigger,C:\GTT\EnglishDB\Words\t\trigger.md
14259,trillion,C:\GTT\EnglishDB\Words\t\trillion.md
14260,trilogy,C:\GTT\EnglishDB\Words\t\trilogy.md
14261,trim,C:\GTT\EnglishDB\Words\t\trim.md
14262,trimester,C:\GTT\EnglishDB\Words\t\trimester.md
14263,trimming,C:\GTT\EnglishDB\Words\t\trimming.md
14264,trinket,C:\GTT\EnglishDB\Words\t\trinket.md
14265,trio,C:\GTT\EnglishDB\Words\t\trio.md
14266,trip,C:\GTT\EnglishDB\Words\t\trip.md
14267,triple,C:\GTT\EnglishDB\Words\t\triple.md
14268,triplet,C:\GTT\EnglishDB\Words\t\triplet.md
14269,tripod,C:\GTT\EnglishDB\Words\t\tripod.md
14270,triumph,C:\GTT\EnglishDB\Words\t\triumph.md
14271,triumphant,C:\GTT\EnglishDB\Words\t\triumphant.md
14272,triumphantly,C:\GTT\EnglishDB\Words\t\triumphantly.md
14273,trivia,C:\GTT\EnglishDB\Words\t\trivia.md
14274,trivial,C:\GTT\EnglishDB\Words\t\trivial.md
14275,trivialize,C:\GTT\EnglishDB\Words\t\trivialize.md
14276,troll,C:\GTT\EnglishDB\Words\t\troll.md
14277,trolley,C:\GTT\EnglishDB\Words\t\trolley.md
14278,troop,C:\GTT\EnglishDB\Words\t\troop.md
14279,trooper,C:\GTT\EnglishDB\Words\t\trooper.md
14280,trope,C:\GTT\EnglishDB\Words\t\trope.md
14281,trophy,C:\GTT\EnglishDB\Words\t\trophy.md
14282,tropical,C:\GTT\EnglishDB\Words\t\tropical.md
14283,trot,C:\GTT\EnglishDB\Words\t\trot.md
14284,trouble,C:\GTT\EnglishDB\Words\t\trouble.md
14285,troubled,C:\GTT\EnglishDB\Words\t\troubled.md
14286,troublemaker,C:\GTT\EnglishDB\Words\t\troublemaker.md
14287,troublesome,C:\GTT\EnglishDB\Words\t\troublesome.md
14288,trough,C:\GTT\EnglishDB\Words\t\trough.md
14289,troupe,C:\GTT\EnglishDB\Words\t\troupe.md
14290,trousers,C:\GTT\EnglishDB\Words\t\trousers.md
14291,trout,C:\GTT\EnglishDB\Words\t\trout.md
14292,trove,C:\GTT\EnglishDB\Words\t\trove.md
14293,truce,C:\GTT\EnglishDB\Words\t\truce.md
14294,truck,C:\GTT\EnglishDB\Words\t\truck.md
14295,trucker,C:\GTT\EnglishDB\Words\t\trucker.md
14296,trucking,C:\GTT\EnglishDB\Words\t\trucking.md
14297,truckload,C:\GTT\EnglishDB\Words\t\truckload.md
14298,trudge,C:\GTT\EnglishDB\Words\t\trudge.md
14299,TRUE,C:\GTT\EnglishDB\Words\t\true.md
14300,truffle,C:\GTT\EnglishDB\Words\t\truffle.md
14301,truly,C:\GTT\EnglishDB\Words\t\truly.md
14302,trump,C:\GTT\EnglishDB\Words\t\trump.md
14303,trumpet,C:\GTT\EnglishDB\Words\t\trumpet.md
14304,trunk,C:\GTT\EnglishDB\Words\t\trunk.md
14305,trust,C:\GTT\EnglishDB\Words\t\trust.md
14306,trustee,C:\GTT\EnglishDB\Words\t\trustee.md
14307,trusting,C:\GTT\EnglishDB\Words\t\trusting.md
14308,trustworthy,C:\GTT\EnglishDB\Words\t\trustworthy.md
14309,trusty,C:\GTT\EnglishDB\Words\t\trusty.md
14310,truth,C:\GTT\EnglishDB\Words\t\truth.md
14311,truthful,C:\GTT\EnglishDB\Words\t\truthful.md
14312,truthfully,C:\GTT\EnglishDB\Words\t\truthfully.md
14313,try,C:\GTT\EnglishDB\Words\t\try.md
14314,trying,C:\GTT\EnglishDB\Words\t\trying.md
14315,tryout,C:\GTT\EnglishDB\Words\t\tryout.md
14316,tsunami,C:\GTT\EnglishDB\Words\t\tsunami.md
14317,tube,C:\GTT\EnglishDB\Words\t\tube.md
14318,tuber,C:\GTT\EnglishDB\Words\t\tuber.md
14319,tuberculosis,C:\GTT\EnglishDB\Words\t\tuberculosis.md
14320,tubing,C:\GTT\EnglishDB\Words\t\tubing.md
14321,tubular,C:\GTT\EnglishDB\Words\t\tubular.md
14322,tuck,C:\GTT\EnglishDB\Words\t\tuck.md
14323,tuft,C:\GTT\EnglishDB\Words\t\tuft.md
14324,tug,C:\GTT\EnglishDB\Words\t\tug.md
14325,tuition,C:\GTT\EnglishDB\Words\t\tuition.md
14326,tulip,C:\GTT\EnglishDB\Words\t\tulip.md
14327,tumble,C:\GTT\EnglishDB\Words\t\tumble.md
14328,tumbler,C:\GTT\EnglishDB\Words\t\tumbler.md
14329,tumbling,C:\GTT\EnglishDB\Words\t\tumbling.md
14330,tummy,C:\GTT\EnglishDB\Words\t\tummy.md
14331,tumult,C:\GTT\EnglishDB\Words\t\tumult.md
14332,tumultuous,C:\GTT\EnglishDB\Words\t\tumultuous.md
14333,tuna,C:\GTT\EnglishDB\Words\t\tuna.md
14334,tundra,C:\GTT\EnglishDB\Words\t\tundra.md
14335,tune,C:\GTT\EnglishDB\Words\t\tune.md
14336,tunic,C:\GTT\EnglishDB\Words\t\tunic.md
14337,tuning,C:\GTT\EnglishDB\Words\t\tuning.md
14338,tunnel,C:\GTT\EnglishDB\Words\t\tunnel.md
14339,turban,C:\GTT\EnglishDB\Words\t\turban.md
14340,turbine,C:\GTT\EnglishDB\Words\t\turbine.md
14341,turbulence,C:\GTT\EnglishDB\Words\t\turbulence.md
14342,turbulent,C:\GTT\EnglishDB\Words\t\turbulent.md
14343,turf,C:\GTT\EnglishDB\Words\t\turf.md
14344,turkey,C:\GTT\EnglishDB\Words\t\turkey.md
14345,turmoil,C:\GTT\EnglishDB\Words\t\turmoil.md
14346,turn,C:\GTT\EnglishDB\Words\t\turn.md
14347,turnaround,C:\GTT\EnglishDB\Words\t\turnaround.md
14348,turning,C:\GTT\EnglishDB\Words\t\turning.md
14349,turnip,C:\GTT\EnglishDB\Words\t\turnip.md
14350,turnout,C:\GTT\EnglishDB\Words\t\turnout.md
14351,turnover,C:\GTT\EnglishDB\Words\t\turnover.md
14352,turntable,C:\GTT\EnglishDB\Words\t\turntable.md
14353,turpentine,C:\GTT\EnglishDB\Words\t\turpentine.md
14354,turquoise,C:\GTT\EnglishDB\Words\t\turquoise.md
14355,turret,C:\GTT\EnglishDB\Words\t\turret.md
14356,turtle,C:\GTT\EnglishDB\Words\t\turtle.md
14357,turtleneck,C:\GTT\EnglishDB\Words\t\turtleneck.md
14358,tusk,C:\GTT\EnglishDB\Words\t\tusk.md
14359,tutelage,C:\GTT\EnglishDB\Words\t\tutelage.md
14360,tutor,C:\GTT\EnglishDB\Words\t\tutor.md
14361,tutorial,C:\GTT\EnglishDB\Words\t\tutorial.md
14362,tuxedo,C:\GTT\EnglishDB\Words\t\tuxedo.md
14363,tweak,C:\GTT\EnglishDB\Words\t\tweak.md
14364,tweed,C:\GTT\EnglishDB\Words\t\tweed.md
14365,twelfth,C:\GTT\EnglishDB\Words\t\twelfth.md
14366,twelve,C:\GTT\EnglishDB\Words\t\twelve.md
14367,twentieth,C:\GTT\EnglishDB\Words\t\twentieth.md
14368,twenty,C:\GTT\EnglishDB\Words\t\twenty.md
14369,twice,C:\GTT\EnglishDB\Words\t\twice.md
14370,twig,C:\GTT\EnglishDB\Words\t\twig.md
14371,twilight,C:\GTT\EnglishDB\Words\t\twilight.md
14372,twin,C:\GTT\EnglishDB\Words\t\twin.md
14373,twine,C:\GTT\EnglishDB\Words\t\twine.md
14374,twinge,C:\GTT\EnglishDB\Words\t\twinge.md
14375,twinkle,C:\GTT\EnglishDB\Words\t\twinkle.md
14376,twirl,C:\GTT\EnglishDB\Words\t\twirl.md
14377,twist,C:\GTT\EnglishDB\Words\t\twist.md
14378,twitch,C:\GTT\EnglishDB\Words\t\twitch.md
14379,two,C:\GTT\EnglishDB\Words\t\two.md
14380,twofold,C:\GTT\EnglishDB\Words\t\twofold.md
14381,tycoon,C:\GTT\EnglishDB\Words\t\tycoon.md
14382,type,C:\GTT\EnglishDB\Words\t\type.md
14383,typewriter,C:\GTT\EnglishDB\Words\t\typewriter.md
14384,typical,C:\GTT\EnglishDB\Words\t\typical.md
14385,typically,C:\GTT\EnglishDB\Words\t\typically.md
14386,typify,C:\GTT\EnglishDB\Words\t\typify.md
14387,typing,C:\GTT\EnglishDB\Words\t\typing.md
14388,typology,C:\GTT\EnglishDB\Words\t\typology.md
14389,tyranny,C:\GTT\EnglishDB\Words\t\tyranny.md
14390,tyrant,C:\GTT\EnglishDB\Words\t\tyrant.md
14391,ubiquitous,C:\GTT\EnglishDB\Words\u\ubiquitous.md
14392,ugh,C:\GTT\EnglishDB\Words\u\ugh.md
14393,ugliness,C:\GTT\EnglishDB\Words\u\ugliness.md
14394,ugly,C:\GTT\EnglishDB\Words\u\ugly.md
14395,uh,C:\GTT\EnglishDB\Words\u\uh.md
14396,ulcer,C:\GTT\EnglishDB\Words\u\ulcer.md
14397,ultimate,C:\GTT\EnglishDB\Words\u\ultimate.md
14398,ultimately,C:\GTT\EnglishDB\Words\u\ultimately.md
14399,ultimatum,C:\GTT\EnglishDB\Words\u\ultimatum.md
14400,ultra,C:\GTT\EnglishDB\Words\u\ultra.md
14401,ultrasound,C:\GTT\EnglishDB\Words\u\ultrasound.md
14402,ultraviolet,C:\GTT\EnglishDB\Words\u\ultraviolet.md
14403,umbilical,C:\GTT\EnglishDB\Words\u\umbilical.md
14404,umbrella,C:\GTT\EnglishDB\Words\u\umbrella.md
14405,umpire,C:\GTT\EnglishDB\Words\u\umpire.md
14406,unabashed,C:\GTT\EnglishDB\Words\u\unabashed.md
14407,unable,C:\GTT\EnglishDB\Words\u\unable.md
14408,unacceptable,C:\GTT\EnglishDB\Words\u\unacceptable.md
14409,unaccustomed,C:\GTT\EnglishDB\Words\u\unaccustomed.md
14410,unaffected,C:\GTT\EnglishDB\Words\u\unaffected.md
14411,unambiguous,C:\GTT\EnglishDB\Words\u\unambiguous.md
14412,unanimity,C:\GTT\EnglishDB\Words\u\unanimity.md
14413,unanimous,C:\GTT\EnglishDB\Words\u\unanimous.md
14414,unanimously,C:\GTT\EnglishDB\Words\u\unanimously.md
14415,unannounced,C:\GTT\EnglishDB\Words\u\unannounced.md
14416,unanswered,C:\GTT\EnglishDB\Words\u\unanswered.md
14417,unarmed,C:\GTT\EnglishDB\Words\u\unarmed.md
14418,unassuming,C:\GTT\EnglishDB\Words\u\unassuming.md
14419,unattainable,C:\GTT\EnglishDB\Words\u\unattainable.md
14420,unattended,C:\GTT\EnglishDB\Words\u\unattended.md
14421,unattractive,C:\GTT\EnglishDB\Words\u\unattractive.md
14422,unauthorized,C:\GTT\EnglishDB\Words\u\unauthorized.md
14423,unavailable,C:\GTT\EnglishDB\Words\u\unavailable.md
14424,unavoidable,C:\GTT\EnglishDB\Words\u\unavoidable.md
14425,unaware,C:\GTT\EnglishDB\Words\u\unaware.md
14426,unbalanced,C:\GTT\EnglishDB\Words\u\unbalanced.md
14427,unbearable,C:\GTT\EnglishDB\Words\u\unbearable.md
14428,unbeaten,C:\GTT\EnglishDB\Words\u\unbeaten.md
14429,unbelievable,C:\GTT\EnglishDB\Words\u\unbelievable.md
14430,unbelievably,C:\GTT\EnglishDB\Words\u\unbelievably.md
14431,unbiased,C:\GTT\EnglishDB\Words\u\unbiased.md
14432,unborn,C:\GTT\EnglishDB\Words\u\unborn.md
14433,unbridled,C:\GTT\EnglishDB\Words\u\unbridled.md
14434,unbroken,C:\GTT\EnglishDB\Words\u\unbroken.md
14435,unbutton,C:\GTT\EnglishDB\Words\u\unbutton.md
14436,uncanny,C:\GTT\EnglishDB\Words\u\uncanny.md
14437,uncertain,C:\GTT\EnglishDB\Words\u\uncertain.md
14438,uncertainty,C:\GTT\EnglishDB\Words\u\uncertainty.md
14439,unchallenged,C:\GTT\EnglishDB\Words\u\unchallenged.md
14440,unchanged,C:\GTT\EnglishDB\Words\u\unchanged.md
14441,uncharted,C:\GTT\EnglishDB\Words\u\uncharted.md
14442,unchecked,C:\GTT\EnglishDB\Words\u\unchecked.md
14443,uncle,C:\GTT\EnglishDB\Words\u\uncle.md
14444,unclear,C:\GTT\EnglishDB\Words\u\unclear.md
14445,uncomfortable,C:\GTT\EnglishDB\Words\u\uncomfortable.md
14446,uncomfortably,C:\GTT\EnglishDB\Words\u\uncomfortably.md
14447,uncommon,C:\GTT\EnglishDB\Words\u\uncommon.md
14448,uncompromising,C:\GTT\EnglishDB\Words\u\uncompromising.md
14449,unconcerned,C:\GTT\EnglishDB\Words\u\unconcerned.md
14450,unconditional,C:\GTT\EnglishDB\Words\u\unconditional.md
14451,unconditionally,C:\GTT\EnglishDB\Words\u\unconditionally.md
14452,unconscionable,C:\GTT\EnglishDB\Words\u\unconscionable.md
14453,unconscious,C:\GTT\EnglishDB\Words\u\unconscious.md
14454,unconsciously,C:\GTT\EnglishDB\Words\u\unconsciously.md
14455,unconstitutional,C:\GTT\EnglishDB\Words\u\unconstitutional.md
14456,uncontrollable,C:\GTT\EnglishDB\Words\u\uncontrollable.md
14457,uncontrolled,C:\GTT\EnglishDB\Words\u\uncontrolled.md
14458,unconventional,C:\GTT\EnglishDB\Words\u\unconventional.md
14459,uncooked,C:\GTT\EnglishDB\Words\u\uncooked.md
14460,uncover,C:\GTT\EnglishDB\Words\u\uncover.md
14461,undaunted,C:\GTT\EnglishDB\Words\u\undaunted.md
14462,undecided,C:\GTT\EnglishDB\Words\u\undecided.md
14463,undeniable,C:\GTT\EnglishDB\Words\u\undeniable.md
14464,under,C:\GTT\EnglishDB\Words\u\under.md
14465,underage,C:\GTT\EnglishDB\Words\u\underage.md
14466,underbrush,C:\GTT\EnglishDB\Words\u\underbrush.md
14467,underclass,C:\GTT\EnglishDB\Words\u\underclass.md
14468,undercover,C:\GTT\EnglishDB\Words\u\undercover.md
14469,undercurrent,C:\GTT\EnglishDB\Words\u\undercurrent.md
14470,undercut,C:\GTT\EnglishDB\Words\u\undercut.md
14471,underdeveloped,C:\GTT\EnglishDB\Words\u\underdeveloped.md
14472,underdog,C:\GTT\EnglishDB\Words\u\underdog.md
14473,underestimate,C:\GTT\EnglishDB\Words\u\underestimate.md
14474,underfoot,C:\GTT\EnglishDB\Words\u\underfoot.md
14475,undergo,C:\GTT\EnglishDB\Words\u\undergo.md
14476,undergraduate,C:\GTT\EnglishDB\Words\u\undergraduate.md
14477,underground,C:\GTT\EnglishDB\Words\u\underground.md
14478,underlie,C:\GTT\EnglishDB\Words\u\underlie.md
14479,underline,C:\GTT\EnglishDB\Words\u\underline.md
14480,underlying,C:\GTT\EnglishDB\Words\u\underlying.md
14481,undermine,C:\GTT\EnglishDB\Words\u\undermine.md
14482,underneath,C:\GTT\EnglishDB\Words\u\underneath.md
14483,underpants,C:\GTT\EnglishDB\Words\u\underpants.md
14484,underpin,C:\GTT\EnglishDB\Words\u\underpin.md
14485,underpinning,C:\GTT\EnglishDB\Words\u\underpinning.md
14486,underscore,C:\GTT\EnglishDB\Words\u\underscore.md
14487,undersea,C:\GTT\EnglishDB\Words\u\undersea.md
14488,undersecretary,C:\GTT\EnglishDB\Words\u\undersecretary.md
14489,underserved,C:\GTT\EnglishDB\Words\u\underserved.md
14490,underside,C:\GTT\EnglishDB\Words\u\underside.md
14491,understand,C:\GTT\EnglishDB\Words\u\understand.md
14492,understandable,C:\GTT\EnglishDB\Words\u\understandable.md
14493,understandably,C:\GTT\EnglishDB\Words\u\understandably.md
14494,understanding,C:\GTT\EnglishDB\Words\u\understanding.md
14495,understate,C:\GTT\EnglishDB\Words\u\understate.md
14496,understatement,C:\GTT\EnglishDB\Words\u\understatement.md
14497,undertake,C:\GTT\EnglishDB\Words\u\undertake.md
14498,undertaking,C:\GTT\EnglishDB\Words\u\undertaking.md
14499,undertone,C:\GTT\EnglishDB\Words\u\undertone.md
14500,undervalue,C:\GTT\EnglishDB\Words\u\undervalue.md
14501,underwater,C:\GTT\EnglishDB\Words\u\underwater.md
14502,underway,C:\GTT\EnglishDB\Words\u\underway.md
14503,underwear,C:\GTT\EnglishDB\Words\u\underwear.md
14504,underworld,C:\GTT\EnglishDB\Words\u\underworld.md
14505,underwrite,C:\GTT\EnglishDB\Words\u\underwrite.md
14506,underwriter,C:\GTT\EnglishDB\Words\u\underwriter.md
14507,underwriting,C:\GTT\EnglishDB\Words\u\underwriting.md
14508,undesirable,C:\GTT\EnglishDB\Words\u\undesirable.md
14509,undetected,C:\GTT\EnglishDB\Words\u\undetected.md
14510,undeveloped,C:\GTT\EnglishDB\Words\u\undeveloped.md
14511,undiscovered,C:\GTT\EnglishDB\Words\u\undiscovered.md
14512,undisputed,C:\GTT\EnglishDB\Words\u\undisputed.md
14513,undisturbed,C:\GTT\EnglishDB\Words\u\undisturbed.md
14514,undo,C:\GTT\EnglishDB\Words\u\undo.md
14515,undocumented,C:\GTT\EnglishDB\Words\u\undocumented.md
14516,undoubtedly,C:\GTT\EnglishDB\Words\u\undoubtedly.md
14517,undress,C:\GTT\EnglishDB\Words\u\undress.md
14518,undue,C:\GTT\EnglishDB\Words\u\undue.md
14519,unduly,C:\GTT\EnglishDB\Words\u\unduly.md
14520,unearth,C:\GTT\EnglishDB\Words\u\unearth.md
14521,unease,C:\GTT\EnglishDB\Words\u\unease.md
14522,uneasily,C:\GTT\EnglishDB\Words\u\uneasily.md
14523,uneasiness,C:\GTT\EnglishDB\Words\u\uneasiness.md
14524,uneasy,C:\GTT\EnglishDB\Words\u\uneasy.md
14525,uneducated,C:\GTT\EnglishDB\Words\u\uneducated.md
14526,unemployed,C:\GTT\EnglishDB\Words\u\unemployed.md
14527,unemployment,C:\GTT\EnglishDB\Words\u\unemployment.md
14528,unending,C:\GTT\EnglishDB\Words\u\unending.md
14529,unequal,C:\GTT\EnglishDB\Words\u\unequal.md
14530,unequivocal,C:\GTT\EnglishDB\Words\u\unequivocal.md
14531,uneven,C:\GTT\EnglishDB\Words\u\uneven.md
14532,unevenly,C:\GTT\EnglishDB\Words\u\unevenly.md
14533,unexpected,C:\GTT\EnglishDB\Words\u\unexpected.md
14534,unexpectedly,C:\GTT\EnglishDB\Words\u\unexpectedly.md
14535,unfair,C:\GTT\EnglishDB\Words\u\unfair.md
14536,unfaithful,C:\GTT\EnglishDB\Words\u\unfaithful.md
14537,unfamiliar,C:\GTT\EnglishDB\Words\u\unfamiliar.md
14538,unfathomable,C:\GTT\EnglishDB\Words\u\unfathomable.md
14539,unfavorable,C:\GTT\EnglishDB\Words\u\unfavorable.md
14540,unfettered,C:\GTT\EnglishDB\Words\u\unfettered.md
14541,unfinished,C:\GTT\EnglishDB\Words\u\unfinished.md
14542,unfit,C:\GTT\EnglishDB\Words\u\unfit.md
14543,unfold,C:\GTT\EnglishDB\Words\u\unfold.md
14544,unforeseen,C:\GTT\EnglishDB\Words\u\unforeseen.md
14545,unforgettable,C:\GTT\EnglishDB\Words\u\unforgettable.md
14546,unforgiving,C:\GTT\EnglishDB\Words\u\unforgiving.md
14547,unfortunate,C:\GTT\EnglishDB\Words\u\unfortunate.md
14548,unfortunately,C:\GTT\EnglishDB\Words\u\unfortunately.md
14549,unfounded,C:\GTT\EnglishDB\Words\u\unfounded.md
14550,unfriendly,C:\GTT\EnglishDB\Words\u\unfriendly.md
14551,unfurl,C:\GTT\EnglishDB\Words\u\unfurl.md
14552,unhappily,C:\GTT\EnglishDB\Words\u\unhappily.md
14553,unhappy,C:\GTT\EnglishDB\Words\u\unhappy.md
14554,unharmed,C:\GTT\EnglishDB\Words\u\unharmed.md
14555,unhealthy,C:\GTT\EnglishDB\Words\u\unhealthy.md
14556,unheard,C:\GTT\EnglishDB\Words\u\unheard.md
14557,unholy,C:\GTT\EnglishDB\Words\u\unholy.md
14558,unhook,C:\GTT\EnglishDB\Words\u\unhook.md
14559,unicorn,C:\GTT\EnglishDB\Words\u\unicorn.md
14560,unidentified,C:\GTT\EnglishDB\Words\u\unidentified.md
14561,unification,C:\GTT\EnglishDB\Words\u\unification.md
14562,uniform,C:\GTT\EnglishDB\Words\u\uniform.md
14563,uniformity,C:\GTT\EnglishDB\Words\u\uniformity.md
14564,uniformly,C:\GTT\EnglishDB\Words\u\uniformly.md
14565,unify,C:\GTT\EnglishDB\Words\u\unify.md
14566,unilateral,C:\GTT\EnglishDB\Words\u\unilateral.md
14567,unimaginable,C:\GTT\EnglishDB\Words\u\unimaginable.md
14568,unimportant,C:\GTT\EnglishDB\Words\u\unimportant.md
14569,uninformed,C:\GTT\EnglishDB\Words\u\uninformed.md
14570,uninsured,C:\GTT\EnglishDB\Words\u\uninsured.md
14571,unintentional,C:\GTT\EnglishDB\Words\u\unintentional.md
14572,uninterested,C:\GTT\EnglishDB\Words\u\uninterested.md
14573,uninterrupted,C:\GTT\EnglishDB\Words\u\uninterrupted.md
14574,uninvited,C:\GTT\EnglishDB\Words\u\uninvited.md
14575,union,C:\GTT\EnglishDB\Words\u\union.md
14576,unique,C:\GTT\EnglishDB\Words\u\unique.md
14577,uniquely,C:\GTT\EnglishDB\Words\u\uniquely.md
14578,unison,C:\GTT\EnglishDB\Words\u\unison.md
14579,unit,C:\GTT\EnglishDB\Words\u\unit.md
14580,unitary,C:\GTT\EnglishDB\Words\u\unitary.md
14581,unite,C:\GTT\EnglishDB\Words\u\unite.md
14582,unity,C:\GTT\EnglishDB\Words\u\unity.md
14583,universal,C:\GTT\EnglishDB\Words\u\universal.md
14584,universality,C:\GTT\EnglishDB\Words\u\universality.md
14585,universally,C:\GTT\EnglishDB\Words\u\universally.md
14586,universe,C:\GTT\EnglishDB\Words\u\universe.md
14587,university,C:\GTT\EnglishDB\Words\u\university.md
14588,unjust,C:\GTT\EnglishDB\Words\u\unjust.md
14589,unkind,C:\GTT\EnglishDB\Words\u\unkind.md
14590,unknowingly,C:\GTT\EnglishDB\Words\u\unknowingly.md
14591,unknown,C:\GTT\EnglishDB\Words\u\unknown.md
14592,unlawful,C:\GTT\EnglishDB\Words\u\unlawful.md
14593,unleash,C:\GTT\EnglishDB\Words\u\unleash.md
14594,unless,C:\GTT\EnglishDB\Words\u\unless.md
14595,unlicensed,C:\GTT\EnglishDB\Words\u\unlicensed.md
14596,unlike,C:\GTT\EnglishDB\Words\u\unlike.md
14597,unlikely,C:\GTT\EnglishDB\Words\u\unlikely.md
14598,unlimited,C:\GTT\EnglishDB\Words\u\unlimited.md
14599,unload,C:\GTT\EnglishDB\Words\u\unload.md
14600,unlock,C:\GTT\EnglishDB\Words\u\unlock.md
14601,unlucky,C:\GTT\EnglishDB\Words\u\unlucky.md
14602,unmanned,C:\GTT\EnglishDB\Words\u\unmanned.md
14603,unmarked,C:\GTT\EnglishDB\Words\u\unmarked.md
14604,unmarried,C:\GTT\EnglishDB\Words\u\unmarried.md
14605,unmask,C:\GTT\EnglishDB\Words\u\unmask.md
14606,unmatched,C:\GTT\EnglishDB\Words\u\unmatched.md
14607,unmistakable,C:\GTT\EnglishDB\Words\u\unmistakable.md
14608,unmistakably,C:\GTT\EnglishDB\Words\u\unmistakably.md
14609,unnatural,C:\GTT\EnglishDB\Words\u\unnatural.md
14610,unnecessarily,C:\GTT\EnglishDB\Words\u\unnecessarily.md
14611,unnecessary,C:\GTT\EnglishDB\Words\u\unnecessary.md
14612,unnerve,C:\GTT\EnglishDB\Words\u\unnerve.md
14613,unnoticed,C:\GTT\EnglishDB\Words\u\unnoticed.md
14614,unoccupied,C:\GTT\EnglishDB\Words\u\unoccupied.md
14615,unofficial,C:\GTT\EnglishDB\Words\u\unofficial.md
14616,unopened,C:\GTT\EnglishDB\Words\u\unopened.md
14617,unorthodox,C:\GTT\EnglishDB\Words\u\unorthodox.md
14618,unpack,C:\GTT\EnglishDB\Words\u\unpack.md
14619,unpaid,C:\GTT\EnglishDB\Words\u\unpaid.md
14620,unparalleled,C:\GTT\EnglishDB\Words\u\unparalleled.md
14621,unpleasant,C:\GTT\EnglishDB\Words\u\unpleasant.md
14622,unpopular,C:\GTT\EnglishDB\Words\u\unpopular.md
14623,unprecedented,C:\GTT\EnglishDB\Words\u\unprecedented.md
14624,unpredictable,C:\GTT\EnglishDB\Words\u\unpredictable.md
14625,unprepared,C:\GTT\EnglishDB\Words\u\unprepared.md
14626,unpretentious,C:\GTT\EnglishDB\Words\u\unpretentious.md
14627,unproductive,C:\GTT\EnglishDB\Words\u\unproductive.md
14628,unprofitable,C:\GTT\EnglishDB\Words\u\unprofitable.md
14629,unqualified,C:\GTT\EnglishDB\Words\u\unqualified.md
14630,unquestionably,C:\GTT\EnglishDB\Words\u\unquestionably.md
14631,unquestioned,C:\GTT\EnglishDB\Words\u\unquestioned.md
14632,unravel,C:\GTT\EnglishDB\Words\u\unravel.md
14633,unreal,C:\GTT\EnglishDB\Words\u\unreal.md
14634,unrealistic,C:\GTT\EnglishDB\Words\u\unrealistic.md
14635,unreasonable,C:\GTT\EnglishDB\Words\u\unreasonable.md
14636,unrecognized,C:\GTT\EnglishDB\Words\u\unrecognized.md
14637,unrelenting,C:\GTT\EnglishDB\Words\u\unrelenting.md
14638,unreliable,C:\GTT\EnglishDB\Words\u\unreliable.md
14639,unresponsive,C:\GTT\EnglishDB\Words\u\unresponsive.md
14640,unrest,C:\GTT\EnglishDB\Words\u\unrest.md
14641,unrestricted,C:\GTT\EnglishDB\Words\u\unrestricted.md
14642,unruly,C:\GTT\EnglishDB\Words\u\unruly.md
14643,unsafe,C:\GTT\EnglishDB\Words\u\unsafe.md
14644,unsalted,C:\GTT\EnglishDB\Words\u\unsalted.md
14645,unsatisfactory,C:\GTT\EnglishDB\Words\u\unsatisfactory.md
14646,unsavory,C:\GTT\EnglishDB\Words\u\unsavory.md
14647,unscathed,C:\GTT\EnglishDB\Words\u\unscathed.md
14648,unscrew,C:\GTT\EnglishDB\Words\u\unscrew.md
14649,unscrupulous,C:\GTT\EnglishDB\Words\u\unscrupulous.md
14650,unseat,C:\GTT\EnglishDB\Words\u\unseat.md
14651,unseen,C:\GTT\EnglishDB\Words\u\unseen.md
14652,unsettle,C:\GTT\EnglishDB\Words\u\unsettle.md
14653,unsettled,C:\GTT\EnglishDB\Words\u\unsettled.md
14654,unskilled,C:\GTT\EnglishDB\Words\u\unskilled.md
14655,unsolicited,C:\GTT\EnglishDB\Words\u\unsolicited.md
14656,unsolved,C:\GTT\EnglishDB\Words\u\unsolved.md
14657,unspeakable,C:\GTT\EnglishDB\Words\u\unspeakable.md
14658,unspecified,C:\GTT\EnglishDB\Words\u\unspecified.md
14659,unspoken,C:\GTT\EnglishDB\Words\u\unspoken.md
14660,unstable,C:\GTT\EnglishDB\Words\u\unstable.md
14661,unsteady,C:\GTT\EnglishDB\Words\u\unsteady.md
14662,unsuccessful,C:\GTT\EnglishDB\Words\u\unsuccessful.md
14663,unsuccessfully,C:\GTT\EnglishDB\Words\u\unsuccessfully.md
14664,unsuitable,C:\GTT\EnglishDB\Words\u\unsuitable.md
14665,unsure,C:\GTT\EnglishDB\Words\u\unsure.md
14666,unsuspecting,C:\GTT\EnglishDB\Words\u\unsuspecting.md
14667,untangle,C:\GTT\EnglishDB\Words\u\untangle.md
14668,untapped,C:\GTT\EnglishDB\Words\u\untapped.md
14669,untenable,C:\GTT\EnglishDB\Words\u\untenable.md
14670,unthinkable,C:\GTT\EnglishDB\Words\u\unthinkable.md
14671,untie,C:\GTT\EnglishDB\Words\u\untie.md
14672,until,C:\GTT\EnglishDB\Words\u\until.md
14673,untimely,C:\GTT\EnglishDB\Words\u\untimely.md
14674,untitled,C:\GTT\EnglishDB\Words\u\untitled.md
14675,unto,C:\GTT\EnglishDB\Words\u\unto.md
14676,untold,C:\GTT\EnglishDB\Words\u\untold.md
14677,untouchable,C:\GTT\EnglishDB\Words\u\untouchable.md
14678,untouched,C:\GTT\EnglishDB\Words\u\untouched.md
14679,untrained,C:\GTT\EnglishDB\Words\u\untrained.md
14680,untrue,C:\GTT\EnglishDB\Words\u\untrue.md
14681,unused,C:\GTT\EnglishDB\Words\u\unused.md
14682,unusual,C:\GTT\EnglishDB\Words\u\unusual.md
14683,unusually,C:\GTT\EnglishDB\Words\u\unusually.md
14684,unveil,C:\GTT\EnglishDB\Words\u\unveil.md
14685,unwanted,C:\GTT\EnglishDB\Words\u\unwanted.md
14686,unwarranted,C:\GTT\EnglishDB\Words\u\unwarranted.md
14687,unwavering,C:\GTT\EnglishDB\Words\u\unwavering.md
14688,unwed,C:\GTT\EnglishDB\Words\u\unwed.md
14689,unwelcome,C:\GTT\EnglishDB\Words\u\unwelcome.md
14690,unwieldy,C:\GTT\EnglishDB\Words\u\unwieldy.md
14691,unwilling,C:\GTT\EnglishDB\Words\u\unwilling.md
14692,unwillingness,C:\GTT\EnglishDB\Words\u\unwillingness.md
14693,unwind,C:\GTT\EnglishDB\Words\u\unwind.md
14694,unwise,C:\GTT\EnglishDB\Words\u\unwise.md
14695,unwitting,C:\GTT\EnglishDB\Words\u\unwitting.md
14696,unwittingly,C:\GTT\EnglishDB\Words\u\unwittingly.md
14697,unworthy,C:\GTT\EnglishDB\Words\u\unworthy.md
14698,unwrap,C:\GTT\EnglishDB\Words\u\unwrap.md
14699,unwritten,C:\GTT\EnglishDB\Words\u\unwritten.md
14700,unyielding,C:\GTT\EnglishDB\Words\u\unyielding.md
14701,unzip,C:\GTT\EnglishDB\Words\u\unzip.md
14702,up,C:\GTT\EnglishDB\Words\u\up.md
14703,upbeat,C:\GTT\EnglishDB\Words\u\upbeat.md
14704,upbringing,C:\GTT\EnglishDB\Words\u\upbringing.md
14705,upcoming,C:\GTT\EnglishDB\Words\u\upcoming.md
14706,update,C:\GTT\EnglishDB\Words\u\update.md
14707,upgrade,C:\GTT\EnglishDB\Words\u\upgrade.md
14708,upheaval,C:\GTT\EnglishDB\Words\u\upheaval.md
14709,uphill,C:\GTT\EnglishDB\Words\u\uphill.md
14710,uphold,C:\GTT\EnglishDB\Words\u\uphold.md
14711,upholstery,C:\GTT\EnglishDB\Words\u\upholstery.md
14712,upkeep,C:\GTT\EnglishDB\Words\u\upkeep.md
14713,upland,C:\GTT\EnglishDB\Words\u\upland.md
14714,uplift,C:\GTT\EnglishDB\Words\u\uplift.md
14715,upload,C:\GTT\EnglishDB\Words\u\upload.md
14716,upon,C:\GTT\EnglishDB\Words\u\upon.md
14717,upper,C:\GTT\EnglishDB\Words\u\upper.md
14718,upright,C:\GTT\EnglishDB\Words\u\upright.md
14719,uprising,C:\GTT\EnglishDB\Words\u\uprising.md
14720,upriver,C:\GTT\EnglishDB\Words\u\upriver.md
14721,uproar,C:\GTT\EnglishDB\Words\u\uproar.md
14722,uproot,C:\GTT\EnglishDB\Words\u\uproot.md
14723,upscale,C:\GTT\EnglishDB\Words\u\upscale.md
14724,upset,C:\GTT\EnglishDB\Words\u\upset.md
14725,upsetting,C:\GTT\EnglishDB\Words\u\upsetting.md
14726,upshot,C:\GTT\EnglishDB\Words\u\upshot.md
14727,upside,C:\GTT\EnglishDB\Words\u\upside.md
14728,upstairs,C:\GTT\EnglishDB\Words\u\upstairs.md
14729,upstart,C:\GTT\EnglishDB\Words\u\upstart.md
14730,upstate,C:\GTT\EnglishDB\Words\u\upstate.md
14731,upstream,C:\GTT\EnglishDB\Words\u\upstream.md
14732,upswing,C:\GTT\EnglishDB\Words\u\upswing.md
14733,uptake,C:\GTT\EnglishDB\Words\u\uptake.md
14734,uptight,C:\GTT\EnglishDB\Words\u\uptight.md
14735,uptown,C:\GTT\EnglishDB\Words\u\uptown.md
14736,upturned,C:\GTT\EnglishDB\Words\u\upturned.md
14737,upward,C:\GTT\EnglishDB\Words\u\upward.md
14738,upwards,C:\GTT\EnglishDB\Words\u\upwards.md
14739,uranium,C:\GTT\EnglishDB\Words\u\uranium.md
14740,urban,C:\GTT\EnglishDB\Words\u\urban.md
14741,urbanization,C:\GTT\EnglishDB\Words\u\urbanization.md
14742,urchin,C:\GTT\EnglishDB\Words\u\urchin.md
14743,urge,C:\GTT\EnglishDB\Words\u\urge.md
14744,urgency,C:\GTT\EnglishDB\Words\u\urgency.md
14745,urgent,C:\GTT\EnglishDB\Words\u\urgent.md
14746,urgently,C:\GTT\EnglishDB\Words\u\urgently.md
14747,urinary,C:\GTT\EnglishDB\Words\u\urinary.md
14748,urinate,C:\GTT\EnglishDB\Words\u\urinate.md
14749,urine,C:\GTT\EnglishDB\Words\u\urine.md
14750,urn,C:\GTT\EnglishDB\Words\u\urn.md
14751,us,C:\GTT\EnglishDB\Words\u\us.md
14752,usable,C:\GTT\EnglishDB\Words\u\usable.md
14753,usage,C:\GTT\EnglishDB\Words\u\usage.md
14754,use,C:\GTT\EnglishDB\Words\u\use.md
14755,used,C:\GTT\EnglishDB\Words\u\used.md
14756,useful,C:\GTT\EnglishDB\Words\u\useful.md
14757,usefulness,C:\GTT\EnglishDB\Words\u\usefulness.md
14758,useless,C:\GTT\EnglishDB\Words\u\useless.md
14759,user,C:\GTT\EnglishDB\Words\u\user.md
14760,usher,C:\GTT\EnglishDB\Words\u\usher.md
14761,usual,C:\GTT\EnglishDB\Words\u\usual.md
14762,usually,C:\GTT\EnglishDB\Words\u\usually.md
14763,usurp,C:\GTT\EnglishDB\Words\u\usurp.md
14764,utensil,C:\GTT\EnglishDB\Words\u\utensil.md
14765,uterine,C:\GTT\EnglishDB\Words\u\uterine.md
14766,uterus,C:\GTT\EnglishDB\Words\u\uterus.md
14767,utilitarian,C:\GTT\EnglishDB\Words\u\utilitarian.md
14768,utility,C:\GTT\EnglishDB\Words\u\utility.md
14769,utilization,C:\GTT\EnglishDB\Words\u\utilization.md
14770,utilize,C:\GTT\EnglishDB\Words\u\utilize.md
14771,utmost,C:\GTT\EnglishDB\Words\u\utmost.md
14772,utopia,C:\GTT\EnglishDB\Words\u\utopia.md
14773,utopian,C:\GTT\EnglishDB\Words\u\utopian.md
14774,utter,C:\GTT\EnglishDB\Words\u\utter.md
14775,utterance,C:\GTT\EnglishDB\Words\u\utterance.md
14776,utterly,C:\GTT\EnglishDB\Words\u\utterly.md
14777,vacancy,C:\GTT\EnglishDB\Words\v\vacancy.md
14778,vacant,C:\GTT\EnglishDB\Words\v\vacant.md
14779,vacate,C:\GTT\EnglishDB\Words\v\vacate.md
14780,vacation,C:\GTT\EnglishDB\Words\v\vacation.md
14781,vacationer,C:\GTT\EnglishDB\Words\v\vacationer.md
14782,vaccinate,C:\GTT\EnglishDB\Words\v\vaccinate.md
14783,vaccination,C:\GTT\EnglishDB\Words\v\vaccination.md
14784,vaccine,C:\GTT\EnglishDB\Words\v\vaccine.md
14785,vacuum,C:\GTT\EnglishDB\Words\v\vacuum.md
14786,vagina,C:\GTT\EnglishDB\Words\v\vagina.md
14787,vaginal,C:\GTT\EnglishDB\Words\v\vaginal.md
14788,vague,C:\GTT\EnglishDB\Words\v\vague.md
14789,vaguely,C:\GTT\EnglishDB\Words\v\vaguely.md
14790,vain,C:\GTT\EnglishDB\Words\v\vain.md
14791,valet,C:\GTT\EnglishDB\Words\v\valet.md
14792,valiant,C:\GTT\EnglishDB\Words\v\valiant.md
14793,valid,C:\GTT\EnglishDB\Words\v\valid.md
14794,validate,C:\GTT\EnglishDB\Words\v\validate.md
14795,validation,C:\GTT\EnglishDB\Words\v\validation.md
14796,validity,C:\GTT\EnglishDB\Words\v\validity.md
14797,valley,C:\GTT\EnglishDB\Words\v\valley.md
14798,valor,C:\GTT\EnglishDB\Words\v\valor.md
14799,valuable,C:\GTT\EnglishDB\Words\v\valuable.md
14800,valuation,C:\GTT\EnglishDB\Words\v\valuation.md
14801,value,C:\GTT\EnglishDB\Words\v\value.md
14802,valued,C:\GTT\EnglishDB\Words\v\valued.md
14803,valve,C:\GTT\EnglishDB\Words\v\valve.md
14804,vampire,C:\GTT\EnglishDB\Words\v\vampire.md
14805,vandal,C:\GTT\EnglishDB\Words\v\vandal.md
14806,vandalism,C:\GTT\EnglishDB\Words\v\vandalism.md
14807,vanguard,C:\GTT\EnglishDB\Words\v\vanguard.md
14808,vanilla,C:\GTT\EnglishDB\Words\v\vanilla.md
14809,vanish,C:\GTT\EnglishDB\Words\v\vanish.md
14810,vanity,C:\GTT\EnglishDB\Words\v\vanity.md
14811,vantage,C:\GTT\EnglishDB\Words\v\vantage.md
14812,vapor,C:\GTT\EnglishDB\Words\v\vapor.md
14813,vaporize,C:\GTT\EnglishDB\Words\v\vaporize.md
14814,variability,C:\GTT\EnglishDB\Words\v\variability.md
14815,variable,C:\GTT\EnglishDB\Words\v\variable.md
14816,variance,C:\GTT\EnglishDB\Words\v\variance.md
14817,variant,C:\GTT\EnglishDB\Words\v\variant.md
14818,variation,C:\GTT\EnglishDB\Words\v\variation.md
14819,varied,C:\GTT\EnglishDB\Words\v\varied.md
14820,variegated,C:\GTT\EnglishDB\Words\v\variegated.md
14821,variety,C:\GTT\EnglishDB\Words\v\variety.md
14822,various,C:\GTT\EnglishDB\Words\v\various.md
14823,variously,C:\GTT\EnglishDB\Words\v\variously.md
14824,varnish,C:\GTT\EnglishDB\Words\v\varnish.md
14825,varsity,C:\GTT\EnglishDB\Words\v\varsity.md
14826,vary,C:\GTT\EnglishDB\Words\v\vary.md
14827,vascular,C:\GTT\EnglishDB\Words\v\vascular.md
14828,vase,C:\GTT\EnglishDB\Words\v\vase.md
14829,vast,C:\GTT\EnglishDB\Words\v\vast.md
14830,vastly,C:\GTT\EnglishDB\Words\v\vastly.md
14831,vastness,C:\GTT\EnglishDB\Words\v\vastness.md
14832,vat,C:\GTT\EnglishDB\Words\v\vat.md
14833,vault,C:\GTT\EnglishDB\Words\v\vault.md
14834,veal,C:\GTT\EnglishDB\Words\v\veal.md
14835,vector,C:\GTT\EnglishDB\Words\v\vector.md
14836,veer,C:\GTT\EnglishDB\Words\v\veer.md
14837,vegan,C:\GTT\EnglishDB\Words\v\vegan.md
14838,vegetable,C:\GTT\EnglishDB\Words\v\vegetable.md
14839,vegetarian,C:\GTT\EnglishDB\Words\v\vegetarian.md
14840,vegetation,C:\GTT\EnglishDB\Words\v\vegetation.md
14841,vegetative,C:\GTT\EnglishDB\Words\v\vegetative.md
14842,vehemently,C:\GTT\EnglishDB\Words\v\vehemently.md
14843,vehicle,C:\GTT\EnglishDB\Words\v\vehicle.md
14844,veil,C:\GTT\EnglishDB\Words\v\veil.md
14845,veiled,C:\GTT\EnglishDB\Words\v\veiled.md
14846,vein,C:\GTT\EnglishDB\Words\v\vein.md
14847,velocity,C:\GTT\EnglishDB\Words\v\velocity.md
14848,velvet,C:\GTT\EnglishDB\Words\v\velvet.md
14849,velvety,C:\GTT\EnglishDB\Words\v\velvety.md
14850,vend,C:\GTT\EnglishDB\Words\v\vend.md
14851,vendetta,C:\GTT\EnglishDB\Words\v\vendetta.md
14852,vendor,C:\GTT\EnglishDB\Words\v\vendor.md
14853,veneer,C:\GTT\EnglishDB\Words\v\veneer.md
14854,venerable,C:\GTT\EnglishDB\Words\v\venerable.md
14855,vengeance,C:\GTT\EnglishDB\Words\v\vengeance.md
14856,vengeful,C:\GTT\EnglishDB\Words\v\vengeful.md
14857,venison,C:\GTT\EnglishDB\Words\v\venison.md
14858,venom,C:\GTT\EnglishDB\Words\v\venom.md
14859,venous,C:\GTT\EnglishDB\Words\v\venous.md
14860,vent,C:\GTT\EnglishDB\Words\v\vent.md
14861,ventilation,C:\GTT\EnglishDB\Words\v\ventilation.md
14862,ventilator,C:\GTT\EnglishDB\Words\v\ventilator.md
14863,venture,C:\GTT\EnglishDB\Words\v\venture.md
14864,venue,C:\GTT\EnglishDB\Words\v\venue.md
14865,veracity,C:\GTT\EnglishDB\Words\v\veracity.md
14866,veranda,C:\GTT\EnglishDB\Words\v\veranda.md
14867,verb,C:\GTT\EnglishDB\Words\v\verb.md
14868,verbal,C:\GTT\EnglishDB\Words\v\verbal.md
14869,verbally,C:\GTT\EnglishDB\Words\v\verbally.md
14870,verdant,C:\GTT\EnglishDB\Words\v\verdant.md
14871,verdict,C:\GTT\EnglishDB\Words\v\verdict.md
14872,verge,C:\GTT\EnglishDB\Words\v\verge.md
14873,verification,C:\GTT\EnglishDB\Words\v\verification.md
14874,verify,C:\GTT\EnglishDB\Words\v\verify.md
14875,veritable,C:\GTT\EnglishDB\Words\v\veritable.md
14876,vernacular,C:\GTT\EnglishDB\Words\v\vernacular.md
14877,versatile,C:\GTT\EnglishDB\Words\v\versatile.md
14878,versatility,C:\GTT\EnglishDB\Words\v\versatility.md
14879,verse,C:\GTT\EnglishDB\Words\v\verse.md
14880,version,C:\GTT\EnglishDB\Words\v\version.md
14881,versus,C:\GTT\EnglishDB\Words\v\versus.md
14882,vertebra,C:\GTT\EnglishDB\Words\v\vertebra.md
14883,vertebrate,C:\GTT\EnglishDB\Words\v\vertebrate.md
14884,vertical,C:\GTT\EnglishDB\Words\v\vertical.md
14885,vertically,C:\GTT\EnglishDB\Words\v\vertically.md
14886,vertigo,C:\GTT\EnglishDB\Words\v\vertigo.md
14887,very,C:\GTT\EnglishDB\Words\v\very.md
14888,vessel,C:\GTT\EnglishDB\Words\v\vessel.md
14889,vest,C:\GTT\EnglishDB\Words\v\vest.md
14890,vested,C:\GTT\EnglishDB\Words\v\vested.md
14891,vestibule,C:\GTT\EnglishDB\Words\v\vestibule.md
14892,vestige,C:\GTT\EnglishDB\Words\v\vestige.md
14893,vet,C:\GTT\EnglishDB\Words\v\vet.md
14894,veteran,C:\GTT\EnglishDB\Words\v\veteran.md
14895,veterinarian,C:\GTT\EnglishDB\Words\v\veterinarian.md
14896,veterinary,C:\GTT\EnglishDB\Words\v\veterinary.md
14897,veto,C:\GTT\EnglishDB\Words\v\veto.md
14898,vex,C:\GTT\EnglishDB\Words\v\vex.md
14899,via,C:\GTT\EnglishDB\Words\v\via.md
14900,viability,C:\GTT\EnglishDB\Words\v\viability.md
14901,viable,C:\GTT\EnglishDB\Words\v\viable.md
14902,vial,C:\GTT\EnglishDB\Words\v\vial.md
14903,vibrant,C:\GTT\EnglishDB\Words\v\vibrant.md
14904,vibrate,C:\GTT\EnglishDB\Words\v\vibrate.md
14905,vibration,C:\GTT\EnglishDB\Words\v\vibration.md
14906,vice,C:\GTT\EnglishDB\Words\v\vice.md
14907,vicinity,C:\GTT\EnglishDB\Words\v\vicinity.md
14908,vicious,C:\GTT\EnglishDB\Words\v\vicious.md
14909,viciously,C:\GTT\EnglishDB\Words\v\viciously.md
14910,victim,C:\GTT\EnglishDB\Words\v\victim.md
14911,victimization,C:\GTT\EnglishDB\Words\v\victimization.md
14912,victimize,C:\GTT\EnglishDB\Words\v\victimize.md
14913,victor,C:\GTT\EnglishDB\Words\v\victor.md
14914,victorious,C:\GTT\EnglishDB\Words\v\victorious.md
14915,victory,C:\GTT\EnglishDB\Words\v\victory.md
14916,video,C:\GTT\EnglishDB\Words\v\video.md
14917,view,C:\GTT\EnglishDB\Words\v\view.md
14918,viewer,C:\GTT\EnglishDB\Words\v\viewer.md
14919,viewpoint,C:\GTT\EnglishDB\Words\v\viewpoint.md
14920,vigil,C:\GTT\EnglishDB\Words\v\vigil.md
14921,vigilance,C:\GTT\EnglishDB\Words\v\vigilance.md
14922,vigilant,C:\GTT\EnglishDB\Words\v\vigilant.md
14923,vigilante,C:\GTT\EnglishDB\Words\v\vigilante.md
14924,vignette,C:\GTT\EnglishDB\Words\v\vignette.md
14925,vigor,C:\GTT\EnglishDB\Words\v\vigor.md
14926,vigorous,C:\GTT\EnglishDB\Words\v\vigorous.md
14927,vigorously,C:\GTT\EnglishDB\Words\v\vigorously.md
14928,vile,C:\GTT\EnglishDB\Words\v\vile.md
14929,vilify,C:\GTT\EnglishDB\Words\v\vilify.md
14930,villa,C:\GTT\EnglishDB\Words\v\villa.md
14931,village,C:\GTT\EnglishDB\Words\v\village.md
14932,villager,C:\GTT\EnglishDB\Words\v\villager.md
14933,villain,C:\GTT\EnglishDB\Words\v\villain.md
14934,vinaigrette,C:\GTT\EnglishDB\Words\v\vinaigrette.md
14935,vindicate,C:\GTT\EnglishDB\Words\v\vindicate.md
14936,vindication,C:\GTT\EnglishDB\Words\v\vindication.md
14937,vindictive,C:\GTT\EnglishDB\Words\v\vindictive.md
14938,vine,C:\GTT\EnglishDB\Words\v\vine.md
14939,vinegar,C:\GTT\EnglishDB\Words\v\vinegar.md
14940,vineyard,C:\GTT\EnglishDB\Words\v\vineyard.md
14941,vintage,C:\GTT\EnglishDB\Words\v\vintage.md
14942,vinyl,C:\GTT\EnglishDB\Words\v\vinyl.md
14943,violate,C:\GTT\EnglishDB\Words\v\violate.md
14944,violation,C:\GTT\EnglishDB\Words\v\violation.md
14945,violator,C:\GTT\EnglishDB\Words\v\violator.md
14946,violence,C:\GTT\EnglishDB\Words\v\violence.md
14947,violent,C:\GTT\EnglishDB\Words\v\violent.md
14948,violently,C:\GTT\EnglishDB\Words\v\violently.md
14949,violet,C:\GTT\EnglishDB\Words\v\violet.md
14950,violin,C:\GTT\EnglishDB\Words\v\violin.md
14951,violinist,C:\GTT\EnglishDB\Words\v\violinist.md
14952,viral,C:\GTT\EnglishDB\Words\v\viral.md
14953,virgin,C:\GTT\EnglishDB\Words\v\virgin.md
14954,virginity,C:\GTT\EnglishDB\Words\v\virginity.md
14955,virtual,C:\GTT\EnglishDB\Words\v\virtual.md
14956,virtually,C:\GTT\EnglishDB\Words\v\virtually.md
14957,virtue,C:\GTT\EnglishDB\Words\v\virtue.md
14958,virtuoso,C:\GTT\EnglishDB\Words\v\virtuoso.md
14959,virtuous,C:\GTT\EnglishDB\Words\v\virtuous.md
14960,virulent,C:\GTT\EnglishDB\Words\v\virulent.md
14961,virus,C:\GTT\EnglishDB\Words\v\virus.md
14962,visa,C:\GTT\EnglishDB\Words\v\visa.md
14963,visage,C:\GTT\EnglishDB\Words\v\visage.md
14964,visceral,C:\GTT\EnglishDB\Words\v\visceral.md
14965,visibility,C:\GTT\EnglishDB\Words\v\visibility.md
14966,visible,C:\GTT\EnglishDB\Words\v\visible.md
14967,visibly,C:\GTT\EnglishDB\Words\v\visibly.md
14968,vision,C:\GTT\EnglishDB\Words\v\vision.md
14969,visionary,C:\GTT\EnglishDB\Words\v\visionary.md
14970,visit,C:\GTT\EnglishDB\Words\v\visit.md
14971,visitation,C:\GTT\EnglishDB\Words\v\visitation.md
14972,visiting,C:\GTT\EnglishDB\Words\v\visiting.md
14973,visitor,C:\GTT\EnglishDB\Words\v\visitor.md
14974,visor,C:\GTT\EnglishDB\Words\v\visor.md
14975,vista,C:\GTT\EnglishDB\Words\v\vista.md
14976,visual,C:\GTT\EnglishDB\Words\v\visual.md
14977,visualization,C:\GTT\EnglishDB\Words\v\visualization.md
14978,visualize,C:\GTT\EnglishDB\Words\v\visualize.md
14979,visually,C:\GTT\EnglishDB\Words\v\visually.md
14980,vital,C:\GTT\EnglishDB\Words\v\vital.md
14981,vitality,C:\GTT\EnglishDB\Words\v\vitality.md
14982,vitally,C:\GTT\EnglishDB\Words\v\vitally.md
14983,vitamin,C:\GTT\EnglishDB\Words\v\vitamin.md
14984,vivid,C:\GTT\EnglishDB\Words\v\vivid.md
14985,vividly,C:\GTT\EnglishDB\Words\v\vividly.md
14986,vocabulary,C:\GTT\EnglishDB\Words\v\vocabulary.md
14987,vocal,C:\GTT\EnglishDB\Words\v\vocal.md
14988,vocalist,C:\GTT\EnglishDB\Words\v\vocalist.md
14989,vocation,C:\GTT\EnglishDB\Words\v\vocation.md
14990,vocational,C:\GTT\EnglishDB\Words\v\vocational.md
14991,vodka,C:\GTT\EnglishDB\Words\v\vodka.md
14992,vogue,C:\GTT\EnglishDB\Words\v\vogue.md
14993,voice,C:\GTT\EnglishDB\Words\v\voice.md
14994,void,C:\GTT\EnglishDB\Words\v\void.md
14995,volatile,C:\GTT\EnglishDB\Words\v\volatile.md
14996,volatility,C:\GTT\EnglishDB\Words\v\volatility.md
14997,volcanic,C:\GTT\EnglishDB\Words\v\volcanic.md
14998,volcano,C:\GTT\EnglishDB\Words\v\volcano.md
14999,vole,C:\GTT\EnglishDB\Words\v\vole.md
15000,volley,C:\GTT\EnglishDB\Words\v\volley.md
15001,volleyball,C:\GTT\EnglishDB\Words\v\volleyball.md
15002,voltage,C:\GTT\EnglishDB\Words\v\voltage.md
15003,volume,C:\GTT\EnglishDB\Words\v\volume.md
15004,voluminous,C:\GTT\EnglishDB\Words\v\voluminous.md
15005,voluntarily,C:\GTT\EnglishDB\Words\v\voluntarily.md
15006,voluntary,C:\GTT\EnglishDB\Words\v\voluntary.md
15007,volunteer,C:\GTT\EnglishDB\Words\v\volunteer.md
15008,voluptuous,C:\GTT\EnglishDB\Words\v\voluptuous.md
15009,vomit,C:\GTT\EnglishDB\Words\v\vomit.md
15010,voodoo,C:\GTT\EnglishDB\Words\v\voodoo.md
15011,voracious,C:\GTT\EnglishDB\Words\v\voracious.md
15012,vortex,C:\GTT\EnglishDB\Words\v\vortex.md
15013,vote,C:\GTT\EnglishDB\Words\v\vote.md
15014,voter,C:\GTT\EnglishDB\Words\v\voter.md
15015,voting,C:\GTT\EnglishDB\Words\v\voting.md
15016,vouch,C:\GTT\EnglishDB\Words\v\vouch.md
15017,voucher,C:\GTT\EnglishDB\Words\v\voucher.md
15018,vow,C:\GTT\EnglishDB\Words\v\vow.md
15019,vowel,C:\GTT\EnglishDB\Words\v\vowel.md
15020,voyage,C:\GTT\EnglishDB\Words\v\voyage.md
15021,vs,C:\GTT\EnglishDB\Words\v\vs.md
15022,vulgar,C:\GTT\EnglishDB\Words\v\vulgar.md
15023,vulnerability,C:\GTT\EnglishDB\Words\v\vulnerability.md
15024,vulnerable,C:\GTT\EnglishDB\Words\v\vulnerable.md
15025,vulture,C:\GTT\EnglishDB\Words\v\vulture.md
15026,wacky,C:\GTT\EnglishDB\Words\w\wacky.md
15027,wad,C:\GTT\EnglishDB\Words\w\wad.md
15028,waddle,C:\GTT\EnglishDB\Words\w\waddle.md
15029,wade,C:\GTT\EnglishDB\Words\w\wade.md
15030,wafer,C:\GTT\EnglishDB\Words\w\wafer.md
15031,waffle,C:\GTT\EnglishDB\Words\w\waffle.md
15032,waft,C:\GTT\EnglishDB\Words\w\waft.md
15033,wag,C:\GTT\EnglishDB\Words\w\wag.md
15034,wage,C:\GTT\EnglishDB\Words\w\wage.md
15035,wager,C:\GTT\EnglishDB\Words\w\wager.md
15036,wagon,C:\GTT\EnglishDB\Words\w\wagon.md
15037,wail,C:\GTT\EnglishDB\Words\w\wail.md
15038,waist,C:\GTT\EnglishDB\Words\w\waist.md
15039,waistband,C:\GTT\EnglishDB\Words\w\waistband.md
15040,wait,C:\GTT\EnglishDB\Words\w\wait.md
15041,waiter,C:\GTT\EnglishDB\Words\w\waiter.md
15042,waiting,C:\GTT\EnglishDB\Words\w\waiting.md
15043,waitress,C:\GTT\EnglishDB\Words\w\waitress.md
15044,waive,C:\GTT\EnglishDB\Words\w\waive.md
15045,waiver,C:\GTT\EnglishDB\Words\w\waiver.md
15046,wake,C:\GTT\EnglishDB\Words\w\wake.md
15047,walk,C:\GTT\EnglishDB\Words\w\walk.md
15048,walker,C:\GTT\EnglishDB\Words\w\walker.md
15049,walking,C:\GTT\EnglishDB\Words\w\walking.md
15050,walkway,C:\GTT\EnglishDB\Words\w\walkway.md
15051,wall,C:\GTT\EnglishDB\Words\w\wall.md
15052,wallet,C:\GTT\EnglishDB\Words\w\wallet.md
15053,walleye,C:\GTT\EnglishDB\Words\w\walleye.md
15054,wallow,C:\GTT\EnglishDB\Words\w\wallow.md
15055,wallpaper,C:\GTT\EnglishDB\Words\w\wallpaper.md
15056,walnut,C:\GTT\EnglishDB\Words\w\walnut.md
15057,wan,C:\GTT\EnglishDB\Words\w\wan.md
15058,wand,C:\GTT\EnglishDB\Words\w\wand.md
15059,wander,C:\GTT\EnglishDB\Words\w\wander.md
15060,wanderer,C:\GTT\EnglishDB\Words\w\wanderer.md
15061,wandering,C:\GTT\EnglishDB\Words\w\wandering.md
15062,wane,C:\GTT\EnglishDB\Words\w\wane.md
15063,want,C:\GTT\EnglishDB\Words\w\want.md
15064,wanting,C:\GTT\EnglishDB\Words\w\wanting.md
15065,wanton,C:\GTT\EnglishDB\Words\w\wanton.md
15066,war,C:\GTT\EnglishDB\Words\w\war.md
15067,ward,C:\GTT\EnglishDB\Words\w\ward.md
15068,warden,C:\GTT\EnglishDB\Words\w\warden.md
15069,wardrobe,C:\GTT\EnglishDB\Words\w\wardrobe.md
15070,warehouse,C:\GTT\EnglishDB\Words\w\warehouse.md
15071,warfare,C:\GTT\EnglishDB\Words\w\warfare.md
15072,warhead,C:\GTT\EnglishDB\Words\w\warhead.md
15073,warily,C:\GTT\EnglishDB\Words\w\warily.md
15074,warlord,C:\GTT\EnglishDB\Words\w\warlord.md
15075,warm,C:\GTT\EnglishDB\Words\w\warm.md
15076,warmly,C:\GTT\EnglishDB\Words\w\warmly.md
15077,warmth,C:\GTT\EnglishDB\Words\w\warmth.md
15078,warn,C:\GTT\EnglishDB\Words\w\warn.md
15079,warning,C:\GTT\EnglishDB\Words\w\warning.md
15080,warp,C:\GTT\EnglishDB\Words\w\warp.md
15081,warplane,C:\GTT\EnglishDB\Words\w\warplane.md
15082,warrant,C:\GTT\EnglishDB\Words\w\warrant.md
15083,warranty,C:\GTT\EnglishDB\Words\w\warranty.md
15084,warring,C:\GTT\EnglishDB\Words\w\warring.md
15085,warrior,C:\GTT\EnglishDB\Words\w\warrior.md
15086,warship,C:\GTT\EnglishDB\Words\w\warship.md
15087,wart,C:\GTT\EnglishDB\Words\w\wart.md
15088,wartime,C:\GTT\EnglishDB\Words\w\wartime.md
15089,wary,C:\GTT\EnglishDB\Words\w\wary.md
15090,wash,C:\GTT\EnglishDB\Words\w\wash.md
15091,washcloth,C:\GTT\EnglishDB\Words\w\washcloth.md
15092,washed,C:\GTT\EnglishDB\Words\w\washed.md
15093,washer,C:\GTT\EnglishDB\Words\w\washer.md
15094,washing,C:\GTT\EnglishDB\Words\w\washing.md
15095,waste,C:\GTT\EnglishDB\Words\w\waste.md
15096,wasteful,C:\GTT\EnglishDB\Words\w\wasteful.md
15097,wasteland,C:\GTT\EnglishDB\Words\w\wasteland.md
15098,wastewater,C:\GTT\EnglishDB\Words\w\wastewater.md
15099,watch,C:\GTT\EnglishDB\Words\w\watch.md
15100,watchdog,C:\GTT\EnglishDB\Words\w\watchdog.md
15101,watcher,C:\GTT\EnglishDB\Words\w\watcher.md
15102,watchful,C:\GTT\EnglishDB\Words\w\watchful.md
15103,water,C:\GTT\EnglishDB\Words\w\water.md
15104,watercolor,C:\GTT\EnglishDB\Words\w\watercolor.md
15105,waterfall,C:\GTT\EnglishDB\Words\w\waterfall.md
15106,waterfowl,C:\GTT\EnglishDB\Words\w\waterfowl.md
15107,waterfront,C:\GTT\EnglishDB\Words\w\waterfront.md
15108,watering,C:\GTT\EnglishDB\Words\w\watering.md
15109,watermelon,C:\GTT\EnglishDB\Words\w\watermelon.md
15110,waterproof,C:\GTT\EnglishDB\Words\w\waterproof.md
15111,watershed,C:\GTT\EnglishDB\Words\w\watershed.md
15112,waterway,C:\GTT\EnglishDB\Words\w\waterway.md
15113,watery,C:\GTT\EnglishDB\Words\w\watery.md
15114,wave,C:\GTT\EnglishDB\Words\w\wave.md
15115,wavelength,C:\GTT\EnglishDB\Words\w\wavelength.md
15116,waver,C:\GTT\EnglishDB\Words\w\waver.md
15117,wavy,C:\GTT\EnglishDB\Words\w\wavy.md
15118,wax,C:\GTT\EnglishDB\Words\w\wax.md
15119,way,C:\GTT\EnglishDB\Words\w\way.md
15120,wayside,C:\GTT\EnglishDB\Words\w\wayside.md
15121,wayward,C:\GTT\EnglishDB\Words\w\wayward.md
15122,we,C:\GTT\EnglishDB\Words\w\we.md
15123,weak,C:\GTT\EnglishDB\Words\w\weak.md
15124,weaken,C:\GTT\EnglishDB\Words\w\weaken.md
15125,weakly,C:\GTT\EnglishDB\Words\w\weakly.md
15126,weakness,C:\GTT\EnglishDB\Words\w\weakness.md
15127,wealth,C:\GTT\EnglishDB\Words\w\wealth.md
15128,wealthy,C:\GTT\EnglishDB\Words\w\wealthy.md
15129,wean,C:\GTT\EnglishDB\Words\w\wean.md
15130,weapon,C:\GTT\EnglishDB\Words\w\weapon.md
15131,weaponry,C:\GTT\EnglishDB\Words\w\weaponry.md
15132,wear,C:\GTT\EnglishDB\Words\w\wear.md
15133,wearer,C:\GTT\EnglishDB\Words\w\wearer.md
15134,wearily,C:\GTT\EnglishDB\Words\w\wearily.md
15135,weariness,C:\GTT\EnglishDB\Words\w\weariness.md
15136,wearing,C:\GTT\EnglishDB\Words\w\wearing.md
15137,weary,C:\GTT\EnglishDB\Words\w\weary.md
15138,weasel,C:\GTT\EnglishDB\Words\w\weasel.md
15139,weather,C:\GTT\EnglishDB\Words\w\weather.md
15140,weave,C:\GTT\EnglishDB\Words\w\weave.md
15141,weaver,C:\GTT\EnglishDB\Words\w\weaver.md
15142,web,C:\GTT\EnglishDB\Words\w\web.md
15143,website,C:\GTT\EnglishDB\Words\w\website.md
15144,wed,C:\GTT\EnglishDB\Words\w\wed.md
15145,wedding,C:\GTT\EnglishDB\Words\w\wedding.md
15146,wedge,C:\GTT\EnglishDB\Words\w\wedge.md
15147,wedlock,C:\GTT\EnglishDB\Words\w\wedlock.md
15148,wee,C:\GTT\EnglishDB\Words\w\wee.md
15149,weed,C:\GTT\EnglishDB\Words\w\weed.md
15150,week,C:\GTT\EnglishDB\Words\w\week.md
15151,weekday,C:\GTT\EnglishDB\Words\w\weekday.md
15152,weekend,C:\GTT\EnglishDB\Words\w\weekend.md
15153,weekly,C:\GTT\EnglishDB\Words\w\weekly.md
15154,weep,C:\GTT\EnglishDB\Words\w\weep.md
15155,weeping,C:\GTT\EnglishDB\Words\w\weeping.md
15156,weevil,C:\GTT\EnglishDB\Words\w\weevil.md
15157,weigh,C:\GTT\EnglishDB\Words\w\weigh.md
15158,weight,C:\GTT\EnglishDB\Words\w\weight.md
15159,weightless,C:\GTT\EnglishDB\Words\w\weightless.md
15160,weighty,C:\GTT\EnglishDB\Words\w\weighty.md
15161,weird,C:\GTT\EnglishDB\Words\w\weird.md
15162,welcome,C:\GTT\EnglishDB\Words\w\welcome.md
15163,weld,C:\GTT\EnglishDB\Words\w\weld.md
15164,welder,C:\GTT\EnglishDB\Words\w\welder.md
15165,welfare,C:\GTT\EnglishDB\Words\w\welfare.md
15166,well,C:\GTT\EnglishDB\Words\w\well.md
15167,welt,C:\GTT\EnglishDB\Words\w\welt.md
15168,west,C:\GTT\EnglishDB\Words\w\west.md
15169,western,C:\GTT\EnglishDB\Words\w\western.md
15170,westward,C:\GTT\EnglishDB\Words\w\westward.md
15171,wet,C:\GTT\EnglishDB\Words\w\wet.md
15172,wetland,C:\GTT\EnglishDB\Words\w\wetland.md
15173,whack,C:\GTT\EnglishDB\Words\w\whack.md
15174,whale,C:\GTT\EnglishDB\Words\w\whale.md
15175,whaling,C:\GTT\EnglishDB\Words\w\whaling.md
15176,wham,C:\GTT\EnglishDB\Words\w\wham.md
15177,wharf,C:\GTT\EnglishDB\Words\w\wharf.md
15178,what,C:\GTT\EnglishDB\Words\w\what.md
15179,whatever,C:\GTT\EnglishDB\Words\w\whatever.md
15180,whatsoever,C:\GTT\EnglishDB\Words\w\whatsoever.md
15181,wheat,C:\GTT\EnglishDB\Words\w\wheat.md
15182,wheel,C:\GTT\EnglishDB\Words\w\wheel.md
15183,wheelbarrow,C:\GTT\EnglishDB\Words\w\wheelbarrow.md
15184,wheelchair,C:\GTT\EnglishDB\Words\w\wheelchair.md
15185,wheeze,C:\GTT\EnglishDB\Words\w\wheeze.md
15186,when,C:\GTT\EnglishDB\Words\w\when.md
15187,whence,C:\GTT\EnglishDB\Words\w\whence.md
15188,whenever,C:\GTT\EnglishDB\Words\w\whenever.md
15189,where,C:\GTT\EnglishDB\Words\w\where.md
15190,whereabouts,C:\GTT\EnglishDB\Words\w\whereabouts.md
15191,whereas,C:\GTT\EnglishDB\Words\w\whereas.md
15192,whereby,C:\GTT\EnglishDB\Words\w\whereby.md
15193,wherein,C:\GTT\EnglishDB\Words\w\wherein.md
15194,whereupon,C:\GTT\EnglishDB\Words\w\whereupon.md
15195,wherever,C:\GTT\EnglishDB\Words\w\wherever.md
15196,whether,C:\GTT\EnglishDB\Words\w\whether.md
15197,which,C:\GTT\EnglishDB\Words\w\which.md
15198,whichever,C:\GTT\EnglishDB\Words\w\whichever.md
15199,whiff,C:\GTT\EnglishDB\Words\w\whiff.md
15200,while,C:\GTT\EnglishDB\Words\w\while.md
15201,whilst,C:\GTT\EnglishDB\Words\w\whilst.md
15202,whim,C:\GTT\EnglishDB\Words\w\whim.md
15203,whimper,C:\GTT\EnglishDB\Words\w\whimper.md
15204,whimsical,C:\GTT\EnglishDB\Words\w\whimsical.md
15205,whine,C:\GTT\EnglishDB\Words\w\whine.md
15206,whip,C:\GTT\EnglishDB\Words\w\whip.md
15207,whir,C:\GTT\EnglishDB\Words\w\whir.md
15208,whirl,C:\GTT\EnglishDB\Words\w\whirl.md
15209,whirlpool,C:\GTT\EnglishDB\Words\w\whirlpool.md
15210,whirlwind,C:\GTT\EnglishDB\Words\w\whirlwind.md
15211,whisk,C:\GTT\EnglishDB\Words\w\whisk.md
15212,whisker,C:\GTT\EnglishDB\Words\w\whisker.md
15213,whiskey,C:\GTT\EnglishDB\Words\w\whiskey.md
15214,whisky,C:\GTT\EnglishDB\Words\w\whisky.md
15215,whisper,C:\GTT\EnglishDB\Words\w\whisper.md
15216,whistle,C:\GTT\EnglishDB\Words\w\whistle.md
15217,white,C:\GTT\EnglishDB\Words\w\white.md
15218,whiteness,C:\GTT\EnglishDB\Words\w\whiteness.md
15219,whitetail,C:\GTT\EnglishDB\Words\w\whitetail.md
15220,whittle,C:\GTT\EnglishDB\Words\w\whittle.md
15221,whiz,C:\GTT\EnglishDB\Words\w\whiz.md
15222,whizz,C:\GTT\EnglishDB\Words\w\whizz.md
15223,who,C:\GTT\EnglishDB\Words\w\who.md
15224,whoa,C:\GTT\EnglishDB\Words\w\whoa.md
15225,whoever,C:\GTT\EnglishDB\Words\w\whoever.md
15226,whole,C:\GTT\EnglishDB\Words\w\whole.md
15227,wholeness,C:\GTT\EnglishDB\Words\w\wholeness.md
15228,wholesale,C:\GTT\EnglishDB\Words\w\wholesale.md
15229,wholesaler,C:\GTT\EnglishDB\Words\w\wholesaler.md
15230,wholesome,C:\GTT\EnglishDB\Words\w\wholesome.md
15231,wholly,C:\GTT\EnglishDB\Words\w\wholly.md
15232,whom,C:\GTT\EnglishDB\Words\w\whom.md
15233,whomever,C:\GTT\EnglishDB\Words\w\whomever.md
15234,whoop,C:\GTT\EnglishDB\Words\w\whoop.md
15235,whopping,C:\GTT\EnglishDB\Words\w\whopping.md
15236,whore,C:\GTT\EnglishDB\Words\w\whore.md
15237,whose,C:\GTT\EnglishDB\Words\w\whose.md
15238,why,C:\GTT\EnglishDB\Words\w\why.md
15239,wick,C:\GTT\EnglishDB\Words\w\wick.md
15240,wicked,C:\GTT\EnglishDB\Words\w\wicked.md
15241,wicker,C:\GTT\EnglishDB\Words\w\wicker.md
15242,wide,C:\GTT\EnglishDB\Words\w\wide.md
15243,widely,C:\GTT\EnglishDB\Words\w\widely.md
15244,widen,C:\GTT\EnglishDB\Words\w\widen.md
15245,widespread,C:\GTT\EnglishDB\Words\w\widespread.md
15246,widow,C:\GTT\EnglishDB\Words\w\widow.md
15247,widower,C:\GTT\EnglishDB\Words\w\widower.md
15248,width,C:\GTT\EnglishDB\Words\w\width.md
15249,wield,C:\GTT\EnglishDB\Words\w\wield.md
15250,wife,C:\GTT\EnglishDB\Words\w\wife.md
15251,wiggle,C:\GTT\EnglishDB\Words\w\wiggle.md
15252,wild,C:\GTT\EnglishDB\Words\w\wild.md
15253,wilderness,C:\GTT\EnglishDB\Words\w\wilderness.md
15254,wildfire,C:\GTT\EnglishDB\Words\w\wildfire.md
15255,wildflower,C:\GTT\EnglishDB\Words\w\wildflower.md
15256,wildlife,C:\GTT\EnglishDB\Words\w\wildlife.md
15257,wildly,C:\GTT\EnglishDB\Words\w\wildly.md
15258,will,C:\GTT\EnglishDB\Words\w\will.md
15259,willful,C:\GTT\EnglishDB\Words\w\willful.md
15260,willfully,C:\GTT\EnglishDB\Words\w\willfully.md
15261,willing,C:\GTT\EnglishDB\Words\w\willing.md
15262,willingly,C:\GTT\EnglishDB\Words\w\willingly.md
15263,willingness,C:\GTT\EnglishDB\Words\w\willingness.md
15264,willow,C:\GTT\EnglishDB\Words\w\willow.md
15265,wilt,C:\GTT\EnglishDB\Words\w\wilt.md
15266,wily,C:\GTT\EnglishDB\Words\w\wily.md
15267,win,C:\GTT\EnglishDB\Words\w\win.md
15268,wince,C:\GTT\EnglishDB\Words\w\wince.md
15269,wind,C:\GTT\EnglishDB\Words\w\wind.md
15270,windbreaker,C:\GTT\EnglishDB\Words\w\windbreaker.md
15271,windfall,C:\GTT\EnglishDB\Words\w\windfall.md
15272,winding,C:\GTT\EnglishDB\Words\w\winding.md
15273,windmill,C:\GTT\EnglishDB\Words\w\windmill.md
15274,window,C:\GTT\EnglishDB\Words\w\window.md
15275,windowsill,C:\GTT\EnglishDB\Words\w\windowsill.md
15276,windshield,C:\GTT\EnglishDB\Words\w\windshield.md
15277,windswept,C:\GTT\EnglishDB\Words\w\windswept.md
15278,windy,C:\GTT\EnglishDB\Words\w\windy.md
15279,wine,C:\GTT\EnglishDB\Words\w\wine.md
15280,winery,C:\GTT\EnglishDB\Words\w\winery.md
15281,wing,C:\GTT\EnglishDB\Words\w\wing.md
15282,winged,C:\GTT\EnglishDB\Words\w\winged.md
15283,wink,C:\GTT\EnglishDB\Words\w\wink.md
15284,winner,C:\GTT\EnglishDB\Words\w\winner.md
15285,winning,C:\GTT\EnglishDB\Words\w\winning.md
15286,winter,C:\GTT\EnglishDB\Words\w\winter.md
15287,wintry,C:\GTT\EnglishDB\Words\w\wintry.md
15288,wipe,C:\GTT\EnglishDB\Words\w\wipe.md
15289,wiper,C:\GTT\EnglishDB\Words\w\wiper.md
15290,wire,C:\GTT\EnglishDB\Words\w\wire.md
15291,wired,C:\GTT\EnglishDB\Words\w\wired.md
15292,wireless,C:\GTT\EnglishDB\Words\w\wireless.md
15293,wiretap,C:\GTT\EnglishDB\Words\w\wiretap.md
15294,wiring,C:\GTT\EnglishDB\Words\w\wiring.md
15295,wiry,C:\GTT\EnglishDB\Words\w\wiry.md
15296,wisdom,C:\GTT\EnglishDB\Words\w\wisdom.md
15297,wise,C:\GTT\EnglishDB\Words\w\wise.md
15298,wisely,C:\GTT\EnglishDB\Words\w\wisely.md
15299,wish,C:\GTT\EnglishDB\Words\w\wish.md
15300,wishful,C:\GTT\EnglishDB\Words\w\wishful.md
15301,wisp,C:\GTT\EnglishDB\Words\w\wisp.md
15302,wispy,C:\GTT\EnglishDB\Words\w\wispy.md
15303,wistful,C:\GTT\EnglishDB\Words\w\wistful.md
15304,wistfully,C:\GTT\EnglishDB\Words\w\wistfully.md
15305,wit,C:\GTT\EnglishDB\Words\w\wit.md
15306,witch,C:\GTT\EnglishDB\Words\w\witch.md
15307,witchcraft,C:\GTT\EnglishDB\Words\w\witchcraft.md
15308,with,C:\GTT\EnglishDB\Words\w\with.md
15309,withdraw,C:\GTT\EnglishDB\Words\w\withdraw.md
15310,withdrawal,C:\GTT\EnglishDB\Words\w\withdrawal.md
15311,wither,C:\GTT\EnglishDB\Words\w\wither.md
15312,withering,C:\GTT\EnglishDB\Words\w\withering.md
15313,withhold,C:\GTT\EnglishDB\Words\w\withhold.md
15314,within,C:\GTT\EnglishDB\Words\w\within.md
15315,without,C:\GTT\EnglishDB\Words\w\without.md
15316,withstand,C:\GTT\EnglishDB\Words\w\withstand.md
15317,witness,C:\GTT\EnglishDB\Words\w\witness.md
15318,witty,C:\GTT\EnglishDB\Words\w\witty.md
15319,wizard,C:\GTT\EnglishDB\Words\w\wizard.md
15320,wobble,C:\GTT\EnglishDB\Words\w\wobble.md
15321,wobbly,C:\GTT\EnglishDB\Words\w\wobbly.md
15322,woefully,C:\GTT\EnglishDB\Words\w\woefully.md
15323,wolf,C:\GTT\EnglishDB\Words\w\wolf.md
15324,woman,C:\GTT\EnglishDB\Words\w\woman.md
15325,womanhood,C:\GTT\EnglishDB\Words\w\womanhood.md
15326,womb,C:\GTT\EnglishDB\Words\w\womb.md
15327,wonder,C:\GTT\EnglishDB\Words\w\wonder.md
15328,wonderful,C:\GTT\EnglishDB\Words\w\wonderful.md
15329,wonderfully,C:\GTT\EnglishDB\Words\w\wonderfully.md
15330,wondrous,C:\GTT\EnglishDB\Words\w\wondrous.md
15331,woo,C:\GTT\EnglishDB\Words\w\woo.md
15332,wood,C:\GTT\EnglishDB\Words\w\wood.md
15333,wooded,C:\GTT\EnglishDB\Words\w\wooded.md
15334,wooden,C:\GTT\EnglishDB\Words\w\wooden.md
15335,woodland,C:\GTT\EnglishDB\Words\w\woodland.md
15336,woodpecker,C:\GTT\EnglishDB\Words\w\woodpecker.md
15337,woodwork,C:\GTT\EnglishDB\Words\w\woodwork.md
15338,woody,C:\GTT\EnglishDB\Words\w\woody.md
15339,wool,C:\GTT\EnglishDB\Words\w\wool.md
15340,woolen,C:\GTT\EnglishDB\Words\w\woolen.md
15341,woolly,C:\GTT\EnglishDB\Words\w\woolly.md
15342,word,C:\GTT\EnglishDB\Words\w\word.md
15343,wording,C:\GTT\EnglishDB\Words\w\wording.md
15344,work,C:\GTT\EnglishDB\Words\w\work.md
15345,workable,C:\GTT\EnglishDB\Words\w\workable.md
15346,workbench,C:\GTT\EnglishDB\Words\w\workbench.md
15347,workday,C:\GTT\EnglishDB\Words\w\workday.md
15348,worker,C:\GTT\EnglishDB\Words\w\worker.md
15349,workhorse,C:\GTT\EnglishDB\Words\w\workhorse.md
15350,working,C:\GTT\EnglishDB\Words\w\working.md
15351,workload,C:\GTT\EnglishDB\Words\w\workload.md
15352,workman,C:\GTT\EnglishDB\Words\w\workman.md
15353,workout,C:\GTT\EnglishDB\Words\w\workout.md
15354,worksheet,C:\GTT\EnglishDB\Words\w\worksheet.md
15355,workshop,C:\GTT\EnglishDB\Words\w\workshop.md
15356,workstation,C:\GTT\EnglishDB\Words\w\workstation.md
15357,world,C:\GTT\EnglishDB\Words\w\world.md
15358,worldly,C:\GTT\EnglishDB\Words\w\worldly.md
15359,worldwide,C:\GTT\EnglishDB\Words\w\worldwide.md
15360,worm,C:\GTT\EnglishDB\Words\w\worm.md
15361,worn,C:\GTT\EnglishDB\Words\w\worn.md
15362,worried,C:\GTT\EnglishDB\Words\w\worried.md
15363,worrisome,C:\GTT\EnglishDB\Words\w\worrisome.md
15364,worry,C:\GTT\EnglishDB\Words\w\worry.md
15365,worrying,C:\GTT\EnglishDB\Words\w\worrying.md
15366,worsen,C:\GTT\EnglishDB\Words\w\worsen.md
15367,worship,C:\GTT\EnglishDB\Words\w\worship.md
15368,worshiper,C:\GTT\EnglishDB\Words\w\worshiper.md
15369,worth,C:\GTT\EnglishDB\Words\w\worth.md
15370,worthless,C:\GTT\EnglishDB\Words\w\worthless.md
15371,worthwhile,C:\GTT\EnglishDB\Words\w\worthwhile.md
15372,worthy,C:\GTT\EnglishDB\Words\w\worthy.md
15373,would,C:\GTT\EnglishDB\Words\w\would.md
15374,wound,C:\GTT\EnglishDB\Words\w\wound.md
15375,woven,C:\GTT\EnglishDB\Words\w\woven.md
15376,wow,C:\GTT\EnglishDB\Words\w\wow.md
15377,wrack,C:\GTT\EnglishDB\Words\w\wrack.md
15378,wrap,C:\GTT\EnglishDB\Words\w\wrap.md
15379,wrapper,C:\GTT\EnglishDB\Words\w\wrapper.md
15380,wrapping,C:\GTT\EnglishDB\Words\w\wrapping.md
15381,wrath,C:\GTT\EnglishDB\Words\w\wrath.md
15382,wreak,C:\GTT\EnglishDB\Words\w\wreak.md
15383,wreath,C:\GTT\EnglishDB\Words\w\wreath.md
15384,wreck,C:\GTT\EnglishDB\Words\w\wreck.md
15385,wreckage,C:\GTT\EnglishDB\Words\w\wreckage.md
15386,wrench,C:\GTT\EnglishDB\Words\w\wrench.md
15387,wrest,C:\GTT\EnglishDB\Words\w\wrest.md
15388,wrestle,C:\GTT\EnglishDB\Words\w\wrestle.md
15389,wrestler,C:\GTT\EnglishDB\Words\w\wrestler.md
15390,wrestling,C:\GTT\EnglishDB\Words\w\wrestling.md
15391,wretched,C:\GTT\EnglishDB\Words\w\wretched.md
15392,wriggle,C:\GTT\EnglishDB\Words\w\wriggle.md
15393,wring,C:\GTT\EnglishDB\Words\w\wring.md
15394,wrinkle,C:\GTT\EnglishDB\Words\w\wrinkle.md
15395,wrist,C:\GTT\EnglishDB\Words\w\wrist.md
15396,wristwatch,C:\GTT\EnglishDB\Words\w\wristwatch.md
15397,writ,C:\GTT\EnglishDB\Words\w\writ.md
15398,write,C:\GTT\EnglishDB\Words\w\write.md
15399,writer,C:\GTT\EnglishDB\Words\w\writer.md
15400,writhe,C:\GTT\EnglishDB\Words\w\writhe.md
15401,writing,C:\GTT\EnglishDB\Words\w\writing.md
15402,written,C:\GTT\EnglishDB\Words\w\written.md
15403,wrong,C:\GTT\EnglishDB\Words\w\wrong.md
15404,wrongdoing,C:\GTT\EnglishDB\Words\w\wrongdoing.md
15405,wrongful,C:\GTT\EnglishDB\Words\w\wrongful.md
15406,wrongly,C:\GTT\EnglishDB\Words\w\wrongly.md
15407,wrought,C:\GTT\EnglishDB\Words\w\wrought.md
15408,wry,C:\GTT\EnglishDB\Words\w\wry.md
15409,wryly,C:\GTT\EnglishDB\Words\w\wryly.md
15410,ya,C:\GTT\EnglishDB\Words\y\ya.md
15411,yacht,C:\GTT\EnglishDB\Words\y\yacht.md
15412,yam,C:\GTT\EnglishDB\Words\y\yam.md
15413,yank,C:\GTT\EnglishDB\Words\y\yank.md
15414,yard,C:\GTT\EnglishDB\Words\y\yard.md
15415,yardage,C:\GTT\EnglishDB\Words\y\yardage.md
15416,yardstick,C:\GTT\EnglishDB\Words\y\yardstick.md
15417,yarn,C:\GTT\EnglishDB\Words\y\yarn.md
15418,yawn,C:\GTT\EnglishDB\Words\y\yawn.md
15419,ye,C:\GTT\EnglishDB\Words\y\ye.md
15420,yea,C:\GTT\EnglishDB\Words\y\yea.md
15421,yeah,C:\GTT\EnglishDB\Words\y\yeah.md
15422,year,C:\GTT\EnglishDB\Words\y\year.md
15423,yearbook,C:\GTT\EnglishDB\Words\y\yearbook.md
15424,yearly,C:\GTT\EnglishDB\Words\y\yearly.md
15425,yearn,C:\GTT\EnglishDB\Words\y\yearn.md
15426,yearning,C:\GTT\EnglishDB\Words\y\yearning.md
15427,yeast,C:\GTT\EnglishDB\Words\y\yeast.md
15428,yell,C:\GTT\EnglishDB\Words\y\yell.md
15429,yellow,C:\GTT\EnglishDB\Words\y\yellow.md
15430,yellowish,C:\GTT\EnglishDB\Words\y\yellowish.md
15431,yelp,C:\GTT\EnglishDB\Words\y\yelp.md
15432,yen,C:\GTT\EnglishDB\Words\y\yen.md
15433,yep,C:\GTT\EnglishDB\Words\y\yep.md
15434,yes,C:\GTT\EnglishDB\Words\y\yes.md
15435,yesterday,C:\GTT\EnglishDB\Words\y\yesterday.md
15436,yet,C:\GTT\EnglishDB\Words\y\yet.md
15437,yield,C:\GTT\EnglishDB\Words\y\yield.md
15438,yoga,C:\GTT\EnglishDB\Words\y\yoga.md
15439,yogurt,C:\GTT\EnglishDB\Words\y\yogurt.md
15440,yoke,C:\GTT\EnglishDB\Words\y\yoke.md
15441,yolk,C:\GTT\EnglishDB\Words\y\yolk.md
15442,you,C:\GTT\EnglishDB\Words\y\you.md
15443,young,C:\GTT\EnglishDB\Words\y\young.md
15444,youngster,C:\GTT\EnglishDB\Words\y\youngster.md
15445,your,C:\GTT\EnglishDB\Words\y\your.md
15446,yours,C:\GTT\EnglishDB\Words\y\yours.md
15447,yourself,C:\GTT\EnglishDB\Words\y\yourself.md
15448,youth,C:\GTT\EnglishDB\Words\y\youth.md
15449,youthful,C:\GTT\EnglishDB\Words\y\youthful.md
15450,yummy,C:\GTT\EnglishDB\Words\y\yummy.md
15451,yup,C:\GTT\EnglishDB\Words\y\yup.md
15452,yuppie,C:\GTT\EnglishDB\Words\y\yuppie.md
15453,zap,C:\GTT\EnglishDB\Words\z\zap.md
15454,zeal,C:\GTT\EnglishDB\Words\z\zeal.md
15455,zealot,C:\GTT\EnglishDB\Words\z\zealot.md
15456,zealous,C:\GTT\EnglishDB\Words\z\zealous.md
15457,zebra,C:\GTT\EnglishDB\Words\z\zebra.md
15458,zenith,C:\GTT\EnglishDB\Words\z\zenith.md
15459,zero,C:\GTT\EnglishDB\Words\z\zero.md
15460,zest,C:\GTT\EnglishDB\Words\z\zest.md
15461,zigzag,C:\GTT\EnglishDB\Words\z\zigzag.md
15462,zinc,C:\GTT\EnglishDB\Words\z\zinc.md
15463,zip,C:\GTT\EnglishDB\Words\z\zip.md
15464,zipper,C:\GTT\EnglishDB\Words\z\zipper.md
15465,zombie,C:\GTT\EnglishDB\Words\z\zombie.md
15466,zone,C:\GTT\EnglishDB\Words\z\zone.md
15467,zoning,C:\GTT\EnglishDB\Words\z\zoning.md
15468,zoo,C:\GTT\EnglishDB\Words\z\zoo.md
15469,zoom,C:\GTT\EnglishDB\Words\z\zoom.md
15470,zucchini,C:\GTT\EnglishDB\Words\z\zucchini.md
15471,kissing,C:\GTT\EnglishDB\Words\k\kissing.md
15472,pairing,C:\GTT\EnglishDB\Words\p\pairing.md
15473,happiness,C:\GTT\EnglishDB\Words\h\happiness.md
15474,comforting,C:\GTT\EnglishDB\Words\c\comforting.md
15475,fascinated,C:\GTT\EnglishDB\Words\f\fascinated.md
15476,touring,C:\GTT\EnglishDB\Words\t\touring.md
15477,environmentally,C:\GTT\EnglishDB\Words\e\environmentally.md
15478,tested,C:\GTT\EnglishDB\Words\t\tested.md
15479,buying,C:\GTT\EnglishDB\Words\b\buying.md
15480,welcoming,C:\GTT\EnglishDB\Words\w\welcoming.md
15481,connecting,C:\GTT\EnglishDB\Words\c\connecting.md
15482,cosmetics,C:\GTT\EnglishDB\Words\c\cosmetics.md
15483,annoyed,C:\GTT\EnglishDB\Words\a\annoyed.md
15484,steamed,C:\GTT\EnglishDB\Words\s\steamed.md
15485,bulging,C:\GTT\EnglishDB\Words\b\bulging.md
15486,real-life,C:\GTT\EnglishDB\Words\r\real-life.md
15487,depleted,C:\GTT\EnglishDB\Words\d\depleted.md
15488,sharing,C:\GTT\EnglishDB\Words\s\sharing.md
15489,sunglasses,C:\GTT\EnglishDB\Words\s\sunglasses.md
15490,playing,C:\GTT\EnglishDB\Words\p\playing.md
15491,packed,C:\GTT\EnglishDB\Words\p\packed.md
15492,situational,C:\GTT\EnglishDB\Words\s\situational.md
15493,completed,C:\GTT\EnglishDB\Words\c\completed.md
15494,enlarged,C:\GTT\EnglishDB\Words\e\enlarged.md
15495,trafficking,C:\GTT\EnglishDB\Words\t\trafficking.md
15496,relaxing,C:\GTT\EnglishDB\Words\r\relaxing.md
15497,others,C:\GTT\EnglishDB\Words\o\others.md
15498,shared,C:\GTT\EnglishDB\Words\s\shared.md
15499,spoiled,C:\GTT\EnglishDB\Words\s\spoiled.md
15500,observed,C:\GTT\EnglishDB\Words\o\observed.md
15501,pilings,C:\GTT\EnglishDB\Words\p\pilings.md
15502,stressful,C:\GTT\EnglishDB\Words\s\stressful.md
15503,trained,C:\GTT\EnglishDB\Words\t\trained.md
15504,conscious,C:\GTT\EnglishDB\Words\c\conscious.md
15505,managed,C:\GTT\EnglishDB\Words\m\managed.md
15506,adequate,C:\GTT\EnglishDB\Words\a\adequate.md
15507,swirling,C:\GTT\EnglishDB\Words\s\swirling.md
15508,loved,C:\GTT\EnglishDB\Words\l\loved.md
15509,responsibly,C:\GTT\EnglishDB\Words\r\responsibly.md
15510,workplace,C:\GTT\EnglishDB\Words\w\workplace.md
15511,treated,C:\GTT\EnglishDB\Words\t\treated.md
15512,fastest,C:\GTT\EnglishDB\Words\f\fastest.md
15513,ordering,C:\GTT\EnglishDB\Words\o\ordering.md
15514,called,C:\GTT\EnglishDB\Words\c\called.md
15515,changed,C:\GTT\EnglishDB\Words\c\changed.md
15516,focused,C:\GTT\EnglishDB\Words\f\focused.md
15517,dreaming,C:\GTT\EnglishDB\Words\d\dreaming.md
15518,activate,C:\GTT\EnglishDB\Words\a\activate.md
15519,imported,C:\GTT\EnglishDB\Words\i\imported.md
15520,burned,C:\GTT\EnglishDB\Words\b\burned.md
15521,shattered,C:\GTT\EnglishDB\Words\s\shattered.md
15522,emerging,C:\GTT\EnglishDB\Words\e\emerging.md
15523,merging,C:\GTT\EnglishDB\Words\m\merging.md
15524,decorated,C:\GTT\EnglishDB\Words\d\decorated.md
15525,developed,C:\GTT\EnglishDB\Words\d\developed.md
15526,girlfriend,C:\GTT\EnglishDB\Words\g\girlfriend.md
15527,embarrassing,C:\GTT\EnglishDB\Words\e\embarrassing.md
15528,African,C:\GTT\EnglishDB\Words\a\african.md
15529,AIDS,C:\GTT\EnglishDB\Words\a\aids.md
15530,American,C:\GTT\EnglishDB\Words\a\american.md
15531,ant,C:\GTT\EnglishDB\Words\a\ant.md
15532,Antarctic,C:\GTT\EnglishDB\Words\a\antarctic.md
15533,appointment,C:\GTT\EnglishDB\Words\a\appointment.md
15534,Arab,C:\GTT\EnglishDB\Words\a\arab.md
15535,Arabic,C:\GTT\EnglishDB\Words\a\arabic.md
15536,Arctic,C:\GTT\EnglishDB\Words\a\arctic.md
15537,Asian,C:\GTT\EnglishDB\Words\a\asian.md
15538,Australian,C:\GTT\EnglishDB\Words\a\australian.md
15539,barbershop,C:\GTT\EnglishDB\Words\b\barbershop.md
15540,basic,C:\GTT\EnglishDB\Words\b\basic.md
15541,bee,C:\GTT\EnglishDB\Words\b\bee.md
15542,British,C:\GTT\EnglishDB\Words\b\british.md
15543,Buddhism,C:\GTT\EnglishDB\Words\b\buddhism.md
15544,Buddhist,C:\GTT\EnglishDB\Words\b\buddhist.md
15545,Canadian,C:\GTT\EnglishDB\Words\c\canadian.md
15546,cat,C:\GTT\EnglishDB\Words\c\cat.md
15547,challenging,C:\GTT\EnglishDB\Words\c\challenging.md
15548,Chinese,C:\GTT\EnglishDB\Words\c\chinese.md
15549,Christian,C:\GTT\EnglishDB\Words\c\christian.md
15550,Christmas,C:\GTT\EnglishDB\Words\c\christmas.md
15551,collar,C:\GTT\EnglishDB\Words\c\collar.md
15552,crossroads,C:\GTT\EnglishDB\Words\c\crossroads.md
15553,deer,C:\GTT\EnglishDB\Words\d\deer.md
15554,describe,C:\GTT\EnglishDB\Words\d\describe.md
15555,dip,C:\GTT\EnglishDB\Words\d\dip.md
15556,Easter,C:\GTT\EnglishDB\Words\e\easter.md
15557,Egyptian,C:\GTT\EnglishDB\Words\e\egyptian.md
15558,English,C:\GTT\EnglishDB\Words\e\english.md
15559,European,C:\GTT\EnglishDB\Words\e\european.md
15560,expression,C:\GTT\EnglishDB\Words\e\expression.md
15561,figure,C:\GTT\EnglishDB\Words\f\figure.md
15562,firefighter,C:\GTT\EnglishDB\Words\f\firefighter.md
15563,flu,C:\GTT\EnglishDB\Words\f\flu.md
15564,founding,C:\GTT\EnglishDB\Words\f\founding.md
15565,French,C:\GTT\EnglishDB\Words\f\french.md
15566,Frenchman,C:\GTT\EnglishDB\Words\f\frenchman.md
15567,furnished,C:\GTT\EnglishDB\Words\f\furnished.md
15568,gas,C:\GTT\EnglishDB\Words\g\gas.md
15569,German,C:\GTT\EnglishDB\Words\g\german.md
15570,Greek,C:\GTT\EnglishDB\Words\g\greek.md
15571,hay,C:\GTT\EnglishDB\Words\h\hay.md
15572,heat,C:\GTT\EnglishDB\Words\h\heat.md
15573,hug,C:\GTT\EnglishDB\Words\h\hug.md
15574,I,C:\GTT\EnglishDB\Words\i\i.md
15575,indeed,C:\GTT\EnglishDB\Words\i\indeed.md
15576,Indian,C:\GTT\EnglishDB\Words\i\indian.md
15577,ink,C:\GTT\EnglishDB\Words\i\ink.md
15578,Irish,C:\GTT\EnglishDB\Words\i\irish.md
15579,Italian,C:\GTT\EnglishDB\Words\i\italian.md
15580,Japanese,C:\GTT\EnglishDB\Words\j\japanese.md
15581,judge,C:\GTT\EnglishDB\Words\j\judge.md
15582,lake,C:\GTT\EnglishDB\Words\l\lake.md
15583,law,C:\GTT\EnglishDB\Words\l\law.md
15584,Mexican,C:\GTT\EnglishDB\Words\m\mexican.md
15585,Moslem,C:\GTT\EnglishDB\Words\m\moslem.md
15586,mud,C:\GTT\EnglishDB\Words\m\mud.md
15587,OK,C:\GTT\EnglishDB\Words\o\ok.md
15588,Olympic,C:\GTT\EnglishDB\Words\o\olympic.md
15589,pea,C:\GTT\EnglishDB\Words\p\pea.md
15590,post,C:\GTT\EnglishDB\Words\p\post.md
15591,puzzled,C:\GTT\EnglishDB\Words\p\puzzled.md
15592,rat,C:\GTT\EnglishDB\Words\r\rat.md
15593,Russian,C:\GTT\EnglishDB\Words\r\russian.md
15594,Scottish,C:\GTT\EnglishDB\Words\s\scottish.md
15595,smoker,C:\GTT\EnglishDB\Words\s\smoker.md
15596,soup,C:\GTT\EnglishDB\Words\s\soup.md
15597,Spanish,C:\GTT\EnglishDB\Words\s\spanish.md
15598,storm,C:\GTT\EnglishDB\Words\s\storm.md
15599,Swiss,C:\GTT\EnglishDB\Words\s\swiss.md
15600,tailor,C:\GTT\EnglishDB\Words\t\tailor.md
15601,toy,C:\GTT\EnglishDB\Words\t\toy.md
15602,workforce,C:\GTT\EnglishDB\Words\w\workforce.md
15603,works,C:\GTT\EnglishDB\Words\w\works.md
15604,wounded,C:\GTT\EnglishDB\Words\w\wounded.md
15605,ape,C:\GTT\EnglishDB\Words\a\ape.md
15606,bombard,C:\GTT\EnglishDB\Words\b\bombard.md
15607,collapsed,C:\GTT\EnglishDB\Words\c\collapsed.md
15608,flawed,C:\GTT\EnglishDB\Words\f\flawed.md
15609,intrinsically,C:\GTT\EnglishDB\Words\i\intrinsically.md
15610,Islamic,C:\GTT\EnglishDB\Words\i\islamic.md
15611,pave,C:\GTT\EnglishDB\Words\p\pave.md
15612,pharmaceutical,C:\GTT\EnglishDB\Words\p\pharmaceutical.md
15613,projected,C:\GTT\EnglishDB\Words\p\projected.md
15614,rib,C:\GTT\EnglishDB\Words\r\rib.md
15615,multicultural,C:\GTT\EnglishDB\Words\m\multicultural.md
15616,paw,C:\GTT\EnglishDB\Words\p\paw.md
15617,up-to-date,C:\GTT\EnglishDB\Words\u\up-to-date.md
15618,well-known,C:\GTT\EnglishDB\Words\w\well-known.md
15619,chap,C:\GTT\EnglishDB\Words\c\chap.md
15620,Bible,C:\GTT\EnglishDB\Words\b\bible.md
15621,so-called,C:\GTT\EnglishDB\Words\s\so-called.md
15622,Marxist,C:\GTT\EnglishDB\Words\m\marxist.md
15623,van,C:\GTT\EnglishDB\Words\v\van.md
15624,mug,C:\GTT\EnglishDB\Words\m\mug.md
15625,succeeding,C:\GTT\EnglishDB\Words\s\succeeding.md
15626,misery,C:\GTT\EnglishDB\Words\m\misery.md
15627,tub,C:\GTT\EnglishDB\Words\t\tub.md
15628,intrinsic,C:\GTT\EnglishDB\Words\i\intrinsic.md
15629,telecommunications,C:\GTT\EnglishDB\Words\t\telecommunications.md
15630,axis,C:\GTT\EnglishDB\Words\a\axis.md
15631,pope,C:\GTT\EnglishDB\Words\p\pope.md
15632,air-conditioning,C:\GTT\EnglishDB\Words\a\air-conditioning.md
15633,Thanksgiving,C:\GTT\EnglishDB\Words\t\thanksgiving.md
15634,sip,C:\GTT\EnglishDB\Words\s\sip.md
15635,inclusive,C:\GTT\EnglishDB\Words\i\inclusive.md
15636,defense,C:\GTT\EnglishDB\Words\d\defense.md
15637,innovate,C:\GTT\EnglishDB\Words\i\innovate.md
15638,individualized,C:\GTT\EnglishDB\Words\i\individualized.md
15639,tumor,C:\GTT\EnglishDB\Words\t\tumor.md
15640,exporter,C:\GTT\EnglishDB\Words\e\exporter.md
15641,left-handed,C:\GTT\EnglishDB\Words\l\left-handed.md
15642,second-hand,C:\GTT\EnglishDB\Words\s\second-hand.md
15643,short-term,C:\GTT\EnglishDB\Words\s\short-term.md
15644,motivated,C:\GTT\EnglishDB\Words\m\motivated.md
15645,automated,C:\GTT\EnglishDB\Words\a\automated.md
15646,clear-cut,C:\GTT\EnglishDB\Words\c\clear-cut.md
15647,competitiveness,C:\GTT\EnglishDB\Words\c\competitiveness.md
15648,exhausting,C:\GTT\EnglishDB\Words\e\exhausting.md
15649,representation,C:\GTT\EnglishDB\Words\r\representation.md
15650,best-seller,C:\GTT\EnglishDB\Words\b\best-seller.md
15651,middle-class,C:\GTT\EnglishDB\Words\m\middle-class.md
15652,old-fashioned,C:\GTT\EnglishDB\Words\o\old-fashioned.md
15653,well-being,C:\GTT\EnglishDB\Words\w\well-being.md
15654,fractured,C:\GTT\EnglishDB\Words\f\fractured.md
15655,funding,C:\GTT\EnglishDB\Words\f\funding.md
15656,muted,C:\GTT\EnglishDB\Words\m\muted.md
15657,concurrently,C:\GTT\EnglishDB\Words\c\concurrently.md
15658,recyclable,C:\GTT\EnglishDB\Words\r\recyclable.md
15659,respected,C:\GTT\EnglishDB\Words\r\respected.md
15660,Catholic,C:\GTT\EnglishDB\Words\c\catholic.md
15661,affordable,C:\GTT\EnglishDB\Words\a\affordable.md
15662,supportive,C:\GTT\EnglishDB\Words\s\supportive.md
15663,bite,C:\GTT\EnglishDB\Words\b\bite.md
15664,jack,C:\GTT\EnglishDB\Words\j\jack.md
15665,Marxism,C:\GTT\EnglishDB\Words\m\marxism.md
15666,ice-cream,C:\GTT\EnglishDB\Words\i\ice-cream.md
15667,Internet,C:\GTT\EnglishDB\Words\i\internet.md
15668,mistake,C:\GTT\EnglishDB\Words\m\mistake.md
15669,mom,C:\GTT\EnglishDB\Words\m\mom.md
15670,start-up,C:\GTT\EnglishDB\Words\s\start-up.md
15671,computing,C:\GTT\EnglishDB\Words\c\computing.md
15672,genetically,C:\GTT\EnglishDB\Words\g\genetically.md
15673,consistently,C:\GTT\EnglishDB\Words\c\consistently.md
15674,historically,C:\GTT\EnglishDB\Words\h\historically.md
15675,parenting,C:\GTT\EnglishDB\Words\p\parenting.md
15676,predominantly,C:\GTT\EnglishDB\Words\p\predominantly.md
15677,intimidating,C:\GTT\EnglishDB\Words\i\intimidating.md
15678,untreated,C:\GTT\EnglishDB\Words\u\untreated.md
15679,overview,C:\GTT\EnglishDB\Words\o\overview.md
15680,unintended,C:\GTT\EnglishDB\Words\u\unintended.md
15681,biodiversity,C:\GTT\EnglishDB\Words\b\biodiversity.md
15682,achiever,C:\GTT\EnglishDB\Words\a\achiever.md
15683,inconsequential,C:\GTT\EnglishDB\Words\i\inconsequential.md
15684,massively,C:\GTT\EnglishDB\Words\m\massively.md
15685,commercialization,C:\GTT\EnglishDB\Words\c\commercialization.md
15686,demographics,C:\GTT\EnglishDB\Words\d\demographics.md
15687,notoriously,C:\GTT\EnglishDB\Words\n\notoriously.md
15688,Latin,C:\GTT\EnglishDB\Words\l\latin.md
15689,grown-up,C:\GTT\EnglishDB\Words\g\grown-up.md
15690,freelance,C:\GTT\EnglishDB\Words\f\freelance.md
15691,proceedings,C:\GTT\EnglishDB\Words\p\proceedings.md
15692,misplaced,C:\GTT\EnglishDB\Words\m\misplaced.md
15693,by-product,C:\GTT\EnglishDB\Words\b\by-product.md
15694,caregiver,C:\GTT\EnglishDB\Words\c\caregiver.md
15695,biotech,C:\GTT\EnglishDB\Words\b\biotech.md
15696,instinctively,C:\GTT\EnglishDB\Words\i\instinctively.md
15697,standardized,C:\GTT\EnglishDB\Words\s\standardized.md
15698,outsource,C:\GTT\EnglishDB\Words\o\outsource.md
15699,positively,C:\GTT\EnglishDB\Words\p\positively.md
15700,unrelated,C:\GTT\EnglishDB\Words\u\unrelated.md
15701,sustainability,C:\GTT\EnglishDB\Words\s\sustainability.md
15702,predictably,C:\GTT\EnglishDB\Words\p\predictably.md
15703,attractiveness,C:\GTT\EnglishDB\Words\a\attractiveness.md
15704,specialized,C:\GTT\EnglishDB\Words\s\specialized.md
15705,uniqueness,C:\GTT\EnglishDB\Words\u\uniqueness.md
15706,stereotypical,C:\GTT\EnglishDB\Words\s\stereotypical.md
15707,idealized,C:\GTT\EnglishDB\Words\i\idealized.md
15708,confusing,C:\GTT\EnglishDB\Words\c\confusing.md
15709,varying,C:\GTT\EnglishDB\Words\v\varying.md
15710,Catholicism,C:\GTT\EnglishDB\Words\c\catholicism.md
15711,disproportionately,C:\GTT\EnglishDB\Words\d\disproportionately.md
15712,obsessed,C:\GTT\EnglishDB\Words\o\obsessed.md
15713,high-profile,C:\GTT\EnglishDB\Words\h\high-profile.md
15714,embarrassed,C:\GTT\EnglishDB\Words\e\embarrassed.md
15715,outraged,C:\GTT\EnglishDB\Words\o\outraged.md
15716,overcrowded,C:\GTT\EnglishDB\Words\o\overcrowded.md
15717,rallying,C:\GTT\EnglishDB\Words\r\rallying.md
15718,aggressiveness,C:\GTT\EnglishDB\Words\a\aggressiveness.md
15719,entrepreneurship,C:\GTT\EnglishDB\Words\e\entrepreneurship.md
15720,exclusionary,C:\GTT\EnglishDB\Words\e\exclusionary.md
15721,personalized,C:\GTT\EnglishDB\Words\p\personalized.md
15722,searing,C:\GTT\EnglishDB\Words\s\searing.md
15723,insensitivity,C:\GTT\EnglishDB\Words\i\insensitivity.md
15724,empowerment,C:\GTT\EnglishDB\Words\e\empowerment.md
15725,postmodern,C:\GTT\EnglishDB\Words\p\postmodern.md
15726,meaningfully,C:\GTT\EnglishDB\Words\m\meaningfully.md
15727,persistently,C:\GTT\EnglishDB\Words\p\persistently.md
15728,passionately,C:\GTT\EnglishDB\Words\p\passionately.md
15729,avoidance,C:\GTT\EnglishDB\Words\a\avoidance.md
15730,overreact,C:\GTT\EnglishDB\Words\o\overreact.md
15731,conveyor,C:\GTT\EnglishDB\Words\c\conveyor.md
15732,untested,C:\GTT\EnglishDB\Words\u\untested.md
15733,alarmingly,C:\GTT\EnglishDB\Words\a\alarmingly.md
15734,unstoppable,C:\GTT\EnglishDB\Words\u\unstoppable.md
15735,selectively,C:\GTT\EnglishDB\Words\s\selectively.md
15736,paradoxically,C:\GTT\EnglishDB\Words\p\paradoxically.md
15737,bombing,C:\GTT\EnglishDB\Words\b\bombing.md
15738,unfairly,C:\GTT\EnglishDB\Words\u\unfairly.md
15739,unfairness,C:\GTT\EnglishDB\Words\u\unfairness.md
15740,fleeting,C:\GTT\EnglishDB\Words\f\fleeting.md
15741,unnamed,C:\GTT\EnglishDB\Words\u\unnamed.md
15742,entitlement,C:\GTT\EnglishDB\Words\e\entitlement.md
15743,ecologically,C:\GTT\EnglishDB\Words\e\ecologically.md
15744,bruising,C:\GTT\EnglishDB\Words\b\bruising.md
15745,representational,C:\GTT\EnglishDB\Words\r\representational.md
15746,biomedical,C:\GTT\EnglishDB\Words\b\biomedical.md
15747,wholeheartedly,C:\GTT\EnglishDB\Words\w\wholeheartedly.md
15748,constitutionality,C:\GTT\EnglishDB\Words\c\constitutionality.md
15749,worldview,C:\GTT\EnglishDB\Words\w\worldview.md
15750,earner,C:\GTT\EnglishDB\Words\e\earner.md
15751,interrelationship,C:\GTT\EnglishDB\Words\i\interrelationship.md
15752,unpredictability,C:\GTT\EnglishDB\Words\u\unpredictability.md
15753,lifestyle,C:\GTT\EnglishDB\Words\l\lifestyle.md
15754,well-educated,C:\GTT\EnglishDB\Words\w\well-educated.md
15755,environmentalist,C:\GTT\EnglishDB\Words\e\environmentalist.md
15756,carelessness,C:\GTT\EnglishDB\Words\c\carelessness.md
15757,deprived,C:\GTT\EnglishDB\Words\d\deprived.md
15758,globally,C:\GTT\EnglishDB\Words\g\globally.md
15759,opposing,C:\GTT\EnglishDB\Words\o\opposing.md
15760,horrifying,C:\GTT\EnglishDB\Words\h\horrifying.md
15761,robotic,C:\GTT\EnglishDB\Words\r\robotic.md
15762,bonding,C:\GTT\EnglishDB\Words\b\bonding.md
15763,hierarchical,C:\GTT\EnglishDB\Words\h\hierarchical.md
15764,hysteria,C:\GTT\EnglishDB\Words\h\hysteria.md
15765,marginalized,C:\GTT\EnglishDB\Words\m\marginalized.md
15766,instantaneously,C:\GTT\EnglishDB\Words\i\instantaneously.md
15767,mechanically,C:\GTT\EnglishDB\Words\m\mechanically.md
15768,Roman,C:\GTT\EnglishDB\Words\r\roman.md
15769,moisturizer,C:\GTT\EnglishDB\Words\m\moisturizer.md
15770,hospitalization,C:\GTT\EnglishDB\Words\h\hospitalization.md
15771,buzzword,C:\GTT\EnglishDB\Words\b\buzzword.md
15772,confrontational,C:\GTT\EnglishDB\Words\c\confrontational.md
15773,self-esteem,C:\GTT\EnglishDB\Words\s\self-esteem.md
15774,sequencing,C:\GTT\EnglishDB\Words\s\sequencing.md
15775,Hebrew,C:\GTT\EnglishDB\Words\h\hebrew.md
15776,Koran,C:\GTT\EnglishDB\Words\k\koran.md
15777,unethical,C:\GTT\EnglishDB\Words\u\unethical.md
15778,Persian,C:\GTT\EnglishDB\Words\p\persian.md
15779,takeover,C:\GTT\EnglishDB\Words\t\takeover.md
15780,sweatshirt,C:\GTT\EnglishDB\Words\s\sweatshirt.md
15781,Scandinavian,C:\GTT\EnglishDB\Words\s\scandinavian.md
15782,Welsh,C:\GTT\EnglishDB\Words\w\welsh.md
15783,donut,C:\GTT\EnglishDB\Words\d\donut.md
15784,Islam,C:\GTT\EnglishDB\Words\i\islam.md
15785,PhD,C:\GTT\EnglishDB\Words\p\phd.md
15786,wig,C:\GTT\EnglishDB\Words\w\wig.md
15787,Dutch,C:\GTT\EnglishDB\Words\d\dutch.md
15788,Polish,C:\GTT\EnglishDB\Words\p\polish.md
15789,Spaniard,C:\GTT\EnglishDB\Words\s\spaniard.md
15790,Nazi,C:\GTT\EnglishDB\Words\n\nazi.md
15791,Jew,C:\GTT\EnglishDB\Words\j\jew.md
15792,Hindu,C:\GTT\EnglishDB\Words\h\hindu.md
15793,nervousness,C:\GTT\EnglishDB\Words\n\nervousness.md
15794,Swede,C:\GTT\EnglishDB\Words\s\swede.md
15795,Israeli,C:\GTT\EnglishDB\Words\i\israeli.md
15796,VIP,C:\GTT\EnglishDB\Words\v\vip.md
15797,clam,C:\GTT\EnglishDB\Words\c\clam.md
15798,wasp,C:\GTT\EnglishDB\Words\w\wasp.md
15799,Mediterranean,C:\GTT\EnglishDB\Words\m\mediterranean.md
15800,spokesperson,C:\GTT\EnglishDB\Words\s\spokesperson.md
15801,fir,C:\GTT\EnglishDB\Words\f\fir.md
15802,Danish,C:\GTT\EnglishDB\Words\d\danish.md
15803,smoked,C:\GTT\EnglishDB\Words\s\smoked.md
15804,Christianity,C:\GTT\EnglishDB\Words\c\christianity.md
15805,oats,C:\GTT\EnglishDB\Words\o\oats.md
15806,Scotch,C:\GTT\EnglishDB\Words\s\scotch.md
15807,Zulu,C:\GTT\EnglishDB\Words\z\zulu.md
15808,macho,C:\GTT\EnglishDB\Words\m\macho.md
15809,sighting,C:\GTT\EnglishDB\Words\s\sighting.md
15810,Quaker,C:\GTT\EnglishDB\Words\q\quaker.md
15811,paranoid,C:\GTT\EnglishDB\Words\p\paranoid.md
15812,narrator,C:\GTT\EnglishDB\Words\n\narrator.md
15813,playoff,C:\GTT\EnglishDB\Words\p\playoff.md
15814,unkempt,C:\GTT\EnglishDB\Words\u\unkempt.md
15815,aggrieved,C:\GTT\EnglishDB\Words\a\aggrieved.md
15816,God,C:\GTT\EnglishDB\Words\g\god.md
15817,polio,C:\GTT\EnglishDB\Words\p\polio.md
15818,plutonium,C:\GTT\EnglishDB\Words\p\plutonium.md
15819,regression,C:\GTT\EnglishDB\Words\r\regression.md
15820,vie,C:\GTT\EnglishDB\Words\v\vie.md
15821,Hispanic,C:\GTT\EnglishDB\Words\h\hispanic.md
15822,Brazilian,C:\GTT\EnglishDB\Words\b\brazilian.md
15823,extricate,C:\GTT\EnglishDB\Words\e\extricate.md
15824,graffiti,C:\GTT\EnglishDB\Words\g\graffiti.md
15825,vibe,C:\GTT\EnglishDB\Words\v\vibe.md
15826,brunette,C:\GTT\EnglishDB\Words\b\brunette.md
15827,Englishman,C:\GTT\EnglishDB\Words\e\englishman.md
15828,Medicaid,C:\GTT\EnglishDB\Words\m\medicaid.md
15829,meteorological,C:\GTT\EnglishDB\Words\m\meteorological.md
15830,checklist,C:\GTT\EnglishDB\Words\c\checklist.md
15831,loin,C:\GTT\EnglishDB\Words\l\loin.md
15832,incomprehensible,C:\GTT\EnglishDB\Words\i\incomprehensible.md
15833,exodus,C:\GTT\EnglishDB\Words\e\exodus.md
15834,basics,C:\GTT\EnglishDB\Words\b\basics.md
15835,hotline,C:\GTT\EnglishDB\Words\h\hotline.md
15836,suspenders,C:\GTT\EnglishDB\Words\s\suspenders.md
15837,minefield,C:\GTT\EnglishDB\Words\m\minefield.md
15838,wares,C:\GTT\EnglishDB\Words\w\wares.md
15839,Nazism,C:\GTT\EnglishDB\Words\n\nazism.md
15840,ion,C:\GTT\EnglishDB\Words\i\ion.md
15841,rainforest,C:\GTT\EnglishDB\Words\r\rainforest.md
15842,prod,C:\GTT\EnglishDB\Words\p\prod.md
15843,excluding,C:\GTT\EnglishDB\Words\e\excluding.md
15844,woe,C:\GTT\EnglishDB\Words\w\woe.md
15845,Arabian,C:\GTT\EnglishDB\Words\a\arabian.md
15846,mecca,C:\GTT\EnglishDB\Words\m\mecca.md
15847,Briton,C:\GTT\EnglishDB\Words\b\briton.md
15848,Nordic,C:\GTT\EnglishDB\Words\n\nordic.md
15849,snorkel,C:\GTT\EnglishDB\Words\s\snorkel.md
15850,deli,C:\GTT\EnglishDB\Words\d\deli.md
15851,leek,C:\GTT\EnglishDB\Words\l\leek.md
15852,Halloween,C:\GTT\EnglishDB\Words\h\halloween.md
15853,Protestant,C:\GTT\EnglishDB\Words\p\protestant.md
15854,helm,C:\GTT\EnglishDB\Words\h\helm.md
15855,committed,C:\GTT\EnglishDB\Words\c\committed.md
15856,garland,C:\GTT\EnglishDB\Words\g\garland.md
15857,hew,C:\GTT\EnglishDB\Words\h\hew.md
15858,embattled,C:\GTT\EnglishDB\Words\e\embattled.md
15859,surreal,C:\GTT\EnglishDB\Words\s\surreal.md
15860,recycling,C:\GTT\EnglishDB\Words\r\recycling.md
15861,high-rise,C:\GTT\EnglishDB\Words\h\high-rise.md
15862,restored,C:\GTT\EnglishDB\Words\r\restored.md
15863,curved,C:\GTT\EnglishDB\Words\c\curved.md
15864,stairwell,C:\GTT\EnglishDB\Words\s\stairwell.md
15865,overhang,C:\GTT\EnglishDB\Words\o\overhang.md
15866,positioning,C:\GTT\EnglishDB\Words\p\positioning.md
15867,operating,C:\GTT\EnglishDB\Words\o\operating.md
15868,updated,C:\GTT\EnglishDB\Words\u\updated.md
15869,assigned,C:\GTT\EnglishDB\Words\a\assigned.md
15870,switching,C:\GTT\EnglishDB\Words\s\switching.md
15871,modified,C:\GTT\EnglishDB\Words\m\modified.md
15872,separated,C:\GTT\EnglishDB\Words\s\separated.md
15873,designated,C:\GTT\EnglishDB\Words\d\designated.md
15874,graphically,C:\GTT\EnglishDB\Words\g\graphically.md
15875,micro,C:\GTT\EnglishDB\Words\m\micro.md
15876,labeled,C:\GTT\EnglishDB\Words\l\labeled.md
15877,masking,C:\GTT\EnglishDB\Words\m\masking.md
15878,hard-working,C:\GTT\EnglishDB\Words\h\hard-working.md
15879,Portuguese,C:\GTT\EnglishDB\Words\p\portuguese.md
15880,Soviet,C:\GTT\EnglishDB\Words\s\soviet.md
15881,father-in-law,C:\GTT\EnglishDB\Words\f\father-in-law.md
15882,upside-down,C:\GTT\EnglishDB\Words\u\upside-down.md
15883,TV,C:\GTT\EnglishDB\Words\t\tv.md
15884,importantly,C:\GTT\EnglishDB\Words\i\importantly.md
15885,justified,C:\GTT\EnglishDB\Words\j\justified.md
15886,prized,C:\GTT\EnglishDB\Words\p\prized.md
15887,timeline,C:\GTT\EnglishDB\Words\t\timeline.md
15888,Mrs,C:\GTT\EnglishDB\Words\m\mrs.md
15889,baby-sitter,C:\GTT\EnglishDB\Words\b\baby-sitter.md
15890,Norwegian,C:\GTT\EnglishDB\Words\n\norwegian.md
15891,open-minded,C:\GTT\EnglishDB\Words\o\open-minded.md
15892,long-term,C:\GTT\EnglishDB\Words\l\long-term.md
15893,taker,C:\GTT\EnglishDB\Words\t\taker.md
15894,ever-increasing,C:\GTT\EnglishDB\Words\e\ever-increasing.md
15895,unhappiness,C:\GTT\EnglishDB\Words\u\unhappiness.md
15896,Olympics,C:\GTT\EnglishDB\Words\o\olympics.md
15897,GNP,C:\GTT\EnglishDB\Words\g\gnp.md
15898,mother-in-law,C:\GTT\EnglishDB\Words\m\mother-in-law.md
15899,graduated,C:\GTT\EnglishDB\Words\g\graduated.md
15900,time-consuming,C:\GTT\EnglishDB\Words\t\time-consuming.md
15901,anti-war,C:\GTT\EnglishDB\Words\a\anti-war.md
15902,white-collar,C:\GTT\EnglishDB\Words\w\white-collar.md
15903,far-fetched,C:\GTT\EnglishDB\Words\f\far-fetched.md
15904,traditionalist,C:\GTT\EnglishDB\Words\t\traditionalist.md
15905,well-established,C:\GTT\EnglishDB\Words\w\well-established.md
15906,trade-off,C:\GTT\EnglishDB\Words\t\trade-off.md
15907,Saudi,C:\GTT\EnglishDB\Words\s\saudi.md
15908,mid-afternoon,C:\GTT\EnglishDB\Words\m\mid-afternoon.md
15909,foolishness,C:\GTT\EnglishDB\Words\f\foolishness.md
15910,Filipino,C:\GTT\EnglishDB\Words\f\filipino.md
15911,unchanging,C:\GTT\EnglishDB\Words\u\unchanging.md
15912,moderation,C:\GTT\EnglishDB\Words\m\moderation.md
15913,Mr,C:\GTT\EnglishDB\Words\m\mr.md
15914,Republican,C:\GTT\EnglishDB\Words\r\republican.md
15915,Congress,C:\GTT\EnglishDB\Words\c\congress.md
15916,PM,C:\GTT\EnglishDB\Words\p\pm.md
15917,Democrat,C:\GTT\EnglishDB\Words\d\democrat.md
15918,Senate,C:\GTT\EnglishDB\Words\s\senate.md
15919,AM,C:\GTT\EnglishDB\Words\a\am.md
15920,sales,C:\GTT\EnglishDB\Words\s\sales.md
15921,Ms,C:\GTT\EnglishDB\Words\m\ms.md
15922,terms,C:\GTT\EnglishDB\Words\t\terms.md
15923,United,C:\GTT\EnglishDB\Words\u\united.md
15924,lots,C:\GTT\EnglishDB\Words\l\lots.md
15925,Supreme,C:\GTT\EnglishDB\Words\s\supreme.md
15926,Iraqi,C:\GTT\EnglishDB\Words\i\iraqi.md
15927,e-mail,C:\GTT\EnglishDB\Words\e\e-mail.md
15928,Jewish,C:\GTT\EnglishDB\Words\j\jewish.md
15929,remaining,C:\GTT\EnglishDB\Words\r\remaining.md
15930,CEO,C:\GTT\EnglishDB\Words\c\ceo.md
15931,Palestinian,C:\GTT\EnglishDB\Words\p\palestinian.md
15932,Muslim,C:\GTT\EnglishDB\Words\m\muslim.md
15933,ie,C:\GTT\EnglishDB\Words\i\ie.md
15934,DNA,C:\GTT\EnglishDB\Words\d\dna.md
15935,mm-hmm,C:\GTT\EnglishDB\Words\m\mm-hmm.md
15936,depending,C:\GTT\EnglishDB\Words\d\depending.md
15937,PC,C:\GTT\EnglishDB\Words\p\pc.md
15938,African-American,C:\GTT\EnglishDB\Words\a\african-american.md
15939,changing,C:\GTT\EnglishDB\Words\c\changing.md
15940,estimated,C:\GTT\EnglishDB\Words\e\estimated.md
15941,T-shirt,C:\GTT\EnglishDB\Words\t\t-shirt.md
15942,Korean,C:\GTT\EnglishDB\Words\k\korean.md
15943,and/or,C:\GTT\EnglishDB\Words\a\and_or.md
15944,continuing,C:\GTT\EnglishDB\Words\c\continuing.md
15945,full-time,C:\GTT\EnglishDB\Words\f\full-time.md
15946,o\'\'clock,C:\GTT\EnglishDB\Words\o\o____clock.md
15947,Cuban,C:\GTT\EnglishDB\Words\c\cuban.md
15948,expected,C:\GTT\EnglishDB\Words\e\expected.md
15949,perceived,C:\GTT\EnglishDB\Words\p\perceived.md
15950,two-thirds,C:\GTT\EnglishDB\Words\t\two-thirds.md
15951,high-tech,C:\GTT\EnglishDB\Words\h\high-tech.md
15952,one-third,C:\GTT\EnglishDB\Words\o\one-third.md
15953,chopped,C:\GTT\EnglishDB\Words\c\chopped.md
15954,videotape,C:\GTT\EnglishDB\Words\v\videotape.md
15955,Iranian,C:\GTT\EnglishDB\Words\i\iranian.md
15956,GOP,C:\GTT\EnglishDB\Words\g\gop.md
15957,lyrics,C:\GTT\EnglishDB\Words\l\lyrics.md
15958,warming,C:\GTT\EnglishDB\Words\w\warming.md
15959,monitoring,C:\GTT\EnglishDB\Words\m\monitoring.md
15960,Oscar,C:\GTT\EnglishDB\Words\o\oscar.md
15961,part-time,C:\GTT\EnglishDB\Words\p\part-time.md
15962,twenty-five,C:\GTT\EnglishDB\Words\t\twenty-five.md
15963,elected,C:\GTT\EnglishDB\Words\e\elected.md
15964,co-worker,C:\GTT\EnglishDB\Words\c\co-worker.md
15965,supporting,C:\GTT\EnglishDB\Words\s\supporting.md
15966,Caribbean,C:\GTT\EnglishDB\Words\c\caribbean.md
15967,Turkish,C:\GTT\EnglishDB\Words\t\turkish.md
15968,competing,C:\GTT\EnglishDB\Words\c\competing.md
15969,x-ray,C:\GTT\EnglishDB\Words\x\x-ray.md
15970,nearest,C:\GTT\EnglishDB\Words\n\nearest.md
15971,Vietnamese,C:\GTT\EnglishDB\Words\v\vietnamese.md
15972,Latino,C:\GTT\EnglishDB\Words\l\latino.md
15973,culturally,C:\GTT\EnglishDB\Words\c\culturally.md
15974,coaching,C:\GTT\EnglishDB\Words\c\coaching.md
15975,Reverend,C:\GTT\EnglishDB\Words\r\reverend.md
15976,re-election,C:\GTT\EnglishDB\Words\r\re-election.md
15977,failed,C:\GTT\EnglishDB\Words\f\failed.md
15978,uh-huh,C:\GTT\EnglishDB\Words\u\uh-huh.md
15979,fund-raising,C:\GTT\EnglishDB\Words\f\fund-raising.md
15980,large-scale,C:\GTT\EnglishDB\Words\l\large-scale.md
15981,all-star,C:\GTT\EnglishDB\Words\a\all-star.md
15982,cleaning,C:\GTT\EnglishDB\Words\c\cleaning.md
15983,Viking,C:\GTT\EnglishDB\Words\v\viking.md
15984,protester,C:\GTT\EnglishDB\Words\p\protester.md
15985,Sunni,C:\GTT\EnglishDB\Words\s\sunni.md
15986,frustrating,C:\GTT\EnglishDB\Words\f\frustrating.md
15987,Victorian,C:\GTT\EnglishDB\Words\v\victorian.md
15988,reported,C:\GTT\EnglishDB\Words\r\reported.md
15989,improving,C:\GTT\EnglishDB\Words\i\improving.md
15990,middle-aged,C:\GTT\EnglishDB\Words\m\middle-aged.md
15991,subscale,C:\GTT\EnglishDB\Words\s\subscale.md
15992,protected,C:\GTT\EnglishDB\Words\p\protected.md
15993,five-year,C:\GTT\EnglishDB\Words\f\five-year.md
15994,follow-up,C:\GTT\EnglishDB\Words\f\follow-up.md
15995,guiding,C:\GTT\EnglishDB\Words\g\guiding.md
15996,deployment,C:\GTT\EnglishDB\Words\d\deployment.md
15997,grass-roots,C:\GTT\EnglishDB\Words\g\grass-roots.md
15998,long-standing,C:\GTT\EnglishDB\Words\l\long-standing.md
15999,low-income,C:\GTT\EnglishDB\Words\l\low-income.md
16000,two-year,C:\GTT\EnglishDB\Words\t\two-year.md
16001,re-create,C:\GTT\EnglishDB\Words\r\re-create.md
16002,Swedish,C:\GTT\EnglishDB\Words\s\swedish.md
16003,Bosnian,C:\GTT\EnglishDB\Words\b\bosnian.md
16004,privatization,C:\GTT\EnglishDB\Words\p\privatization.md
16005,expanded,C:\GTT\EnglishDB\Words\e\expanded.md
16006,four-year,C:\GTT\EnglishDB\Words\f\four-year.md
16007,dating,C:\GTT\EnglishDB\Words\d\dating.md
16008,Broadway,C:\GTT\EnglishDB\Words\b\broadway.md
16009,viewing,C:\GTT\EnglishDB\Words\v\viewing.md
16010,suspected,C:\GTT\EnglishDB\Words\s\suspected.md
16011,steroids,C:\GTT\EnglishDB\Words\s\steroids.md
16012,answering,C:\GTT\EnglishDB\Words\a\answering.md
16013,boomer,C:\GTT\EnglishDB\Words\b\boomer.md
16014,fund-raiser,C:\GTT\EnglishDB\Words\f\fund-raiser.md
16015,day-to-day,C:\GTT\EnglishDB\Words\d\day-to-day.md
16016,imaging,C:\GTT\EnglishDB\Words\i\imaging.md
16017,one-time,C:\GTT\EnglishDB\Words\o\one-time.md
16018,Taliban,C:\GTT\EnglishDB\Words\t\taliban.md
16019,superstar,C:\GTT\EnglishDB\Words\s\superstar.md
16020,cease-fire,C:\GTT\EnglishDB\Words\c\cease-fire.md
16021,deepest,C:\GTT\EnglishDB\Words\d\deepest.md
16022,surviving,C:\GTT\EnglishDB\Words\s\surviving.md
16023,high-speed,C:\GTT\EnglishDB\Words\h\high-speed.md
16024,nervously,C:\GTT\EnglishDB\Words\n\nervously.md
16025,Freeman,C:\GTT\EnglishDB\Words\f\freeman.md
16026,governing,C:\GTT\EnglishDB\Words\g\governing.md
16027,co-author,C:\GTT\EnglishDB\Words\c\co-author.md
16028,sneakers,C:\GTT\EnglishDB\Words\s\sneakers.md
16029,innings,C:\GTT\EnglishDB\Words\i\innings.md
16030,Baptist,C:\GTT\EnglishDB\Words\b\baptist.md
16031,would-be,C:\GTT\EnglishDB\Words\w\would-be.md
16032,all-time,C:\GTT\EnglishDB\Words\a\all-time.md
16033,explosives,C:\GTT\EnglishDB\Words\e\explosives.md
16034,right-wing,C:\GTT\EnglishDB\Words\r\right-wing.md
16035,unified,C:\GTT\EnglishDB\Words\u\unified.md
16036,restructuring,C:\GTT\EnglishDB\Words\r\restructuring.md
16037,Serbian,C:\GTT\EnglishDB\Words\s\serbian.md
16038,pounding,C:\GTT\EnglishDB\Words\p\pounding.md
16039,published,C:\GTT\EnglishDB\Words\p\published.md
16040,Pakistani,C:\GTT\EnglishDB\Words\p\pakistani.md
16041,um,C:\GTT\EnglishDB\Words\u\um.md
16042,signing,C:\GTT\EnglishDB\Words\s\signing.md
16043,built-in,C:\GTT\EnglishDB\Words\b\built-in.md
16044,hmm,C:\GTT\EnglishDB\Words\h\hmm.md
16045,Czech,C:\GTT\EnglishDB\Words\c\czech.md
16046,Madame,C:\GTT\EnglishDB\Words\m\madame.md
16047,high-quality,C:\GTT\EnglishDB\Words\h\high-quality.md
16048,half-hour,C:\GTT\EnglishDB\Words\h\half-hour.md
16049,GI,C:\GTT\EnglishDB\Words\g\gi.md
16050,year-round,C:\GTT\EnglishDB\Words\y\year-round.md
16051,hands-on,C:\GTT\EnglishDB\Words\h\hands-on.md
16052,three-year,C:\GTT\EnglishDB\Words\t\three-year.md
16053,cooked,C:\GTT\EnglishDB\Words\c\cooked.md
16054,best-selling,C:\GTT\EnglishDB\Words\b\best-selling.md
16055,sprawling,C:\GTT\EnglishDB\Words\s\sprawling.md
16056,troubling,C:\GTT\EnglishDB\Words\t\troubling.md
16057,black-and-white,C:\GTT\EnglishDB\Words\b\black-and-white.md
16058,hiring,C:\GTT\EnglishDB\Words\h\hiring.md
16059,enhanced,C:\GTT\EnglishDB\Words\e\enhanced.md
16060,nineteenth-century,C:\GTT\EnglishDB\Words\n\nineteenth-century.md
16061,convicted,C:\GTT\EnglishDB\Words\c\convicted.md
16062,Lebanese,C:\GTT\EnglishDB\Words\l\lebanese.md
16063,Methodist,C:\GTT\EnglishDB\Words\m\methodist.md
16064,low-fat,C:\GTT\EnglishDB\Words\l\low-fat.md
16065,long-distance,C:\GTT\EnglishDB\Words\l\long-distance.md
16066,dealings,C:\GTT\EnglishDB\Words\d\dealings.md
16067,sliced,C:\GTT\EnglishDB\Words\s\sliced.md
16068,IQ,C:\GTT\EnglishDB\Words\i\iq.md
16069,Kurdish,C:\GTT\EnglishDB\Words\k\kurdish.md
16070,roasted,C:\GTT\EnglishDB\Words\r\roasted.md
16071,Hawaiian,C:\GTT\EnglishDB\Words\h\hawaiian.md
16072,Texan,C:\GTT\EnglishDB\Words\t\texan.md
16073,twenty-four,C:\GTT\EnglishDB\Words\t\twenty-four.md
16074,HMO,C:\GTT\EnglishDB\Words\h\hmo.md
16075,jersey,C:\GTT\EnglishDB\Words\j\jersey.md
16076,working-class,C:\GTT\EnglishDB\Words\w\working-class.md
16077,lobbying,C:\GTT\EnglishDB\Words\l\lobbying.md
16078,recruiting,C:\GTT\EnglishDB\Words\r\recruiting.md
16079,baked,C:\GTT\EnglishDB\Words\b\baked.md
16080,Episcopal,C:\GTT\EnglishDB\Words\e\episcopal.md
16081,revised,C:\GTT\EnglishDB\Words\r\revised.md
16082,functioning,C:\GTT\EnglishDB\Words\f\functioning.md
16083,Shiite,C:\GTT\EnglishDB\Words\s\shiite.md
16084,twisted,C:\GTT\EnglishDB\Words\t\twisted.md
16085,attempted,C:\GTT\EnglishDB\Words\a\attempted.md
16086,computerized,C:\GTT\EnglishDB\Words\c\computerized.md
16087,brand-new,C:\GTT\EnglishDB\Words\b\brand-new.md
16088,GDP,C:\GTT\EnglishDB\Words\g\gdp.md
16089,face-to-face,C:\GTT\EnglishDB\Words\f\face-to-face.md
16090,chilling,C:\GTT\EnglishDB\Words\c\chilling.md
16091,saut��,C:\GTT\EnglishDB\Words\s\saut__.md
16092,Kurd,C:\GTT\EnglishDB\Words\k\kurd.md
16093,Syrian,C:\GTT\EnglishDB\Words\s\syrian.md
16094,gleaming,C:\GTT\EnglishDB\Words\g\gleaming.md
16095,pricing,C:\GTT\EnglishDB\Words\p\pricing.md
16096,fines,C:\GTT\EnglishDB\Words\f\fines.md
16097,Dominican,C:\GTT\EnglishDB\Words\d\dominican.md
16098,Turk,C:\GTT\EnglishDB\Words\t\turk.md
16099,co-founder,C:\GTT\EnglishDB\Words\c\co-founder.md
16100,heightened,C:\GTT\EnglishDB\Words\h\heightened.md
16101,structured,C:\GTT\EnglishDB\Words\s\structured.md
16102,low-cost,C:\GTT\EnglishDB\Words\l\low-cost.md
16103,Thai,C:\GTT\EnglishDB\Words\t\thai.md
16104,high-level,C:\GTT\EnglishDB\Words\h\high-level.md
16105,crushed,C:\GTT\EnglishDB\Words\c\crushed.md
16106,pry,C:\GTT\EnglishDB\Words\p\pry.md
16107,guided,C:\GTT\EnglishDB\Words\g\guided.md
16108,salsa,C:\GTT\EnglishDB\Words\s\salsa.md
16109,decision-making,C:\GTT\EnglishDB\Words\d\decision-making.md
16110,hand-held,C:\GTT\EnglishDB\Words\h\hand-held.md
16111,entrepreneurial,C:\GTT\EnglishDB\Words\e\entrepreneurial.md
16112,starving,C:\GTT\EnglishDB\Words\s\starving.md
16113,three-quarters,C:\GTT\EnglishDB\Words\t\three-quarters.md
16114,stuffed,C:\GTT\EnglishDB\Words\s\stuffed.md
16115,exceptionally,C:\GTT\EnglishDB\Words\e\exceptionally.md
16116,recorded,C:\GTT\EnglishDB\Words\r\recorded.md
16117,Lutheran,C:\GTT\EnglishDB\Words\l\lutheran.md
16118,hired,C:\GTT\EnglishDB\Words\h\hired.md
16119,president-elect,C:\GTT\EnglishDB\Words\p\president-elect.md
16120,thirty-five,C:\GTT\EnglishDB\Words\t\thirty-five.md
16121,anticipated,C:\GTT\EnglishDB\Words\a\anticipated.md
16122,same-sex,C:\GTT\EnglishDB\Words\s\same-sex.md
16123,Navajo,C:\GTT\EnglishDB\Words\n\navajo.md
16124,three-dimensional,C:\GTT\EnglishDB\Words\t\three-dimensional.md
16125,Presbyterian,C:\GTT\EnglishDB\Words\p\presbyterian.md
16126,inner-city,C:\GTT\EnglishDB\Words\i\inner-city.md
16127,dangerously,C:\GTT\EnglishDB\Words\d\dangerously.md
16128,all-purpose,C:\GTT\EnglishDB\Words\a\all-purpose.md
16129,first-time,C:\GTT\EnglishDB\Words\f\first-time.md
16130,stunned,C:\GTT\EnglishDB\Words\s\stunned.md
16131,mogul,C:\GTT\EnglishDB\Words\m\mogul.md
16132,in-depth,C:\GTT\EnglishDB\Words\i\in-depth.md
16133,differing,C:\GTT\EnglishDB\Words\d\differing.md
16134,high-risk,C:\GTT\EnglishDB\Words\h\high-risk.md
16135,recycled,C:\GTT\EnglishDB\Words\r\recycled.md
16136,cross-country,C:\GTT\EnglishDB\Words\c\cross-country.md
16137,co-op,C:\GTT\EnglishDB\Words\c\co-op.md
16138,high-end,C:\GTT\EnglishDB\Words\h\high-end.md
16139,participating,C:\GTT\EnglishDB\Words\p\participating.md
16140,long-range,C:\GTT\EnglishDB\Words\l\long-range.md
16141,ooh,C:\GTT\EnglishDB\Words\o\ooh.md
16142,Judaism,C:\GTT\EnglishDB\Words\j\judaism.md
16143,midwestern,C:\GTT\EnglishDB\Words\m\midwestern.md
16144,on-site,C:\GTT\EnglishDB\Words\o\on-site.md
16145,guaranteed,C:\GTT\EnglishDB\Words\g\guaranteed.md
16146,ballpark,C:\GTT\EnglishDB\Words\b\ballpark.md
16147,peacefully,C:\GTT\EnglishDB\Words\p\peacefully.md
16148,lifting,C:\GTT\EnglishDB\Words\l\lifting.md
16149,one-year,C:\GTT\EnglishDB\Words\o\one-year.md
16150,last-minute,C:\GTT\EnglishDB\Words\l\last-minute.md
16151,Indonesian,C:\GTT\EnglishDB\Words\i\indonesian.md
16152,open-ended,C:\GTT\EnglishDB\Words\o\open-ended.md
16153,Finn,C:\GTT\EnglishDB\Words\f\finn.md
16154,award-winning,C:\GTT\EnglishDB\Words\a\award-winning.md
16155,Martian,C:\GTT\EnglishDB\Words\m\martian.md
16156,twenty-two,C:\GTT\EnglishDB\Words\t\twenty-two.md
16157,Haitian,C:\GTT\EnglishDB\Words\h\haitian.md
16158,advancing,C:\GTT\EnglishDB\Words\a\advancing.md
16159,ex-wife,C:\GTT\EnglishDB\Words\e\ex-wife.md
16160,limo,C:\GTT\EnglishDB\Words\l\limo.md
16161,burgeoning,C:\GTT\EnglishDB\Words\b\burgeoning.md
16162,world-class,C:\GTT\EnglishDB\Words\w\world-class.md
16163,twenty-one,C:\GTT\EnglishDB\Words\t\twenty-one.md
16164,cloning,C:\GTT\EnglishDB\Words\c\cloning.md
16165,networking,C:\GTT\EnglishDB\Words\n\networking.md
16166,Cherokee,C:\GTT\EnglishDB\Words\c\cherokee.md
16167,caring,C:\GTT\EnglishDB\Words\c\caring.md
16168,self-determination,C:\GTT\EnglishDB\Words\s\self-determination.md
16169,one-half,C:\GTT\EnglishDB\Words\o\one-half.md
16170,asshole,C:\GTT\EnglishDB\Words\a\asshole.md
16171,one-way,C:\GTT\EnglishDB\Words\o\one-way.md
16172,state-of-the-art,C:\GTT\EnglishDB\Words\s\state-of-the-art.md
16173,man-made,C:\GTT\EnglishDB\Words\m\man-made.md
16174,medium-high,C:\GTT\EnglishDB\Words\m\medium-high.md
16175,forty-five,C:\GTT\EnglishDB\Words\f\forty-five.md
16176,tangled,C:\GTT\EnglishDB\Words\t\tangled.md
16177,cut-off,C:\GTT\EnglishDB\Words\c\cut-off.md
16178,one-on-one,C:\GTT\EnglishDB\Words\o\one-on-one.md
16179,televised,C:\GTT\EnglishDB\Words\t\televised.md
16180,best-known,C:\GTT\EnglishDB\Words\b\best-known.md
16181,two-way,C:\GTT\EnglishDB\Words\t\two-way.md
16182,generating,C:\GTT\EnglishDB\Words\g\generating.md
16183,CD-ROM,C:\GTT\EnglishDB\Words\c\cd-rom.md
16184,self-confidence,C:\GTT\EnglishDB\Words\s\self-confidence.md
16185,late-night,C:\GTT\EnglishDB\Words\l\late-night.md
16186,licensing,C:\GTT\EnglishDB\Words\l\licensing.md
16187,close-up,C:\GTT\EnglishDB\Words\c\close-up.md
16188,stained,C:\GTT\EnglishDB\Words\s\stained.md
16189,prescribed,C:\GTT\EnglishDB\Words\p\prescribed.md
16190,twenty-first,C:\GTT\EnglishDB\Words\t\twenty-first.md
16191,uniformed,C:\GTT\EnglishDB\Words\u\uniformed.md
16192,pioneering,C:\GTT\EnglishDB\Words\p\pioneering.md
16193,postseason,C:\GTT\EnglishDB\Words\p\postseason.md
16194,recurring,C:\GTT\EnglishDB\Words\r\recurring.md
16195,prom,C:\GTT\EnglishDB\Words\p\prom.md
16196,occupied,C:\GTT\EnglishDB\Words\o\occupied.md
16197,self-conscious,C:\GTT\EnglishDB\Words\s\self-conscious.md
16198,transnational,C:\GTT\EnglishDB\Words\t\transnational.md
16199,darkened,C:\GTT\EnglishDB\Words\d\darkened.md
16200,ensuing,C:\GTT\EnglishDB\Words\e\ensuing.md
16201,ethnographic,C:\GTT\EnglishDB\Words\e\ethnographic.md
16202,good-looking,C:\GTT\EnglishDB\Words\g\good-looking.md
16203,light-year,C:\GTT\EnglishDB\Words\l\light-year.md
16204,problem-solving,C:\GTT\EnglishDB\Words\p\problem-solving.md
16205,para,C:\GTT\EnglishDB\Words\p\para.md
16206,warm-up,C:\GTT\EnglishDB\Words\w\warm-up.md
16207,hard-core,C:\GTT\EnglishDB\Words\h\hard-core.md
16208,impaired,C:\GTT\EnglishDB\Words\i\impaired.md
16209,dysfunctional,C:\GTT\EnglishDB\Words\d\dysfunctional.md
16210,buyout,C:\GTT\EnglishDB\Words\b\buyout.md
16211,soundtrack,C:\GTT\EnglishDB\Words\s\soundtrack.md
16212,shimmering,C:\GTT\EnglishDB\Words\s\shimmering.md
16213,self-efficacy,C:\GTT\EnglishDB\Words\s\self-efficacy.md
16214,suspended,C:\GTT\EnglishDB\Words\s\suspended.md
16215,altered,C:\GTT\EnglishDB\Words\a\altered.md
16216,frying,C:\GTT\EnglishDB\Words\f\frying.md
16217,short-lived,C:\GTT\EnglishDB\Words\s\short-lived.md
16218,re-establish,C:\GTT\EnglishDB\Words\r\re-establish.md
16219,twenty-three,C:\GTT\EnglishDB\Words\t\twenty-three.md
16220,promised,C:\GTT\EnglishDB\Words\p\promised.md
16221,congratulations,C:\GTT\EnglishDB\Words\c\congratulations.md
16222,thriving,C:\GTT\EnglishDB\Words\t\thriving.md
16223,displaced,C:\GTT\EnglishDB\Words\d\displaced.md
16224,mashed,C:\GTT\EnglishDB\Words\m\mashed.md
16225,styling,C:\GTT\EnglishDB\Words\s\styling.md
16226,mantra,C:\GTT\EnglishDB\Words\m\mantra.md
16227,imagined,C:\GTT\EnglishDB\Words\i\imagined.md
16228,DJ,C:\GTT\EnglishDB\Words\d\dj.md
16229,proactive,C:\GTT\EnglishDB\Words\p\proactive.md
16230,two-hour,C:\GTT\EnglishDB\Words\t\two-hour.md
16231,psychosocial,C:\GTT\EnglishDB\Words\p\psychosocial.md
16232,coordinated,C:\GTT\EnglishDB\Words\c\coordinated.md
16233,self-defense,C:\GTT\EnglishDB\Words\s\self-defense.md
16234,in-house,C:\GTT\EnglishDB\Words\i\in-house.md
16235,self-interest,C:\GTT\EnglishDB\Words\s\self-interest.md
16236,shredded,C:\GTT\EnglishDB\Words\s\shredded.md
16237,purchasing,C:\GTT\EnglishDB\Words\p\purchasing.md
16238,Hungarian,C:\GTT\EnglishDB\Words\h\hungarian.md
16239,minced,C:\GTT\EnglishDB\Words\m\minced.md
16240,re-elect,C:\GTT\EnglishDB\Words\r\re-elect.md
16241,hip-hop,C:\GTT\EnglishDB\Words\h\hip-hop.md
16242,cost-effective,C:\GTT\EnglishDB\Words\c\cost-effective.md
16243,three-day,C:\GTT\EnglishDB\Words\t\three-day.md
16244,Colombian,C:\GTT\EnglishDB\Words\c\colombian.md
16245,unresolved,C:\GTT\EnglishDB\Words\u\unresolved.md
16246,first-round,C:\GTT\EnglishDB\Words\f\first-round.md
16247,rebuilding,C:\GTT\EnglishDB\Words\r\rebuilding.md
16248,disproportionate,C:\GTT\EnglishDB\Words\d\disproportionate.md
16249,All-American,C:\GTT\EnglishDB\Words\a\all-american.md
16250,two-story,C:\GTT\EnglishDB\Words\t\two-story.md
16251,tofu,C:\GTT\EnglishDB\Words\t\tofu.md
16252,abuser,C:\GTT\EnglishDB\Words\a\abuser.md
16253,brother-in-law,C:\GTT\EnglishDB\Words\b\brother-in-law.md
16254,year-old,C:\GTT\EnglishDB\Words\y\year-old.md
16255,trusted,C:\GTT\EnglishDB\Words\t\trusted.md
16256,grieving,C:\GTT\EnglishDB\Words\g\grieving.md
16257,Headnote,C:\GTT\EnglishDB\Words\h\headnote.md
16258,Belgian,C:\GTT\EnglishDB\Words\b\belgian.md
16259,adrenaline,C:\GTT\EnglishDB\Words\a\adrenaline.md
16260,present-day,C:\GTT\EnglishDB\Words\p\present-day.md
16261,pleasantly,C:\GTT\EnglishDB\Words\p\pleasantly.md
16262,Kuwaiti,C:\GTT\EnglishDB\Words\k\kuwaiti.md
16263,Pentagon,C:\GTT\EnglishDB\Words\p\pentagon.md
16264,cellphone,C:\GTT\EnglishDB\Words\c\cellphone.md
16265,dues,C:\GTT\EnglishDB\Words\d\dues.md
16266,Austrian,C:\GTT\EnglishDB\Words\a\austrian.md
16267,folded,C:\GTT\EnglishDB\Words\f\folded.md
16268,makeover,C:\GTT\EnglishDB\Words\m\makeover.md
16269,nation-state,C:\GTT\EnglishDB\Words\n\nation-state.md
16270,Ethiopian,C:\GTT\EnglishDB\Words\e\ethiopian.md
16271,modern-day,C:\GTT\EnglishDB\Words\m\modern-day.md
16272,blue-collar,C:\GTT\EnglishDB\Words\b\blue-collar.md
16273,bewildered,C:\GTT\EnglishDB\Words\b\bewildered.md
16274,anti-semitism,C:\GTT\EnglishDB\Words\a\anti-semitism.md
16275,defeated,C:\GTT\EnglishDB\Words\d\defeated.md
16276,cover-up,C:\GTT\EnglishDB\Words\c\cover-up.md
16277,Yugoslav,C:\GTT\EnglishDB\Words\y\yugoslav.md
16278,Mormon,C:\GTT\EnglishDB\Words\m\mormon.md
16279,small-town,C:\GTT\EnglishDB\Words\s\small-town.md
16280,investing,C:\GTT\EnglishDB\Words\i\investing.md
16281,life-threatening,C:\GTT\EnglishDB\Words\l\life-threatening.md
16282,tutoring,C:\GTT\EnglishDB\Words\t\tutoring.md
16283,Ukrainian,C:\GTT\EnglishDB\Words\u\ukrainian.md
16284,Peruvian,C:\GTT\EnglishDB\Words\p\peruvian.md
16285,backcountry,C:\GTT\EnglishDB\Words\b\backcountry.md
16286,Emmy,C:\GTT\EnglishDB\Words\e\emmy.md
16287,mussels,C:\GTT\EnglishDB\Words\m\mussels.md
16288,wrinkled,C:\GTT\EnglishDB\Words\w\wrinkled.md
16289,funded,C:\GTT\EnglishDB\Words\f\funded.md
16290,twentieth-century,C:\GTT\EnglishDB\Words\t\twentieth-century.md
16291,at-risk,C:\GTT\EnglishDB\Words\a\at-risk.md
16292,oversized,C:\GTT\EnglishDB\Words\o\oversized.md
16293,privatize,C:\GTT\EnglishDB\Words\p\privatize.md
16294,Jordanian,C:\GTT\EnglishDB\Words\j\jordanian.md
16295,specified,C:\GTT\EnglishDB\Words\s\specified.md
16296,co-star,C:\GTT\EnglishDB\Words\c\co-star.md
16297,Islamist,C:\GTT\EnglishDB\Words\i\islamist.md
16298,staffing,C:\GTT\EnglishDB\Words\s\staffing.md
16299,first-class,C:\GTT\EnglishDB\Words\f\first-class.md
16300,ATM,C:\GTT\EnglishDB\Words\a\atm.md
16301,escalating,C:\GTT\EnglishDB\Words\e\escalating.md
16302,far-reaching,C:\GTT\EnglishDB\Words\f\far-reaching.md
16303,dwindling,C:\GTT\EnglishDB\Words\d\dwindling.md
16304,front-runner,C:\GTT\EnglishDB\Words\f\front-runner.md
16305,syndicated,C:\GTT\EnglishDB\Words\s\syndicated.md
16306,Nigerian,C:\GTT\EnglishDB\Words\n\nigerian.md
16307,specificity,C:\GTT\EnglishDB\Words\s\specificity.md
16308,Taiwanese,C:\GTT\EnglishDB\Words\t\taiwanese.md
16309,veggie,C:\GTT\EnglishDB\Words\v\veggie.md
16310,overlapping,C:\GTT\EnglishDB\Words\o\overlapping.md
16311,steaming,C:\GTT\EnglishDB\Words\s\steaming.md
16312,Argentine,C:\GTT\EnglishDB\Words\a\argentine.md
16313,multiculturalism,C:\GTT\EnglishDB\Words\m\multiculturalism.md
16314,simulated,C:\GTT\EnglishDB\Words\s\simulated.md
16315,wake-up,C:\GTT\EnglishDB\Words\w\wake-up.md
16316,third-party,C:\GTT\EnglishDB\Words\t\third-party.md
16317,institutionalize,C:\GTT\EnglishDB\Words\i\institutionalize.md
16318,shrinking,C:\GTT\EnglishDB\Words\s\shrinking.md
16319,Dane,C:\GTT\EnglishDB\Words\d\dane.md
16320,pricey,C:\GTT\EnglishDB\Words\p\pricey.md
16321,censored,C:\GTT\EnglishDB\Words\c\censored.md
16322,community-based,C:\GTT\EnglishDB\Words\c\community-based.md
16323,pertaining,C:\GTT\EnglishDB\Words\p\pertaining.md
16324,unpublished,C:\GTT\EnglishDB\Words\u\unpublished.md
16325,full-scale,C:\GTT\EnglishDB\Words\f\full-scale.md
16326,homelessness,C:\GTT\EnglishDB\Words\h\homelessness.md
16327,cross-cultural,C:\GTT\EnglishDB\Words\c\cross-cultural.md
16328,two-day,C:\GTT\EnglishDB\Words\t\two-day.md
16329,re-examine,C:\GTT\EnglishDB\Words\r\re-examine.md
16330,Croatian,C:\GTT\EnglishDB\Words\c\croatian.md
16331,Anglo,C:\GTT\EnglishDB\Words\a\anglo.md
16332,six-month,C:\GTT\EnglishDB\Words\s\six-month.md
16333,pro-life,C:\GTT\EnglishDB\Words\p\pro-life.md
16334,ex-husband,C:\GTT\EnglishDB\Words\e\ex-husband.md
16335,quicker,C:\GTT\EnglishDB\Words\q\quicker.md
16336,ASCII,C:\GTT\EnglishDB\Words\a\ascii.md
16337,seventy-five,C:\GTT\EnglishDB\Words\s\seventy-five.md
16338,after-school,C:\GTT\EnglishDB\Words\a\after-school.md
16339,menacing,C:\GTT\EnglishDB\Words\m\menacing.md
16340,debilitating,C:\GTT\EnglishDB\Words\d\debilitating.md
16341,patterned,C:\GTT\EnglishDB\Words\p\patterned.md
16342,targeted,C:\GTT\EnglishDB\Words\t\targeted.md
16343,crumbling,C:\GTT\EnglishDB\Words\c\crumbling.md
16344,songwriter,C:\GTT\EnglishDB\Words\s\songwriter.md
16345,waking,C:\GTT\EnglishDB\Words\w\waking.md
16346,toasted,C:\GTT\EnglishDB\Words\t\toasted.md
16347,big-time,C:\GTT\EnglishDB\Words\b\big-time.md
16348,acclaimed,C:\GTT\EnglishDB\Words\a\acclaimed.md
16349,balancing,C:\GTT\EnglishDB\Words\b\balancing.md
16350,first-year,C:\GTT\EnglishDB\Words\f\first-year.md
16351,glittering,C:\GTT\EnglishDB\Words\g\glittering.md
16352,manufactured,C:\GTT\EnglishDB\Words\m\manufactured.md
16353,Californian,C:\GTT\EnglishDB\Words\c\californian.md
16354,Georgian,C:\GTT\EnglishDB\Words\g\georgian.md
16355,two-week,C:\GTT\EnglishDB\Words\t\two-week.md
16356,autobiographical,C:\GTT\EnglishDB\Words\a\autobiographical.md
16357,deteriorating,C:\GTT\EnglishDB\Words\d\deteriorating.md
16358,headphone,C:\GTT\EnglishDB\Words\h\headphone.md
16359,LCD,C:\GTT\EnglishDB\Words\l\lcd.md
16360,contrasting,C:\GTT\EnglishDB\Words\c\contrasting.md
16361,sushi,C:\GTT\EnglishDB\Words\s\sushi.md
16362,Baltic,C:\GTT\EnglishDB\Words\b\baltic.md
16363,composting,C:\GTT\EnglishDB\Words\c\composting.md
16364,Caucasian,C:\GTT\EnglishDB\Words\c\caucasian.md
16365,geographically,C:\GTT\EnglishDB\Words\g\geographically.md
16366,oregano,C:\GTT\EnglishDB\Words\o\oregano.md
16367,secretary-general,C:\GTT\EnglishDB\Words\s\secretary-general.md
16368,low-level,C:\GTT\EnglishDB\Words\l\low-level.md
16369,threatened,C:\GTT\EnglishDB\Words\t\threatened.md
16370,left-wing,C:\GTT\EnglishDB\Words\l\left-wing.md
16371,twenty-six,C:\GTT\EnglishDB\Words\t\twenty-six.md
16372,real-world,C:\GTT\EnglishDB\Words\r\real-world.md
16373,small-scale,C:\GTT\EnglishDB\Words\s\small-scale.md
16374,miraculously,C:\GTT\EnglishDB\Words\m\miraculously.md
16375,segregated,C:\GTT\EnglishDB\Words\s\segregated.md
16376,thirds,C:\GTT\EnglishDB\Words\t\thirds.md
16377,low-key,C:\GTT\EnglishDB\Words\l\low-key.md
16378,restroom,C:\GTT\EnglishDB\Words\r\restroom.md
16379,IPod,C:\GTT\EnglishDB\Words\i\ipod.md
16380,bruised,C:\GTT\EnglishDB\Words\b\bruised.md
16381,fastest-growing,C:\GTT\EnglishDB\Words\f\fastest-growing.md
16382,Chilean,C:\GTT\EnglishDB\Words\c\chilean.md
16383,giftedness,C:\GTT\EnglishDB\Words\g\giftedness.md
16384,preschooler,C:\GTT\EnglishDB\Words\p\preschooler.md
16385,hard-line,C:\GTT\EnglishDB\Words\h\hard-line.md
16386,clinically,C:\GTT\EnglishDB\Words\c\clinically.md
16387,bye-bye,C:\GTT\EnglishDB\Words\b\bye-bye.md
16388,policy-making,C:\GTT\EnglishDB\Words\p\policy-making.md
16389,bullying,C:\GTT\EnglishDB\Words\b\bullying.md
16390,breast-feeding,C:\GTT\EnglishDB\Words\b\breast-feeding.md
16391,wanted,C:\GTT\EnglishDB\Words\w\wanted.md
16392,RBI,C:\GTT\EnglishDB\Words\r\rbi.md
16393,unprotected,C:\GTT\EnglishDB\Words\u\unprotected.md
16394,negotiated,C:\GTT\EnglishDB\Words\n\negotiated.md
16395,mysteriously,C:\GTT\EnglishDB\Words\m\mysteriously.md
16396,re-enter,C:\GTT\EnglishDB\Words\r\re-enter.md
16397,Alaskan,C:\GTT\EnglishDB\Words\a\alaskan.md
16398,liberating,C:\GTT\EnglishDB\Words\l\liberating.md
16399,Tibetan,C:\GTT\EnglishDB\Words\t\tibetan.md
16400,meticulously,C:\GTT\EnglishDB\Words\m\meticulously.md
16401,y\'\'all,C:\GTT\EnglishDB\Words\y\y____all.md
16402,taped,C:\GTT\EnglishDB\Words\t\taped.md
16403,shuffling,C:\GTT\EnglishDB\Words\s\shuffling.md
16404,contracting,C:\GTT\EnglishDB\Words\c\contracting.md
16405,temp,C:\GTT\EnglishDB\Words\t\temp.md
16406,Venetian,C:\GTT\EnglishDB\Words\v\venetian.md
16407,vice-president,C:\GTT\EnglishDB\Words\v\vice-president.md
16408,nonstick,C:\GTT\EnglishDB\Words\n\nonstick.md
16409,Jesuit,C:\GTT\EnglishDB\Words\j\jesuit.md
16410,right-hand,C:\GTT\EnglishDB\Words\r\right-hand.md
16411,logistical,C:\GTT\EnglishDB\Words\l\logistical.md
16412,muffled,C:\GTT\EnglishDB\Words\m\muffled.md
16413,processed,C:\GTT\EnglishDB\Words\p\processed.md
16414,pumping,C:\GTT\EnglishDB\Words\p\pumping.md
16415,POW,C:\GTT\EnglishDB\Words\p\pow.md
16416,defending,C:\GTT\EnglishDB\Words\d\defending.md
16417,facilitator,C:\GTT\EnglishDB\Words\f\facilitator.md
16418,mammogram,C:\GTT\EnglishDB\Words\m\mammogram.md
16419,oppressed,C:\GTT\EnglishDB\Words\o\oppressed.md
16420,his/her,C:\GTT\EnglishDB\Words\h\his_her.md
16421,state-owned,C:\GTT\EnglishDB\Words\s\state-owned.md
16422,twenty-eight,C:\GTT\EnglishDB\Words\t\twenty-eight.md
16423,five-year-old,C:\GTT\EnglishDB\Words\f\five-year-old.md
16424,free-market,C:\GTT\EnglishDB\Words\f\free-market.md
16425,anti-American,C:\GTT\EnglishDB\Words\a\anti-american.md
16426,real-time,C:\GTT\EnglishDB\Words\r\real-time.md
16427,for-profit,C:\GTT\EnglishDB\Words\f\for-profit.md
16428,Albanian,C:\GTT\EnglishDB\Words\a\albanian.md
16429,self-control,C:\GTT\EnglishDB\Words\s\self-control.md
16430,meltdown,C:\GTT\EnglishDB\Words\m\meltdown.md
16431,anti-depressant,C:\GTT\EnglishDB\Words\a\anti-depressant.md
16432,Finnish,C:\GTT\EnglishDB\Words\f\finnish.md
16433,wasted,C:\GTT\EnglishDB\Words\w\wasted.md
16434,second-largest,C:\GTT\EnglishDB\Words\s\second-largest.md
16435,weaving,C:\GTT\EnglishDB\Words\w\weaving.md
16436,high-ranking,C:\GTT\EnglishDB\Words\h\high-ranking.md
16437,sentencing,C:\GTT\EnglishDB\Words\s\sentencing.md
16438,week-long,C:\GTT\EnglishDB\Words\w\week-long.md
16439,particulars,C:\GTT\EnglishDB\Words\p\particulars.md
16440,decreased,C:\GTT\EnglishDB\Words\d\decreased.md
16441,anti-abortion,C:\GTT\EnglishDB\Words\a\anti-abortion.md
16442,UFO,C:\GTT\EnglishDB\Words\u\ufo.md
16443,twenty-seven,C:\GTT\EnglishDB\Words\t\twenty-seven.md
16444,paved,C:\GTT\EnglishDB\Words\p\paved.md
16445,coveted,C:\GTT\EnglishDB\Words\c\coveted.md
16446,pouring,C:\GTT\EnglishDB\Words\p\pouring.md
16447,tasting,C:\GTT\EnglishDB\Words\t\tasting.md
16448,self-help,C:\GTT\EnglishDB\Words\s\self-help.md
16449,predicted,C:\GTT\EnglishDB\Words\p\predicted.md
16450,engineered,C:\GTT\EnglishDB\Words\e\engineered.md
16451,concealed,C:\GTT\EnglishDB\Words\c\concealed.md
16452,accumulated,C:\GTT\EnglishDB\Words\a\accumulated.md
16453,runner-up,C:\GTT\EnglishDB\Words\r\runner-up.md
16454,swinging,C:\GTT\EnglishDB\Words\s\swinging.md
16455,eighteenth-century,C:\GTT\EnglishDB\Words\e\eighteenth-century.md
16456,contested,C:\GTT\EnglishDB\Words\c\contested.md
16457,cutting-edge,C:\GTT\EnglishDB\Words\c\cutting-edge.md
16458,delayed,C:\GTT\EnglishDB\Words\d\delayed.md
16459,Appalachian,C:\GTT\EnglishDB\Words\a\appalachian.md
16460,marginally,C:\GTT\EnglishDB\Words\m\marginally.md
16461,looting,C:\GTT\EnglishDB\Words\l\looting.md
16462,missed,C:\GTT\EnglishDB\Words\m\missed.md
16463,taco,C:\GTT\EnglishDB\Words\t\taco.md
16464,one-quarter,C:\GTT\EnglishDB\Words\o\one-quarter.md
16465,hard-liner,C:\GTT\EnglishDB\Words\h\hard-liner.md
16466,sub-Saharan,C:\GTT\EnglishDB\Words\s\sub-saharan.md
16467,overriding,C:\GTT\EnglishDB\Words\o\overriding.md
16468,front-page,C:\GTT\EnglishDB\Words\f\front-page.md
16469,two-time,C:\GTT\EnglishDB\Words\t\two-time.md
16470,transmitted,C:\GTT\EnglishDB\Words\t\transmitted.md
16471,Byzantine,C:\GTT\EnglishDB\Words\b\byzantine.md
16472,goodies,C:\GTT\EnglishDB\Words\g\goodies.md
16473,high-powered,C:\GTT\EnglishDB\Words\h\high-powered.md
16474,prize-winning,C:\GTT\EnglishDB\Words\p\prize-winning.md
16475,Philippine,C:\GTT\EnglishDB\Words\p\philippine.md
16476,drained,C:\GTT\EnglishDB\Words\d\drained.md
16477,son-in-law,C:\GTT\EnglishDB\Words\s\son-in-law.md
16478,melted,C:\GTT\EnglishDB\Words\m\melted.md
16479,wide-eyed,C:\GTT\EnglishDB\Words\w\wide-eyed.md
16480,gridlock,C:\GTT\EnglishDB\Words\g\gridlock.md
16481,simmering,C:\GTT\EnglishDB\Words\s\simmering.md
16482,unilaterally,C:\GTT\EnglishDB\Words\u\unilaterally.md
16483,entrenched,C:\GTT\EnglishDB\Words\e\entrenched.md
16484,intervening,C:\GTT\EnglishDB\Words\i\intervening.md
16485,MBA,C:\GTT\EnglishDB\Words\m\mba.md
16486,full-blown,C:\GTT\EnglishDB\Words\f\full-blown.md
16487,spam,C:\GTT\EnglishDB\Words\s\spam.md
16488,nurturing,C:\GTT\EnglishDB\Words\n\nurturing.md
16489,roasting,C:\GTT\EnglishDB\Words\r\roasting.md
16490,multimillion-dollar,C:\GTT\EnglishDB\Words\m\multimillion-dollar.md
16491,ANOVA,C:\GTT\EnglishDB\Words\a\anova.md
16492,Parmesan,C:\GTT\EnglishDB\Words\p\parmesan.md
16493,beleaguered,C:\GTT\EnglishDB\Words\b\beleaguered.md
16494,whipped,C:\GTT\EnglishDB\Words\w\whipped.md
16495,self-sufficient,C:\GTT\EnglishDB\Words\s\self-sufficient.md
16496,six-year-old,C:\GTT\EnglishDB\Words\s\six-year-old.md
16497,in-law,C:\GTT\EnglishDB\Words\i\in-law.md
16498,appalled,C:\GTT\EnglishDB\Words\a\appalled.md
16499,one-sided,C:\GTT\EnglishDB\Words\o\one-sided.md
16500,waxed,C:\GTT\EnglishDB\Words\w\waxed.md
16501,full-fledged,C:\GTT\EnglishDB\Words\f\full-fledged.md
16502,anti-semitic,C:\GTT\EnglishDB\Words\a\anti-semitic.md
16503,helplessness,C:\GTT\EnglishDB\Words\h\helplessness.md
16504,mail-order,C:\GTT\EnglishDB\Words\m\mail-order.md
16505,baby-sit,C:\GTT\EnglishDB\Words\b\baby-sit.md
16506,credit-card,C:\GTT\EnglishDB\Words\c\credit-card.md
16507,pre-emptive,C:\GTT\EnglishDB\Words\p\pre-emptive.md
16508,English-speaking,C:\GTT\EnglishDB\Words\e\english-speaking.md
16509,mid-air,C:\GTT\EnglishDB\Words\m\mid-air.md
16510,twisting,C:\GTT\EnglishDB\Words\t\twisting.md
16511,localized,C:\GTT\EnglishDB\Words\l\localized.md
16512,cherished,C:\GTT\EnglishDB\Words\c\cherished.md
16513,high-pitched,C:\GTT\EnglishDB\Words\h\high-pitched.md
16514,wellness,C:\GTT\EnglishDB\Words\w\wellness.md
16515,named,C:\GTT\EnglishDB\Words\n\named.md
16516,weathered,C:\GTT\EnglishDB\Words\w\weathered.md
16517,six-year,C:\GTT\EnglishDB\Words\s\six-year.md
16518,publicized,C:\GTT\EnglishDB\Words\p\publicized.md
16519,re-evaluate,C:\GTT\EnglishDB\Words\r\re-evaluate.md
16520,elongated,C:\GTT\EnglishDB\Words\e\elongated.md
16521,stranded,C:\GTT\EnglishDB\Words\s\stranded.md
16522,scallions,C:\GTT\EnglishDB\Words\s\scallions.md
16523,marching,C:\GTT\EnglishDB\Words\m\marching.md
16524,creatively,C:\GTT\EnglishDB\Words\c\creatively.md
16525,all-out,C:\GTT\EnglishDB\Words\a\all-out.md
16526,co-owner,C:\GTT\EnglishDB\Words\c\co-owner.md
16527,self-concept,C:\GTT\EnglishDB\Words\s\self-concept.md
16528,Amish,C:\GTT\EnglishDB\Words\a\amish.md
16529,approaching,C:\GTT\EnglishDB\Words\a\approaching.md
16530,full-length,C:\GTT\EnglishDB\Words\f\full-length.md
16531,self-contained,C:\GTT\EnglishDB\Words\s\self-contained.md
16532,bloodstream,C:\GTT\EnglishDB\Words\b\bloodstream.md
16533,fast-growing,C:\GTT\EnglishDB\Words\f\fast-growing.md
16534,sync,C:\GTT\EnglishDB\Words\s\sync.md
16535,boiled,C:\GTT\EnglishDB\Words\b\boiled.md
16536,policing,C:\GTT\EnglishDB\Words\p\policing.md
16537,over-the-counter,C:\GTT\EnglishDB\Words\o\over-the-counter.md
16538,first-rate,C:\GTT\EnglishDB\Words\f\first-rate.md
16539,defensively,C:\GTT\EnglishDB\Words\d\defensively.md
16540,LED,C:\GTT\EnglishDB\Words\l\led.md
16541,buried,C:\GTT\EnglishDB\Words\b\buried.md
16542,wide-ranging,C:\GTT\EnglishDB\Words\w\wide-ranging.md
16543,medium-size,C:\GTT\EnglishDB\Words\m\medium-size.md
16544,Croat,C:\GTT\EnglishDB\Words\c\croat.md
16545,effortlessly,C:\GTT\EnglishDB\Words\e\effortlessly.md
16546,Somali,C:\GTT\EnglishDB\Words\s\somali.md
16547,push-up,C:\GTT\EnglishDB\Words\p\push-up.md
16548,lighted,C:\GTT\EnglishDB\Words\l\lighted.md
16549,attracting,C:\GTT\EnglishDB\Words\a\attracting.md
16550,weakest,C:\GTT\EnglishDB\Words\w\weakest.md
16551,Jamaican,C:\GTT\EnglishDB\Words\j\jamaican.md
16552,three-year-old,C:\GTT\EnglishDB\Words\t\three-year-old.md
16553,prosthetic,C:\GTT\EnglishDB\Words\p\prosthetic.md
16554,year-long,C:\GTT\EnglishDB\Words\y\year-long.md
16555,sister-in-law,C:\GTT\EnglishDB\Words\s\sister-in-law.md
16556,medium-sized,C:\GTT\EnglishDB\Words\m\medium-sized.md
16557,assisted,C:\GTT\EnglishDB\Words\a\assisted.md
16558,gathered,C:\GTT\EnglishDB\Words\g\gathered.md
16559,doc,C:\GTT\EnglishDB\Words\d\doc.md
16560,thirty-two,C:\GTT\EnglishDB\Words\t\thirty-two.md
16561,stand-up,C:\GTT\EnglishDB\Words\s\stand-up.md
16562,sheltered,C:\GTT\EnglishDB\Words\s\sheltered.md
16563,tropics,C:\GTT\EnglishDB\Words\t\tropics.md
16564,one-man,C:\GTT\EnglishDB\Words\o\one-man.md
16565,two-dimensional,C:\GTT\EnglishDB\Words\t\two-dimensional.md
16566,nah,C:\GTT\EnglishDB\Words\n\nah.md
16567,little-known,C:\GTT\EnglishDB\Words\l\little-known.md
16568,rotting,C:\GTT\EnglishDB\Words\r\rotting.md
16569,land-use,C:\GTT\EnglishDB\Words\l\land-use.md
16570,brooding,C:\GTT\EnglishDB\Words\b\brooding.md
16571,constitutionally,C:\GTT\EnglishDB\Words\c\constitutionally.md
16572,single-family,C:\GTT\EnglishDB\Words\s\single-family.md
16573,know-how,C:\GTT\EnglishDB\Words\k\know-how.md
16574,consolidated,C:\GTT\EnglishDB\Words\c\consolidated.md
16575,subsidized,C:\GTT\EnglishDB\Words\s\subsidized.md
16576,pre-war,C:\GTT\EnglishDB\Words\p\pre-war.md
16577,unregulated,C:\GTT\EnglishDB\Words\u\unregulated.md
16578,pre-service,C:\GTT\EnglishDB\Words\p\pre-service.md
16579,banned,C:\GTT\EnglishDB\Words\b\banned.md
16580,million-dollar,C:\GTT\EnglishDB\Words\m\million-dollar.md
16581,Philharmonic,C:\GTT\EnglishDB\Words\p\philharmonic.md
16582,Lithuanian,C:\GTT\EnglishDB\Words\l\lithuanian.md
16583,Parisian,C:\GTT\EnglishDB\Words\p\parisian.md
16584,miniseries,C:\GTT\EnglishDB\Words\m\miniseries.md
16585,honored,C:\GTT\EnglishDB\Words\h\honored.md
16586,Celtic,C:\GTT\EnglishDB\Words\c\celtic.md
16587,eerily,C:\GTT\EnglishDB\Words\e\eerily.md
16588,faith-based,C:\GTT\EnglishDB\Words\f\faith-based.md
16589,age-old,C:\GTT\EnglishDB\Words\a\age-old.md
16590,Sioux,C:\GTT\EnglishDB\Words\s\sioux.md
16591,postmodernism,C:\GTT\EnglishDB\Words\p\postmodernism.md
16592,residuals,C:\GTT\EnglishDB\Words\r\residuals.md
16593,Armenian,C:\GTT\EnglishDB\Words\a\armenian.md
16594,major-league,C:\GTT\EnglishDB\Words\m\major-league.md
16595,full-size,C:\GTT\EnglishDB\Words\f\full-size.md
16596,lowered,C:\GTT\EnglishDB\Words\l\lowered.md
16597,organizing,C:\GTT\EnglishDB\Words\o\organizing.md
16598,run-down,C:\GTT\EnglishDB\Words\r\run-down.md
16599,drop-off,C:\GTT\EnglishDB\Words\d\drop-off.md
16600,Romanian,C:\GTT\EnglishDB\Words\r\romanian.md
16601,dreaded,C:\GTT\EnglishDB\Words\d\dreaded.md
16602,decentralized,C:\GTT\EnglishDB\Words\d\decentralized.md
16603,RNA,C:\GTT\EnglishDB\Words\r\rna.md
16604,murdered,C:\GTT\EnglishDB\Words\m\murdered.md
16605,Eucharist,C:\GTT\EnglishDB\Words\e\eucharist.md
16606,coincidentally,C:\GTT\EnglishDB\Words\c\coincidentally.md
16607,self-image,C:\GTT\EnglishDB\Words\s\self-image.md
16608,much-needed,C:\GTT\EnglishDB\Words\m\much-needed.md
16609,ideologically,C:\GTT\EnglishDB\Words\i\ideologically.md
16610,TNT,C:\GTT\EnglishDB\Words\t\tnt.md
16611,heavy-duty,C:\GTT\EnglishDB\Words\h\heavy-duty.md
16612,regular-season,C:\GTT\EnglishDB\Words\r\regular-season.md
16613,Creole,C:\GTT\EnglishDB\Words\c\creole.md
16614,pre-existing,C:\GTT\EnglishDB\Words\p\pre-existing.md
16615,defined,C:\GTT\EnglishDB\Words\d\defined.md
16616,fiancee,C:\GTT\EnglishDB\Words\f\fiancee.md
16617,tax-free,C:\GTT\EnglishDB\Words\t\tax-free.md
16618,old-time,C:\GTT\EnglishDB\Words\o\old-time.md
16619,HIV-positive,C:\GTT\EnglishDB\Words\h\hiv-positive.md
16620,thirty-six,C:\GTT\EnglishDB\Words\t\thirty-six.md
16621,Apache,C:\GTT\EnglishDB\Words\a\apache.md
16622,discarded,C:\GTT\EnglishDB\Words\d\discarded.md
16623,percentile,C:\GTT\EnglishDB\Words\p\percentile.md
16624,rusted,C:\GTT\EnglishDB\Words\r\rusted.md
16625,take-out,C:\GTT\EnglishDB\Words\t\take-out.md
16626,restoring,C:\GTT\EnglishDB\Words\r\restoring.md
16627,blocker,C:\GTT\EnglishDB\Words\b\blocker.md
16628,one-day,C:\GTT\EnglishDB\Words\o\one-day.md
16629,avant-garde,C:\GTT\EnglishDB\Words\a\avant-garde.md
16630,payback,C:\GTT\EnglishDB\Words\p\payback.md
16631,vis-a-vis,C:\GTT\EnglishDB\Words\v\vis-a-vis.md
16632,self-reported,C:\GTT\EnglishDB\Words\s\self-reported.md
16633,Arab-Israeli,C:\GTT\EnglishDB\Words\a\arab-israeli.md
16634,decision-maker,C:\GTT\EnglishDB\Words\d\decision-maker.md
16635,flip-flop,C:\GTT\EnglishDB\Words\f\flip-flop.md
16636,stored,C:\GTT\EnglishDB\Words\s\stored.md
16637,Sudanese,C:\GTT\EnglishDB\Words\s\sudanese.md
16638,gloved,C:\GTT\EnglishDB\Words\g\gloved.md
16639,time-out,C:\GTT\EnglishDB\Words\t\time-out.md
16640,Andean,C:\GTT\EnglishDB\Words\a\andean.md
16641,never-ending,C:\GTT\EnglishDB\Words\n\never-ending.md
16642,Norman,C:\GTT\EnglishDB\Words\n\norman.md
16643,twenty-nine,C:\GTT\EnglishDB\Words\t\twenty-nine.md
16644,appropriateness,C:\GTT\EnglishDB\Words\a\appropriateness.md
16645,alarmed,C:\GTT\EnglishDB\Words\a\alarmed.md
16646,Moroccan,C:\GTT\EnglishDB\Words\m\moroccan.md
16647,broad-based,C:\GTT\EnglishDB\Words\b\broad-based.md
16648,abused,C:\GTT\EnglishDB\Words\a\abused.md
16649,unexplained,C:\GTT\EnglishDB\Words\u\unexplained.md
16650,painstakingly,C:\GTT\EnglishDB\Words\p\painstakingly.md
16651,embroidered,C:\GTT\EnglishDB\Words\e\embroidered.md
16652,frontline,C:\GTT\EnglishDB\Words\f\frontline.md
16653,web-based,C:\GTT\EnglishDB\Words\w\web-based.md
16654,hopelessness,C:\GTT\EnglishDB\Words\h\hopelessness.md
16655,responsiveness,C:\GTT\EnglishDB\Words\r\responsiveness.md
16656,one-fifth,C:\GTT\EnglishDB\Words\o\one-fifth.md
16657,high-energy,C:\GTT\EnglishDB\Words\h\high-energy.md
16658,expressed,C:\GTT\EnglishDB\Words\e\expressed.md
16659,wide-open,C:\GTT\EnglishDB\Words\w\wide-open.md
16660,co-opt,C:\GTT\EnglishDB\Words\c\co-opt.md
16661,open-air,C:\GTT\EnglishDB\Words\o\open-air.md
16662,three-hour,C:\GTT\EnglishDB\Words\t\three-hour.md
16663,shaded,C:\GTT\EnglishDB\Words\s\shaded.md
16664,one-fourth,C:\GTT\EnglishDB\Words\o\one-fourth.md
16665,CPU,C:\GTT\EnglishDB\Words\c\cpu.md
16666,MP,C:\GTT\EnglishDB\Words\m\mp.md
16667,half-century,C:\GTT\EnglishDB\Words\h\half-century.md
16668,far-flung,C:\GTT\EnglishDB\Words\f\far-flung.md
16669,deepening,C:\GTT\EnglishDB\Words\d\deepening.md
16670,self-sufficiency,C:\GTT\EnglishDB\Words\s\self-sufficiency.md
16671,self-employed,C:\GTT\EnglishDB\Words\s\self-employed.md
16672,back-to-back,C:\GTT\EnglishDB\Words\b\back-to-back.md
16673,morph,C:\GTT\EnglishDB\Words\m\morph.md
16674,left-hand,C:\GTT\EnglishDB\Words\l\left-hand.md
16675,boyish,C:\GTT\EnglishDB\Words\b\boyish.md
16676,Algerian,C:\GTT\EnglishDB\Words\a\algerian.md
16677,blackened,C:\GTT\EnglishDB\Words\b\blackened.md
16678,Guatemalan,C:\GTT\EnglishDB\Words\g\guatemalan.md
16679,seven-year,C:\GTT\EnglishDB\Words\s\seven-year.md
16680,decorating,C:\GTT\EnglishDB\Words\d\decorating.md
16681,crippling,C:\GTT\EnglishDB\Words\c\crippling.md
16682,purposefully,C:\GTT\EnglishDB\Words\p\purposefully.md
16683,double-digit,C:\GTT\EnglishDB\Words\d\double-digit.md
16684,vanishing,C:\GTT\EnglishDB\Words\v\vanishing.md
16685,behind-the-scenes,C:\GTT\EnglishDB\Words\b\behind-the-scenes.md
16686,unifying,C:\GTT\EnglishDB\Words\u\unifying.md
16687,chives,C:\GTT\EnglishDB\Words\c\chives.md
16688,widowed,C:\GTT\EnglishDB\Words\w\widowed.md
16689,high-performance,C:\GTT\EnglishDB\Words\h\high-performance.md
16690,grudgingly,C:\GTT\EnglishDB\Words\g\grudgingly.md
16691,number-one,C:\GTT\EnglishDB\Words\n\number-one.md
16692,compositional,C:\GTT\EnglishDB\Words\c\compositional.md
16693,regulated,C:\GTT\EnglishDB\Words\r\regulated.md
16694,weighted,C:\GTT\EnglishDB\Words\w\weighted.md
16695,four-day,C:\GTT\EnglishDB\Words\f\four-day.md
16696,glistening,C:\GTT\EnglishDB\Words\g\glistening.md
16697,self-described,C:\GTT\EnglishDB\Words\s\self-described.md
16698,multi-ethnic,C:\GTT\EnglishDB\Words\m\multi-ethnic.md
16699,returning,C:\GTT\EnglishDB\Words\r\returning.md
16700,Anglican,C:\GTT\EnglishDB\Words\a\anglican.md
16701,qualifying,C:\GTT\EnglishDB\Words\q\qualifying.md
16702,developmentally,C:\GTT\EnglishDB\Words\d\developmentally.md
16703,frayed,C:\GTT\EnglishDB\Words\f\frayed.md
16704,seven-year-old,C:\GTT\EnglishDB\Words\s\seven-year-old.md
16705,state-run,C:\GTT\EnglishDB\Words\s\state-run.md
16706,mocking,C:\GTT\EnglishDB\Words\m\mocking.md
16707,overwhelmed,C:\GTT\EnglishDB\Words\o\overwhelmed.md
16708,checking,C:\GTT\EnglishDB\Words\c\checking.md
16709,long-lasting,C:\GTT\EnglishDB\Words\l\long-lasting.md
16710,dumplings,C:\GTT\EnglishDB\Words\d\dumplings.md
16711,biosolids,C:\GTT\EnglishDB\Words\b\biosolids.md
16712,walk-in,C:\GTT\EnglishDB\Words\w\walk-in.md
16713,charred,C:\GTT\EnglishDB\Words\c\charred.md
16714,airlock,C:\GTT\EnglishDB\Words\a\airlock.md
16715,simplified,C:\GTT\EnglishDB\Words\s\simplified.md
16716,stylized,C:\GTT\EnglishDB\Words\s\stylized.md
16717,fiber-optic,C:\GTT\EnglishDB\Words\f\fiber-optic.md
16718,head-on,C:\GTT\EnglishDB\Words\h\head-on.md
16719,op-ed,C:\GTT\EnglishDB\Words\o\op-ed.md
16720,coded,C:\GTT\EnglishDB\Words\c\coded.md
16721,off-limits,C:\GTT\EnglishDB\Words\o\off-limits.md
16722,inroads,C:\GTT\EnglishDB\Words\i\inroads.md
16723,IPO,C:\GTT\EnglishDB\Words\i\ipo.md
16724,ranching,C:\GTT\EnglishDB\Words\r\ranching.md
16725,widening,C:\GTT\EnglishDB\Words\w\widening.md
16726,parked,C:\GTT\EnglishDB\Words\p\parked.md
16727,three-month,C:\GTT\EnglishDB\Words\t\three-month.md
16728,grinning,C:\GTT\EnglishDB\Words\g\grinning.md
16729,polluter,C:\GTT\EnglishDB\Words\p\polluter.md
16730,presumed,C:\GTT\EnglishDB\Words\p\presumed.md
16731,Venezuelan,C:\GTT\EnglishDB\Words\v\venezuelan.md
16732,three-point,C:\GTT\EnglishDB\Words\t\three-point.md
16733,characteristically,C:\GTT\EnglishDB\Words\c\characteristically.md
16734,forty-eight,C:\GTT\EnglishDB\Words\f\forty-eight.md
16735,well-meaning,C:\GTT\EnglishDB\Words\w\well-meaning.md
16736,looter,C:\GTT\EnglishDB\Words\l\looter.md
16737,worsening,C:\GTT\EnglishDB\Words\w\worsening.md
16738,chi-square,C:\GTT\EnglishDB\Words\c\chi-square.md
16739,Federalist,C:\GTT\EnglishDB\Words\f\federalist.md
16740,self-portrait,C:\GTT\EnglishDB\Words\s\self-portrait.md
16741,daycare,C:\GTT\EnglishDB\Words\d\daycare.md
16742,drumming,C:\GTT\EnglishDB\Words\d\drumming.md
16743,punishing,C:\GTT\EnglishDB\Words\p\punishing.md
16744,like-minded,C:\GTT\EnglishDB\Words\l\like-minded.md
16745,undisclosed,C:\GTT\EnglishDB\Words\u\undisclosed.md
16746,uplifting,C:\GTT\EnglishDB\Words\u\uplifting.md
16747,sixty-five,C:\GTT\EnglishDB\Words\s\sixty-five.md
16748,rotating,C:\GTT\EnglishDB\Words\r\rotating.md
16749,decaying,C:\GTT\EnglishDB\Words\d\decaying.md
16750,longer-term,C:\GTT\EnglishDB\Words\l\longer-term.md
16751,laid-back,C:\GTT\EnglishDB\Words\l\laid-back.md
16752,undefeated,C:\GTT\EnglishDB\Words\u\undefeated.md
16753,five-day,C:\GTT\EnglishDB\Words\f\five-day.md
16754,odyssey,C:\GTT\EnglishDB\Words\o\odyssey.md
16755,unequivocally,C:\GTT\EnglishDB\Words\u\unequivocally.md
16756,throes,C:\GTT\EnglishDB\Words\t\throes.md
16757,ranked,C:\GTT\EnglishDB\Words\r\ranked.md
16758,fat-free,C:\GTT\EnglishDB\Words\f\fat-free.md
16759,old-timer,C:\GTT\EnglishDB\Words\o\old-timer.md
16760,at-bat,C:\GTT\EnglishDB\Words\a\at-bat.md
16761,post-traumatic,C:\GTT\EnglishDB\Words\p\post-traumatic.md
16762,documented,C:\GTT\EnglishDB\Words\d\documented.md
16763,Kenyan,C:\GTT\EnglishDB\Words\k\kenyan.md
16764,throbbing,C:\GTT\EnglishDB\Words\t\throbbing.md
16765,Pulitzer,C:\GTT\EnglishDB\Words\p\pulitzer.md
16766,one-hour,C:\GTT\EnglishDB\Words\o\one-hour.md
16767,thirty-three,C:\GTT\EnglishDB\Words\t\thirty-three.md
16768,soft-spoken,C:\GTT\EnglishDB\Words\s\soft-spoken.md
16769,Basque,C:\GTT\EnglishDB\Words\b\basque.md
16770,quickest,C:\GTT\EnglishDB\Words\q\quickest.md
16771,undeniably,C:\GTT\EnglishDB\Words\u\undeniably.md
16772,Trojan,C:\GTT\EnglishDB\Words\t\trojan.md
16773,worst-case,C:\GTT\EnglishDB\Words\w\worst-case.md
16774,up-front,C:\GTT\EnglishDB\Words\u\up-front.md
16775,entry-level,C:\GTT\EnglishDB\Words\e\entry-level.md
16776,overworked,C:\GTT\EnglishDB\Words\o\overworked.md
16777,synergy,C:\GTT\EnglishDB\Words\s\synergy.md
16778,Pentecostal,C:\GTT\EnglishDB\Words\p\pentecostal.md
16779,single-handedly,C:\GTT\EnglishDB\Words\s\single-handedly.md
16780,Zionist,C:\GTT\EnglishDB\Words\z\zionist.md
16781,accelerating,C:\GTT\EnglishDB\Words\a\accelerating.md
16782,multi-party,C:\GTT\EnglishDB\Words\m\multi-party.md
16783,subtest,C:\GTT\EnglishDB\Words\s\subtest.md
16784,cross-border,C:\GTT\EnglishDB\Words\c\cross-border.md
16785,forty-two,C:\GTT\EnglishDB\Words\f\forty-two.md
16786,toll-free,C:\GTT\EnglishDB\Words\t\toll-free.md
16787,blocked,C:\GTT\EnglishDB\Words\b\blocked.md
16788,daughter-in-law,C:\GTT\EnglishDB\Words\d\daughter-in-law.md
16789,small-business,C:\GTT\EnglishDB\Words\s\small-business.md
16790,Cambodian,C:\GTT\EnglishDB\Words\c\cambodian.md
16791,three-way,C:\GTT\EnglishDB\Words\t\three-way.md
16792,disappearing,C:\GTT\EnglishDB\Words\d\disappearing.md
16793,non-western,C:\GTT\EnglishDB\Words\n\non-western.md
16794,thirty-four,C:\GTT\EnglishDB\Words\t\thirty-four.md
16795,unremarkable,C:\GTT\EnglishDB\Words\u\unremarkable.md
16796,blistering,C:\GTT\EnglishDB\Words\b\blistering.md
16797,school-based,C:\GTT\EnglishDB\Words\s\school-based.md
16798,jalapeno,C:\GTT\EnglishDB\Words\j\jalapeno.md
16799,flattened,C:\GTT\EnglishDB\Words\f\flattened.md
16800,uh-oh,C:\GTT\EnglishDB\Words\u\uh-oh.md
16801,high-priced,C:\GTT\EnglishDB\Words\h\high-priced.md
16802,first-ever,C:\GTT\EnglishDB\Words\f\first-ever.md
16803,two-bedroom,C:\GTT\EnglishDB\Words\t\two-bedroom.md
16804,enchanted,C:\GTT\EnglishDB\Words\e\enchanted.md
16805,petrified,C:\GTT\EnglishDB\Words\p\petrified.md
16806,waving,C:\GTT\EnglishDB\Words\w\waving.md
16807,non-native,C:\GTT\EnglishDB\Words\n\non-native.md
16808,well-defined,C:\GTT\EnglishDB\Words\w\well-defined.md
16809,fleeing,C:\GTT\EnglishDB\Words\f\fleeing.md
16810,enriched,C:\GTT\EnglishDB\Words\e\enriched.md
16811,philosophically,C:\GTT\EnglishDB\Words\p\philosophically.md
16812,gripping,C:\GTT\EnglishDB\Words\g\gripping.md
16813,self-serving,C:\GTT\EnglishDB\Words\s\self-serving.md
16814,calming,C:\GTT\EnglishDB\Words\c\calming.md
16815,dark-haired,C:\GTT\EnglishDB\Words\d\dark-haired.md
16816,undulating,C:\GTT\EnglishDB\Words\u\undulating.md
16817,mid-size,C:\GTT\EnglishDB\Words\m\mid-size.md
16818,Band-Aid,C:\GTT\EnglishDB\Words\b\band-aid.md
16819,civil-military,C:\GTT\EnglishDB\Words\c\civil-military.md
16820,crippled,C:\GTT\EnglishDB\Words\c\crippled.md
16821,NAN,C:\GTT\EnglishDB\Words\n\nan.md
16822,spectacularly,C:\GTT\EnglishDB\Words\s\spectacularly.md
16823,ever-changing,C:\GTT\EnglishDB\Words\e\ever-changing.md
16824,shattering,C:\GTT\EnglishDB\Words\s\shattering.md
16825,sponsored,C:\GTT\EnglishDB\Words\s\sponsored.md
16826,warped,C:\GTT\EnglishDB\Words\w\warped.md
16827,customized,C:\GTT\EnglishDB\Words\c\customized.md
16828,manicured,C:\GTT\EnglishDB\Words\m\manicured.md
16829,out-of-state,C:\GTT\EnglishDB\Words\o\out-of-state.md
16830,pedophile,C:\GTT\EnglishDB\Words\p\pedophile.md
16831,cluttered,C:\GTT\EnglishDB\Words\c\cluttered.md
16832,self-evident,C:\GTT\EnglishDB\Words\s\self-evident.md
16833,eight-year-old,C:\GTT\EnglishDB\Words\e\eight-year-old.md
16834,greased,C:\GTT\EnglishDB\Words\g\greased.md
16835,middle-income,C:\GTT\EnglishDB\Words\m\middle-income.md
16836,side-by-side,C:\GTT\EnglishDB\Words\s\side-by-side.md
16837,hushed,C:\GTT\EnglishDB\Words\h\hushed.md
16838,drafting,C:\GTT\EnglishDB\Words\d\drafting.md
16839,stay-at-home,C:\GTT\EnglishDB\Words\s\stay-at-home.md
16840,exponentially,C:\GTT\EnglishDB\Words\e\exponentially.md
16841,homophobia,C:\GTT\EnglishDB\Words\h\homophobia.md
16842,moron,C:\GTT\EnglishDB\Words\m\moron.md
16843,charged,C:\GTT\EnglishDB\Words\c\charged.md
16844,insulated,C:\GTT\EnglishDB\Words\i\insulated.md
16845,cast-iron,C:\GTT\EnglishDB\Words\c\cast-iron.md
16846,Scot,C:\GTT\EnglishDB\Words\s\scot.md
16847,predetermined,C:\GTT\EnglishDB\Words\p\predetermined.md
16848,overarching,C:\GTT\EnglishDB\Words\o\overarching.md
16849,hard-pressed,C:\GTT\EnglishDB\Words\h\hard-pressed.md
16850,tortured,C:\GTT\EnglishDB\Words\t\tortured.md
16851,winnings,C:\GTT\EnglishDB\Words\w\winnings.md
16852,gurney,C:\GTT\EnglishDB\Words\g\gurney.md
16853,slaying,C:\GTT\EnglishDB\Words\s\slaying.md
16854,welding,C:\GTT\EnglishDB\Words\w\welding.md
16855,air-conditioned,C:\GTT\EnglishDB\Words\a\air-conditioned.md
16856,catering,C:\GTT\EnglishDB\Words\c\catering.md
16857,terra-cotta,C:\GTT\EnglishDB\Words\t\terra-cotta.md
16858,teacher-librarian,C:\GTT\EnglishDB\Words\t\teacher-librarian.md
16859,Siberian,C:\GTT\EnglishDB\Words\s\siberian.md
16860,in-service,C:\GTT\EnglishDB\Words\i\in-service.md
16861,three-time,C:\GTT\EnglishDB\Words\t\three-time.md
16862,English-language,C:\GTT\EnglishDB\Words\e\english-language.md
16863,APR,C:\GTT\EnglishDB\Words\a\apr.md
16864,run-up,C:\GTT\EnglishDB\Words\r\run-up.md
16865,paparazzi,C:\GTT\EnglishDB\Words\p\paparazzi.md
16866,lentils,C:\GTT\EnglishDB\Words\l\lentils.md
16867,braided,C:\GTT\EnglishDB\Words\b\braided.md
16868,Audubon,C:\GTT\EnglishDB\Words\a\audubon.md
16869,predation,C:\GTT\EnglishDB\Words\p\predation.md
16870,neoliberal,C:\GTT\EnglishDB\Words\n\neoliberal.md
16871,starship,C:\GTT\EnglishDB\Words\s\starship.md
16872,Yoruba,C:\GTT\EnglishDB\Words\y\yoruba.md
16873,institutionalized,C:\GTT\EnglishDB\Words\i\institutionalized.md
16874,ICU,C:\GTT\EnglishDB\Words\i\icu.md
16875,astonishingly,C:\GTT\EnglishDB\Words\a\astonishingly.md
16876,thirty-seven,C:\GTT\EnglishDB\Words\t\thirty-seven.md
16877,ill-fated,C:\GTT\EnglishDB\Words\i\ill-fated.md
16878,thirty-one,C:\GTT\EnglishDB\Words\t\thirty-one.md
16879,good-natured,C:\GTT\EnglishDB\Words\g\good-natured.md
16880,empowering,C:\GTT\EnglishDB\Words\e\empowering.md
16881,unsettling,C:\GTT\EnglishDB\Words\u\unsettling.md
16882,illustrated,C:\GTT\EnglishDB\Words\i\illustrated.md
16883,interagency,C:\GTT\EnglishDB\Words\i\interagency.md
16884,three-story,C:\GTT\EnglishDB\Words\t\three-story.md
16885,sculpted,C:\GTT\EnglishDB\Words\s\sculpted.md
16886,no-nonsense,C:\GTT\EnglishDB\Words\n\no-nonsense.md
16887,dumpster,C:\GTT\EnglishDB\Words\d\dumpster.md
16888,four-year-old,C:\GTT\EnglishDB\Words\f\four-year-old.md
16889,celebratory,C:\GTT\EnglishDB\Words\c\celebratory.md
16890,well-to-do,C:\GTT\EnglishDB\Words\w\well-to-do.md
16891,one-tenth,C:\GTT\EnglishDB\Words\o\one-tenth.md
16892,life-size,C:\GTT\EnglishDB\Words\l\life-size.md
16893,stainless-steel,C:\GTT\EnglishDB\Words\s\stainless-steel.md
16894,golfing,C:\GTT\EnglishDB\Words\g\golfing.md
16895,re-emerge,C:\GTT\EnglishDB\Words\r\re-emerge.md
16896,pre-dawn,C:\GTT\EnglishDB\Words\p\pre-dawn.md
16897,perestroika,C:\GTT\EnglishDB\Words\p\perestroika.md
16898,ready-made,C:\GTT\EnglishDB\Words\r\ready-made.md
16899,spoils,C:\GTT\EnglishDB\Words\s\spoils.md
16900,orphaned,C:\GTT\EnglishDB\Words\o\orphaned.md
16901,Washington-based,C:\GTT\EnglishDB\Words\w\washington-based.md
16902,encryption,C:\GTT\EnglishDB\Words\e\encryption.md
16903,second-floor,C:\GTT\EnglishDB\Words\s\second-floor.md
16904,thirty-eight,C:\GTT\EnglishDB\Words\t\thirty-eight.md
16905,strengthening,C:\GTT\EnglishDB\Words\s\strengthening.md
16906,Cajun,C:\GTT\EnglishDB\Words\c\cajun.md
16907,US-led,C:\GTT\EnglishDB\Words\u\us-led.md
16908,kidding,C:\GTT\EnglishDB\Words\k\kidding.md
16909,gleefully,C:\GTT\EnglishDB\Words\g\gleefully.md
16910,mid-morning,C:\GTT\EnglishDB\Words\m\mid-morning.md
16911,self-proclaimed,C:\GTT\EnglishDB\Words\s\self-proclaimed.md
16912,categorization,C:\GTT\EnglishDB\Words\c\categorization.md
16913,altruistic,C:\GTT\EnglishDB\Words\a\altruistic.md
16914,waning,C:\GTT\EnglishDB\Words\w\waning.md
16915,fifty-five,C:\GTT\EnglishDB\Words\f\fifty-five.md
16916,Nicaraguan,C:\GTT\EnglishDB\Words\n\nicaraguan.md
16917,severed,C:\GTT\EnglishDB\Words\s\severed.md
16918,he/she,C:\GTT\EnglishDB\Words\h\he_she.md
16919,re-entry,C:\GTT\EnglishDB\Words\r\re-entry.md
16920,adamantly,C:\GTT\EnglishDB\Words\a\adamantly.md
16921,self-worth,C:\GTT\EnglishDB\Words\s\self-worth.md
16922,stereotyping,C:\GTT\EnglishDB\Words\s\stereotyping.md
16923,ever-present,C:\GTT\EnglishDB\Words\e\ever-present.md
16924,stamped,C:\GTT\EnglishDB\Words\s\stamped.md
16925,reggae,C:\GTT\EnglishDB\Words\r\reggae.md
16926,motorized,C:\GTT\EnglishDB\Words\m\motorized.md
16927,Enquirer,C:\GTT\EnglishDB\Words\e\enquirer.md
16928,computer-generated,C:\GTT\EnglishDB\Words\c\computer-generated.md
16929,collecting,C:\GTT\EnglishDB\Words\c\collecting.md
16930,stacked,C:\GTT\EnglishDB\Words\s\stacked.md
16931,illuminated,C:\GTT\EnglishDB\Words\i\illuminated.md
16932,labor-intensive,C:\GTT\EnglishDB\Words\l\labor-intensive.md
16933,buzzing,C:\GTT\EnglishDB\Words\b\buzzing.md
16934,great-grandfather,C:\GTT\EnglishDB\Words\g\great-grandfather.md
16935,ire,C:\GTT\EnglishDB\Words\i\ire.md
16936,weakened,C:\GTT\EnglishDB\Words\w\weakened.md
16937,five-minute,C:\GTT\EnglishDB\Words\f\five-minute.md
16938,well-trained,C:\GTT\EnglishDB\Words\w\well-trained.md
16939,die-hard,C:\GTT\EnglishDB\Words\d\die-hard.md
16940,co-director,C:\GTT\EnglishDB\Words\c\co-director.md
16941,private-sector,C:\GTT\EnglishDB\Words\p\private-sector.md
16942,nine-year-old,C:\GTT\EnglishDB\Words\n\nine-year-old.md
16943,Balkan,C:\GTT\EnglishDB\Words\b\balkan.md
16944,issuing,C:\GTT\EnglishDB\Words\i\issuing.md
16945,creaking,C:\GTT\EnglishDB\Words\c\creaking.md
16946,energy-efficient,C:\GTT\EnglishDB\Words\e\energy-efficient.md
16947,Tamil,C:\GTT\EnglishDB\Words\t\tamil.md
16948,Protestantism,C:\GTT\EnglishDB\Words\p\protestantism.md
16949,top-notch,C:\GTT\EnglishDB\Words\t\top-notch.md
16950,packaged,C:\GTT\EnglishDB\Words\p\packaged.md
16951,law-abiding,C:\GTT\EnglishDB\Words\l\law-abiding.md
16952,cross-sectional,C:\GTT\EnglishDB\Words\c\cross-sectional.md
16953,sh,C:\GTT\EnglishDB\Words\s\sh.md
16954,riveting,C:\GTT\EnglishDB\Words\r\riveting.md
16955,Israeli-Palestinian,C:\GTT\EnglishDB\Words\i\israeli-palestinian.md
16956,self-consciousness,C:\GTT\EnglishDB\Words\s\self-consciousness.md
16957,deconstruct,C:\GTT\EnglishDB\Words\d\deconstruct.md
16958,self-destructive,C:\GTT\EnglishDB\Words\s\self-destructive.md
16959,domesticated,C:\GTT\EnglishDB\Words\d\domesticated.md
16960,chewing,C:\GTT\EnglishDB\Words\c\chewing.md
16961,powered,C:\GTT\EnglishDB\Words\p\powered.md
16962,impressed,C:\GTT\EnglishDB\Words\i\impressed.md
16963,jumpsuit,C:\GTT\EnglishDB\Words\j\jumpsuit.md
16964,well-dressed,C:\GTT\EnglishDB\Words\w\well-dressed.md
16965,health-related,C:\GTT\EnglishDB\Words\h\health-related.md
16966,t-test,C:\GTT\EnglishDB\Words\t\t-test.md
16967,sterilization,C:\GTT\EnglishDB\Words\s\sterilization.md
16968,co-write,C:\GTT\EnglishDB\Words\c\co-write.md
16969,coursework,C:\GTT\EnglishDB\Words\c\coursework.md
16970,top-down,C:\GTT\EnglishDB\Words\t\top-down.md
16971,uprooted,C:\GTT\EnglishDB\Words\u\uprooted.md
16972,demeaning,C:\GTT\EnglishDB\Words\d\demeaning.md
16973,dammit,C:\GTT\EnglishDB\Words\d\dammit.md
16974,time-honored,C:\GTT\EnglishDB\Words\t\time-honored.md
16975,underly,C:\GTT\EnglishDB\Words\u\underly.md
16976,Panamanian,C:\GTT\EnglishDB\Words\p\panamanian.md
16977,Mayan,C:\GTT\EnglishDB\Words\m\mayan.md
16978,epidemiological,C:\GTT\EnglishDB\Words\e\epidemiological.md
16979,stand-alone,C:\GTT\EnglishDB\Words\s\stand-alone.md
16980,nanotechnology,C:\GTT\EnglishDB\Words\n\nanotechnology.md
16981,Ramadan,C:\GTT\EnglishDB\Words\r\ramadan.md
16982,two-year-old,C:\GTT\EnglishDB\Words\t\two-year-old.md
16983,cross-section,C:\GTT\EnglishDB\Words\c\cross-section.md
16984,e-commerce,C:\GTT\EnglishDB\Words\e\e-commerce.md
16985,second-class,C:\GTT\EnglishDB\Words\s\second-class.md
16986,hand-painted,C:\GTT\EnglishDB\Words\h\hand-painted.md
16987,first-degree,C:\GTT\EnglishDB\Words\f\first-degree.md
16988,al-Qaeda,C:\GTT\EnglishDB\Words\a\al-qaeda.md
16989,class-action,C:\GTT\EnglishDB\Words\c\class-action.md
16990,matter-of-factly,C:\GTT\EnglishDB\Words\m\matter-of-factly.md
16991,windowless,C:\GTT\EnglishDB\Words\w\windowless.md
16992,subtext,C:\GTT\EnglishDB\Words\s\subtext.md
16993,semi-automatic,C:\GTT\EnglishDB\Words\s\semi-automatic.md
16994,Passover,C:\GTT\EnglishDB\Words\p\passover.md
16995,blogger,C:\GTT\EnglishDB\Words\b\blogger.md
16996,unanticipated,C:\GTT\EnglishDB\Words\u\unanticipated.md
16997,off-road,C:\GTT\EnglishDB\Words\o\off-road.md
16998,re-enact,C:\GTT\EnglishDB\Words\r\re-enact.md
16999,messaging,C:\GTT\EnglishDB\Words\m\messaging.md
17000,look-alike,C:\GTT\EnglishDB\Words\l\look-alike.md
17001,scrambled,C:\GTT\EnglishDB\Words\s\scrambled.md
17002,fostering,C:\GTT\EnglishDB\Words\f\fostering.md
17003,tanned,C:\GTT\EnglishDB\Words\t\tanned.md
17004,unintentionally,C:\GTT\EnglishDB\Words\u\unintentionally.md
17005,tainted,C:\GTT\EnglishDB\Words\t\tainted.md
17006,judgmental,C:\GTT\EnglishDB\Words\j\judgmental.md
17007,self-respect,C:\GTT\EnglishDB\Words\s\self-respect.md
17008,tax-exempt,C:\GTT\EnglishDB\Words\t\tax-exempt.md
17009,cross-examination,C:\GTT\EnglishDB\Words\c\cross-examination.md
17010,long-awaited,C:\GTT\EnglishDB\Words\l\long-awaited.md
17011,three-fourths,C:\GTT\EnglishDB\Words\t\three-fourths.md
17012,teasing,C:\GTT\EnglishDB\Words\t\teasing.md
17013,eroding,C:\GTT\EnglishDB\Words\e\eroding.md
17014,Chechen,C:\GTT\EnglishDB\Words\c\chechen.md
17015,vagaries,C:\GTT\EnglishDB\Words\v\vagaries.md
17016,starkly,C:\GTT\EnglishDB\Words\s\starkly.md
17017,motherfucker,C:\GTT\EnglishDB\Words\m\motherfucker.md
17018,largemouth,C:\GTT\EnglishDB\Words\l\largemouth.md
17019,hitting,C:\GTT\EnglishDB\Words\h\hitting.md
17020,meringue,C:\GTT\EnglishDB\Words\m\meringue.md
17021,self-consciously,C:\GTT\EnglishDB\Words\s\self-consciously.md
17022,Salvadoran,C:\GTT\EnglishDB\Words\s\salvadoran.md
17023,at-large,C:\GTT\EnglishDB\Words\a\at-large.md
17024,trapped,C:\GTT\EnglishDB\Words\t\trapped.md
17025,eminently,C:\GTT\EnglishDB\Words\e\eminently.md
17026,contending,C:\GTT\EnglishDB\Words\c\contending.md
17027,two-part,C:\GTT\EnglishDB\Words\t\two-part.md
17028,blue-green,C:\GTT\EnglishDB\Words\b\blue-green.md
17029,Mexican-American,C:\GTT\EnglishDB\Words\m\mexican-american.md
17030,how-to,C:\GTT\EnglishDB\Words\h\how-to.md
17031,hated,C:\GTT\EnglishDB\Words\h\hated.md
17032,shuttered,C:\GTT\EnglishDB\Words\s\shuttered.md
17033,ground-based,C:\GTT\EnglishDB\Words\g\ground-based.md
17034,long-running,C:\GTT\EnglishDB\Words\l\long-running.md
17035,all-night,C:\GTT\EnglishDB\Words\a\all-night.md
17036,invading,C:\GTT\EnglishDB\Words\i\invading.md
17037,student-athlete,C:\GTT\EnglishDB\Words\s\student-athlete.md
17038,high-resolution,C:\GTT\EnglishDB\Words\h\high-resolution.md
17039,Darwinian,C:\GTT\EnglishDB\Words\d\darwinian.md
17040,co-chair,C:\GTT\EnglishDB\Words\c\co-chair.md
17041,ordered,C:\GTT\EnglishDB\Words\o\ordered.md
17042,exasperated,C:\GTT\EnglishDB\Words\e\exasperated.md
17043,belatedly,C:\GTT\EnglishDB\Words\b\belatedly.md
17044,aggravated,C:\GTT\EnglishDB\Words\a\aggravated.md
17045,galvanized,C:\GTT\EnglishDB\Words\g\galvanized.md
17046,high-stakes,C:\GTT\EnglishDB\Words\h\high-stakes.md
17047,canola,C:\GTT\EnglishDB\Words\c\canola.md
17048,maneuvering,C:\GTT\EnglishDB\Words\m\maneuvering.md
17049,uncontrollably,C:\GTT\EnglishDB\Words\u\uncontrollably.md
17050,self-government,C:\GTT\EnglishDB\Words\s\self-government.md
17051,clueless,C:\GTT\EnglishDB\Words\c\clueless.md
17052,wimp,C:\GTT\EnglishDB\Words\w\wimp.md
17053,betrayed,C:\GTT\EnglishDB\Words\b\betrayed.md
17054,single-parent,C:\GTT\EnglishDB\Words\s\single-parent.md
17055,down-to-earth,C:\GTT\EnglishDB\Words\d\down-to-earth.md
17056,stir-fry,C:\GTT\EnglishDB\Words\s\stir-fry.md
17057,spying,C:\GTT\EnglishDB\Words\s\spying.md
17058,astounded,C:\GTT\EnglishDB\Words\a\astounded.md
17059,dead-end,C:\GTT\EnglishDB\Words\d\dead-end.md
17060,MRI,C:\GTT\EnglishDB\Words\m\mri.md
17061,self-reliance,C:\GTT\EnglishDB\Words\s\self-reliance.md
17062,Labour,C:\GTT\EnglishDB\Words\l\labour.md
17063,foundational,C:\GTT\EnglishDB\Words\f\foundational.md
17064,all-important,C:\GTT\EnglishDB\Words\a\all-important.md
17065,anti-inflammatory,C:\GTT\EnglishDB\Words\a\anti-inflammatory.md
17066,oncologist,C:\GTT\EnglishDB\Words\o\oncologist.md
17067,PVC,C:\GTT\EnglishDB\Words\p\pvc.md
17068,leveraged,C:\GTT\EnglishDB\Words\l\leveraged.md
17069,half-mile,C:\GTT\EnglishDB\Words\h\half-mile.md
17070,metaphorically,C:\GTT\EnglishDB\Words\m\metaphorically.md
17071,ethicist,C:\GTT\EnglishDB\Words\e\ethicist.md
17072,categorically,C:\GTT\EnglishDB\Words\c\categorically.md
17073,well-documented,C:\GTT\EnglishDB\Words\w\well-documented.md
17074,tinted,C:\GTT\EnglishDB\Words\t\tinted.md
17075,stumbling,C:\GTT\EnglishDB\Words\s\stumbling.md
17076,Libyan,C:\GTT\EnglishDB\Words\l\libyan.md
17077,blue-eyed,C:\GTT\EnglishDB\Words\b\blue-eyed.md
17078,first-person,C:\GTT\EnglishDB\Words\f\first-person.md
17079,rusher,C:\GTT\EnglishDB\Words\r\rusher.md
17080,wannabe,C:\GTT\EnglishDB\Words\w\wannabe.md
17081,user-friendly,C:\GTT\EnglishDB\Words\u\user-friendly.md
17082,LSD,C:\GTT\EnglishDB\Words\l\lsd.md
17083,turn-of-the-century,C:\GTT\EnglishDB\Words\t\turn-of-the-century.md
17084,able-bodied,C:\GTT\EnglishDB\Words\a\able-bodied.md
17085,Anglo-American,C:\GTT\EnglishDB\Words\a\anglo-american.md
17086,big-city,C:\GTT\EnglishDB\Words\b\big-city.md
17087,dot-com,C:\GTT\EnglishDB\Words\d\dot-com.md
17088,Aztec,C:\GTT\EnglishDB\Words\a\aztec.md
17089,mandated,C:\GTT\EnglishDB\Words\m\mandated.md
17090,keg,C:\GTT\EnglishDB\Words\k\keg.md
17091,grandkid,C:\GTT\EnglishDB\Words\g\grandkid.md
17092,clenched,C:\GTT\EnglishDB\Words\c\clenched.md
17093,cross-legged,C:\GTT\EnglishDB\Words\c\cross-legged.md
17094,pop-up,C:\GTT\EnglishDB\Words\p\pop-up.md
17095,do-it-yourself,C:\GTT\EnglishDB\Words\d\do-it-yourself.md
17096,all-white,C:\GTT\EnglishDB\Words\a\all-white.md
17097,identified,C:\GTT\EnglishDB\Words\i\identified.md
17098,self-report,C:\GTT\EnglishDB\Words\s\self-report.md
17099,well-intentioned,C:\GTT\EnglishDB\Words\w\well-intentioned.md
17100,seventeenth-century,C:\GTT\EnglishDB\Words\s\seventeenth-century.md
17101,karaoke,C:\GTT\EnglishDB\Words\k\karaoke.md
17102,Slavic,C:\GTT\EnglishDB\Words\s\slavic.md
17103,intifada,C:\GTT\EnglishDB\Words\i\intifada.md
17104,released,C:\GTT\EnglishDB\Words\r\released.md
17105,Spanish-speaking,C:\GTT\EnglishDB\Words\s\spanish-speaking.md
17106,fourth-quarter,C:\GTT\EnglishDB\Words\f\fourth-quarter.md
17107,enraged,C:\GTT\EnglishDB\Words\e\enraged.md
17108,drive-in,C:\GTT\EnglishDB\Words\d\drive-in.md
17109,editor-in-chief,C:\GTT\EnglishDB\Words\e\editor-in-chief.md
17110,round-trip,C:\GTT\EnglishDB\Words\r\round-trip.md
17111,free-standing,C:\GTT\EnglishDB\Words\f\free-standing.md
17112,box-office,C:\GTT\EnglishDB\Words\b\box-office.md
17113,autoimmune,C:\GTT\EnglishDB\Words\a\autoimmune.md
17114,revered,C:\GTT\EnglishDB\Words\r\revered.md
17115,PDA,C:\GTT\EnglishDB\Words\p\pda.md
17116,break-in,C:\GTT\EnglishDB\Words\b\break-in.md
17117,nuanced,C:\GTT\EnglishDB\Words\n\nuanced.md
17118,shelling,C:\GTT\EnglishDB\Words\s\shelling.md
17119,East-West,C:\GTT\EnglishDB\Words\e\east-west.md
17120,liberated,C:\GTT\EnglishDB\Words\l\liberated.md
17121,begging,C:\GTT\EnglishDB\Words\b\begging.md
17122,lasagna,C:\GTT\EnglishDB\Words\l\lasagna.md
17123,malevolent,C:\GTT\EnglishDB\Words\m\malevolent.md
17124,seamlessly,C:\GTT\EnglishDB\Words\s\seamlessly.md
17125,thank-you,C:\GTT\EnglishDB\Words\t\thank-you.md
17126,meth,C:\GTT\EnglishDB\Words\m\meth.md
17127,one-room,C:\GTT\EnglishDB\Words\o\one-room.md
17128,treasured,C:\GTT\EnglishDB\Words\t\treasured.md
17129,crosstalk,C:\GTT\EnglishDB\Words\c\crosstalk.md
17130,re-enactment,C:\GTT\EnglishDB\Words\r\re-enactment.md
17131,sensing,C:\GTT\EnglishDB\Words\s\sensing.md
17132,Malaysian,C:\GTT\EnglishDB\Words\m\malaysian.md
17133,precariously,C:\GTT\EnglishDB\Words\p\precariously.md
17134,latte,C:\GTT\EnglishDB\Words\l\latte.md
17135,flooded,C:\GTT\EnglishDB\Words\f\flooded.md
17136,cold-blooded,C:\GTT\EnglishDB\Words\c\cold-blooded.md
17137,eight-year,C:\GTT\EnglishDB\Words\e\eight-year.md
17138,walled,C:\GTT\EnglishDB\Words\w\walled.md
17139,unfulfilled,C:\GTT\EnglishDB\Words\u\unfulfilled.md
17140,mirrored,C:\GTT\EnglishDB\Words\m\mirrored.md
17141,old-growth,C:\GTT\EnglishDB\Words\o\old-growth.md
17142,step-by-step,C:\GTT\EnglishDB\Words\s\step-by-step.md
17143,separating,C:\GTT\EnglishDB\Words\s\separating.md
17144,umm,C:\GTT\EnglishDB\Words\u\umm.md
17145,sweating,C:\GTT\EnglishDB\Words\s\sweating.md
17146,slow-moving,C:\GTT\EnglishDB\Words\s\slow-moving.md
17147,pita,C:\GTT\EnglishDB\Words\p\pita.md
17148,marginalization,C:\GTT\EnglishDB\Words\m\marginalization.md
17149,door-to-door,C:\GTT\EnglishDB\Words\d\door-to-door.md
17150,Freudian,C:\GTT\EnglishDB\Words\f\freudian.md
17151,Olympian,C:\GTT\EnglishDB\Words\o\olympian.md
17152,bubbling,C:\GTT\EnglishDB\Words\b\bubbling.md
17153,dismayed,C:\GTT\EnglishDB\Words\d\dismayed.md
17154,forged,C:\GTT\EnglishDB\Words\f\forged.md
17155,six-pack,C:\GTT\EnglishDB\Words\s\six-pack.md
17156,fast-moving,C:\GTT\EnglishDB\Words\f\fast-moving.md
17157,sagging,C:\GTT\EnglishDB\Words\s\sagging.md
17158,next-door,C:\GTT\EnglishDB\Words\n\next-door.md
17159,thrilled,C:\GTT\EnglishDB\Words\t\thrilled.md
17160,Franciscan,C:\GTT\EnglishDB\Words\f\franciscan.md
17161,self-imposed,C:\GTT\EnglishDB\Words\s\self-imposed.md
17162,upper-class,C:\GTT\EnglishDB\Words\u\upper-class.md
17163,lined,C:\GTT\EnglishDB\Words\l\lined.md
17164,forty-three,C:\GTT\EnglishDB\Words\f\forty-three.md
17165,rioting,C:\GTT\EnglishDB\Words\r\rioting.md
17166,institutionalization,C:\GTT\EnglishDB\Words\i\institutionalization.md
17167,latter-day,C:\GTT\EnglishDB\Words\l\latter-day.md
17168,collapsing,C:\GTT\EnglishDB\Words\c\collapsing.md
17169,enforcer,C:\GTT\EnglishDB\Words\e\enforcer.md
17170,improvised,C:\GTT\EnglishDB\Words\i\improvised.md
17171,ordained,C:\GTT\EnglishDB\Words\o\ordained.md
17172,co-host,C:\GTT\EnglishDB\Words\c\co-host.md
17173,mid-century,C:\GTT\EnglishDB\Words\m\mid-century.md
17174,tailback,C:\GTT\EnglishDB\Words\t\tailback.md
17175,campaigning,C:\GTT\EnglishDB\Words\c\campaigning.md
17176,withholding,C:\GTT\EnglishDB\Words\w\withholding.md
17177,ten-year-old,C:\GTT\EnglishDB\Words\t\ten-year-old.md
17178,drug-related,C:\GTT\EnglishDB\Words\d\drug-related.md
17179,first-generation,C:\GTT\EnglishDB\Words\f\first-generation.md
17180,snowboard,C:\GTT\EnglishDB\Words\s\snowboard.md
17181,khakis,C:\GTT\EnglishDB\Words\k\khakis.md
17182,white-haired,C:\GTT\EnglishDB\Words\w\white-haired.md
17183,Irishman,C:\GTT\EnglishDB\Words\i\irishman.md
17184,commander-in-chief,C:\GTT\EnglishDB\Words\c\commander-in-chief.md
17185,test-retest,C:\GTT\EnglishDB\Words\t\test-retest.md
17186,close-knit,C:\GTT\EnglishDB\Words\c\close-knit.md
17187,red-hot,C:\GTT\EnglishDB\Words\r\red-hot.md
17188,prohibited,C:\GTT\EnglishDB\Words\p\prohibited.md
17189,drive-by,C:\GTT\EnglishDB\Words\d\drive-by.md
17190,overheated,C:\GTT\EnglishDB\Words\o\overheated.md
17191,floured,C:\GTT\EnglishDB\Words\f\floured.md
17192,spilled,C:\GTT\EnglishDB\Words\s\spilled.md
17193,co-chairman,C:\GTT\EnglishDB\Words\c\co-chairman.md
17194,signifier,C:\GTT\EnglishDB\Words\s\signifier.md
17195,second-generation,C:\GTT\EnglishDB\Words\s\second-generation.md
17196,gendered,C:\GTT\EnglishDB\Words\g\gendered.md
17197,unsustainable,C:\GTT\EnglishDB\Words\u\unsustainable.md
17198,CPA,C:\GTT\EnglishDB\Words\c\cpa.md
17199,rafting,C:\GTT\EnglishDB\Words\r\rafting.md
17200,busted,C:\GTT\EnglishDB\Words\b\busted.md
17201,airstrike,C:\GTT\EnglishDB\Words\a\airstrike.md
17202,hour-long,C:\GTT\EnglishDB\Words\h\hour-long.md
17203,computer-based,C:\GTT\EnglishDB\Words\c\computer-based.md
17204,spraying,C:\GTT\EnglishDB\Words\s\spraying.md
17205,stripped,C:\GTT\EnglishDB\Words\s\stripped.md
17206,restlessness,C:\GTT\EnglishDB\Words\r\restlessness.md
17207,rinsed,C:\GTT\EnglishDB\Words\r\rinsed.md
17208,extra-virgin,C:\GTT\EnglishDB\Words\e\extra-virgin.md
17209,ballgame,C:\GTT\EnglishDB\Words\b\ballgame.md
17210,medium-low,C:\GTT\EnglishDB\Words\m\medium-low.md
17211,low-wage,C:\GTT\EnglishDB\Words\l\low-wage.md
17212,forty-four,C:\GTT\EnglishDB\Words\f\forty-four.md
17213,Likert-type,C:\GTT\EnglishDB\Words\l\likert-type.md
17214,school-age,C:\GTT\EnglishDB\Words\s\school-age.md
17215,articulated,C:\GTT\EnglishDB\Words\a\articulated.md
17216,co-pilot,C:\GTT\EnglishDB\Words\c\co-pilot.md
17217,sizzling,C:\GTT\EnglishDB\Words\s\sizzling.md
17218,all-day,C:\GTT\EnglishDB\Words\a\all-day.md
17219,life-saving,C:\GTT\EnglishDB\Words\l\life-saving.md
17220,centuries-old,C:\GTT\EnglishDB\Words\c\centuries-old.md
17221,ricotta,C:\GTT\EnglishDB\Words\r\ricotta.md
17222,PSI,C:\GTT\EnglishDB\Words\p\psi.md
17223,tightening,C:\GTT\EnglishDB\Words\t\tightening.md
17224,mean-spirited,C:\GTT\EnglishDB\Words\m\mean-spirited.md
17225,paralyzed,C:\GTT\EnglishDB\Words\p\paralyzed.md
17226,shaping,C:\GTT\EnglishDB\Words\s\shaping.md
17227,enforced,C:\GTT\EnglishDB\Words\e\enforced.md
17228,politicization,C:\GTT\EnglishDB\Words\p\politicization.md
17229,well-worn,C:\GTT\EnglishDB\Words\w\well-worn.md
17230,world-famous,C:\GTT\EnglishDB\Words\w\world-famous.md
17231,Ponce,C:\GTT\EnglishDB\Words\p\ponce.md
17232,Inca,C:\GTT\EnglishDB\Words\i\inca.md
17233,parent-child,C:\GTT\EnglishDB\Words\p\parent-child.md
17234,Icelandic,C:\GTT\EnglishDB\Words\i\icelandic.md
17235,filming,C:\GTT\EnglishDB\Words\f\filming.md
17236,rumpled,C:\GTT\EnglishDB\Words\r\rumpled.md
17237,overpriced,C:\GTT\EnglishDB\Words\o\overpriced.md
17238,chemo,C:\GTT\EnglishDB\Words\c\chemo.md
17239,weakening,C:\GTT\EnglishDB\Words\w\weakening.md
17240,ravages,C:\GTT\EnglishDB\Words\r\ravages.md
17241,four-hour,C:\GTT\EnglishDB\Words\f\four-hour.md
17242,unplanned,C:\GTT\EnglishDB\Words\u\unplanned.md
17243,space-time,C:\GTT\EnglishDB\Words\s\space-time.md
17244,assertiveness,C:\GTT\EnglishDB\Words\a\assertiveness.md
17245,molester,C:\GTT\EnglishDB\Words\m\molester.md
17246,oeuvre,C:\GTT\EnglishDB\Words\o\oeuvre.md
17247,self-awareness,C:\GTT\EnglishDB\Words\s\self-awareness.md
17248,non-white,C:\GTT\EnglishDB\Words\n\non-white.md
17249,head-to-head,C:\GTT\EnglishDB\Words\h\head-to-head.md
17250,full-service,C:\GTT\EnglishDB\Words\f\full-service.md
17251,boxed,C:\GTT\EnglishDB\Words\b\boxed.md
17252,quarter-century,C:\GTT\EnglishDB\Words\q\quarter-century.md
17253,peeled,C:\GTT\EnglishDB\Words\p\peeled.md
17254,patented,C:\GTT\EnglishDB\Words\p\patented.md
17255,eighth-grade,C:\GTT\EnglishDB\Words\e\eighth-grade.md
17256,lair,C:\GTT\EnglishDB\Words\l\lair.md
17257,admitting,C:\GTT\EnglishDB\Words\a\admitting.md
17258,value-added,C:\GTT\EnglishDB\Words\v\value-added.md
17259,matched,C:\GTT\EnglishDB\Words\m\matched.md
17260,marcher,C:\GTT\EnglishDB\Words\m\marcher.md
17261,second-year,C:\GTT\EnglishDB\Words\s\second-year.md
17262,shifter,C:\GTT\EnglishDB\Words\s\shifter.md
17263,hard-boiled,C:\GTT\EnglishDB\Words\h\hard-boiled.md
17264,horse-drawn,C:\GTT\EnglishDB\Words\h\horse-drawn.md
17265,Aryan,C:\GTT\EnglishDB\Words\a\aryan.md
17266,high-pressure,C:\GTT\EnglishDB\Words\h\high-pressure.md
17267,matter-of-fact,C:\GTT\EnglishDB\Words\m\matter-of-fact.md
17268,self-pity,C:\GTT\EnglishDB\Words\s\self-pity.md
17269,unexplored,C:\GTT\EnglishDB\Words\u\unexplored.md
17270,black-eyed,C:\GTT\EnglishDB\Words\b\black-eyed.md
17271,panicked,C:\GTT\EnglishDB\Words\p\panicked.md
17272,screener,C:\GTT\EnglishDB\Words\s\screener.md
17273,blurred,C:\GTT\EnglishDB\Words\b\blurred.md
17274,wrangling,C:\GTT\EnglishDB\Words\w\wrangling.md
17275,jihadist,C:\GTT\EnglishDB\Words\j\jihadist.md
17276,incriminating,C:\GTT\EnglishDB\Words\i\incriminating.md
17277,unionized,C:\GTT\EnglishDB\Words\u\unionized.md
17278,custom-made,C:\GTT\EnglishDB\Words\c\custom-made.md
17279,Sandinista,C:\GTT\EnglishDB\Words\s\sandinista.md
17280,sixth-grade,C:\GTT\EnglishDB\Words\s\sixth-grade.md
17281,baguette,C:\GTT\EnglishDB\Words\b\baguette.md
17282,thirty-nine,C:\GTT\EnglishDB\Words\t\thirty-nine.md
17283,justifiably,C:\GTT\EnglishDB\Words\j\justifiably.md
17284,esteemed,C:\GTT\EnglishDB\Words\e\esteemed.md
17285,forty-seven,C:\GTT\EnglishDB\Words\f\forty-seven.md
17286,soundbite,C:\GTT\EnglishDB\Words\s\soundbite.md
17287,filtering,C:\GTT\EnglishDB\Words\f\filtering.md
17288,big-name,C:\GTT\EnglishDB\Words\b\big-name.md
17289,alienating,C:\GTT\EnglishDB\Words\a\alienating.md
17290,two-lane,C:\GTT\EnglishDB\Words\t\two-lane.md
17291,feared,C:\GTT\EnglishDB\Words\f\feared.md
17292,sit-up,C:\GTT\EnglishDB\Words\s\sit-up.md
17293,great-grandmother,C:\GTT\EnglishDB\Words\g\great-grandmother.md
17294,to-do,C:\GTT\EnglishDB\Words\t\to-do.md
17295,blended,C:\GTT\EnglishDB\Words\b\blended.md
17296,single-minded,C:\GTT\EnglishDB\Words\s\single-minded.md
17297,light-hearted,C:\GTT\EnglishDB\Words\l\light-hearted.md
17298,delusional,C:\GTT\EnglishDB\Words\d\delusional.md
17299,fine-tuning,C:\GTT\EnglishDB\Words\f\fine-tuning.md
17300,deep-seated,C:\GTT\EnglishDB\Words\d\deep-seated.md
17301,e-mailed,C:\GTT\EnglishDB\Words\e\e-mailed.md
17302,self-made,C:\GTT\EnglishDB\Words\s\self-made.md
17303,underfunded,C:\GTT\EnglishDB\Words\u\underfunded.md
17304,stunningly,C:\GTT\EnglishDB\Words\s\stunningly.md
17305,cul-de-sac,C:\GTT\EnglishDB\Words\c\cul-de-sac.md
17306,ensconced,C:\GTT\EnglishDB\Words\e\ensconced.md
17307,face-lift,C:\GTT\EnglishDB\Words\f\face-lift.md
17308,uncomplicated,C:\GTT\EnglishDB\Words\u\uncomplicated.md
17309,downed,C:\GTT\EnglishDB\Words\d\downed.md
17310,scratching,C:\GTT\EnglishDB\Words\s\scratching.md
17311,three-week,C:\GTT\EnglishDB\Words\t\three-week.md
17312,fifth-grade,C:\GTT\EnglishDB\Words\f\fifth-grade.md
17313,tree-lined,C:\GTT\EnglishDB\Words\t\tree-lined.md
17314,diced,C:\GTT\EnglishDB\Words\d\diced.md
17315,self-expression,C:\GTT\EnglishDB\Words\s\self-expression.md
17316,whistle-blower,C:\GTT\EnglishDB\Words\w\whistle-blower.md
17317,coal-fired,C:\GTT\EnglishDB\Words\c\coal-fired.md
17318,Yiddish,C:\GTT\EnglishDB\Words\y\yiddish.md
17319,supermodel,C:\GTT\EnglishDB\Words\s\supermodel.md
17320,heart-shaped,C:\GTT\EnglishDB\Words\h\heart-shaped.md
17321,sought-after,C:\GTT\EnglishDB\Words\s\sought-after.md
17322,third-largest,C:\GTT\EnglishDB\Words\t\third-largest.md
17323,obsessively,C:\GTT\EnglishDB\Words\o\obsessively.md
17324,bleached,C:\GTT\EnglishDB\Words\b\bleached.md
17325,yellowed,C:\GTT\EnglishDB\Words\y\yellowed.md
17326,molded,C:\GTT\EnglishDB\Words\m\molded.md
17327,gray-haired,C:\GTT\EnglishDB\Words\g\gray-haired.md
17328,uncharacteristically,C:\GTT\EnglishDB\Words\u\uncharacteristically.md
17329,ten-year,C:\GTT\EnglishDB\Words\t\ten-year.md
17330,coveralls,C:\GTT\EnglishDB\Words\c\coveralls.md
17331,rollover,C:\GTT\EnglishDB\Words\r\rollover.md
17332,urging,C:\GTT\EnglishDB\Words\u\urging.md
17333,one-dimensional,C:\GTT\EnglishDB\Words\o\one-dimensional.md
17334,feel-good,C:\GTT\EnglishDB\Words\f\feel-good.md
17335,low-tech,C:\GTT\EnglishDB\Words\l\low-tech.md
17336,stained-glass,C:\GTT\EnglishDB\Words\s\stained-glass.md
17337,off-duty,C:\GTT\EnglishDB\Words\o\off-duty.md
17338,pre-columbian,C:\GTT\EnglishDB\Words\p\pre-columbian.md
17339,worn-out,C:\GTT\EnglishDB\Words\w\worn-out.md
17340,intoxicating,C:\GTT\EnglishDB\Words\i\intoxicating.md
17341,momma,C:\GTT\EnglishDB\Words\m\momma.md
17342,subprime,C:\GTT\EnglishDB\Words\s\subprime.md
17343,occupying,C:\GTT\EnglishDB\Words\o\occupying.md
17344,six-day,C:\GTT\EnglishDB\Words\s\six-day.md
17345,groupie,C:\GTT\EnglishDB\Words\g\groupie.md
17346,child-rearing,C:\GTT\EnglishDB\Words\c\child-rearing.md
17347,co-found,C:\GTT\EnglishDB\Words\c\co-found.md
17348,far-off,C:\GTT\EnglishDB\Words\f\far-off.md
17349,refrigerated,C:\GTT\EnglishDB\Words\r\refrigerated.md
17350,carry-on,C:\GTT\EnglishDB\Words\c\carry-on.md
17351,low-lying,C:\GTT\EnglishDB\Words\l\low-lying.md
17352,unraveled,C:\GTT\EnglishDB\Words\u\unraveled.md
17353,forty-one,C:\GTT\EnglishDB\Words\f\forty-one.md
17354,heh,C:\GTT\EnglishDB\Words\h\heh.md
17355,not-for-profit,C:\GTT\EnglishDB\Words\n\not-for-profit.md
17356,ahh,C:\GTT\EnglishDB\Words\a\ahh.md
17357,whistling,C:\GTT\EnglishDB\Words\w\whistling.md
17358,Spanish-language,C:\GTT\EnglishDB\Words\s\spanish-language.md
17359,labeling,C:\GTT\EnglishDB\Words\l\labeling.md
17360,Alamo,C:\GTT\EnglishDB\Words\a\alamo.md
17361,cost-benefit,C:\GTT\EnglishDB\Words\c\cost-benefit.md
17362,sixteenth-century,C:\GTT\EnglishDB\Words\s\sixteenth-century.md
17363,crumbled,C:\GTT\EnglishDB\Words\c\crumbled.md
17364,floodwaters,C:\GTT\EnglishDB\Words\f\floodwaters.md
17365,mass-produced,C:\GTT\EnglishDB\Words\m\mass-produced.md
17366,wrought-iron,C:\GTT\EnglishDB\Words\w\wrought-iron.md
17367,naturalized,C:\GTT\EnglishDB\Words\n\naturalized.md
17368,politicized,C:\GTT\EnglishDB\Words\p\politicized.md
17369,eighty-five,C:\GTT\EnglishDB\Words\e\eighty-five.md
17370,self-centered,C:\GTT\EnglishDB\Words\s\self-centered.md
17371,foreign-born,C:\GTT\EnglishDB\Words\f\foreign-born.md
17372,big-screen,C:\GTT\EnglishDB\Words\b\big-screen.md
17373,three-bedroom,C:\GTT\EnglishDB\Words\t\three-bedroom.md
17374,pleated,C:\GTT\EnglishDB\Words\p\pleated.md
17375,self-regulation,C:\GTT\EnglishDB\Words\s\self-regulation.md
17376,Astrodome,C:\GTT\EnglishDB\Words\a\astrodome.md
17377,unwrapped,C:\GTT\EnglishDB\Words\u\unwrapped.md
17378,CFC,C:\GTT\EnglishDB\Words\c\cfc.md
17379,triathlon,C:\GTT\EnglishDB\Words\t\triathlon.md
17380,misperception,C:\GTT\EnglishDB\Words\m\misperception.md
17381,Stalinist,C:\GTT\EnglishDB\Words\s\stalinist.md
17382,goodnight,C:\GTT\EnglishDB\Words\g\goodnight.md
17383,long-term-care,C:\GTT\EnglishDB\Words\l\long-term-care.md
17384,one-party,C:\GTT\EnglishDB\Words\o\one-party.md
17385,yo-yo,C:\GTT\EnglishDB\Words\y\yo-yo.md
17386,puffing,C:\GTT\EnglishDB\Words\p\puffing.md
17387,top-ranked,C:\GTT\EnglishDB\Words\t\top-ranked.md
17388,un-american,C:\GTT\EnglishDB\Words\u\un-american.md
17389,unrecognizable,C:\GTT\EnglishDB\Words\u\unrecognizable.md
17390,ADHD,C:\GTT\EnglishDB\Words\a\adhd.md
17391,no-brainer,C:\GTT\EnglishDB\Words\n\no-brainer.md
17392,euphoric,C:\GTT\EnglishDB\Words\e\euphoric.md
17393,mind-boggling,C:\GTT\EnglishDB\Words\m\mind-boggling.md
17394,cooperatively,C:\GTT\EnglishDB\Words\c\cooperatively.md
17395,vanquished,C:\GTT\EnglishDB\Words\v\vanquished.md
17396,case-by-case,C:\GTT\EnglishDB\Words\c\case-by-case.md
17397,win-win,C:\GTT\EnglishDB\Words\w\win-win.md
17398,coffeehouse,C:\GTT\EnglishDB\Words\c\coffeehouse.md
17399,heavy-handed,C:\GTT\EnglishDB\Words\h\heavy-handed.md
17400,fiscally,C:\GTT\EnglishDB\Words\f\fiscally.md
17401,age-related,C:\GTT\EnglishDB\Words\a\age-related.md
17402,anti-aircraft,C:\GTT\EnglishDB\Words\a\anti-aircraft.md
17403,imprisoned,C:\GTT\EnglishDB\Words\i\imprisoned.md
17404,scarred,C:\GTT\EnglishDB\Words\s\scarred.md
17405,five-star,C:\GTT\EnglishDB\Words\f\five-star.md
17406,mutilated,C:\GTT\EnglishDB\Words\m\mutilated.md
17407,sprained,C:\GTT\EnglishDB\Words\s\sprained.md
17408,old-school,C:\GTT\EnglishDB\Words\o\old-school.md
17409,sorbet,C:\GTT\EnglishDB\Words\s\sorbet.md
17410,botched,C:\GTT\EnglishDB\Words\b\botched.md
17411,six-week,C:\GTT\EnglishDB\Words\s\six-week.md
17412,well-off,C:\GTT\EnglishDB\Words\w\well-off.md
17413,indiscriminately,C:\GTT\EnglishDB\Words\i\indiscriminately.md
17414,disguised,C:\GTT\EnglishDB\Words\d\disguised.md
17415,vanished,C:\GTT\EnglishDB\Words\v\vanished.md
17416,unimpressed,C:\GTT\EnglishDB\Words\u\unimpressed.md
17417,amp,C:\GTT\EnglishDB\Words\a\amp.md
17418,poisoned,C:\GTT\EnglishDB\Words\p\poisoned.md
17419,circumcision,C:\GTT\EnglishDB\Words\c\circumcision.md
17420,you-all,C:\GTT\EnglishDB\Words\y\you-all.md
17421,magnifying,C:\GTT\EnglishDB\Words\m\magnifying.md
17422,precipitously,C:\GTT\EnglishDB\Words\p\precipitously.md
17423,red-haired,C:\GTT\EnglishDB\Words\r\red-haired.md
17424,video-game,C:\GTT\EnglishDB\Words\v\video-game.md
17425,uncertainly,C:\GTT\EnglishDB\Words\u\uncertainly.md
17426,self-perception,C:\GTT\EnglishDB\Words\s\self-perception.md
17427,wrecked,C:\GTT\EnglishDB\Words\w\wrecked.md
17428,anti-communist,C:\GTT\EnglishDB\Words\a\anti-communist.md
17429,stand-in,C:\GTT\EnglishDB\Words\s\stand-in.md
17430,run-in,C:\GTT\EnglishDB\Words\r\run-in.md
17431,cropped,C:\GTT\EnglishDB\Words\c\cropped.md
17432,hard-earned,C:\GTT\EnglishDB\Words\h\hard-earned.md
17433,hijacking,C:\GTT\EnglishDB\Words\h\hijacking.md
17434,compromised,C:\GTT\EnglishDB\Words\c\compromised.md
17435,first-quarter,C:\GTT\EnglishDB\Words\f\first-quarter.md
17436,three-part,C:\GTT\EnglishDB\Words\t\three-part.md
17437,well-designed,C:\GTT\EnglishDB\Words\w\well-designed.md
17438,empty-handed,C:\GTT\EnglishDB\Words\e\empty-handed.md
17439,flushed,C:\GTT\EnglishDB\Words\f\flushed.md
17440,sighted,C:\GTT\EnglishDB\Words\s\sighted.md
17441,Americanization,C:\GTT\EnglishDB\Words\a\americanization.md
17442,quivering,C:\GTT\EnglishDB\Words\q\quivering.md
17443,second-round,C:\GTT\EnglishDB\Words\s\second-round.md
17444,chain-link,C:\GTT\EnglishDB\Words\c\chain-link.md
17445,ninety-nine,C:\GTT\EnglishDB\Words\n\ninety-nine.md
17446,four-wheel,C:\GTT\EnglishDB\Words\f\four-wheel.md
17447,burned-out,C:\GTT\EnglishDB\Words\b\burned-out.md
17448,renovated,C:\GTT\EnglishDB\Words\r\renovated.md
17449,well-rounded,C:\GTT\EnglishDB\Words\w\well-rounded.md
17450,jump-start,C:\GTT\EnglishDB\Words\j\jump-start.md
17451,high-flying,C:\GTT\EnglishDB\Words\h\high-flying.md
17452,half-hearted,C:\GTT\EnglishDB\Words\h\half-hearted.md
17453,affordability,C:\GTT\EnglishDB\Words\a\affordability.md
17454,whole-wheat,C:\GTT\EnglishDB\Words\w\whole-wheat.md
17455,fifty-two,C:\GTT\EnglishDB\Words\f\fifty-two.md
17456,shaved,C:\GTT\EnglishDB\Words\s\shaved.md
17457,unabashedly,C:\GTT\EnglishDB\Words\u\unabashedly.md
17458,croissant,C:\GTT\EnglishDB\Words\c\croissant.md
17459,early-morning,C:\GTT\EnglishDB\Words\e\early-morning.md
17460,fast-paced,C:\GTT\EnglishDB\Words\f\fast-paced.md
17461,long-lost,C:\GTT\EnglishDB\Words\l\long-lost.md
17462,Euro-American,C:\GTT\EnglishDB\Words\e\euro-american.md
17463,teenaged,C:\GTT\EnglishDB\Words\t\teenaged.md
17464,drunkenness,C:\GTT\EnglishDB\Words\d\drunkenness.md
17465,gutsy,C:\GTT\EnglishDB\Words\g\gutsy.md
17466,chutney,C:\GTT\EnglishDB\Words\c\chutney.md
17467,one-of-a-kind,C:\GTT\EnglishDB\Words\o\one-of-a-kind.md
17468,startlingly,C:\GTT\EnglishDB\Words\s\startlingly.md
17469,self-taught,C:\GTT\EnglishDB\Words\s\self-taught.md
17470,black-owned,C:\GTT\EnglishDB\Words\b\black-owned.md
17471,no-hitter,C:\GTT\EnglishDB\Words\n\no-hitter.md
17472,destroyed,C:\GTT\EnglishDB\Words\d\destroyed.md
17473,profiling,C:\GTT\EnglishDB\Words\p\profiling.md
17474,disapproving,C:\GTT\EnglishDB\Words\d\disapproving.md
17475,yer,C:\GTT\EnglishDB\Words\y\yer.md
17476,third-generation,C:\GTT\EnglishDB\Words\t\third-generation.md
17477,forty-six,C:\GTT\EnglishDB\Words\f\forty-six.md
17478,cooperating,C:\GTT\EnglishDB\Words\c\cooperating.md
17479,three-pointer,C:\GTT\EnglishDB\Words\t\three-pointer.md
17480,evolved,C:\GTT\EnglishDB\Words\e\evolved.md
17481,long-ago,C:\GTT\EnglishDB\Words\l\long-ago.md
17482,backpacker,C:\GTT\EnglishDB\Words\b\backpacker.md
17483,autopilot,C:\GTT\EnglishDB\Words\a\autopilot.md
17484,microbiologist,C:\GTT\EnglishDB\Words\m\microbiologist.md
17485,skewed,C:\GTT\EnglishDB\Words\s\skewed.md
17486,ninety-five,C:\GTT\EnglishDB\Words\n\ninety-five.md
17487,tenured,C:\GTT\EnglishDB\Words\t\tenured.md
17488,four-star,C:\GTT\EnglishDB\Words\f\four-star.md
17489,pent-up,C:\GTT\EnglishDB\Words\p\pent-up.md
17490,Afro-American,C:\GTT\EnglishDB\Words\a\afro-american.md
17491,meta-analysis,C:\GTT\EnglishDB\Words\m\meta-analysis.md
17492,snow-covered,C:\GTT\EnglishDB\Words\s\snow-covered.md
17493,defenseman,C:\GTT\EnglishDB\Words\d\defenseman.md
17494,Prussian,C:\GTT\EnglishDB\Words\p\prussian.md
17495,one-stop,C:\GTT\EnglishDB\Words\o\one-stop.md
17496,Hopi,C:\GTT\EnglishDB\Words\h\hopi.md
17497,role-playing,C:\GTT\EnglishDB\Words\r\role-playing.md
17498,left-hander,C:\GTT\EnglishDB\Words\l\left-hander.md
17499,gamma-ray,C:\GTT\EnglishDB\Words\g\gamma-ray.md
17500,Christmastime,C:\GTT\EnglishDB\Words\c\christmastime.md
17501,roller-coaster,C:\GTT\EnglishDB\Words\r\roller-coaster.md
17502,soiled,C:\GTT\EnglishDB\Words\s\soiled.md
17503,nightlife,C:\GTT\EnglishDB\Words\n\nightlife.md
17504,deep-sea,C:\GTT\EnglishDB\Words\d\deep-sea.md
17505,assistive,C:\GTT\EnglishDB\Words\a\assistive.md
17506,full-page,C:\GTT\EnglishDB\Words\f\full-page.md
17507,directed,C:\GTT\EnglishDB\Words\d\directed.md
17508,born-again,C:\GTT\EnglishDB\Words\b\born-again.md
17509,co-sponsor,C:\GTT\EnglishDB\Words\c\co-sponsor.md
17510,fired,C:\GTT\EnglishDB\Words\f\fired.md
17511,redshift,C:\GTT\EnglishDB\Words\r\redshift.md
17512,offered,C:\GTT\EnglishDB\Words\o\offered.md
17513,self-righteous,C:\GTT\EnglishDB\Words\s\self-righteous.md
17514,double-edged,C:\GTT\EnglishDB\Words\d\double-edged.md
17515,dismantling,C:\GTT\EnglishDB\Words\d\dismantling.md
17516,third-quarter,C:\GTT\EnglishDB\Words\t\third-quarter.md
17517,male-dominated,C:\GTT\EnglishDB\Words\m\male-dominated.md
17518,Aussie,C:\GTT\EnglishDB\Words\a\aussie.md
17519,Anglo-Saxon,C:\GTT\EnglishDB\Words\a\anglo-saxon.md
17520,gated,C:\GTT\EnglishDB\Words\g\gated.md
17521,stalled,C:\GTT\EnglishDB\Words\s\stalled.md
17522,counterculture,C:\GTT\EnglishDB\Words\c\counterculture.md
17523,devastated,C:\GTT\EnglishDB\Words\d\devastated.md
17524,domed,C:\GTT\EnglishDB\Words\d\domed.md
17525,front-line,C:\GTT\EnglishDB\Words\f\front-line.md
17526,folic,C:\GTT\EnglishDB\Words\f\folic.md
17527,so-and-so,C:\GTT\EnglishDB\Words\s\so-and-so.md
17528,powerlessness,C:\GTT\EnglishDB\Words\p\powerlessness.md
17529,blue-chip,C:\GTT\EnglishDB\Words\b\blue-chip.md
17530,second-degree,C:\GTT\EnglishDB\Words\s\second-degree.md
17531,U-turn,C:\GTT\EnglishDB\Words\u\u-turn.md
17532,self-doubt,C:\GTT\EnglishDB\Words\s\self-doubt.md
17533,out-of-town,C:\GTT\EnglishDB\Words\o\out-of-town.md
17534,mammography,C:\GTT\EnglishDB\Words\m\mammography.md
17535,no-fly,C:\GTT\EnglishDB\Words\n\no-fly.md
17536,winemaker,C:\GTT\EnglishDB\Words\w\winemaker.md
17537,shake-up,C:\GTT\EnglishDB\Words\s\shake-up.md
17538,above-average,C:\GTT\EnglishDB\Words\a\above-average.md
17539,anti-drug,C:\GTT\EnglishDB\Words\a\anti-drug.md
17540,nation-building,C:\GTT\EnglishDB\Words\n\nation-building.md
17541,have-not,C:\GTT\EnglishDB\Words\h\have-not.md
17542,state-sponsored,C:\GTT\EnglishDB\Words\s\state-sponsored.md
17543,preconceived,C:\GTT\EnglishDB\Words\p\preconceived.md
17544,bloodied,C:\GTT\EnglishDB\Words\b\bloodied.md
17545,well-developed,C:\GTT\EnglishDB\Words\w\well-developed.md
17546,well-heeled,C:\GTT\EnglishDB\Words\w\well-heeled.md
17547,pinched,C:\GTT\EnglishDB\Words\p\pinched.md
17548,Inter-American,C:\GTT\EnglishDB\Words\i\inter-american.md
17549,buttered,C:\GTT\EnglishDB\Words\b\buttered.md
17550,lightbulb,C:\GTT\EnglishDB\Words\l\lightbulb.md
17551,wok,C:\GTT\EnglishDB\Words\w\wok.md
17552,songwriting,C:\GTT\EnglishDB\Words\s\songwriting.md
17553,unplugged,C:\GTT\EnglishDB\Words\u\unplugged.md
17554,generalizability,C:\GTT\EnglishDB\Words\g\generalizability.md
17555,on-the-job,C:\GTT\EnglishDB\Words\o\on-the-job.md
17556,fourth-grade,C:\GTT\EnglishDB\Words\f\fourth-grade.md
17557,walkie-talkie,C:\GTT\EnglishDB\Words\w\walkie-talkie.md
17558,smarts,C:\GTT\EnglishDB\Words\s\smarts.md
17559,polarized,C:\GTT\EnglishDB\Words\p\polarized.md
17560,eye-catching,C:\GTT\EnglishDB\Words\e\eye-catching.md
17561,bipartisanship,C:\GTT\EnglishDB\Words\b\bipartisanship.md
17562,year-end,C:\GTT\EnglishDB\Words\y\year-end.md
17563,reassessment,C:\GTT\EnglishDB\Words\r\reassessment.md
17564,top-rated,C:\GTT\EnglishDB\Words\t\top-rated.md
17565,long-held,C:\GTT\EnglishDB\Words\l\long-held.md
17566,free-trade,C:\GTT\EnglishDB\Words\f\free-trade.md
17567,overrated,C:\GTT\EnglishDB\Words\o\overrated.md
17568,brand-name,C:\GTT\EnglishDB\Words\b\brand-name.md
17569,undeterred,C:\GTT\EnglishDB\Words\u\undeterred.md
17570,Sabine,C:\GTT\EnglishDB\Words\s\sabine.md
17571,public-relations,C:\GTT\EnglishDB\Words\p\public-relations.md
17572,impeccably,C:\GTT\EnglishDB\Words\i\impeccably.md
17573,abnormally,C:\GTT\EnglishDB\Words\a\abnormally.md
17574,criminalize,C:\GTT\EnglishDB\Words\c\criminalize.md
17575,methadone,C:\GTT\EnglishDB\Words\m\methadone.md
17576,rebuilt,C:\GTT\EnglishDB\Words\r\rebuilt.md
17577,one-bedroom,C:\GTT\EnglishDB\Words\o\one-bedroom.md
17578,war-torn,C:\GTT\EnglishDB\Words\w\war-torn.md
17579,larger-than-life,C:\GTT\EnglishDB\Words\l\larger-than-life.md
17580,laissez-faire,C:\GTT\EnglishDB\Words\l\laissez-faire.md
17581,store-bought,C:\GTT\EnglishDB\Words\s\store-bought.md
17582,undemocratic,C:\GTT\EnglishDB\Words\u\undemocratic.md
17583,echoing,C:\GTT\EnglishDB\Words\e\echoing.md
17584,high-definition,C:\GTT\EnglishDB\Words\h\high-definition.md
17585,stalking,C:\GTT\EnglishDB\Words\s\stalking.md
17586,post-mortem,C:\GTT\EnglishDB\Words\p\post-mortem.md
17587,escaping,C:\GTT\EnglishDB\Words\e\escaping.md
17588,skinless,C:\GTT\EnglishDB\Words\s\skinless.md
17589,fluttering,C:\GTT\EnglishDB\Words\f\fluttering.md
17590,mental-health,C:\GTT\EnglishDB\Words\m\mental-health.md
17591,blow-up,C:\GTT\EnglishDB\Words\b\blow-up.md
17592,Florentine,C:\GTT\EnglishDB\Words\f\florentine.md
17593,Asian-American,C:\GTT\EnglishDB\Words\a\asian-american.md
17594,engraved,C:\GTT\EnglishDB\Words\e\engraved.md
17595,erroneously,C:\GTT\EnglishDB\Words\e\erroneously.md
17596,half-million,C:\GTT\EnglishDB\Words\h\half-million.md
17597,softened,C:\GTT\EnglishDB\Words\s\softened.md
17598,revamped,C:\GTT\EnglishDB\Words\r\revamped.md
17599,uncharacteristic,C:\GTT\EnglishDB\Words\u\uncharacteristic.md
17600,inscribed,C:\GTT\EnglishDB\Words\i\inscribed.md
17601,cheating,C:\GTT\EnglishDB\Words\c\cheating.md
17602,whispered,C:\GTT\EnglishDB\Words\w\whispered.md
17603,intensified,C:\GTT\EnglishDB\Words\i\intensified.md
17604,minor-league,C:\GTT\EnglishDB\Words\m\minor-league.md
17605,exploited,C:\GTT\EnglishDB\Words\e\exploited.md
17606,randomized,C:\GTT\EnglishDB\Words\r\randomized.md
17607,Flemish,C:\GTT\EnglishDB\Words\f\flemish.md
17608,work-related,C:\GTT\EnglishDB\Words\w\work-related.md
17609,treatable,C:\GTT\EnglishDB\Words\t\treatable.md
17610,reflexively,C:\GTT\EnglishDB\Words\r\reflexively.md
17611,unsweetened,C:\GTT\EnglishDB\Words\u\unsweetened.md
17612,long-lived,C:\GTT\EnglishDB\Words\l\long-lived.md
17613,deep-water,C:\GTT\EnglishDB\Words\d\deep-water.md
17614,Shakespearean,C:\GTT\EnglishDB\Words\s\shakespearean.md
17615,discounted,C:\GTT\EnglishDB\Words\d\discounted.md
17616,exclusivity,C:\GTT\EnglishDB\Words\e\exclusivity.md
17617,two-fold,C:\GTT\EnglishDB\Words\t\two-fold.md
17618,reinvention,C:\GTT\EnglishDB\Words\r\reinvention.md
17619,escaped,C:\GTT\EnglishDB\Words\e\escaped.md
17620,first-place,C:\GTT\EnglishDB\Words\f\first-place.md
17621,understated,C:\GTT\EnglishDB\Words\u\understated.md
17622,evidence-based,C:\GTT\EnglishDB\Words\e\evidence-based.md
17623,unsubstantiated,C:\GTT\EnglishDB\Words\u\unsubstantiated.md
17624,anti-government,C:\GTT\EnglishDB\Words\a\anti-government.md
17625,Newtonian,C:\GTT\EnglishDB\Words\n\newtonian.md
17626,Sicilian,C:\GTT\EnglishDB\Words\s\sicilian.md
17627,rejected,C:\GTT\EnglishDB\Words\r\rejected.md
17628,muddled,C:\GTT\EnglishDB\Words\m\muddled.md
17629,Mojave,C:\GTT\EnglishDB\Words\m\mojave.md
17630,phonological,C:\GTT\EnglishDB\Words\p\phonological.md
17631,seven-day,C:\GTT\EnglishDB\Words\s\seven-day.md
17632,conquering,C:\GTT\EnglishDB\Words\c\conquering.md
17633,spatially,C:\GTT\EnglishDB\Words\s\spatially.md
17634,smoldering,C:\GTT\EnglishDB\Words\s\smoldering.md
17635,wrenching,C:\GTT\EnglishDB\Words\w\wrenching.md
17636,science-fiction,C:\GTT\EnglishDB\Words\s\science-fiction.md
17637,granting,C:\GTT\EnglishDB\Words\g\granting.md
17638,old-style,C:\GTT\EnglishDB\Words\o\old-style.md
17639,naysayer,C:\GTT\EnglishDB\Words\n\naysayer.md
