gtt_id,word,pos,group
000001,a,n.,a
000002,aback,adv.,a
000003,abandon,vt.,a
000004,abandoned,adj.,a
000005,abandonment,n.,a
000006,abate,vt.,a
000007,abatement,n.,a
000008,abbreviated,adj.,a
000009,abdicate,v.,a
000010,abdomen,n.,a
000011,abdominal,adj.,a
000012,abduct,vt.,a
000013,abduction,n.,a
000014,aberration,n.,a
000015,abet,vt.,a
000016,abhor,vt.,a
000017,abide,vi.,a
000018,abiding,v.,a
000019,ability,n.,a
000020,abject,adj.,a
000021,ablaze,adj.,a
000022,able,adj.,a
000023,abnormal,adj.,a
000024,abnormality,n.,a
000025,aboard,adv.,a
000026,abolish,vt.,a
000027,abolition,n.,a
000028,abolitionist,n.,a
000029,abomination,n.,a
000030,aboriginal,adj.,a
000031,abort,vi.,a
000032,abortion,n.,a
000033,abound,vi.,a
000034,about,adv.,a
000035,above,adj.,a
000036,abrasion,n.,a
000037,abrasive,n.,a
000038,abreast,adv.,a
000039,abroad,adv.,a
000040,abrupt,adj.,a
000041,abruptly,adv.,a
000042,abscess,n.,a
000043,absence,n.,a
000044,absent,adj.,a
000045,absentee,n.,a
000046,absently,adv.,a
000047,absolute,adj.,a
000048,absolutely,adv.,a
000049,absolve,v.,a
000050,absorb,vt.,a
000051,absorbing,adj.,a
000052,absorption,n.,a
000053,abstain,v.,a
000054,abstinence,n.,a
000055,abstract,n.,a
000056,abstraction,n.,a
000057,absurd,adj.,a
000058,absurdity,n.,a
000059,absurdly,adv.,a
000060,abundance,n.,a
000061,abundant,adj.,a
000062,abundantly,adv.,a
000063,abuse,n.,a
000064,abusive,adj.,a
000065,abut,v.,a
000066,abysmal,adj.,a
000067,abyss,n.,a
000068,academia,n.,a
000069,academic,adj.,a
000070,academically,adv.,a
000071,academy,n.,a
000072,accede,v.,a
000073,accelerate,v.,a
000074,accelerated,adj.,a
000075,acceleration,n.,a
000076,accelerator,n.,a
000077,accent,n.,a
000078,accentuate,v.,a
000079,accept,vt.,a
000080,acceptability,n.,a
000081,acceptable,adj.,a
000082,acceptance,n.,a
000083,accepted,adj.,a
000084,access,n.,a
000085,accessibility,n.,a
000086,accessible,adj.,a
000087,accession,n.,a
000088,accessory,n.,a
000089,accident,n.,a
000090,accidental,adj.,a
000091,accidentally,adv.,a
000092,acclaim,n.,a
000093,accolade,n.,a
000094,accommodate,vt.,a
000095,accommodation,n.,a
000096,accompaniment,n.,a
000097,accompany,vt.,a
000098,accompanying,adj.,a
000099,accomplice,n.,a
000100,accomplish,vt.,a
000101,accomplished,adj.,a
000102,accomplishment,,a
000103,accord,n.,a
000104,accordance,n.,a
000105,according,adv.,a
000106,accordingly,adv.,a
000107,accordion,n.,a
000108,accost,vt.,a
000109,account,n.,a
000110,accountability,n.,a
000111,accountable,adj.,a
000112,accountant,n.,a
000113,accounting,n.,a
000114,accredit,vt.,a
000115,accreditation,n.,a
000116,accredited,adj.,a
000117,accretion,n.,a
000118,accrue,vi.,a
000119,acculturation,n.,a
000120,accumulate,v.,a
000121,accumulation,n.,a
000122,accuracy,n.,a
000123,accurate,adj.,a
000124,accurately,adv.,a
000125,accusation,n.,a
000126,accuse,vt.,a
000127,accused,n.,a
000128,accuser,n.,a
000129,accustom,vt.,a
000130,accustomed,adj.,a
000131,ace,n.,a
000132,ache,n.,a
000133,achievable,adj.,a
000134,achieve,vt.,a
000135,achievement,n.,a
000136,aching,adj.,a
000137,acid,n.,a
000138,acidic,adj.,a
000139,acidity,n.,a
000140,acknowledge,vt.,a
000141,acknowledged,adj.,a
000142,acknowledgement,n.,a
000143,acknowledgment,n.,a
000144,acne,n.,a
000145,acorn,n.,a
000146,acoustic,adj.,a
000147,acquaint,vt.,a
000148,acquaintance,n.,a
000149,acquiesce,vi.,a
000150,acquiescence,n.,a
000151,acquire,vt.,a
000152,acquired,adj.,a
000153,acquisition,n.,a
000154,acquit,vt.,a
000155,acquittal,n.,a
000156,acreage,n.,a
000157,acrid,adj.,a
000158,acrobat,n.,a
000159,acronym,n.,a
000160,across,adv.,a
000161,acrylic,adj.,a
000162,act,n.,a
000163,acting,adj.,a
000164,action,n.,a
000165,activation,n.,a
000166,active,adj.,a
000167,actively,adv.,a
000168,activism,n.,a
000169,activist,n.,a
000170,activity,n.,a
000171,actor,n.,a
000172,actress,n.,a
000173,actual,adj.,a
000174,actuality,n.,a
000175,actually,adv.,a
000176,actuator,n.,a
000177,acuity,n.,a
000178,acumen,n.,a
000179,acupuncture,n.,a
000180,acute,adj.,a
000181,acutely,adv.,a
000182,ad,n.,a
000183,adage,n.,a
000184,adamant,adj.,a
000185,adapt,vt.,a
000186,adaptability,n.,a
000187,adaptable,adj.,a
000188,adaptation,n.,a
000189,adapter,n.,a
000190,adaptive,adj.,a
000191,add,vt.,a
000192,added,adj.,a
000193,addict,vt.,a
000194,addiction,n.,a
000195,addictive,adj.,a
000196,addition,n.,a
000197,additional,adj.,a
000198,additionally,adv.,a
000199,additive,adj.,a
000200,address,n.,a
000201,adept,adj.,a
000202,adequacy,n.,a
000203,adequately,adv.,a
000204,adhere,vi.,a
000205,adherence,n.,a
000206,adherent,n.,a
000207,adhesive,adj.,a
000208,adjacent,adj.,a
000209,adjective,n.,a
000210,adjoin,v.,a
000211,adjoining,adj.,a
000212,adjourn,vi.,a
000213,adjudicate,v.,a
000214,adjunct,n.,a
000215,adjust,vt.,a
000216,adjustable,adj.,a
000217,adjusted,adj.,a
000218,adjuster,n.,a
000219,adjustment,n.,a
000220,administer,v.,a
000221,administration,,a
000222,administrative,,a
000223,administrator,n.,a
000224,admirable,adj.,a
000225,admirably,adv.,a
000226,admiral,n.,a
000227,admiration,n.,a
000228,admire,v.,a
000229,admirer,n.,a
000230,admiring,adj.,a
000231,admission,n.,a
000232,admit,v.,a
000233,admittedly,adv.,a
000234,admonish,vt.,a
000235,admonition,n.,a
000236,adobe,n.,a
000237,adolescence,n.,a
000238,adolescent,adj.,a
000239,adopt,vt.,a
000240,adopted,adj.,a
000241,adoption,n.,a
000242,adoptive,adj.,a
000243,adorable,adj.,a
000244,adoration,n.,a
000245,adore,v.,a
000246,adoring,adj.,a
000247,adorn,v.,a
000248,adornment,n.,a
000249,adrift,adv.,a
000250,adulation,n.,a
000251,adult,n.,a
000252,adultery,n.,a
000253,adulthood,n.,a
000254,advance,n.,a
000255,advanced,adj.,a
000256,advancement,n.,a
000257,advantage,n.,a
000258,advantageous,adj.,a
000259,advent,n.,a
000260,adventure,n.,a
000261,adventurer,n.,a
000262,adventurous,adj.,a
000263,adversarial,adj.,a
000264,adversary,n.,a
000265,adverse,adj.,a
000266,adversely,adv.,a
000267,adversity,n.,a
000268,advertise,v.,a
000269,advertisement,n.,a
000270,advertiser,n.,a
000271,advertising,n.,a
000272,advice,n.,a
000273,advisable,adj.,a
000274,advise,vt.,a
000275,adviser,n.,a
000276,advisor,n.,a
000277,advisory,adj.,a
000278,advocacy,n.,a
000279,advocate,n.,a
000280,aegis,n.,a
000281,aerial,adj.,a
000282,aerobic,adj.,a
000283,aerobics,n.,a
000284,aerodynamic,adj.,a
000285,aerosol,n.,a
000286,aerospace,n.,a
000287,aesthetic,adj.,a
000288,aesthetically,adv.,a
000289,aesthetics,n.,a
000290,afar,adv.,a
000291,affable,adj.,a
000292,affair,n.,a
000293,affect,vt.,a
000294,affected,adj.,a
000295,affection,n.,a
000296,affectionate,adj.,a
000297,affectionately,adv.,a
000298,affective,adj.,a
000299,affidavit,n.,a
000300,affiliate,v.,a
000301,affiliated,adj.,a
000302,affiliation,n.,a
000303,affinity,n.,a
000304,affirm,v.,a
000305,affirmation,n.,a
000306,affirmative,adj.,a
000307,affix,vt.,a
000308,afflict,vt.,a
000309,affliction,n.,a
000310,affluence,n.,a
000311,affluent,adj.,a
000312,afford,vt.,a
000313,affront,n.,a
000314,aficionado,n.,a
000315,afield,adv.,a
000316,afloat,adj.,a
000317,afoot,adj.,a
000318,aforementioned,adj.,a
000319,afraid,adj.,a
000320,aft,adv.,a
000321,after,adv.,a
000322,afterlife,n.,a
000323,aftermath,n.,a
000324,afternoon,n.,a
000325,aftershock,n.,a
000326,afterthought,n.,a
000327,afterward,adv.,a
000328,afterwards,adv.,a
000329,again,adv.,a
000330,against,prep.,a
000331,age,n.,a
000332,aged,adj.,a
000333,agency,n.,a
000334,agenda,n.,a
000335,agent,n.,a
000336,aggravate,vt.,a
000337,aggregate,n.,a
000338,aggregation,n.,a
000339,aggression,n.,a
000340,aggressive,adj.,a
000341,aggressively,adv.,a
000342,aggressor,n.,a
000343,aghast,adj.,a
000344,agile,adj.,a
000345,agility,n.,a
000346,aging,n.,a
000347,agitate,v.,a
000348,agitated,adj.,a
000349,agitation,n.,a
000350,ago,adv.,a
000351,agonize,vt.,a
000352,agonizing,adj.,a
000353,agony,n.,a
000354,agrarian,adj.,a
000355,agree,vi.,a
000356,agreeable,adj.,a
000357,agreed,adj.,a
000358,agreement,n.,a
000359,agribusiness,n.,a
000360,agricultural,adj.,a
000361,agriculture,n.,a
000362,ah,int.,a
000363,aha,int.,a
000364,ahead,adj.,a
000365,aid,n.,a
000366,aide,n.,a
000367,ail,vt.,a
000368,ailing,adj.,a
000369,ailment,n.,a
000370,aim,n.,a
000371,aimlessly,adv.,a
000372,air,n.,a
000373,airborne,adj.,a
000374,aircraft,n.,a
000375,airfare,n.,a
000376,airfield,n.,a
000377,airflow,n.,a
000378,airing,n.,a
000379,airline,n.,a
000380,airliner,n.,a
000381,airman,n.,a
000382,airplane,n.,a
000383,airport,n.,a
000384,airspace,n.,a
000385,airstrip,n.,a
000386,airtight,adj.,a
000387,airwaves,,a
000388,airway,n.,a
000389,airy,adj.,a
000390,aisle,n.,a
000391,ajar,adj.,a
000392,akin,adj.,a
000393,alarm,n.,a
000394,alarming,adj.,a
000395,alas,int.,a
000396,albeit,conj.,a
000397,album,n.,a
000398,alchemy,n.,a
000399,alcohol,n.,a
000400,alcoholic,adj.,a
000401,alcoholism,n.,a
000402,alcove,n.,a
000403,alderman,n.,a
000404,ale,n.,a
000405,alert,adj.,a
000406,alertness,n.,a
000407,alfalfa,n.,a
000408,algae,n.,a
000409,algebra,n.,a
000410,algorithm,n.,a
000411,alibi,n.,a
000412,alien,n.,a
000413,alienate,v.,a
000414,alienated,adj.,a
000415,alienation,n.,a
000416,alight,vi.,a
000417,align,vi.,a
000418,alignment,n.,a
000419,alike,adj.,a
000420,alive,adj.,a
000421,all,adj.,a
000422,allay,vt.,a
000423,allegation,n.,a
000424,allege,vt.,a
000425,alleged,adj.,a
000426,allegedly,adv.,a
000427,allegiance,n.,a
000428,allegorical,adj.,a
000429,allegory,n.,a
000430,allergen,n.,a
000431,allergic,adj.,a
000432,allergy,n.,a
000433,alleviate,vt.,a
000434,alley,n.,a
000435,alleyway,n.,a
000436,alliance,n.,a
000437,allied,adj.,a
000438,alligator,n.,a
000439,allocate,vt.,a
000440,allocation,n.,a
000441,allot,vt.,a
000442,allotment,n.,a
000443,allow,vt.,a
000444,allowable,adj.,a
000445,allowance,n.,a
000446,alloy,n.,a
000447,allude,vi.,a
000448,allure,v.,a
000449,alluring,adj.,a
000450,allusion,n.,a
000451,ally,v.,a
000452,almighty,adj.,a
000453,almond,n.,a
000454,almost,adv.,a
000455,aloft,adv.,a
000456,alone,adj.,a
000457,along,adv.,a
000458,alongside,adv.,a
000459,aloof,adv.,a
000460,aloud,adv.,a
000461,alpha,n.,a
000462,alphabet,n.,a
000463,alpine,adj.,a
000464,already,adv.,a
000465,alright,adv.,a
000466,also,adv.,a
000467,altar,n.,a
000468,alter,v.,a
000469,alteration,n.,a
000470,altercation,n.,a
000471,alternate,adj.,a
000472,alternately,adv.,a
000473,alternating,adj.,a
000474,alternative,n.,a
000475,alternatively,adv.,a
000476,although,conj.,a
000477,altitude,n.,a
000478,altogether,adv.,a
000479,altruism,n.,a
000480,alum,n.,a
000481,aluminum,n.,a
000482,alumnus,n.,a
000483,always,adv.,a
000484,amalgam,n.,a
000485,amass,vt.,a
000486,amateur,n.,a
000487,amaze,vt.,a
000488,amazed,adj.,a
000489,amazement,n.,a
000490,amazing,adj.,a
000491,amazingly,adv.,a
000492,ambassador,n.,a
000493,amber,n.,a
000494,ambience,n.,a
000495,ambient,adj.,a
000496,ambiguity,n.,a
000497,ambiguous,adj.,a
000498,ambition,n.,a
000499,ambitious,adj.,a
000500,ambivalence,n.,a
000501,ambivalent,adj.,a
000502,amble,vi.,a
000503,ambulance,n.,a
000504,ambush,n.,a
000505,ameliorate,v.,a
000506,amen,int.,a
000507,amenable,adj.,a
000508,amend,v.,a
000509,amendment,n.,a
000510,amends,n.,a
000511,amenities,n.,a
000512,amiable,adj.,a
000513,amid,prep.,a
000514,amidst,prep.,a
000515,amino,adj.,a
000516,amiss,adj.,a
000517,ammo,n.,a
000518,ammonia,n.,a
000519,ammunition,n.,a
000520,amnesia,n.,a
000521,amnesty,n.,a
000522,amok,adj.,a
000523,among,prep.,a
000524,amongst,prep.,a
000525,amorous,adj.,a
000526,amorphous,adj.,a
000527,amount,n.,a
000528,amphetamine,n.,a
000529,amphibian,adj.,a
000530,amphibious,adj.,a
000531,amphitheater,n.,a
000532,ample,adj.,a
000533,amplification,n.,a
000534,amplifier,n.,a
000535,amplify,vt.,a
000536,amplitude,n.,a
000537,amply,adv.,a
000538,amputate,vt.,a
000539,amputation,n.,a
000540,amputee,n.,a
000541,amulet,n.,a
000542,amuse,vt.,a
000543,amused,adj.,a
000544,amusement,n.,a
000545,amusing,adj.,a
000546,anachronism,n.,a
000547,anachronistic,adj.,a
000548,anaerobic,adj.,a
000549,anal,adj.,a
000550,analog,n.,a
000551,analogous,adj.,a
000552,analogy,n.,a
000553,analyse,vt.,a
000554,analysis,n.,a
000555,analyst,n.,a
000556,analytic,adj.,a
000557,analytical,adj.,a
000558,analyze,vt.,a
000559,analyzer,n.,a
000560,anarchist,n.,a
000561,anarchy,n.,a
000562,anathema,n.,a
000563,anatomical,adj.,a
000564,anatomy,n.,a
000565,ancestor,n.,a
000566,ancestral,adj.,a
000567,ancestry,n.,a
000568,anchor,n.,a
000569,anchovy,n.,a
000570,ancient,adj.,a
000571,ancillary,adj.,a
000572,and,conj.,a
000573,anecdotal,adj.,a
000574,anecdote,n.,a
000575,anemia,n.,a
000576,anemic,adj.,a
000577,anesthesia,n.,a
000578,anesthesiologist,n.,a
000579,aneurysm,n.,a
000580,anew,adv.,a
000581,angel,n.,a
000582,angelic,adj.,a
000583,anger,n.,a
000584,angle,n.,a
000585,angled,adj.,a
000586,angler,n.,a
000587,angling,n.,a
000588,angrily,adv.,a
000589,angry,adj.,a
000590,angst,n.,a
000591,anguish,n.,a
000592,anguished,adj.,a
000593,angular,adj.,a
000594,animal,n.,a
000595,animate,v.,a
000596,animated,adj.,a
000597,animation,n.,a
000598,animosity,n.,a
000599,ankle,n.,a
000600,annal,n.,a
000601,annex,n.,a
000602,annexation,n.,a
000603,annihilate,vt.,a
000604,annihilation,n.,a
000605,anniversary,n.,a
000606,announce,vt.,a
000607,announcement,n.,a
000608,announcer,n.,a
000609,annoy,vt.,a
000610,annoyance,n.,a
000611,annoying,adj.,a
000612,annual,n.,a
000613,annually,adv.,a
000614,annuity,n.,a
000615,anoint,vt.,a
000616,anomalous,adj.,a
000617,anomaly,n.,a
000618,anonymity,n.,a
000619,anonymous,adj.,a
000620,anonymously,adv.,a
000621,anorexia,n.,a
000622,another,adj.,a
000623,answer,n.,a
000624,antagonism,n.,a
000625,antagonist,n.,a
000626,antagonistic,adj.,a
000627,antagonize,vt.,a
000628,antebellum,adj.,a
000629,antecedent,n.,a
000630,antelope,n.,a
000631,antenna,,a
000632,anterior,adj.,a
000633,anthem,n.,a
000634,anthology,n.,a
000635,anthrax,n.,a
000636,anthropological,adj.,a
000637,anthropologist,n.,a
000638,anthropology,n.,a
000639,anti,n.,a
000640,antibiotic,n.,a
000641,antibody,n.,a
000642,anticipate,vt.,a
000643,anticipation,n.,a
000644,antics,n.,a
000645,antidote,n.,a
000646,antigen,n.,a
000647,antioxidant,n.,a
000648,antipathy,n.,a
000649,antiquated,adj.,a
000650,antique,n.,a
000651,antiquity,n.,a
000652,antiseptic,adj.,a
000653,antisocial,adj.,a
000654,antithesis,n.,a
000655,antithetical,adj.,a
000656,antler,n.,a
000657,anvil,n.,a
000658,anxiety,n.,a
000659,anxious,adj.,a
000660,anxiously,adv.,a
000661,any,adj.,a
000662,anybody,pron.,a
000663,anyhow,adv.,a
000664,anymore,adv.,a
000665,anyone,pron.,a
000666,anyplace,adv.,a
000667,anything,pron.,a
000668,anyway,adv.,a
000669,anywhere,adv.,a
000670,apart,adv.,a
000671,apartheid,n.,a
000672,apartment,n.,a
000673,apathy,n.,a
000674,aperture,n.,a
000675,apex,n.,a
000676,aphid,n.,a
000677,apiece,adv.,a
000678,apnea,n.,a
000679,apocalypse,n.,a
000680,apocalyptic,adj.,a
000681,apolitical,adj.,a
000682,apologetic,adj.,a
000683,apologetically,adv.,a
000684,apologist,n.,a
000685,apologize,vi.,a
000686,apology,n.,a
000687,apostle,n.,a
000688,apostolic,adj.,a
000689,appal,v.,a
000690,appalling,adj.,a
000691,apparatus,n.,a
000692,apparel,n.,a
000693,apparent,adj.,a
000694,apparently,adv.,a
000695,apparition,n.,a
000696,appeal,n.,a
000697,appealing,adj.,a
000698,appear,vi.,a
000699,appearance,n.,a
000700,appease,vt.,a
000701,appellate,adj.,a
000702,appendage,n.,a
000703,appendix,n.,a
000704,appetite,n.,a
000705,appetizer,n.,a
000706,applaud,v.,a
000707,applause,n.,a
000708,apple,n.,a
000709,appliance,n.,a
000710,applicability,n.,a
000711,applicable,adj.,a
000712,applicant,n.,a
000713,application,n.,a
000714,applied,adj.,a
000715,apply,vt.,a
000716,appoint,vt.,a
000717,appointed,adj.,a
000718,appointee,n.,a
000719,appraisal,n.,a
000720,appraise,v.,a
000721,appraiser,n.,a
000722,appreciate,vt.,a
000723,appreciation,n.,a
000724,appreciative,,a
000725,apprehend,v.,a
000726,apprehension,n.,a
000727,apprehensive,adj.,a
000728,apprentice,n.,a
000729,apprenticeship,n.,a
000730,approach,n.,a
000731,appropriate,adj.,a
000732,appropriately,adv.,a
000733,appropriation,n.,a
000734,approval,n.,a
000735,approve,vi.,a
000736,approved,adj.,a
000737,approvingly,adv.,a
000738,approximate,adj.,a
000739,approximately,adv.,a
000740,approximation,n.,a
000741,apricot,n.,a
000742,apron,n.,a
000743,apt,adj.,a
000744,aptitude,n.,a
000745,aptly,adv.,a
000746,aquaculture,n.,a
000747,aquarium,n.,a
000748,aquatic,adj.,a
000749,aquifer,n.,a
000750,arbiter,n.,a
000751,arbitrarily,adv.,a
000752,arbitrary,adj.,a
000753,arbitration,n.,a
000754,arbitrator,n.,a
000755,arbor,n.,a
000756,arc,n.,a
000757,arcade,n.,a
000758,arcane,adj.,a
000759,arch,n.,a
000760,archaeological,adj.,a
000761,archaeologist,n.,a
000762,archaeology,n.,a
000763,archaic,adj.,a
000764,archbishop,n.,a
000765,archdiocese,n.,a
000766,arched,adj.,a
000767,archer,n.,a
000768,archetypal,adj.,a
000769,archetype,n.,a
000770,archipelago,n.,a
000771,architect,n.,a
000772,architectural,adj.,a
000773,architecture,n.,a
000774,archival,adj.,a
000775,archive,vt.,a
000776,archway,n.,a
000777,ardent,adj.,a
000778,arduous,adj.,a
000779,area,n.,a
000780,arena,n.,a
000781,arguably,adv.,a
000782,argue,vi.,a
000783,argument,n.,a
000784,aria,n.,a
000785,arid,adj.,a
000786,arise,vi.,a
000787,aristocracy,n.,a
000788,aristocrat,n.,a
000789,aristocratic,adj.,a
000790,arithmetic,n.,a
000791,ark,n.,a
000792,arm,n.,a
000793,armament,n.,a
000794,armchair,n.,a
000795,armed,adj.,a
000796,armor,n.,a
000797,armored,adj.,a
000798,armpit,n.,a
000799,army,n.,a
000800,aroma,n.,a
000801,aromatic,adj.,a
000802,around,adv.,a
000803,arousal,n.,a
000804,arouse,vt.,a
000805,arrange,v.,a
000806,arrangement,n.,a
000807,array,n.,a
000808,arrest,vt.,a
000809,arrival,n.,a
000810,arrive,vi.,a
000811,arrogance,n.,a
000812,arrogant,adj.,a
000813,arrow,n.,a
000814,arsenal,n.,a
000815,arsenic,n.,a
000816,arson,n.,a
000817,art,n.,a
000818,arterial,adj.,a
000819,artery,n.,a
000820,artful,adj.,a
000821,artfully,adv.,a
000822,arthritic,adj.,a
000823,arthritis,n.,a
000824,artichoke,n.,a
000825,article,n.,a
000826,articulate,adj.,a
000827,articulation,n.,a
000828,artifact,n.,a
000829,artifice,n.,a
000830,artificial,adj.,a
000831,artificially,adv.,a
000832,artillery,n.,a
000833,artisan,n.,a
000834,artist,n.,a
000835,artistic,adj.,a
000836,artistically,adv.,a
000837,artistry,n.,a
000838,artwork,n.,a
000839,arugula,n.,a
000840,as,adv.,a
000841,asbestos,n.,a
000842,ascend,v.,a
000843,ascendancy,n.,a
000844,ascending,adj.,a
000845,ascension,n.,a
000846,ascent,n.,a
000847,ascertain,vt.,a
000848,ascetic,n.,a
000849,ascribe,vt.,a
000850,ash,n.,a
000851,ashamed,adj.,a
000852,ashore,adv.,a
000853,ashtray,n.,a
000854,aside,adv.,a
000855,ask,vi.,a
000856,askew,adj.,a
000857,asking,n.,a
000858,asleep,adj.,a
000859,asparagus,n.,a
000860,aspect,n.,a
000861,aspen,n.,a
000862,asphalt,n.,a
000863,aspiration,n.,a
000864,aspire,vi.,a
000865,aspirin,n.,a
000866,aspiring,adj.,a
000867,ass,n.,a
000868,assail,vt.,a
000869,assailant,n.,a
000870,assassin,n.,a
000871,assassinate,vt.,a
000872,assassination,n.,a
000873,assault,n.,a
000874,assay,n.,a
000875,assemblage,n.,a
000876,assemble,vt.,a
000877,assembled,vbl.,a
000878,assembly,n.,a
000879,assent,n.,a
000880,assert,v.,a
000881,assertion,n.,a
000882,assertive,adj.,a
000883,assess,vt.,a
000884,assessment,n.,a
000885,assessor,n.,a
000886,asset,n.,a
000887,assign,vt.,a
000888,assignment,n.,a
000889,assimilate,v.,a
000890,assimilation,n.,a
000891,assist,v.,a
000892,assistance,n.,a
000893,assistant,n.,a
000894,associate,vt.,a
000895,associated,adj.,a
000896,association,n.,a
000897,assorted,adj.,a
000898,assortment,n.,a
000899,assuage,vt.,a
000900,assume,vt.,a
000901,assumed,adj.,a
000902,assumption,n.,a
000903,assurance,n.,a
000904,assure,vt.,a
000905,assured,adj.,a
000906,asterisk,n.,a
000907,asteroid,n.,a
000908,asthma,n.,a
000909,astonish,vt.,a
000910,astonished,,a
000911,astonishing,adj.,a
000912,astonishment,n.,a
000913,astound,vt.,a
000914,astounding,adj.,a
000915,astray,adv.,a
000916,astride,adv.,a
000917,astronaut,n.,a
000918,astronomer,n.,a
000919,astronomical,adj.,a
000920,astronomy,n.,a
000921,astrophysicist,n.,a
000922,astute,adj.,a
000923,asylum,n.,a
000924,asymmetrical,adj.,a
000925,asymmetry,n.,a
000926,at,prep.,a
000927,atheist,n.,a
000928,athlete,n.,a
000929,athletic,adj.,a
000930,athleticism,n.,a
000931,athletics,n.,a
000932,atlas,n.,a
000933,atmosphere,n.,a
000934,atmospheric,adj.,a
000935,atom,n.,a
000936,atomic,adj.,a
000937,atonement,n.,a
000938,atop,adv.,a
000939,atrium,n.,a
000940,atrocity,n.,a
000941,attach,vt.,a
000942,attached,a.,a
000943,attachment,n.,a
000944,attack,n.,a
000945,attacker,n.,a
000946,attain,vt.,a
000947,attainable,adj.,a
000948,attainment,n.,a
000949,attempt,n.,a
000950,attend,vt.,a
000951,attendance,n.,a
000952,attendant,n.,a
000953,attendee,n.,a
000954,attention,n.,a
000955,attentive,adj.,a
000956,attentively,adv.,a
000957,attest,v.,a
000958,attic,n.,a
000959,attire,n.,a
000960,attitude,n.,a
000961,attitudinal,adj.,a
000962,attorney,n.,a
000963,attract,vt.,a
000964,attraction,n.,a
000965,attractive,adj.,a
000966,attributable,adj.,a
000967,attribute,n.,a
000968,attribution,n.,a
000969,attrition,n.,a
000970,attune,vt.,a
000971,atypical,adj.,a
000972,auburn,n.,a
000973,auction,n.,a
000974,auctioneer,n.,a
000975,audacious,adj.,a
000976,audacity,n.,a
000977,audible,adj.,a
000978,audience,n.,a
000979,audio,adj.,a
000980,audiotape,n.,a
000981,audit,n.,a
000982,auditing,v.,a
000983,audition,n.,a
000984,auditor,n.,a
000985,auditorium,n.,a
000986,auditory,adj.,a
000987,augment,v.,a
000988,aunt,n.,a
000989,aura,n.,a
000990,aural,adj.,a
000991,auspice,n.,a
000992,austere,adj.,a
000993,austerity,n.,a
000994,authentic,adj.,a
000995,authenticity,n.,a
000996,author,n.,a
000997,authorial,adj.,a
000998,authoritarian,adj.,a
000999,authoritarianism,n.,a
001000,authoritative,adj.,a
001001,authority,n.,a
001002,authorization,n.,a
001003,authorize,v.,a
001004,authorized,adj.,a
001005,authorship,n.,a
001006,autism,n.,a
001007,autistic,n.,a
001008,auto,n.,a
001009,autobiography,n.,a
001010,autocratic,adj.,a
001011,autograph,n.,a
001012,automaker,n.,a
001013,automate,v.,a
001014,automatic,n.,a
001015,automatically,adv.,a
001016,automation,n.,a
001017,automobile,n.,a
001018,automotive,adj.,a
001019,autonomous,adj.,a
001020,autonomy,n.,a
001021,autopsy,n.,a
001022,autumn,n.,a
001023,auxiliary,adj.,a
001024,avail,vi.,a
001025,availability,n.,a
001026,available,adj.,a
001027,avalanche,n.,a
001028,avatar,n.,a
001029,avenge,vt.,a
001030,avenue,n.,a
001031,average,n.,a
001032,aversion,n.,a
001033,avert,v.,a
001034,avian,adj.,a
001035,aviation,n.,a
001036,aviator,n.,a
001037,avid,adj.,a
001038,avocado,n.,a
001039,avoid,vt.,a
001040,aw,,a
001041,await,vt.,a
001042,awake,vi.,a
001043,awaken,v.,a
001044,awakening,adj.,a
001045,award,n.,a
001046,aware,adj.,a
001047,awareness,n.,a
001048,awash,adj.,a
001049,away,adv.,a
001050,awe,n.,a
001051,awed,adj.,a
001052,awesome,adj.,a
001053,awful,adj.,a
001054,awfully,adv.,a
001055,awhile,adv.,a
001056,awkward,adj.,a
001057,awkwardly,adv.,a
001058,awkwardness,n.,a
001059,awning,n.,a
001060,awry,adj.,a
001061,ax,n.,a
001062,axe,n.,a
001063,axial,adj.,a
001064,axiom,n.,a
001065,axle,n.,a
001066,aye,n.,a
001067,azalea,n.,a
001068,babble,v.,b
001069,babe,n.,b
001070,baboon,n.,b
001071,baby,n.,b
001072,bachelor,n.,b
001073,back,adj.,b
001074,backbone,n.,b
001075,backdrop,n.,b
001076,backer,n.,b
001077,backfire,n.,b
001078,background,n.,b
001079,backing,n.,b
001080,backlash,n.,b
001081,backlog,n.,b
001082,backpack,v.,b
001083,backseat,n.,b
001084,backside,n.,b
001085,backstage,adv.,b
001086,backtrack,vi.,b
001087,backup,n.,b
001088,backward,adv.,b
001089,backwards,adv.,b
001090,backwater,n.,b
001091,backyard,n.,b
001092,bacon,n.,b
001093,bacteria,n.,b
001094,bacterial,adj.,b
001095,bad,adj.,b
001096,badge,n.,b
001097,badly,adv.,b
001098,baffle,vt.,b
001099,baffling,adj.,b
001100,bag,n.,b
001101,bagel,n.,b
001102,baggage,n.,b
001103,baggy,adj.,b
001104,bail,n.,b
001105,bailout,n.,b
001106,bait,n.,b
001107,bake,v.,b
001108,baker,n.,b
001109,bakery,n.,b
001110,baking,n.,b
001111,balance,n.,b
001112,balanced,adj.,b
001113,balcony,n.,b
001114,bald,adj.,b
001115,balding,adj.,b
001116,bale,n.,b
001117,balk,n.,b
001118,ball,n.,b
001119,ballad,n.,b
001120,ballast,n.,b
001121,ballerina,n.,b
001122,ballet,n.,b
001123,ballistic,adj.,b
001124,balloon,n.,b
001125,ballot,n.,b
001126,ballplayer,n.,b
001127,ballroom,n.,b
001128,balm,n.,b
001129,balmy,adj.,b
001130,balsamic,adj.,b
001131,bamboo,n.,b
001132,ban,n.,b
001133,banal,adj.,b
001134,banana,n.,b
001135,band,n.,b
001136,bandage,n.,b
001137,bandanna,n.,b
001138,bandit,n.,b
001139,bandwagon,n.,b
001140,bandwidth,,b
001141,bang,n.,b
001142,banish,vt.,b
001143,banister,n.,b
001144,banjo,n.,b
001145,bank,n.,b
001146,banker,n.,b
001147,banking,n.,b
001148,bankrupt,n.,b
001149,bankruptcy,n.,b
001150,banner,n.,b
001151,banquet,n.,b
001152,banter,n.,b
001153,baptism,n.,b
001154,baptize,vt.,b
001155,bar,n.,b
001156,barb,n.,b
001157,barbarian,n.,b
001158,barbaric,adj.,b
001159,barbecue,n.,b
001160,barbed,adj.,b
001161,barber,n.,b
001162,bare,adj.,b
001163,barefoot,adj.,b
001164,barely,adv.,b
001165,bargain,n.,b
001166,bargaining,n.,b
001167,barge,n.,b
001168,baritone,n.,b
001169,bark,n.,b
001170,barley,n.,b
001171,barn,n.,b
001172,barometer,n.,b
001173,baron,n.,b
001174,baroque,n.,b
001175,barracks,n.,b
001176,barrage,n.,b
001177,barrel,n.,b
001178,barren,adj.,b
001179,barricade,v.,b
001180,barrier,n.,b
001181,barring,prep.,b
001182,bartender,n.,b
001183,barter,n.,b
001184,basal,adj.,b
001185,base,n.,b
001186,baseball,n.,b
001187,baseline,n.,b
001188,baseman,n.,b
001189,basement,n.,b
001190,bash,v.,b
001191,basically,adv.,b
001192,basil,n.,b
001193,basin,n.,b
001194,basis,n.,b
001195,bask,vi.,b
001196,basket,n.,b
001197,basketball,n.,b
001198,bass,n.,b
001199,bassist,n.,b
001200,bastard,n.,b
001201,baste,vt.,b
001202,bastion,n.,b
001203,bat,n.,b
001204,batch,n.,b
001205,bath,n.,b
001206,bathe,v.,b
001207,bathing,n.,b
001208,bathrobe,n.,b
001209,bathroom,n.,b
001210,bathtub,n.,b
001211,baton,n.,b
001212,battalion,n.,b
001213,batter,n.,b
001214,battered,adj.,b
001215,battery,n.,b
001216,batting,n.,b
001217,battle,n.,b
001218,battlefield,n.,b
001219,battleground,n.,b
001220,battleship,n.,b
001221,bawl,n.,b
001222,bay,n.,b
001223,bayonet,n.,b
001224,bayou,n.,b
001225,bazaar,n.,b
001226,be,prep.,b
001227,beach,n.,b
001228,beacon,n.,b
001229,bead,n.,b
001230,beaded,adj.,b
001231,beak,n.,b
001232,beam,n.,b
001233,bean,n.,b
001234,bear,n.,b
001235,beard,n.,b
001236,bearded,adj.,b
001237,bearer,n.,b
001238,bearing,n.,b
001239,beast,n.,b
001240,beat,n.,b
001241,beaten,n.,b
001242,beater,n.,b
001243,beating,v.,b
001244,beau,n.,b
001245,beautiful,adj.,b
001246,beautifully,adv.,b
001247,beauty,n.,b
001248,beaver,n.,b
001249,because,conj.,b
001250,beckon,v.,b
001251,become,vi.,b
001252,bed,n.,b
001253,bedding,n.,b
001254,bedrock,n.,b
001255,bedroom,n.,b
001256,bedside,n.,b
001257,bedspread,n.,b
001258,bedtime,n.,b
001259,beef,n.,b
001260,beefy,adj.,b
001261,beehive,n.,b
001262,beep,n.,b
001263,beeper,n.,b
001264,beer,n.,b
001265,beet,n.,b
001266,beetle,n.,b
001267,befall,v.,b
001268,befit,vt.,b
001269,before,adv.,b
001270,beforehand,adv.,b
001271,befriend,vt.,b
001272,beg,v.,b
001273,beggar,n.,b
001274,begin,v.,b
001275,beginner,n.,b
001276,beginning,n.,b
001277,behalf,n.,b
001278,behave,vi.,b
001279,behavior,n.,b
001280,behavioral,adj.,b
001281,behaviour,n.,b
001282,behead,vt.,b
001283,behemoth,n.,b
001284,behest,n.,b
001285,behind,adv.,b
001286,behold,vt.,b
001287,beholden,adj.,b
001288,beholder,n.,b
001289,beige,adj.,b
001290,being,n.,b
001291,belated,adj.,b
001292,belch,v.,b
001293,belie,v.,b
001294,belief,n.,b
001295,believable,adj.,b
001296,believe,v.,b
001297,believer,n.,b
001298,belittle,vt.,b
001299,bell,n.,b
001300,belle,n.,b
001301,belligerent,adj.,b
001302,bellow,v.,b
001303,belly,n.,b
001304,belong,vi.,b
001305,belongings,n.,b
001306,beloved,adj.,b
001307,below,prep.,b
001308,belt,n.,b
001309,bemoan,vt.,b
001310,bemused,adj.,b
001311,bench,n.,b
001312,benchmark,,b
001313,bend,v.,b
001314,beneath,adv.,b
001315,benefactor,n.,b
001316,beneficial,adj.,b
001317,beneficiary,n.,b
001318,benefit,n.,b
001319,benevolence,n.,b
001320,benevolent,adj.,b
001321,benign,adj.,b
001322,bent,n.,b
001323,bequeath,vt.,b
001324,bequest,n.,b
001325,berate,vt.,b
001326,bereaved,adj.,b
001327,bereft,adj.,b
001328,beret,n.,b
001329,berry,n.,b
001330,berth,n.,b
001331,beset,v.,b
001332,beside,prep.,b
001333,besides,adv.,b
001334,besiege,vt.,b
001335,best,adj.,b
001336,bestow,vt.,b
001337,bet,n.,b
001338,beta,n.,b
001339,betray,vt.,b
001340,betrayal,n.,b
001341,better,adj.,b
001342,betting,n.,b
001343,between,prep.,b
001344,beverage,n.,b
001345,beware,v.,b
001346,bewildering,adj.,b
001347,bewilderment,n.,b
001348,beyond,prep.,b
001349,bias,n.,b
001350,biased,adj.,b
001351,biblical,adj.,b
001352,bibliography,n.,b
001353,biceps,n.,b
001354,bicker,vi.,b
001355,bicycle,n.,b
001356,bid,vt.,b
001357,bidder,n.,b
001358,bidding,n.,b
001359,bide,v.,b
001360,big,adj.,b
001361,bigot,n.,b
001362,bigotry,n.,b
001363,bike,n.,b
001364,biker,n.,b
001365,bikini,n.,b
001366,bilateral,adj.,b
001367,bile,n.,b
001368,bilingual,adj.,b
001369,bill,n.,b
001370,billboard,n.,b
001371,billiards,n.,b
001372,billing,n.,b
001373,billion,n.,b
001374,billionaire,n.,b
001375,billow,n.,b
001376,binary,adj.,b
001377,bind,v.,b
001378,binder,n.,b
001379,binding,n.,b
001380,binge,n.,b
001381,bingo,n.,b
001382,binoculars,n.,b
001383,biochemical,adj.,b
001384,biochemistry,n.,b
001385,biographer,n.,b
001386,biographical,adj.,b
001387,biography,n.,b
001388,biological,adj.,b
001389,biologically,adv.,b
001390,biologist,n.,b
001391,biology,n.,b
001392,biomass,n.,b
001393,biopsy,n.,b
001394,biosphere,n.,b
001395,biotechnology,n.,b
001396,bipartisan,adj.,b
001397,bipolar,adj.,b
001398,birch,n.,b
001399,bird,n.,b
001400,birdie,n.,b
001401,birth,n.,b
001402,birthday,n.,b
001403,birthplace,n.,b
001404,birthright,n.,b
001405,biscuit,n.,b
001406,bisexual,adj.,b
001407,bishop,n.,b
001408,bison,n.,b
001409,bistro,n.,b
001410,bit,n.,b
001411,bitch,n.,b
001412,biting,adj.,b
001413,bitter,adj.,b
001414,bitterly,adv.,b
001415,bitterness,n.,b
001416,bittersweet,adj.,b
001417,biz,n.,b
001418,bizarre,adj.,b
001419,black,n.,b
001420,blackberry,n.,b
001421,blackboard,n.,b
001422,blacken,v.,b
001423,blackjack,v.,b
001424,blackmail,n.,b
001425,blackness,n.,b
001426,blackout,n.,b
001427,blacksmith,n.,b
001428,blacktop,n.,b
001429,bladder,n.,b
001430,blade,n.,b
001431,blah,n.,b
001432,blame,n.,b
001433,blanch,v.,b
001434,bland,adj.,b
001435,blank,adj.,b
001436,blanket,n.,b
001437,blankly,adv.,b
001438,blare,n.,b
001439,blasphemy,n.,b
001440,blast,n.,b
001441,blatant,adj.,b
001442,blatantly,adv.,b
001443,blaze,n.,b
001444,blazer,n.,b
001445,blazing,adj.,b
001446,bleach,v.,b
001447,bleachers,n.,b
001448,bleak,adj.,b
001449,bleed,v.,b
001450,bleeding,n.,b
001451,blemish,n.,b
001452,blend,vt.,b
001453,blender,n.,b
001454,bless,vt.,b
001455,blessed,adj.,b
001456,blessing,n.,b
001457,blight,n.,b
001458,blind,adj.,b
001459,blindfold,,b
001460,blinding,adj.,b
001461,blindly,adv.,b
001462,blindness,n.,b
001463,blink,v.,b
001464,blinking,adj.,b
001465,blip,n.,b
001466,bliss,n.,b
001467,blissful,adj.,b
001468,blister,n.,b
001469,blithely,adv.,b
001470,blitz,n.,b
001471,blizzard,n.,b
001472,bloated,adj.,b
001473,blob,n.,b
001474,bloc,n.,b
001475,block,n.,b
001476,blockade,n.,b
001477,blockage,n.,b
001478,blockbuster,n.,b
001479,blocking,,b
001480,blond,adj.,b
001481,blonde,adj.,b
001482,blood,n.,b
001483,bloodless,adj.,b
001484,bloodshed,n.,b
001485,bloody,adj.,b
001486,bloom,n.,b
001487,blooming,adj.,b
001488,blossom,n.,b
001489,blot,n.,b
001490,blouse,n.,b
001491,blow,n.,b
001492,blower,n.,b
001493,blown,vbl.,b
001494,blowout,n.,b
001495,blue,n.,b
001496,blueberry,n.,b
001497,bluegrass,n.,b
001498,blueprint,n.,b
001499,bluff,n.,b
001500,bluish,adj.,b
001501,blunder,v.,b
001502,blunt,adj.,b
001503,bluntly,adv.,b
001504,blur,v.,b
001505,blurry,adj.,b
001506,blurt,vt.,b
001507,blush,v.,b
001508,boar,n.,b
001509,board,n.,b
001510,boarder,n.,b
001511,boarding,n.,b
001512,boardroom,n.,b
001513,boardwalk,n.,b
001514,boast,n.,b
001515,boat,n.,b
001516,boater,n.,b
001517,boating,n.,b
001518,bob,v.,b
001519,bode,v.,b
001520,bodice,n.,b
001521,bodily,adj.,b
001522,body,n.,b
001523,bodyguard,n.,b
001524,bog,n.,b
001525,bogey,n.,b
001526,bogus,adj.,b
001527,bohemian,adj.,b
001528,boil,n.,b
001529,boiler,n.,b
001530,boiling,adj.,b
001531,boisterous,adj.,b
001532,bold,adj.,b
001533,boldly,adv.,b
001534,boldness,n.,b
001535,bolster,n.,b
001536,bolt,n.,b
001537,bomb,n.,b
001538,bombardment,n.,b
001539,bomber,n.,b
001540,bombshell,n.,b
001541,bonanza,n.,b
001542,bond,n.,b
001543,bondage,n.,b
001544,bone,n.,b
001545,boneless,adj.,b
001546,bonfire,n.,b
001547,bonnet,n.,b
001548,bonus,n.,b
001549,bony,adj.,b
001550,boo,v.,b
001551,boob,n.,b
001552,book,n.,b
001553,bookcase,n.,b
001554,booking,n.,b
001555,bookkeeping,n.,b
001556,booklet,n.,b
001557,bookseller,n.,b
001558,bookshelf,n.,b
001559,bookstore,n.,b
001560,boom,n.,b
001561,booming,adj.,b
001562,boon,n.,b
001563,boost,v.,b
001564,booster,n.,b
001565,boot,n.,b
001566,booth,n.,b
001567,booty,n.,b
001568,booze,vi.,b
001569,border,n.,b
001570,borderline,n.,b
001571,bore,n.,b
001572,bored,adj.,b
001573,boredom,n.,b
001574,boring,n.,b
001575,born,adj.,b
001576,borough,n.,b
001577,borrow,v.,b
001578,borrowed,adj.,b
001579,borrower,n.,b
001580,borrowing,n.,b
001581,bosom,n.,b
001582,boss,n.,b
001583,bot,n.,b
001584,botanical,adj.,b
001585,botanist,n.,b
001586,botch,v.,b
001587,both,adj.,b
001588,bother,vt.,b
001589,bottle,n.,b
001590,bottled,adj.,b
001591,bottleneck,n.,b
001592,bottom,n.,b
001593,bottomless,adj.,b
001594,bough,n.,b
001595,boulder,n.,b
001596,boulevard,n.,b
001597,bounce,v.,b
001598,bouncer,n.,b
001599,bouncing,adj.,b
001600,bound,n.,b
001601,boundary,n.,b
001602,boundless,adj.,b
001603,bountiful,adj.,b
001604,bounty,n.,b
001605,bouquet,n.,b
001606,bourbon,n.,b
001607,bourgeois,n.,b
001608,bourgeoisie,n.,b
001609,bout,n.,b
001610,boutique,n.,b
001611,bow,n.,b
001612,bowel,n.,b
001613,bowl,n.,b
001614,bowler,n.,b
001615,bowling,n.,b
001616,box,n.,b
001617,boxer,n.,b
001618,boxing,n.,b
001619,boy,n.,b
001620,boycott,n.,b
001621,boyfriend,n.,b
001622,boyhood,n.,b
001623,bra,n.,b
001624,brace,n.,b
001625,bracelet,n.,b
001626,bracket,n.,b
001627,brag,n.,b
001628,braid,v.,b
001629,braille,n.,b
001630,brain,n.,b
001631,brainchild,n.,b
001632,brainwash,n.,b
001633,brake,n.,b
001634,bran,n.,b
001635,branch,n.,b
001636,branching,n.,b
001637,brand,n.,b
001638,brandish,vt.,b
001639,brandy,n.,b
001640,brash,adj.,b
001641,brass,n.,b
001642,brat,n.,b
001643,bravado,n.,b
001644,brave,adj.,b
001645,bravely,adv.,b
001646,bravery,n.,b
001647,brawl,n.,b
001648,brazen,adj.,b
001649,breach,n.,b
001650,bread,n.,b
001651,breadth,n.,b
001652,breadwinner,n.,b
001653,break,n.,b
001654,breakaway,n.,b
001655,breakdown,n.,b
001656,breaker,n.,b
001657,breakfast,n.,b
001658,breaking,n.,b
001659,breakout,n.,b
001660,breakthrough,n.,b
001661,breakup,n.,b
001662,breast,n.,b
001663,breath,n.,b
001664,breathe,v.,b
001665,breather,n.,b
001666,breathing,n.,b
001667,breathless,adj.,b
001668,breathlessly,adv.,b
001669,breathtaking,adj.,b
001670,breech,n.,b
001671,breed,v.,b
001672,breeder,n.,b
001673,breeding,n.,b
001674,breeze,n.,b
001675,breezy,adj.,b
001676,brew,v.,b
001677,brewer,n.,b
001678,brewery,n.,b
001679,brewing,n.,b
001680,bribe,n.,b
001681,bribery,n.,b
001682,brick,n.,b
001683,bridal,adj.,b
001684,bride,n.,b
001685,bridesmaid,n.,b
001686,bridge,n.,b
001687,bridle,n.,b
001688,brief,n.,b
001689,briefcase,n.,b
001690,briefing,n.,b
001691,briefly,adv.,b
001692,brigade,n.,b
001693,bright,adj.,b
001694,brighten,v.,b
001695,brightly,adv.,b
001696,brightness,n.,b
001697,brilliance,n.,b
001698,brilliant,adj.,b
001699,brilliantly,adv.,b
001700,brim,n.,b
001701,brine,n.,b
001702,bring,vt.,b
001703,brink,n.,b
001704,brisk,adj.,b
001705,briskly,adv.,b
001706,bristle,n.,b
001707,brittle,adj.,b
001708,broach,vt.,b
001709,broad,adj.,b
001710,broadband,,b
001711,broadcast,n.,b
001712,broadcaster,n.,b
001713,broadcasting,n.,b
001714,broaden,v.,b
001715,broadly,adv.,b
001716,broadside,n.,b
001717,broccoli,n.,b
001718,brochure,n.,b
001719,broil,v.,b
001720,broiler,n.,b
001721,broke,adj.,b
001722,broken,adj.,b
001723,broker,n.,b
001724,brokerage,n.,b
001725,bronze,n.,b
001726,brooch,n.,b
001727,brood,n.,b
001728,brook,n.,b
001729,broom,n.,b
001730,broth,n.,b
001731,brothel,n.,b
001732,brother,n.,b
001733,brotherhood,n.,b
001734,brow,n.,b
001735,brown,n.,b
001736,brownie,n.,b
001737,brownstone,n.,b
001738,browse,v.,b
001739,browser,,b
001740,bruise,n.,b
001741,brunch,n.,b
001742,brunt,,b
001743,brush,n.,b
001744,brutal,adj.,b
001745,brutality,n.,b
001746,brutalize,vi.,b
001747,brutally,adv.,b
001748,brute,adj.,b
001749,bubble,n.,b
001750,bubbly,adj.,b
001751,buck,n.,b
001752,bucket,n.,b
001753,buckle,n.,b
001754,bucolic,adj.,b
001755,bud,n.,b
001756,budding,adj.,b
001757,buddy,n.,b
001758,budge,v.,b
001759,budget,n.,b
001760,budgetary,adj.,b
001761,buff,n.,b
001762,buffalo,n.,b
001763,buffer,n.,b
001764,buffet,n.,b
001765,bug,n.,b
001766,buggy,adj.,b
001767,build,v.,b
001768,builder,n.,b
001769,building,n.,b
001770,bulb,n.,b
001771,bulge,n.,b
001772,bulimia,n.,b
001773,bulk,n.,b
001774,bulkhead,n.,b
001775,bulky,adj.,b
001776,bull,n.,b
001777,bulldoze,v.,b
001778,bulldozer,n.,b
001779,bullet,n.,b
001780,bulletin,n.,b
001781,bullish,adj.,b
001782,bullpen,n.,b
001783,bullshit,n.,b
001784,bully,n.,b
001785,bulwark,n.,b
001786,bum,n.,b
001787,bump,n.,b
001788,bumper,n.,b
001789,bumpy,adj.,b
001790,bun,n.,b
001791,bunch,n.,b
001792,bundle,n.,b
001793,bungalow,n.,b
001794,bunk,n.,b
001795,bunker,n.,b
001796,bunny,n.,b
001797,buoy,n.,b
001798,buoyant,adj.,b
001799,burden,n.,b
001800,burdensome,adj.,b
001801,bureau,n.,b
001802,bureaucracy,n.,b
001803,bureaucrat,n.,b
001804,bureaucratic,adj.,b
001805,burger,n.,b
001806,burglar,n.,b
001807,burglary,v.,b
001808,burial,n.,b
001809,burlap,n.,b
001810,burly,adj.,b
001811,burn,v.,b
001812,burner,n.,b
001813,burning,adj.,b
001814,burnout,n.,b
001815,burnt,vbl.,b
001816,burrito,n.,b
001817,burrow,n.,b
001818,burst,v.,b
001819,bury,vt.,b
001820,bus,n.,b
001821,bush,n.,b
001822,bushel,n.,b
001823,bushy,adj.,b
001824,busily,adv.,b
001825,business,n.,b
001826,businessman,n.,b
001827,bust,n.,b
001828,bustle,v.,b
001829,bustling,adj.,b
001830,busy,adj.,b
001831,but,prep.,b
001832,butcher,n.,b
001833,butler,n.,b
001834,butt,n.,b
001835,butter,n.,b
001836,butterfly,n.,b
001837,buttermilk,n.,b
001838,buttery,n.,b
001839,buttocks,n.,b
001840,button,n.,b
001841,buttress,n.,b
001842,buy,v.,b
001843,buyer,n.,b
001844,buzz,n.,b
001845,buzzer,n.,b
001846,by,prep.,b
001847,bye,n.,b
001848,bygone,n.,b
001849,bypass,n.,b
001850,bystander,n.,b
001851,cab,,c
001852,cabaret,n.,c
001853,cabbage,n.,c
001854,cabin,n.,c
001855,cabinet,n.,c
001856,cable,n.,c
001857,cache,n.,c
001858,cachet,n.,c
001859,cackle,n.,c
001860,cacophony,n.,c
001861,cactus,n.,c
001862,cadaver,n.,c
001863,caddie,n.,c
001864,cadence,n.,c
001865,cadet,n.,c
001866,cadmium,n.,c
001867,cadre,n.,c
001868,cafe,n.,c
001869,cafeteria,n.,c
001870,caffeine,n.,c
001871,cage,n.,c
001872,cajole,vt.,c
001873,cake,n.,c
001874,calamity,n.,c
001875,calcium,n.,c
001876,calculate,v.,c
001877,calculated,adj.,c
001878,calculation,n.,c
001879,calculator,n.,c
001880,calculus,n.,c
001881,calendar,n.,c
001882,calf,n.,c
001883,caliber,n.,c
001884,calibrate,v.,c
001885,calibration,n.,c
001886,call,n.,c
001887,caller,n.,c
001888,calligraphy,n.,c
001889,calling,n.,c
001890,callous,adj.,c
001891,calm,adj.,c
001892,calmly,adv.,c
001893,cam,n.,c
001894,camaraderie,n.,c
001895,camcorder,,c
001896,camel,n.,c
001897,cameo,n.,c
001898,camera,n.,c
001899,cameraman,n.,c
001900,camouflage,v.,c
001901,camp,n.,c
001902,campaign,n.,c
001903,campaigner,n.,c
001904,camper,n.,c
001905,campfire,n.,c
001906,campground,n.,c
001907,camping,n.,c
001908,campsite,n.,c
001909,campus,n.,c
001910,can,vt.,c
001911,canal,n.,c
001912,cancel,vt.,c
001913,cancellation,n.,c
001914,cancer,n.,c
001915,cancerous,adj.,c
001916,candid,adj.,c
001917,candidacy,n.,c
001918,candidate,n.,c
001919,candidly,adv.,c
001920,candle,n.,c
001921,candlelight,n.,c
001922,candlestick,n.,c
001923,candor,n.,c
001924,candy,n.,c
001925,cane,n.,c
001926,canine,n.,c
001927,canister,n.,c
001928,canned,adj.,c
001929,cannibal,n.,c
001930,cannibalism,n.,c
001931,canning,n.,c
001932,cannon,n.,c
001933,canoe,n.,c
001934,canoeing,n.,c
001935,canon,n.,c
001936,canonical,adj.,c
001937,canopy,n.,c
001938,cantaloupe,n.,c
001939,canteen,n.,c
001940,canvas,v.,c
001941,canyon,n.,c
001942,cap,n.,c
001943,capability,n.,c
001944,capable,adj.,c
001945,capacity,n.,c
001946,cape,n.,c
001947,caper,n.,c
001948,capital,n.,c
001949,capitalism,n.,c
001950,capitalist,n.,c
001951,capitalization,n.,c
001952,capitalize,vt.,c
001953,capitol,n.,c
001954,capitulate,vi.,c
001955,cappuccino,n.,c
001956,capricious,adj.,c
001957,capsule,n.,c
001958,captain,n.,c
001959,caption,n.,c
001960,captivate,vt.,c
001961,captivating,adj.,c
001962,captive,n.,c
001963,captivity,n.,c
001964,captor,n.,c
001965,capture,n.,c
001966,car,n.,c
001967,caramel,n.,c
001968,caravan,n.,c
001969,carbohydrate,n.,c
001970,carbon,n.,c
001971,carcass,n.,c
001972,carcinogen,n.,c
001973,carcinoma,n.,c
001974,card,n.,c
001975,cardboard,n.,c
001976,cardiac,n.,c
001977,cardigan,n.,c
001978,cardinal,n.,c
001979,cardiologist,n.,c
001980,cardiovascular,adj.,c
001981,care,n.,c
001982,careen,vt.,c
001983,career,n.,c
001984,carefree,adj.,c
001985,careful,adj.,c
001986,carefully,adv.,c
001987,careless,adj.,c
001988,carelessly,adv.,c
001989,caress,n.,c
001990,caretaker,n.,c
001991,cargo,n.,c
001992,caribou,n.,c
001993,caricature,n.,c
001994,carmaker,n.,c
001995,carnage,n.,c
001996,carnation,n.,c
001997,carnival,n.,c
001998,carnivore,n.,c
001999,carol,n.,c
002000,carousel,n.,c
002001,carp,n.,c
002002,carpenter,n.,c
002003,carpet,n.,c
002004,carpeting,n.,c
002005,carriage,n.,c
002006,carrier,n.,c
002007,carrot,n.,c
002008,carry,n.,c
002009,carrying,adj.,c
002010,cart,n.,c
002011,cartel,n.,c
002012,cartilage,n.,c
002013,carton,n.,c
002014,cartoon,n.,c
002015,cartoonist,n.,c
002016,cartridge,n.,c
002017,carve,v.,c
002018,carved,adj.,c
002019,carver,n.,c
002020,carving,n.,c
002021,cascade,n.,c
002022,case,n.,c
002023,caseload,n.,c
002024,caseworker,n.,c
002025,cash,n.,c
002026,cashier,n.,c
002027,cashmere,n.,c
002028,casing,n.,c
002029,casino,n.,c
002030,casket,n.,c
002031,casserole,n.,c
002032,cassette,n.,c
002033,cast,n.,c
002034,caste,n.,c
002035,casting,n.,c
002036,castle,n.,c
002037,casual,adj.,c
002038,casually,adv.,c
002039,casualty,n.,c
002040,cataclysmic,adj.,c
002041,catalog,n.,c
002042,catalogue,n.,c
002043,catalyst,n.,c
002044,catalytic,adj.,c
002045,catapult,n.,c
002046,cataract,n.,c
002047,catastrophe,n.,c
002048,catastrophic,adj.,c
002049,catch,n.,c
002050,catcher,n.,c
002051,catchy,adj.,c
002052,catechism,n.,c
002053,categorical,adj.,c
002054,categorize,v.,c
002055,category,n.,c
002056,cater,vi.,c
002057,caterer,n.,c
002058,caterpillar,n.,c
002059,catfish,n.,c
002060,catharsis,n.,c
002061,cathedral,n.,c
002062,catheter,n.,c
002063,cattle,n.,c
002064,catwalk,n.,c
002065,caucus,n.,c
002066,cauldron,n.,c
002067,cauliflower,n.,c
002068,causal,adj.,c
002069,causality,n.,c
002070,causation,n.,c
002071,cause,n.,c
002072,caustic,adj.,c
002073,caution,n.,c
002074,cautionary,adj.,c
002075,cautious,adj.,c
002076,cautiously,adv.,c
002077,cavalry,n.,c
002078,cave,n.,c
002079,caveat,n.,c
002080,cavern,n.,c
002081,cavernous,adj.,c
002082,caviar,n.,c
002083,cavity,n.,c
002084,cayenne,n.,c
002085,cease,v.,c
002086,cedar,n.,c
002087,cede,vt.,c
002088,ceiling,n.,c
002089,celeb,n.,c
002090,celebrate,v.,c
002091,celebrated,adj.,c
002092,celebration,n.,c
002093,celebrity,n.,c
002094,celery,n.,c
002095,celestial,adj.,c
002096,celibacy,n.,c
002097,celibate,n.,c
002098,cell,n.,c
002099,cellar,n.,c
002100,cello,n.,c
002101,cellophane,n.,c
002102,cellular,adj.,c
002103,cement,n.,c
002104,cemetery,n.,c
002105,censor,n.,c
002106,censorship,n.,c
002107,censure,v.,c
002108,census,n.,c
002109,centennial,n.,c
002110,center,n.,c
002111,centerpiece,n.,c
002112,centimeter,n.,c
002113,central,adj.,c
002114,centrality,n.,c
002115,centralization,n.,c
002116,centralize,vt.,c
002117,centralized,adj.,c
002118,centrally,adv.,c
002119,centrifugal,adj.,c
002120,centrist,n.,c
002121,century,n.,c
002122,ceramic,adj.,c
002123,ceramics,n.,c
002124,cereal,n.,c
002125,cerebral,adj.,c
002126,ceremonial,n.,c
002127,ceremony,n.,c
002128,certain,adj.,c
002129,certainly,adv.,c
002130,certainty,n.,c
002131,certificate,n.,c
002132,certification,n.,c
002133,certified,adj.,c
002134,certify,v.,c
002135,cervical,adj.,c
002136,cessation,n.,c
002137,chafe,v.,c
002138,chagrin,n.,c
002139,chain,n.,c
002140,chainsaw,vt.,c
002141,chair,n.,c
002142,chairman,n.,c
002143,chairmanship,n.,c
002144,chairperson,n.,c
002145,chairwoman,n.,c
002146,chalk,n.,c
002147,chalkboard,n.,c
002148,challenge,n.,c
002149,challenger,n.,c
002150,chamber,n.,c
002151,chameleon,n.,c
002152,champ,v.,c
002153,champagne,n.,c
002154,champion,n.,c
002155,championship,n.,c
002156,chance,n.,c
002157,chancellor,n.,c
002158,chandelier,n.,c
002159,change,n.,c
002160,channel,n.,c
002161,chant,n.,c
002162,chaos,n.,c
002163,chaotic,adj.,c
002164,chapel,n.,c
002165,chaplain,n.,c
002166,chapter,n.,c
002167,char,v.,c
002168,character,n.,c
002169,characteristic,,c
002170,characterization,n.,c
002171,characterize,vt.,c
002172,charade,n.,c
002173,charcoal,n.,c
002174,charge,n.,c
002175,charger,n.,c
002176,charging,n.,c
002177,chariot,n.,c
002178,charisma,n.,c
002179,charismatic,adj.,c
002180,charitable,adj.,c
002181,charity,n.,c
002182,charm,n.,c
002183,charming,adj.,c
002184,chart,n.,c
002185,charter,vt.,c
002186,chartered,adj.,c
002187,chase,n.,c
002188,chaser,n.,c
002189,chasm,n.,c
002190,chassis,n.,c
002191,chastise,vt.,c
002192,chastity,n.,c
002193,chat,v.,c
002194,chatter,n.,c
002195,chauffeur,n.,c
002196,cheap,adj.,c
002197,cheaply,adv.,c
002198,cheat,n.,c
002199,cheater,n.,c
002200,check,n.,c
002201,checkbook,n.,c
002202,checked,adj.,c
002203,checker,n.,c
002204,checkered,adj.,c
002205,checkpoint,n.,c
002206,checkup,n.,c
002207,cheddar,n.,c
002208,cheek,n.,c
002209,cheekbone,n.,c
002210,cheer,n.,c
002211,cheerful,adj.,c
002212,cheerfully,adv.,c
002213,cheerleader,n.,c
002214,cheers,int.,c
002215,cheery,adj.,c
002216,cheese,n.,c
002217,cheeseburger,n.,c
002218,cheesecake,n.,c
002219,cheesy,adj.,c
002220,cheetah,n.,c
002221,chef,n.,c
002222,chemical,adj.,c
002223,chemically,adv.,c
002224,chemist,n.,c
002225,chemistry,n.,c
002226,chemotherapy,n.,c
002227,cherish,vt.,c
002228,cherry,n.,c
002229,chess,n.,c
002230,chest,n.,c
002231,chestnut,n.,c
002232,chew,vt.,c
002233,chewy,adj.,c
002234,chi,n.,c
002235,chic,n.,c
002236,chick,n.,c
002237,chicken,n.,c
002238,chickpea,n.,c
002239,chide,v.,c
002240,chief,n.,c
002241,chiefly,adv.,c
002242,chieftain,n.,c
002243,chiffon,n.,c
002244,child,n.,c
002245,childbirth,n.,c
002246,childhood,n.,c
002247,childish,adj.,c
002248,childless,adj.,c
002249,childlike,adj.,c
002250,chile,n.,c
002251,chili,n.,c
002252,chill,n.,c
002253,chilled,adj.,c
002254,chilly,adj.,c
002255,chime,n.,c
002256,chimney,n.,c
002257,chimp,n.,c
002258,chimpanzee,n.,c
002259,chin,n.,c
002260,china,n.,c
002261,chip,n.,c
002262,chipped,adj.,c
002263,chiropractor,n.,c
002264,chirp,n.,c
002265,chisel,n.,c
002266,chloride,n.,c
002267,chlorine,n.,c
002268,chocolate,n.,c
002269,choice,n.,c
002270,choir,n.,c
002271,choke,v.,c
002272,cholera,n.,c
002273,cholesterol,n.,c
002274,chomp,vi.,c
002275,choose,v.,c
002276,choosing,vbl.,c
002277,chop,n.,c
002278,chopper,n.,c
002279,chopping,,c
002280,choppy,adj.,c
002281,chopsticks,n.,c
002282,choral,adj.,c
002283,chord,n.,c
002284,chore,n.,c
002285,choreograph,v.,c
002286,choreographer,n.,c
002287,choreography,n.,c
002288,chorus,n.,c
002289,chosen,vbl.,c
002290,chowder,n.,c
002291,christen,v.,c
002292,chrome,n.,c
002293,chromium,n.,c
002294,chromosome,n.,c
002295,chronic,adj.,c
002296,chronically,adv.,c
002297,chronicle,n.,c
002298,chronicler,n.,c
002299,chronological,adj.,c
002300,chronology,n.,c
002301,chubby,adj.,c
002302,chuck,n.,c
002303,chuckle,n.,c
002304,chug,v.,c
002305,chum,n.,c
002306,chunk,n.,c
002307,chunky,adj.,c
002308,church,n.,c
002309,churn,n.,c
002310,chute,n.,c
002311,cicada,n.,c
002312,cider,n.,c
002313,cigar,n.,c
002314,cigarette,n.,c
002315,cilantro,n.,c
002316,cinch,n.,c
002317,cinder,n.,c
002318,cinema,n.,c
002319,cinematic,adj.,c
002320,cinnamon,n.,c
002321,circle,n.,c
002322,circuit,n.,c
002323,circuitry,n.,c
002324,circular,adj.,c
002325,circulate,v.,c
002326,circulation,n.,c
002327,circumference,n.,c
002328,circumscribe,vt.,c
002329,circumstance,n.,c
002330,circumstantial,,c
002331,circumvent,vt.,c
002332,circus,n.,c
002333,citation,n.,c
002334,cite,vt.,c
002335,citizen,n.,c
002336,citizenry,n.,c
002337,citizenship,n.,c
002338,citrus,n.,c
002339,city,n.,c
002340,citywide,adj.,c
002341,civic,adj.,c
002342,civics,n.,c
002343,civil,adj.,c
002344,civilian,n.,c
002345,civility,n.,c
002346,civilization,n.,c
002347,civilized,adj.,c
002348,clad,vt.,c
002349,claim,n.,c
002350,claimant,n.,c
002351,clamber,vi.,c
002352,clamor,n.,c
002353,clamp,n.,c
002354,clan,n.,c
002355,clandestine,adj.,c
002356,clang,n.,c
002357,clap,n.,c
002358,clapboard,n.,c
002359,clarification,n.,c
002360,clarify,v.,c
002361,clarinet,n.,c
002362,clarity,n.,c
002363,clash,n.,c
002364,clasp,n.,c
002365,class,n.,c
002366,classic,n.,c
002367,classical,adj.,c
002368,classically,adv.,c
002369,classification,n.,c
002370,classified,v.,c
002371,classify,vt.,c
002372,classmate,n.,c
002373,classroom,n.,c
002374,classy,adj.,c
002375,clatter,n.,c
002376,clause,n.,c
002377,claustrophobic,adj.,c
002378,claw,n.,c
002379,clay,n.,c
002380,clean,adj.,c
002381,cleaner,n.,c
002382,cleanliness,n.,c
002383,cleanly,adj.,c
002384,cleanse,v.,c
002385,cleanser,n.,c
002386,cleansing,,c
002387,cleanup,n.,c
002388,clear,adj.,c
002389,clearance,n.,c
002390,clearing,n.,c
002391,clearinghouse,n.,c
002392,clearly,adv.,c
002393,cleat,n.,c
002394,cleavage,n.,c
002395,clemency,n.,c
002396,clench,n.,c
002397,clergy,n.,c
002398,clergyman,n.,c
002399,cleric,n.,c
002400,clerical,adj.,c
002401,clerk,n.,c
002402,clever,adj.,c
002403,cleverly,adv.,c
002404,cliche,n.,c
002405,click,v.,c
002406,client,n.,c
002407,clientele,n.,c
002408,cliff,n.,c
002409,climactic,adj.,c
002410,climate,n.,c
002411,climatic,adj.,c
002412,climax,n.,c
002413,climb,v.,c
002414,climber,n.,c
002415,climbing,adj.,c
002416,clinch,n.,c
002417,cling,vi.,c
002418,clinic,n.,c
002419,clinical,adj.,c
002420,clinician,n.,c
002421,clink,n.,c
002422,clip,n.,c
002423,clipboard,n.,c
002424,clipper,n.,c
002425,clipping,n.,c
002426,clique,n.,c
002427,cloak,n.,c
002428,clock,n.,c
002429,clockwise,adj.,c
002430,clockwork,n.,c
002431,clog,n.,c
002432,clone,n.,c
002433,close,v.,c
002434,closed,adj.,c
002435,closely,adv.,c
002436,closeness,n.,c
002437,closer,adj.,c
002438,closest,adj.,c
002439,closet,n.,c
002440,closing,n.,c
002441,closure,n.,c
002442,clot,n.,c
002443,cloth,n.,c
002444,clothe,vt.,c
002445,clothes,n.,c
002446,clothesline,n.,c
002447,clothing,n.,c
002448,cloud,n.,c
002449,cloudless,adj.,c
002450,cloudy,adj.,c
002451,clout,n.,c
002452,clove,n.,c
002453,clover,n.,c
002454,clown,n.,c
002455,club,n.,c
002456,clubhouse,n.,c
002457,cluck,n.,c
002458,clue,n.,c
002459,clump,n.,c
002460,clumsily,adv.,c
002461,clumsy,adj.,c
002462,cluster,n.,c
002463,clutch,v.,c
002464,clutter,n.,c
002465,coach,n.,c
002466,coal,n.,c
002467,coalesce,v.,c
002468,coalition,n.,c
002469,coarse,adj.,c
002470,coarsely,adv.,c
002471,coast,n.,c
002472,coastal,adj.,c
002473,coaster,n.,c
002474,coastline,n.,c
002475,coat,n.,c
002476,coating,n.,c
002477,coax,v.,c
002478,cobalt,n.,c
002479,cobble,n.,c
002480,cobbler,n.,c
002481,cobblestone,n.,c
002482,cobweb,n.,c
002483,coca,n.,c
002484,cocaine,n.,c
002485,cock,n.,c
002486,cockpit,n.,c
002487,cockroach,n.,c
002488,cocktail,n.,c
002489,cocky,adj.,c
002490,cocoa,n.,c
002491,coconut,n.,c
002492,cocoon,n.,c
002493,cod,n.,c
002494,coddle,vt.,c
002495,code,n.,c
002496,codify,vt.,c
002497,coding,n.,c
002498,coed,n.,c
002499,coefficient,n.,c
002500,coerce,vt.,c
002501,coercion,n.,c
002502,coercive,adj.,c
002503,coffee,n.,c
002504,coffer,n.,c
002505,coffin,n.,c
002506,cog,n.,c
002507,cognac,n.,c
002508,cognition,n.,c
002509,cognitive,adj.,c
002510,cognizant,adj.,c
002511,coherence,n.,c
002512,coherent,adj.,c
002513,cohesion,n.,c
002514,cohesive,adj.,c
002515,cohort,n.,c
002516,coil,v.,c
002517,coin,n.,c
002518,coincide,vi.,c
002519,coincidence,n.,c
002520,coincidental,adj.,c
002521,coke,n.,c
002522,cola,n.,c
002523,cold,n.,c
002524,coldly,adv.,c
002525,collaborate,vi.,c
002526,collaboration,n.,c
002527,collaborative,adj.,c
002528,collaborator,n.,c
002529,collage,n.,c
002530,collagen,n.,c
002531,collapse,n.,c
002532,collarbone,n.,c
002533,collateral,adj.,c
002534,colleague,n.,c
002535,collect,v.,c
002536,collected,adj.,c
002537,collection,n.,c
002538,collective,adj.,c
002539,collectively,adv.,c
002540,collector,n.,c
002541,college,n.,c
002542,collegiate,adj.,c
002543,collide,vi.,c
002544,collie,n.,c
002545,collision,n.,c
002546,collusion,n.,c
002547,cologne,n.,c
002548,colon,n.,c
002549,colonel,n.,c
002550,colonial,adj.,c
002551,colonialism,n.,c
002552,colonist,n.,c
002553,colonization,n.,c
002554,colonize,vt.,c
002555,colonizer,n.,c
002556,colony,n.,c
002557,color,n.,c
002558,coloration,n.,c
002559,colored,adj.,c
002560,colorful,adj.,c
002561,coloring,,c
002562,colorless,adj.,c
002563,colossal,adj.,c
002564,colt,n.,c
002565,column,n.,c
002566,columnist,n.,c
002567,coma,n.,c
002568,comatose,adj.,c
002569,comb,n.,c
002570,combat,n.,c
002571,combatant,n.,c
002572,combative,adj.,c
002573,combination,n.,c
002574,combine,v.,c
002575,combined,adj.,c
002576,combo,n.,c
002577,combustion,n.,c
002578,come,vi.,c
002579,comeback,n.,c
002580,comedian,n.,c
002581,comedy,n.,c
002582,comer,n.,c
002583,comet,n.,c
002584,comfort,n.,c
002585,comfortable,adj.,c
002586,comfortably,adv.,c
002587,comforter,n.,c
002588,comfy,adj.,c
002589,comic,n.,c
002590,comical,adj.,c
002591,coming,n.,c
002592,comma,n.,c
002593,command,n.,c
002594,commandeer,vt.,c
002595,commander,n.,c
002596,commanding,adj.,c
002597,commandment,n.,c
002598,commando,n.,c
002599,commemorate,vt.,c
002600,commemoration,n.,c
002601,commemorative,adj.,c
002602,commence,v.,c
002603,commencement,n.,c
002604,commend,vt.,c
002605,commensurate,adj.,c
002606,comment,n.,c
002607,commentary,n.,c
002608,commentator,,c
002609,commerce,n.,c
002610,commercial,adj.,c
002611,commercialize,v.,c
002612,commercially,adv.,c
002613,commission,n.,c
002614,commissioner,n.,c
002615,commit,vt.,c
002616,commitment,n.,c
002617,committee,n.,c
002618,commodity,n.,c
002619,common,adj.,c
002620,commonality,n.,c
002621,commoner,n.,c
002622,commonly,adv.,c
002623,commonplace,n.,c
002624,commons,n.,c
002625,commonwealth,n.,c
002626,commotion,n.,c
002627,communal,adj.,c
002628,commune,n.,c
002629,communicate,v.,c
002630,communication,n.,c
002631,communicative,adj.,c
002632,communicator,n.,c
002633,communion,n.,c
002634,communique,n.,c
002635,communism,n.,c
002636,communist,n.,c
002637,community,n.,c
002638,commute,v.,c
002639,commuter,n.,c
002640,compact,adj.,c
002641,companion,n.,c
002642,companionship,n.,c
002643,company,n.,c
002644,comparable,adj.,c
002645,comparative,adj.,c
002646,comparatively,adv.,c
002647,compare,v.,c
002648,comparison,n.,c
002649,compartment,n.,c
002650,compass,n.,c
002651,compassion,n.,c
002652,compassionate,adj.,c
002653,compatibility,n.,c
002654,compatible,adj.,c
002655,compatriot,n.,c
002656,compel,vt.,c
002657,compelling,adj.,c
002658,compendium,n.,c
002659,compensate,v.,c
002660,compensation,n.,c
002661,compensatory,adj.,c
002662,compete,vi.,c
002663,competence,n.,c
002664,competency,n.,c
002665,competent,adj.,c
002666,competition,n.,c
002667,competitive,adj.,c
002668,competitor,n.,c
002669,compilation,n.,c
002670,compile,vt.,c
002671,complacency,n.,c
002672,complacent,adj.,c
002673,complain,v.,c
002674,complaint,n.,c
002675,complement,n.,c
002676,complementary,adj.,c
002677,complete,adj.,c
002678,completely,adv.,c
002679,completion,n.,c
002680,complex,adj.,c
002681,complexion,n.,c
002682,complexity,n.,c
002683,compliance,n.,c
002684,compliant,adj.,c
002685,complicate,v.,c
002686,complicated,adj.,c
002687,complication,n.,c
002688,complicity,n.,c
002689,compliment,n.,c
002690,complimentary,adj.,c
002691,comply,vi.,c
002692,component,n.,c
002693,compose,v.,c
002694,composer,n.,c
002695,composite,adj.,c
002696,composition,n.,c
002697,compost,n.,c
002698,composure,n.,c
002699,compound,n.,c
002700,comprehend,vt.,c
002701,comprehensible,adj.,c
002702,comprehension,n.,c
002703,comprehensive,adj.,c
002704,compress,vt.,c
002705,compressed,adj.,c
002706,compression,n.,c
002707,compressor,n.,c
002708,comprise,v.,c
002709,compromise,n.,c
002710,compulsion,n.,c
002711,compulsive,adj.,c
002712,compulsory,adj.,c
002713,computation,n.,c
002714,computational,adj.,c
002715,compute,v.,c
002716,computer,n.,c
002717,comrade,n.,c
002718,con,vt.,c
002719,conceal,vt.,c
002720,concealment,n.,c
002721,concede,vt.,c
002722,conceit,n.,c
002723,conceivable,adj.,c
002724,conceivably,adv.,c
002725,conceive,vt.,c
002726,concentrate,v.,c
002727,concentrated,adj.,c
002728,concentration,n.,c
002729,concentric,adj.,c
002730,concept,n.,c
002731,conception,n.,c
002732,conceptual,adj.,c
002733,conceptualization,n.,c
002734,conceptualize,v.,c
002735,conceptually,adv.,c
002736,concern,vt.,c
002737,concerned,adj.,c
002738,concerning,prep.,c
002739,concert,n.,c
002740,concerted,adj.,c
002741,concerto,n.,c
002742,concession,n.,c
002743,concierge,n.,c
002744,conciliatory,adj.,c
002745,concise,adj.,c
002746,conclude,v.,c
002747,concluding,adj.,c
002748,conclusion,n.,c
002749,conclusive,adj.,c
002750,conclusively,adv.,c
002751,concoct,vt.,c
002752,concoction,n.,c
002753,concomitant,adj.,c
002754,concourse,n.,c
002755,concrete,adj.,c
002756,concur,v.,c
002757,concurrent,n.,c
002758,concussion,n.,c
002759,condemn,vt.,c
002760,condemnation,n.,c
002761,condemned,adj.,c
002762,condensation,n.,c
002763,condense,v.,c
002764,condensed,v.,c
002765,condescending,adj.,c
002766,condiment,n.,c
002767,condition,n.,c
002768,conditional,adj.,c
002769,conditioner,n.,c
002770,conditioning,n.,c
002771,condo,,c
002772,condolence,n.,c
002773,condom,n.,c
002774,condominium,n.,c
002775,condone,vt.,c
002776,condor,n.,c
002777,conducive,n.,c
002778,conduct,n.,c
002779,conductor,n.,c
002780,conduit,n.,c
002781,cone,n.,c
002782,confection,n.,c
002783,confectioner,n.,c
002784,confederation,n.,c
002785,confer,vt.,c
002786,conference,n.,c
002787,confess,v.,c
002788,confession,n.,c
002789,confessional,adj.,c
002790,confidant,n.,c
002791,confide,v.,c
002792,confidence,n.,c
002793,confident,adj.,c
002794,confidential,adj.,c
002795,confidentiality,n.,c
002796,confidently,adv.,c
002797,configuration,n.,c
002798,configure,vi.,c
002799,confine,vt.,c
002800,confinement,n.,c
002801,confirm,vt.,c
002802,confirmation,n.,c
002803,confirmed,adj.,c
002804,confiscate,vt.,c
002805,conflict,n.,c
002806,conflicting,adj.,c
002807,confluence,n.,c
002808,conform,vt.,c
002809,conformity,n.,c
002810,confound,vt.,c
002811,confront,vt.,c
002812,confrontation,n.,c
002813,confuse,vt.,c
002814,confused,adj.,c
002815,confusion,n.,c
002816,congenial,adj.,c
002817,congenital,n.,c
002818,congested,adj.,c
002819,congestion,n.,c
002820,conglomerate,v.,c
002821,congratulate,vt.,c
002822,congregate,v.,c
002823,congregation,n.,c
002824,congregational,adj.,c
002825,congressional,adj.,c
002826,congressman,n.,c
002827,congruence,n.,c
002828,congruent,adj.,c
002829,conifer,n.,c
002830,conjecture,n.,c
002831,conjunction,n.,c
002832,conjure,v.,c
002833,connect,v.,c
002834,connected,v.,c
002835,connectedness,,c
002836,connection,n.,c
002837,connectivity,n.,c
002838,connector,n.,c
002839,connoisseur,n.,c
002840,connotation,n.,c
002841,connote,v.,c
002842,conquer,vt.,c
002843,conqueror,n.,c
002844,conquest,n.,c
002845,conscience,n.,c
002846,conscientious,adj.,c
002847,consciously,adv.,c
002848,consciousness,n.,c
002849,conscript,n.,c
002850,consecutive,adj.,c
002851,consensual,adj.,c
002852,consensus,n.,c
002853,consent,vi.,c
002854,consequence,n.,c
002855,consequent,adj.,c
002856,consequently,adv.,c
002857,conservation,n.,c
002858,conservationist,n.,c
002859,conservatism,n.,c
002860,conservative,adj.,c
002861,conservatively,adv.,c
002862,conservatory,n.,c
002863,conserve,vt.,c
002864,consider,vt.,c
002865,considerable,adj.,c
002866,considerably,adv.,c
002867,considerate,adj.,c
002868,consideration,n.,c
002869,considering,vbl.,c
002870,consign,vt.,c
002871,consist,vi.,c
002872,consistency,n.,c
002873,consistent,adj.,c
002874,consolation,n.,c
002875,console,vt.,c
002876,consolidate,v.,c
002877,consolidation,n.,c
002878,consonant,adj.,c
002879,consortium,n.,c
002880,conspicuous,adj.,c
002881,conspicuously,adv.,c
002882,conspiracy,n.,c
002883,conspirator,n.,c
002884,conspiratorial,adj.,c
002885,conspire,v.,c
002886,constable,n.,c
002887,constant,n.,c
002888,constantly,adv.,c
002889,constellation,n.,c
002890,consternation,n.,c
002891,constituency,n.,c
002892,constituent,n.,c
002893,constitute,vt.,c
002894,constitution,n.,c
002895,constitutional,,c
002896,constitutive,adj.,c
002897,constrain,vt.,c
002898,constraint,n.,c
002899,constrict,v.,c
002900,construct,vt.,c
002901,construction,n.,c
002902,constructive,adj.,c
002903,constructivist,n.,c
002904,construe,v.,c
002905,consul,n.,c
002906,consulate,n.,c
002907,consult,v.,c
002908,consultant,n.,c
002909,consultation,n.,c
002910,consultative,adj.,c
002911,consulting,adj.,c
002912,consume,vt.,c
002913,consumer,n.,c
002914,consumerism,n.,c
002915,consummate,vt.,c
002916,consumption,n.,c
002917,contact,n.,c
002918,contagion,n.,c
002919,contagious,adj.,c
002920,contain,vt.,c
002921,container,n.,c
002922,containment,n.,c
002923,contaminant,n.,c
002924,contaminate,v.,c
002925,contaminated,v.,c
002926,contamination,n.,c
002927,contemplate,v.,c
002928,contemplation,n.,c
002929,contemplative,adj.,c
002930,contemporary,n.,c
002931,contempt,n.,c
002932,contemptuous,adj.,c
002933,contend,v.,c
002934,contender,,c
002935,content,n.,c
002936,contented,adj.,c
002937,contention,n.,c
002938,contentious,adj.,c
002939,contentment,n.,c
002940,contest,n.,c
002941,contestant,n.,c
002942,context,n.,c
002943,contextual,adj.,c
002944,contiguous,adj.,c
002945,continent,n.,c
002946,continental,adj.,c
002947,contingency,n.,c
002948,contingent,adj.,c
002949,continual,adj.,c
002950,continually,adv.,c
002951,continuation,n.,c
002952,continue,v.,c
002953,continued,adj.,c
002954,continuity,n.,c
002955,continuous,adj.,c
002956,continuously,adv.,c
002957,continuum,n.,c
002958,contort,vt.,c
002959,contour,n.,c
002960,contraception,n.,c
002961,contraceptive,adj.,c
002962,contract,n.,c
002963,contraction,n.,c
002964,contractor,n.,c
002965,contractual,adj.,c
002966,contradict,vt.,c
002967,contradiction,n.,c
002968,contradictory,adj.,c
002969,contraption,n.,c
002970,contrary,adj.,c
002971,contrast,vt.,c
002972,contribute,v.,c
002973,contributing,adj.,c
002974,contribution,n.,c
002975,contributor,n.,c
002976,contrive,v.,c
002977,contrived,adj.,c
002978,control,n.,c
002979,controlled,adj.,c
002980,controller,n.,c
002981,controlling,vbl.,c
002982,controversial,adj.,c
002983,controversy,n.,c
002984,conundrum,n.,c
002985,convection,n.,c
002986,convene,v.,c
002987,convenience,n.,c
002988,convenient,adj.,c
002989,conveniently,adv.,c
002990,convent,n.,c
002991,convention,n.,c
002992,conventional,adj.,c
002993,conventionally,adv.,c
002994,converge,v.,c
002995,convergence,n.,c
002996,conversation,n.,c
002997,conversational,,c
002998,converse,n.,c
002999,conversely,adv.,c
003000,conversion,n.,c
003001,convert,n.,c
003002,converted,adj.,c
003003,converter,n.,c
003004,convertible,adj.,c
003005,convey,vt.,c
003006,convict,vt.,c
003007,conviction,n.,c
003008,convince,vt.,c
003009,convinced,adj.,c
003010,convincing,adj.,c
003011,convincingly,adv.,c
003012,convoluted,adj.,c
003013,convoy,n.,c
003014,convulsion,n.,c
003015,coo,n.,c
003016,cook,n.,c
003017,cookbook,n.,c
003018,cooker,n.,c
003019,cookie,n.,c
003020,cooking,n.,c
003021,cool,n.,c
003022,cooler,n.,c
003023,cooling,n.,c
003024,coolly,adv.,c
003025,coolness,n.,c
003026,cooperate,vi.,c
003027,cooperation,n.,c
003028,cooperative,adj.,c
003029,coordinate,n.,c
003030,coordination,n.,c
003031,coordinator,n.,c
003032,cop,n.,c
003033,cope,vi.,c
003034,copier,n.,c
003035,coping,n.,c
003036,copious,adj.,c
003037,copper,n.,c
003038,copy,n.,c
003039,copyright,n.,c
003040,coral,n.,c
003041,cord,n.,c
003042,cordial,n.,c
003043,cordless,n.,c
003044,corduroy,n.,c
003045,core,n.,c
003046,cork,n.,c
003047,corkscrew,n.,c
003048,corn,n.,c
003049,corner,n.,c
003050,cornerback,n.,c
003051,cornerstone,n.,c
003052,cornfield,n.,c
003053,cornmeal,n.,c
003054,cornstarch,n.,c
003055,corny,adj.,c
003056,corollary,n.,c
003057,corona,n.,c
003058,coronary,adj.,c
003059,coronation,n.,c
003060,coroner,n.,c
003061,corporal,n.,c
003062,corporate,adj.,c
003063,corporation,n.,c
003064,corps,n.,c
003065,corpse,n.,c
003066,corpus,n.,c
003067,corral,n.,c
003068,correct,adj.,c
003069,correction,n.,c
003070,correctional,adj.,c
003071,corrective,adj.,c
003072,correctly,adv.,c
003073,correctness,,c
003074,correlate,vt.,c
003075,correlation,n.,c
003076,correspond,vi.,c
003077,correspondence,,c
003078,correspondent,n.,c
003079,corresponding,adj.,c
003080,correspondingly,adv.,c
003081,corridor,n.,c
003082,corroborate,vt.,c
003083,corrosion,n.,c
003084,corrosive,adj.,c
003085,corrugated,adj.,c
003086,corrupt,adj.,c
003087,corruption,n.,c
003088,corset,n.,c
003089,cortex,n.,c
003090,cosmetic,n.,c
003091,cosmic,adj.,c
003092,cosmological,adj.,c
003093,cosmology,n.,c
003094,cosmopolitan,n.,c
003095,cosmos,,c
003096,cost,n.,c
003097,costly,adj.,c
003098,costume,n.,c
003099,cot,n.,c
003100,cottage,n.,c
003101,cotton,n.,c
003102,cottonwood,n.,c
003103,couch,n.,c
003104,cougar,n.,c
003105,cough,n.,c
003106,could,vbl.,c
003107,council,n.,c
003108,councilman,n.,c
003109,counsel,n.,c
003110,counseling,n.,c
003111,counselor,n.,c
003112,count,v.,c
003113,countdown,n.,c
003114,countenance,n.,c
003115,counter,n.,c
003116,counteract,vt.,c
003117,counterattack,n.,c
003118,counterbalance,vt.,c
003119,counterfeit,n.,c
003120,counterpart,n.,c
003121,counterpoint,n.,c
003122,counterproductive,adj.,c
003123,countertop,n.,c
003124,counterweight,n.,c
003125,counting,n.,c
003126,countless,adj.,c
003127,country,n.,c
003128,countryman,n.,c
003129,countryside,n.,c
003130,county,n.,c
003131,coup,n.,c
003132,coupe,n.,c
003133,couple,n.,c
003134,coupling,n.,c
003135,coupon,n.,c
003136,courage,n.,c
003137,courageous,adj.,c
003138,courier,n.,c
003139,course,n.,c
003140,court,n.,c
003141,courteous,adj.,c
003142,courtesy,n.,c
003143,courthouse,n.,c
003144,courtier,n.,c
003145,courtly,adj.,c
003146,courtroom,n.,c
003147,courtship,n.,c
003148,courtyard,n.,c
003149,cousin,n.,c
003150,couture,n.,c
003151,cove,n.,c
003152,covenant,n.,c
003153,cover,n.,c
003154,coverage,n.,c
003155,covered,adj.,c
003156,covering,n.,c
003157,covert,adj.,c
003158,covertly,adv.,c
003159,covet,v.,c
003160,cow,n.,c
003161,coward,n.,c
003162,cowardice,n.,c
003163,cowardly,adv.,c
003164,cowboy,n.,c
003165,cower,vi.,c
003166,coy,adj.,c
003167,coyote,n.,c
003168,cozy,adj.,c
003169,crab,n.,c
003170,crack,n.,c
003171,crackdown,n.,c
003172,cracked,adj.,c
003173,cracker,n.,c
003174,cracking,n.,c
003175,crackle,n.,c
003176,cradle,n.,c
003177,craft,n.,c
003178,craftsman,n.,c
003179,craftsmanship,n.,c
003180,crafty,adj.,c
003181,craggy,,c
003182,cram,v.,c
003183,cramp,n.,c
003184,cramped,adj.,c
003185,cranberry,n.,c
003186,crane,n.,c
003187,crank,adj.,c
003188,cranky,adj.,c
003189,cranny,n.,c
003190,crap,n.,c
003191,crash,n.,c
003192,crashing,adj.,c
003193,crass,adj.,c
003194,crate,n.,c
003195,crater,n.,c
003196,crave,v.,c
003197,craving,n.,c
003198,crawl,vi.,c
003199,crayon,n.,c
003200,craze,n.,c
003201,crazed,adj.,c
003202,craziness,n.,c
003203,crazy,adj.,c
003204,creak,n.,c
003205,cream,n.,c
003206,creamy,adj.,c
003207,crease,n.,c
003208,create,vt.,c
003209,created,adj.,c
003210,creation,n.,c
003211,creationism,n.,c
003212,creative,adj.,c
003213,creativity,n.,c
003214,creator,n.,c
003215,creature,n.,c
003216,credence,n.,c
003217,credential,n.,c
003218,credibility,n.,c
003219,credible,adj.,c
003220,credit,n.,c
003221,creditor,n.,c
003222,credo,n.,c
003223,creed,n.,c
003224,creek,n.,c
003225,creep,vi.,c
003226,creeping,n.,c
003227,creepy,adj.,c
003228,cremate,vt.,c
003229,crepe,n.,c
003230,crescendo,n.,c
003231,crescent,n.,c
003232,crest,n.,c
003233,crevice,n.,c
003234,crew,n.,c
003235,crewman,n.,c
003236,crib,n.,c
003237,cricket,n.,c
003238,crime,n.,c
003239,criminal,n.,c
003240,criminality,n.,c
003241,criminally,adv.,c
003242,crimson,adj.,c
003243,cringe,vi.,c
003244,crinkle,n.,c
003245,cripple,n.,c
003246,crisis,n.,c
003247,crisp,adj.,c
003248,crisply,adv.,c
003249,crispy,adj.,c
003250,criteria,n.,c
003251,critic,n.,c
003252,critical,adj.,c
003253,critically,adv.,c
003254,criticism,n.,c
003255,criticize,v.,c
003256,critique,n.,c
003257,critter,n.,c
003258,croak,n.,c
003259,crock,n.,c
003260,crocodile,n.,c
003261,crony,n.,c
003262,crook,n.,c
003263,crooked,adj.,c
003264,croon,v.,c
003265,crop,n.,c
003266,cropland,n.,c
003267,cross,n.,c
003268,crossfire,n.,c
003269,crossing,v.,c
003270,crossover,n.,c
003271,crosswise,adv.,c
003272,crossword,n.,c
003273,crotch,n.,c
003274,crouch,vi.,c
003275,crow,n.,c
003276,crowd,n.,c
003277,crowded,adj.,c
003278,crown,n.,c
003279,crowning,adj.,c
003280,crucial,adj.,c
003281,crucifix,n.,c
003282,crucify,vt.,c
003283,crude,adj.,c
003284,crudely,adv.,c
003285,cruel,adj.,c
003286,cruelly,adv.,c
003287,cruelty,n.,c
003288,cruise,vi.,c
003289,cruiser,n.,c
003290,crumb,n.,c
003291,crumble,v.,c
003292,crumple,v.,c
003293,crumpled,adj.,c
003294,crunch,v.,c
003295,crunchy,adj.,c
003296,crusade,n.,c
003297,crusader,n.,c
003298,crush,vt.,c
003299,crushing,adj.,c
003300,crust,n.,c
003301,crusty,adj.,c
003302,crutch,n.,c
003303,crux,n.,c
003304,cry,vi.,c
003305,crying,adj.,c
003306,crypt,n.,c
003307,cryptic,adj.,c
003308,crystal,adj.,c
003309,crystalline,adj.,c
003310,crystallize,v.,c
003311,cub,n.,c
003312,cube,n.,c
003313,cubic,adj.,c
003314,cubicle,n.,c
003315,cucumber,n.,c
003316,cuddle,v.,c
003317,cue,n.,c
003318,cuff,n.,c
003319,cuisine,n.,c
003320,culinary,adj.,c
003321,cull,v.,c
003322,culminate,v.,c
003323,culmination,n.,c
003324,culprit,n.,c
003325,cult,n.,c
003326,cultivar,n.,c
003327,cultivate,vt.,c
003328,cultivated,adj.,c
003329,cultivation,n.,c
003330,cultural,adj.,c
003331,culture,n.,c
003332,cultured,adj.,c
003333,cumbersome,adj.,c
003334,cumin,n.,c
003335,cumulative,adj.,c
003336,cunning,adj.,c
003337,cup,n.,c
003338,cupboard,n.,c
003339,cupcake,n.,c
003340,curator,n.,c
003341,curb,n.,c
003342,curbside,n.,c
003343,curd,n.,c
003344,cure,v.,c
003345,curfew,n.,c
003346,curiosity,n.,c
003347,curious,adj.,c
003348,curiously,adv.,c
003349,curl,v.,c
003350,curling,n.,c
003351,curly,adj.,c
003352,currant,n.,c
003353,currency,n.,c
003354,current,adj.,c
003355,currently,adv.,c
003356,curricular,adj.,c
003357,curriculum,n.,c
003358,curry,n.,c
003359,curse,n.,c
003360,cursory,adj.,c
003361,curtail,vt.,c
003362,curtain,n.,c
003363,curvature,n.,c
003364,curve,n.,c
003365,curving,adj.,c
003366,cushion,n.,c
003367,cusp,n.,c
003368,custard,n.,c
003369,custodial,adj.,c
003370,custodian,n.,c
003371,custody,n.,c
003372,custom,n.,c
003373,customary,adj.,c
003374,customer,n.,c
003375,customize,v.,c
003376,cut,v.,c
003377,cutback,n.,c
003378,cute,adj.,c
003379,cuticle,n.,c
003380,cutter,n.,c
003381,cutthroat,n.,c
003382,cutting,n.,c
003383,cyanide,n.,c
003384,cyberspace,n.,c
003385,cycle,n.,c
003386,cyclical,,c
003387,cycling,n.,c
003388,cyclist,n.,c
003389,cyclone,n.,c
003390,cylinder,n.,c
003391,cylindrical,,c
003392,cynic,n.,c
003393,cynical,adj.,c
003394,cynicism,n.,c
003395,cypress,n.,c
003396,cyst,n.,c
003397,cystic,adj.,c
003398,czar,n.,c
003399,dab,n.,d
003400,dabble,v.,d
003401,dad,n.,d
003402,daddy,n.,d
003403,daffodil,n.,d
003404,dagger,n.,d
003405,daily,adj.,d
003406,dainty,n.,d
003407,dairy,n.,d
003408,dais,n.,d
003409,daisy,n.,d
003410,dam,n.,d
003411,damage,n.,d
003412,damaged,adj.,d
003413,damaging,adj.,d
003414,dame,n.,d
003415,damn,v.,d
003416,damned,adj.,d
003417,damp,n.,d
003418,dampen,v.,d
003419,damper,n.,d
003420,dance,n.,d
003421,dancer,n.,d
003422,dancing,n.,d
003423,dandelion,n.,d
003424,dandy,n.,d
003425,danger,n.,d
003426,dangerous,adj.,d
003427,dangle,v.,d
003428,dank,adj.,d
003429,dapper,adj.,d
003430,dare,n.,d
003431,daring,adj.,d
003432,dark,n.,d
003433,darken,v.,d
003434,darkly,adv.,d
003435,darkness,n.,d
003436,darkroom,n.,d
003437,darling,n.,d
003438,darn,n.,d
003439,dart,n.,d
003440,dash,n.,d
003441,dashboard,n.,d
003442,dashing,adj.,d
003443,data,n.,d
003444,database,n.,d
003445,date,n.,d
003446,dated,adj.,d
003447,daughter,n.,d
003448,daunting,adj.,d
003449,dawn,n.,d
003450,day,n.,d
003451,daybreak,n.,d
003452,daydream,n.,d
003453,daylight,n.,d
003454,daytime,n.,d
003455,daze,vt.,d
003456,dazed,adj.,d
003457,dazzle,v.,d
003458,dazzling,adj.,d
003459,deacon,n.,d
003460,dead,adj.,d
003461,deadline,n.,d
003462,deadlock,n.,d
003463,deadly,adj.,d
003464,deaf,adj.,d
003465,deafening,adj.,d
003466,deal,n.,d
003467,dealer,n.,d
003468,dealership,n.,d
003469,dean,n.,d
003470,dear,adj.,d
003471,dearly,adv.,d
003472,dearth,n.,d
003473,death,n.,d
003474,deathbed,n.,d
003475,debacle,n.,d
003476,debatable,adj.,d
003477,debate,v.,d
003478,debris,n.,d
003479,debt,n.,d
003480,debtor,n.,d
003481,debunk,vt.,d
003482,debut,n.,d
003483,decade,n.,d
003484,decadence,n.,d
003485,decadent,adj.,d
003486,decay,vi.,d
003487,deceased,adj.,d
003488,deceit,n.,d
003489,deceive,v.,d
003490,decency,n.,d
003491,decent,adj.,d
003492,decentralization,n.,d
003493,deception,n.,d
003494,deceptive,adj.,d
003495,deceptively,adv.,d
003496,decide,v.,d
003497,decidedly,adv.,d
003498,deciding,vbl.,d
003499,deciduous,adj.,d
003500,decimate,vt.,d
003501,decipher,vt.,d
003502,decision,n.,d
003503,decisive,adj.,d
003504,decisively,adv.,d
003505,deck,n.,d
003506,declaration,n.,d
003507,declare,vt.,d
003508,declared,adj.,d
003509,decline,vi.,d
003510,declining,adj.,d
003511,decode,vt.,d
003512,decompose,v.,d
003513,decomposition,n.,d
003514,deconstruction,n.,d
003515,decor,n.,d
003516,decorate,v.,d
003517,decoration,n.,d
003518,decorative,adj.,d
003519,decorator,n.,d
003520,decorum,n.,d
003521,decoy,n.,d
003522,decrease,n.,d
003523,decreasing,adj.,d
003524,decree,n.,d
003525,decrepit,adj.,d
003526,decry,v.,d
003527,dedicate,vt.,d
003528,dedicated,adj.,d
003529,dedication,n.,d
003530,deduce,vt.,d
003531,deduct,vt.,d
003532,deductible,adj.,d
003533,deduction,n.,d
003534,deed,n.,d
003535,deem,v.,d
003536,deep,adj.,d
003537,deepen,v.,d
003538,deeply,adv.,d
003539,defamation,n.,d
003540,default,n.,d
003541,defeat,n.,d
003542,defect,n.,d
003543,defection,n.,d
003544,defective,adj.,d
003545,defector,n.,d
003546,defend,vt.,d
003547,defendant,n.,d
003548,defender,n.,d
003549,defenseless,adj.,d
003550,defensible,adj.,d
003551,defensive,adj.,d
003552,defer,vi.,d
003553,deference,n.,d
003554,deferred,adj.,d
003555,defiance,n.,d
003556,defiant,adj.,d
003557,defiantly,adv.,d
003558,defibrillator,n.,d
003559,deficiency,n.,d
003560,deficient,adj.,d
003561,deficit,n.,d
003562,define,vt.,d
003563,defining,vbl.,d
003564,definite,adj.,d
003565,definitely,adv.,d
003566,definition,n.,d
003567,definitive,adj.,d
003568,definitively,adv.,d
003569,deflate,vt.,d
003570,deflect,v.,d
003571,deforestation,n.,d
003572,deformation,n.,d
003573,deformed,adj.,d
003574,deformity,n.,d
003575,defraud,vt.,d
003576,deft,adj.,d
003577,deftly,adv.,d
003578,defunct,adj.,d
003579,defuse,vt.,d
003580,defy,vt.,d
003581,degenerate,adj.,d
003582,degeneration,n.,d
003583,degenerative,adj.,d
003584,degradation,n.,d
003585,degrade,v.,d
003586,degree,n.,d
003587,dehydrate,vt.,d
003588,dehydration,n.,d
003589,deity,n.,d
003590,delay,v.,d
003591,delectable,adj.,d
003592,delegate,n.,d
003593,delegation,n.,d
003594,delete,vt.,d
003595,deleterious,adj.,d
003596,deliberate,adj.,d
003597,deliberately,adv.,d
003598,deliberation,n.,d
003599,delicacy,n.,d
003600,delicate,adj.,d
003601,delicately,adv.,d
003602,delicious,adj.,d
003603,deliciously,adv.,d
003604,delight,n.,d
003605,delighted,adj.,d
003606,delightful,adj.,d
003607,delineate,v.,d
003608,delinquency,n.,d
003609,delinquent,n.,d
003610,delirious,adj.,d
003611,deliver,vt.,d
003612,deliverance,n.,d
003613,delivery,n.,d
003614,delta,n.,d
003615,delude,vt.,d
003616,deluge,n.,d
003617,delusion,n.,d
003618,deluxe,adj.,d
003619,delve,v.,d
003620,demand,n.,d
003621,demanding,adj.,d
003622,demean,vt.,d
003623,demeanor,n.,d
003624,demented,adj.,d
003625,dementia,n.,d
003626,demise,n.,d
003627,demo,n.,d
003628,democracy,n.,d
003629,democratic,adj.,d
003630,democratically,adv.,d
003631,democratization,n.,d
003632,democratize,v.,d
003633,demographer,n.,d
003634,demographic,adj.,d
003635,demolish,vt.,d
003636,demolition,n.,d
003637,demon,n.,d
003638,demonic,adj.,d
003639,demonize,vt.,d
003640,demonstrate,vt.,d
003641,demonstration,n.,d
003642,demonstrator,n.,d
003643,demoralize,v.,d
003644,demote,vt.,d
003645,den,n.,d
003646,denial,n.,d
003647,denigrate,v.,d
003648,denim,n.,d
003649,denizen,n.,d
003650,denomination,n.,d
003651,denominator,n.,d
003652,denote,vt.,d
003653,denounce,vt.,d
003654,dense,adj.,d
003655,densely,adv.,d
003656,density,n.,d
003657,dent,n.,d
003658,dental,adj.,d
003659,dentist,n.,d
003660,dentistry,n.,d
003661,denunciation,n.,d
003662,deny,v.,d
003663,depart,vi.,d
003664,departed,adj.,d
003665,department,n.,d
003666,departmental,adj.,d
003667,departure,n.,d
003668,depend,vi.,d
003669,dependable,adj.,d
003670,dependence,n.,d
003671,dependency,n.,d
003672,dependent,adj.,d
003673,depict,vt.,d
003674,depiction,n.,d
003675,deplete,vt.,d
003676,depletion,n.,d
003677,deplorable,adj.,d
003678,deplore,v.,d
003679,deploy,v.,d
003680,deport,vt.,d
003681,deportation,n.,d
003682,depose,vt.,d
003683,deposit,n.,d
003684,deposition,n.,d
003685,depositor,n.,d
003686,depot,n.,d
003687,depreciation,n.,d
003688,depress,vt.,d
003689,depressed,adj.,d
003690,depressing,adj.,d
003691,depression,n.,d
003692,depressive,adj.,d
003693,deprivation,n.,d
003694,deprive,vt.,d
003695,depth,n.,d
003696,deputy,n.,d
003697,derail,v.,d
003698,derailleur,n.,d
003699,derby,n.,d
003700,deregulate,v.,d
003701,deregulation,n.,d
003702,derelict,adj.,d
003703,deride,vt.,d
003704,derision,n.,d
003705,derivative,adj.,d
003706,derive,vt.,d
003707,dermatologist,n.,d
003708,derogatory,adj.,d
003709,descend,vi.,d
003710,descendant,n.,d
003711,descending,n.,d
003712,descent,n.,d
003713,description,n.,d
003714,descriptive,adj.,d
003715,descriptor,,d
003716,desegregation,n.,d
003717,desert,n.,d
003718,deserted,adj.,d
003719,deserve,vt.,d
003720,deserving,adj.,d
003721,design,n.,d
003722,designate,vt.,d
003723,designation,n.,d
003724,designer,n.,d
003725,desirability,n.,d
003726,desirable,adj.,d
003727,desire,vt.,d
003728,desired,adj.,d
003729,desk,n.,d
003730,desktop,n.,d
003731,desolate,adj.,d
003732,desolation,n.,d
003733,despair,n.,d
003734,despairing,adj.,d
003735,desperate,adj.,d
003736,desperately,adv.,d
003737,desperation,n.,d
003738,despicable,adj.,d
003739,despise,vt.,d
003740,despite,prep.,d
003741,despondent,adj.,d
003742,dessert,n.,d
003743,destabilize,vt.,d
003744,destination,n.,d
003745,destine,vt.,d
003746,destiny,n.,d
003747,destitute,adj.,d
003748,destroy,vt.,d
003749,destroyer,n.,d
003750,destruction,n.,d
003751,destructive,adj.,d
003752,detach,vt.,d
003753,detached,adj.,d
003754,detachment,n.,d
003755,detail,n.,d
003756,detailed,adj.,d
003757,detain,v.,d
003758,detainee,n.,d
003759,detect,vt.,d
003760,detectable,adj.,d
003761,detection,n.,d
003762,detective,n.,d
003763,detector,n.,d
003764,detention,n.,d
003765,deter,v.,d
003766,detergent,n.,d
003767,deteriorate,v.,d
003768,deterioration,n.,d
003769,determinant,adj.,d
003770,determination,n.,d
003771,determine,v.,d
003772,determined,adj.,d
003773,determining,vbl.,d
003774,determinism,n.,d
003775,deterrence,n.,d
003776,deterrent,n.,d
003777,detest,vt.,d
003778,detonate,v.,d
003779,detonation,n.,d
003780,detour,n.,d
003781,detract,v.,d
003782,detractor,n.,d
003783,detriment,n.,d
003784,detrimental,adj.,d
003785,detritus,n.,d
003786,devaluation,n.,d
003787,devalue,v.,d
003788,devastate,vt.,d
003789,devastating,adj.,d
003790,devastation,n.,d
003791,develop,vt.,d
003792,developer,n.,d
003793,developing,adj.,d
003794,development,n.,d
003795,developmental,adj.,d
003796,deviant,adj.,d
003797,deviate,vi.,d
003798,deviation,n.,d
003799,device,n.,d
003800,devil,n.,d
003801,devious,adj.,d
003802,devise,vt.,d
003803,devoid,adj.,d
003804,devolve,vt.,d
003805,devote,vt.,d
003806,devoted,adj.,d
003807,devotee,n.,d
003808,devotion,n.,d
003809,devotional,adj.,d
003810,devour,vt.,d
003811,devout,adj.,d
003812,dew,n.,d
003813,dexterity,n.,d
003814,diabetes,n.,d
003815,diabetic,adj.,d
003816,diagnose,v.,d
003817,diagnosis,n.,d
003818,diagnostic,adj.,d
003819,diagnostics,n.,d
003820,diagonal,adj.,d
003821,diagonally,adv.,d
003822,diagram,n.,d
003823,dial,n.,d
003824,dialect,n.,d
003825,dialectic,adj.,d
003826,dialectical,adj.,d
003827,dialog,n.,d
003828,dialogue,n.,d
003829,dialysis,n.,d
003830,diameter,n.,d
003831,diamond,n.,d
003832,diaper,n.,d
003833,diaphragm,n.,d
003834,diarrhea,n.,d
003835,diary,n.,d
003836,diaspora,n.,d
003837,diatribe,n.,d
003838,dice,n.,d
003839,dichotomous,adj.,d
003840,dichotomy,n.,d
003841,dick,n.,d
003842,dictate,v.,d
003843,dictator,n.,d
003844,dictatorial,adj.,d
003845,dictatorship,n.,d
003846,dictionary,n.,d
003847,dictum,n.,d
003848,didactic,adj.,d
003849,die,vi.,d
003850,diesel,n.,d
003851,diet,n.,d
003852,dietary,adj.,d
003853,dietitian,n.,d
003854,differ,vi.,d
003855,difference,n.,d
003856,different,adj.,d
003857,differential,adj.,d
003858,differentiate,v.,d
003859,differentiation,n.,d
003860,differently,adv.,d
003861,difficult,adj.,d
003862,difficulty,n.,d
003863,diffuse,v.,d
003864,diffusion,n.,d
003865,dig,v.,d
003866,digest,n.,d
003867,digestion,n.,d
003868,digestive,adj.,d
003869,digger,n.,d
003870,digging,n.,d
003871,digit,n.,d
003872,digital,adj.,d
003873,digitally,adv.,d
003874,digitize,v.,d
003875,dignified,adj.,d
003876,dignitary,n.,d
003877,dignity,n.,d
003878,dike,n.,d
003879,dilapidated,adj.,d
003880,dilate,vi.,d
003881,dilemma,n.,d
003882,diligence,n.,d
003883,diligent,adj.,d
003884,diligently,adv.,d
003885,dill,n.,d
003886,dilute,v.,d
003887,dilution,n.,d
003888,dim,adj.,d
003889,dime,n.,d
003890,dimension,n.,d
003891,dimensional,adj.,d
003892,diminish,v.,d
003893,diminished,,d
003894,diminishing,,d
003895,diminutive,adj.,d
003896,dimly,adv.,d
003897,dimple,n.,d
003898,din,n.,d
003899,dine,vi.,d
003900,diner,n.,d
003901,dingy,adj.,d
003902,dining,n.,d
003903,dinner,n.,d
003904,dinosaur,n.,d
003905,diocesan,adj.,d
003906,diocese,n.,d
003907,dioxide,n.,d
003908,dioxin,n.,d
003909,diploma,n.,d
003910,diplomacy,,d
003911,diplomat,n.,d
003912,diplomatic,adj.,d
003913,diplomatically,adv.,d
003914,dire,adj.,d
003915,direct,adj.,d
003916,direction,n.,d
003917,directional,adj.,d
003918,directive,n.,d
003919,directly,adv.,d
003920,director,n.,d
003921,directory,n.,d
003922,dirt,n.,d
003923,dirty,adj.,d
003924,disability,n.,d
003925,disable,v.,d
003926,disabled,adj.,d
003927,disadvantage,n.,d
003928,disadvantaged,adj.,d
003929,disaffected,adj.,d
003930,disagree,vi.,d
003931,disagreement,n.,d
003932,disappear,vi.,d
003933,disappearance,n.,d
003934,disappoint,vt.,d
003935,disappointed,adj.,d
003936,disappointing,adj.,d
003937,disappointment,n.,d
003938,disapproval,n.,d
003939,disapprove,v.,d
003940,disarm,vt.,d
003941,disarmament,n.,d
003942,disarray,v.,d
003943,disassemble,vt.,d
003944,disaster,n.,d
003945,disastrous,adj.,d
003946,disavow,vt.,d
003947,disband,v.,d
003948,disbelief,n.,d
003949,disc,n.,d
003950,discard,vt.,d
003951,discern,v.,d
003952,discernible,adj.,d
003953,discerning,adj.,d
003954,discharge,vt.,d
003955,disciple,n.,d
003956,disciplinary,adj.,d
003957,discipline,n.,d
003958,disciplined,n.,d
003959,disclaimer,n.,d
003960,disclose,vt.,d
003961,disclosure,n.,d
003962,disco,discothequen.,d
003963,discomfort,n.,d
003964,disconcerting,adj.,d
003965,disconnect,v.,d
003966,discontent,n.,d
003967,discontinue,v.,d
003968,discontinuity,n.,d
003969,discord,n.,d
003970,discount,n.,d
003971,discourage,vt.,d
003972,discouraging,adj.,d
003973,discourse,n.,d
003974,discover,vt.,d
003975,discovery,n.,d
003976,discredit,n.,d
003977,discreet,adj.,d
003978,discreetly,adv.,d
003979,discrepancy,n.,d
003980,discrete,adj.,d
003981,discretion,n.,d
003982,discretionary,adj.,d
003983,discriminant,,d
003984,discriminate,v.,d
003985,discriminating,,d
003986,discrimination,n.,d
003987,discriminatory,adj.,d
003988,discursive,adj.,d
003989,discuss,vt.,d
003990,discussion,n.,d
003991,disdain,n.,d
003992,disease,n.,d
003993,diseased,adj.,d
003994,disembark,v.,d
003995,disembodied,adj.,d
003996,disenchanted,,d
003997,disengage,v.,d
003998,disengagement,n.,d
003999,disfigure,v.,d
004000,disgrace,n.,d
004001,disgraceful,adj.,d
004002,disgruntled,adj.,d
004003,disguise,v.,d
004004,disgust,n.,d
004005,disgusted,adj.,d
004006,disgusting,adj.,d
004007,dish,n.,d
004008,dishearten,vt.,d
004009,dishonest,adj.,d
004010,dishonesty,n.,d
004011,dishwasher,n.,d
004012,disillusion,v.,d
004013,disillusionment,n.,d
004014,disinfectant,n.,d
004015,disingenuous,adj.,d
004016,disintegrate,vt.,d
004017,disintegration,n.,d
004018,disinterested,adj.,d
004019,disk,n.,d
004020,dislike,vt.,d
004021,dislocate,vt.,d
004022,dislocation,n.,d
004023,dislodge,v.,d
004024,dismal,adj.,d
004025,dismantle,v.,d
004026,dismay,n.,d
004027,dismiss,vt.,d
004028,dismissal,n.,d
004029,dismissive,adj.,d
004030,dismount,v.,d
004031,disobedience,n.,d
004032,disobey,v.,d
004033,disorder,n.,d
004034,disordered,adj.,d
004035,disorderly,adj.,d
004036,disoriented,adj.,d
004037,disparage,vt.,d
004038,disparate,adj.,d
004039,disparity,n.,d
004040,dispatch,vt.,d
004041,dispatcher,n.,d
004042,dispel,vt.,d
004043,dispense,vt.,d
004044,dispenser,n.,d
004045,dispersal,n.,d
004046,disperse,v.,d
004047,dispersed,adj.,d
004048,dispersion,n.,d
004049,displace,vt.,d
004050,displacement,n.,d
004051,display,vt.,d
004052,displeasure,n.,d
004053,disposable,adj.,d
004054,disposal,n.,d
004055,dispose,v.,d
004056,disposition,n.,d
004057,disprove,v.,d
004058,dispute,v.,d
004059,disputed,v.,d
004060,disqualify,vt.,d
004061,disregard,v.,d
004062,disrespect,n.,d
004063,disrespectful,adj.,d
004064,disrupt,v.,d
004065,disruption,n.,d
004066,disruptive,adj.,d
004067,dissatisfaction,n.,d
004068,dissatisfied,adj.,d
004069,dissect,v.,d
004070,dissection,n.,d
004071,disseminate,v.,d
004072,dissemination,n.,d
004073,dissent,v.,d
004074,dissenter,n.,d
004075,dissenting,adj.,d
004076,dissertation,n.,d
004077,disservice,n.,d
004078,dissident,n.,d
004079,dissimilar,adj.,d
004080,dissipate,v.,d
004081,dissolution,n.,d
004082,dissolve,v.,d
004083,dissonance,n.,d
004084,dissuade,vt.,d
004085,distal,adj.,d
004086,distance,n.,d
004087,distant,adj.,d
004088,distaste,n.,d
004089,distasteful,adj.,d
004090,distil,v.,d
004091,distinct,adj.,d
004092,distinction,n.,d
004093,distinctive,adj.,d
004094,distinctively,adv.,d
004095,distinctly,adv.,d
004096,distinguish,v.,d
004097,distinguished,adj.,d
004098,distinguishing,adj.,d
004099,distort,vt.,d
004100,distorted,adj.,d
004101,distortion,n.,d
004102,distract,v.,d
004103,distraction,n.,d
004104,distraught,adj.,d
004105,distress,n.,d
004106,distressed,adj.,d
004107,distressing,adj.,d
004108,distribute,vt.,d
004109,distributed,adj.,d
004110,distribution,n.,d
004111,distributor,n.,d
004112,district,n.,d
004113,distrust,n.,d
004114,disturb,vt.,d
004115,disturbance,n.,d
004116,disturbed,adj.,d
004117,disturbing,adj.,d
004118,ditch,n.,d
004119,diva,n.,d
004120,dive,vi.,d
004121,diver,n.,d
004122,diverge,vi.,d
004123,divergence,n.,d
004124,divergent,adj.,d
004125,diverse,adj.,d
004126,diversification,n.,d
004127,diversified,adj.,d
004128,diversify,v.,d
004129,diversion,n.,d
004130,diversity,n.,d
004131,divert,v.,d
004132,divest,v.,d
004133,divide,v.,d
004134,divided,adj.,d
004135,dividend,n.,d
004136,divider,n.,d
004137,divination,n.,d
004138,divine,adj.,d
004139,diving,n.,d
004140,divinity,n.,d
004141,division,n.,d
004142,divisional,adj.,d
004143,divisive,adj.,d
004144,divorce,n.,d
004145,divorced,,d
004146,divulge,vt.,d
004147,dizziness,n.,d
004148,dizzy,adj.,d
004149,dizzying,adj.,d
004150,do,v.,d
004151,doable,adj.,d
004152,docile,adj.,d
004153,dock,n.,d
004154,docket,n.,d
004155,docking,n.,d
004156,doctor,n.,d
004157,doctoral,adj.,d
004158,doctorate,n.,d
004159,doctrinal,adj.,d
004160,doctrine,n.,d
004161,document,n.,d
004162,documentary,n.,d
004163,documentation,n.,d
004164,dodge,v.,d
004165,doe,n.,d
004166,dog,n.,d
004167,dogged,adj.,d
004168,dogma,n.,d
004169,dogmatic,adj.,d
004170,dogwood,n.,d
004171,doings,n.,d
004172,doll,n.,d
004173,dollop,n.,d
004174,dolphin,n.,d
004175,domain,n.,d
004176,dome,n.,d
004177,domestic,adj.,d
004178,domestically,adv.,d
004179,dominance,n.,d
004180,dominant,adj.,d
004181,dominate,v.,d
004182,domination,n.,d
004183,dominion,n.,d
004184,domino,n.,d
004185,don,n.,d
004186,donate,v.,d
004187,donation,n.,d
004188,donkey,n.,d
004189,donor,n.,d
004190,doom,n.,d
004191,doomed,,d
004192,door,n.,d
004193,doorbell,n.,d
004194,doorknob,n.,d
004195,doorman,n.,d
004196,doorstep,n.,d
004197,doorway,n.,d
004198,dopamine,n.,d
004199,dope,n.,d
004200,dorm,n.,d
004201,dormant,adj.,d
004202,dormitory,n.,d
004203,dosage,n.,d
004204,dose,n.,d
004205,dot,n.,d
004206,dotted,adj.,d
004207,double,n.,d
004208,doubling,n.,d
004209,doubly,adv.,d
004210,doubt,n.,d
004211,doubtful,adj.,d
004212,doubtless,adj.,d
004213,dough,n.,d
004214,doughnut,n.,d
004215,dour,adj.,d
004216,douse,vt.,d
004217,dove,n.,d
004218,down,adj.,d
004219,downfall,n.,d
004220,downgrade,n.,d
004221,downhill,adj.,d
004222,download,,d
004223,downplay,vt.,d
004224,downpour,n.,d
004225,downright,adj.,d
004226,downside,n.,d
004227,downsize,vt.,d
004228,downsizing,,d
004229,downstairs,adv.,d
004230,downstream,adv.,d
004231,downtime,n.,d
004232,downtown,adv.,d
004233,downturn,n.,d
004234,downward,adj.,d
004235,downwind,adj.,d
004236,dowry,n.,d
004237,doze,vi.,d
004238,dozen,n.,d
004239,drab,adj.,d
004240,draconian,adj.,d
004241,draft,n.,d
004242,drag,v.,d
004243,dragon,n.,d
004244,dragonfly,n.,d
004245,drain,n.,d
004246,drainage,n.,d
004247,drama,n.,d
004248,dramatic,adj.,d
004249,dramatically,adv.,d
004250,dramatize,vt.,d
004251,drape,n.,d
004252,drapery,n.,d
004253,drastic,adj.,d
004254,drastically,adv.,d
004255,draw,v.,d
004256,drawback,n.,d
004257,drawer,n.,d
004258,drawing,n.,d
004259,drawl,v.,d
004260,dread,n.,d
004261,dreadful,adj.,d
004262,dream,v.,d
004263,dreamer,n.,d
004264,dreamy,adj.,d
004265,dreary,adj.,d
004266,dredge,n.,d
004267,drench,v.,d
004268,dress,n.,d
004269,dresser,n.,d
004270,dressing,n.,d
004271,dribble,v.,d
004272,dried,vbl.,d
004273,drift,n.,d
004274,driftwood,n.,d
004275,drill,n.,d
004276,drilling,n.,d
004277,drink,n.,d
004278,drinker,n.,d
004279,drinking,n.,d
004280,drip,n.,d
004281,dripping,n.,d
004282,drive,n.,d
004283,driven,adj.,d
004284,driver,n.,d
004285,driveway,n.,d
004286,driving,n.,d
004287,drizzle,n.,d
004288,drone,n.,d
004289,drool,vi.,d
004290,droop,v.,d
004291,drooping,adj.,d
004292,drop,v.,d
004293,droplet,n.,d
004294,dropout,n.,d
004295,dropping,n.,d
004296,drought,n.,d
004297,drove,vbl.,d
004298,drown,v.,d
004299,drowning,n.,d
004300,drowsy,adj.,d
004301,drug,n.,d
004302,drugstore,n.,d
004303,drum,n.,d
004304,drumbeat,n.,d
004305,drummer,n.,d
004306,drunk,adj.,d
004307,drunken,adj.,d
004308,dry,adj.,d
004309,dryer,n.,d
004310,drying,v.,d
004311,dryly,adv.,d
004312,dryness,n.,d
004313,dual,adj.,d
004314,dualism,n.,d
004315,duality,n.,d
004316,dub,vt.,d
004317,dubious,adj.,d
004318,duck,n.,d
004319,duct,n.,d
004320,dud,n.,d
004321,dude,n.,d
004322,due,n.,d
004323,duel,n.,d
004324,duet,n.,d
004325,duffel,n.,d
004326,dugout,n.,d
004327,duke,n.,d
004328,dull,adj.,d
004329,duly,adv.,d
004330,dumb,adj.,d
004331,dumbbell,n.,d
004332,dumbfound,v.,d
004333,dummy,n.,d
004334,dump,vt.,d
004335,dumping,n.,d
004336,dune,n.,d
004337,dung,n.,d
004338,dungeon,n.,d
004339,dunk,v.,d
004340,duo,n.,d
004341,dupe,n.,d
004342,duplex,,d
004343,duplicate,adj.,d
004344,duplication,n.,d
004345,durability,n.,d
004346,durable,adj.,d
004347,duration,n.,d
004348,during,prep.,d
004349,dusk,n.,d
004350,dusky,adj.,d
004351,dust,n.,d
004352,duster,n.,d
004353,dusty,adj.,d
004354,dutiful,adj.,d
004355,dutifully,adv.,d
004356,duty,n.,d
004357,dwarf,n.,d
004358,dwell,vi.,d
004359,dweller,n.,d
004360,dwelling,n.,d
004361,dwindle,v.,d
004362,dyad,n.,d
004363,dye,n.,d
004364,dying,adj.,d
004365,dynamic,adj.,d
004366,dynamics,n.,d
004367,dynamism,n.,d
004368,dynamite,n.,d
004369,dynasty,n.,d
004370,dysfunction,n.,d
004371,each,adj.,e
004372,eager,adj.,e
004373,eagerly,adv.,e
004374,eagerness,n.,e
004375,eagle,n.,e
004376,ear,n.,e
004377,early,adj.,e
004378,earmark,n.,e
004379,earn,vt.,e
004380,earned,adj.,e
004381,earnest,adj.,e
004382,earnestly,adv.,e
004383,earnings,n.,e
004384,earphone,n.,e
004385,earring,n.,e
004386,earshot,n.,e
004387,earth,n.,e
004388,earthen,adj.,e
004389,earthly,adj.,e
004390,earthquake,n.,e
004391,earthy,adj.,e
004392,ease,n.,e
004393,easel,n.,e
004394,easily,adv.,e
004395,east,n.,e
004396,eastern,adj.,e
004397,eastward,adv.,e
004398,easy,adj.,e
004399,eat,v.,e
004400,eater,n.,e
004401,eatery,n.,e
004402,eating,n.,e
004403,eavesdrop,v.,e
004404,ebb,n.,e
004405,ebony,n.,e
004406,eccentric,adj.,e
004407,eccentricity,n.,e
004408,ecclesiastical,adj.,e
004409,echelon,n.,e
004410,echo,n.,e
004411,eclectic,adj.,e
004412,eclipse,n.,e
004413,ecological,adj.,e
004414,ecologist,n.,e
004415,ecology,n.,e
004416,economic,adj.,e
004417,economical,adj.,e
004418,economically,adv.,e
004419,economics,n.,e
004420,economist,n.,e
004421,economy,n.,e
004422,ecosystem,n.,e
004423,ecstasy,n.,e
004424,ecstatic,n.,e
004425,ecumenical,adj.,e
004426,eddy,n.,e
004427,edge,n.,e
004428,edgy,adj.,e
004429,edible,adj.,e
004430,edict,n.,e
004431,edifice,n.,e
004432,edit,vt.,e
004433,editing,adj.,e
004434,edition,n.,e
004435,editor,n.,e
004436,editorial,n.,e
004437,educate,vt.,e
004438,educated,adj.,e
004439,education,n.,e
004440,educational,adj.,e
004441,educator,n.,e
004442,eel,n.,e
004443,eerie,adj.,e
004444,effect,n.,e
004445,effective,adj.,e
004446,effectively,adv.,e
004447,effectiveness,n.,e
004448,efficacy,n.,e
004449,efficiency,n.,e
004450,efficient,adj.,e
004451,efficiently,adv.,e
004452,effigy,n.,e
004453,effluent,adj.,e
004454,effort,n.,e
004455,effortless,adj.,e
004456,egalitarian,adj.,e
004457,egg,n.,e
004458,eggplant,n.,e
004459,ego,n.,e
004460,egregious,adj.,e
004461,eh,int.,e
004462,eight,adj.,e
004463,eighteen,adj.,e
004464,eighteenth,n.,e
004465,eighth,num.,e
004466,eighty,num.,e
004467,either,adj.,e
004468,eject,vt.,e
004469,elaborate,adj.,e
004470,elaborately,adv.,e
004471,elaboration,n.,e
004472,elapse,vi.,e
004473,elastic,adj.,e
004474,elasticity,n.,e
004475,elated,adj.,e
004476,elation,n.,e
004477,elbow,n.,e
004478,elder,n.,e
004479,elderly,adj.,e
004480,eldest,adj.,e
004481,elect,vt.,e
004482,election,n.,e
004483,elective,adj.,e
004484,electoral,adj.,e
004485,electorate,n.,e
004486,electric,adj.,e
004487,electrical,adj.,e
004488,electrically,adv.,e
004489,electrician,n.,e
004490,electricity,n.,e
004491,electrify,vt.,e
004492,electrode,n.,e
004493,electromagnetic,,e
004494,electron,n.,e
004495,electronic,adj.,e
004496,electronically,adv.,e
004497,electronics,n.,e
004498,elegance,n.,e
004499,elegant,adj.,e
004500,elegantly,adv.,e
004501,element,n.,e
004502,elemental,adj.,e
004503,elementary,adj.,e
004504,elephant,n.,e
004505,elevate,vt.,e
004506,elevated,adj.,e
004507,elevation,n.,e
004508,elevator,n.,e
004509,eleven,n.,e
004510,eleventh,n.,e
004511,elf,n.,e
004512,elicit,vt.,e
004513,eligibility,n.,e
004514,eligible,adj.,e
004515,eliminate,vt.,e
004516,elimination,n.,e
004517,elite,n.,e
004518,elitist,n.,e
004519,elixir,n.,e
004520,elk,n.,e
004521,elliptical,adj.,e
004522,elm,n.,e
004523,eloquence,n.,e
004524,eloquent,adj.,e
004525,eloquently,adv.,e
004526,else,adj.,e
004527,elsewhere,adv.,e
004528,elucidate,vt.,e
004529,elude,v.,e
004530,elusive,adj.,e
004531,em,n.,e
004532,emanate,vi.,e
004533,emancipation,n.,e
004534,embankment,n.,e
004535,embargo,n.,e
004536,embark,v.,e
004537,embarrass,vt.,e
004538,embarrassment,n.,e
004539,embassy,n.,e
004540,embed,vt.,e
004541,embedded,adj.,e
004542,embellish,v.,e
004543,embellishment,n.,e
004544,ember,n.,e
004545,emblazon,vt.,e
004546,emblem,n.,e
004547,emblematic,adj.,e
004548,embodiment,n.,e
004549,embody,vt.,e
004550,embolden,vt.,e
004551,embrace,vt.,e
004552,embroider,vt.,e
004553,embroidery,n.,e
004554,embroil,vt.,e
004555,embryo,n.,e
004556,embryonic,adj.,e
004557,emerald,n.,e
004558,emerge,vi.,e
004559,emergence,n.,e
004560,emergency,n.,e
004561,emergent,adj.,e
004562,emeritus,adj.,e
004563,emigrant,n.,e
004564,emigrate,vi.,e
004565,emigration,n.,e
004566,emigre,n.,e
004567,eminent,adj.,e
004568,emissary,n.,e
004569,emission,n.,e
004570,emit,vt.,e
004571,emotion,n.,e
004572,emotional,adj.,e
004573,emotionally,adv.,e
004574,empathetic,adj.,e
004575,empathize,v.,e
004576,empathy,n.,e
004577,emperor,n.,e
004578,emphasis,n.,e
004579,emphasize,vt.,e
004580,emphatic,adj.,e
004581,emphatically,adv.,e
004582,emphysema,n.,e
004583,empire,n.,e
004584,empirical,adj.,e
004585,empirically,adv.,e
004586,employ,vt.,e
004587,employee,n.,e
004588,employer,n.,e
004589,employment,n.,e
004590,empower,v.,e
004591,emptiness,n.,e
004592,empty,adj.,e
004593,emulate,n.,e
004594,enable,vt.,e
004595,enact,vt.,e
004596,enactment,n.,e
004597,enamel,n.,e
004598,enamor,vt.,e
004599,encampment,n.,e
004600,encapsulate,vt.,e
004601,encase,vt.,e
004602,enchant,vt.,e
004603,enchanting,adj.,e
004604,enchantment,n.,e
004605,encircle,vt.,e
004606,enclave,n.,e
004607,enclose,vt.,e
004608,enclosed,adj.,e
004609,enclosure,n.,e
004610,encode,vt.,e
004611,encompass,v.,e
004612,encore,n.,e
004613,encounter,v.,e
004614,encourage,vt.,e
004615,encouragement,n.,e
004616,encouraging,adj.,e
004617,encroach,vi.,e
004618,encroachment,n.,e
004619,encyclopedia,n.,e
004620,end,n.,e
004621,endanger,vt.,e
004622,endangered,adj.,e
004623,endear,vt.,e
004624,endearing,adj.,e
004625,endeavor,n.,e
004626,endemic,n.,e
004627,ending,n.,e
004628,endless,adj.,e
004629,endlessly,adv.,e
004630,endorse,v.,e
004631,endorsement,n.,e
004632,endoscopic,adj.,e
004633,endow,v.,e
004634,endowment,n.,e
004635,endurance,n.,e
004636,endure,v.,e
004637,enduring,adj.,e
004638,enemy,n.,e
004639,energetic,adj.,e
004640,energetically,adv.,e
004641,energize,vt.,e
004642,energy,n.,e
004643,enforce,vt.,e
004644,enforceable,adj.,e
004645,enforcement,n.,e
004646,engage,vt.,e
004647,engaged,adj.,e
004648,engagement,n.,e
004649,engaging,adj.,e
004650,engender,v.,e
004651,engine,n.,e
004652,engineer,n.,e
004653,engineering,n.,e
004654,engrave,v.,e
004655,engraving,n.,e
004656,engross,vt.,e
004657,engulf,vt.,e
004658,enhance,vt.,e
004659,enhancement,n.,e
004660,enigma,n.,e
004661,enigmatic,adj.,e
004662,enjoin,vt.,e
004663,enjoy,vt.,e
004664,enjoyable,adj.,e
004665,enjoyment,n.,e
004666,enlarge,v.,e
004667,enlargement,n.,e
004668,enlighten,vt.,e
004669,enlightened,v.,e
004670,enlightenment,n.,e
004671,enlist,v.,e
004672,enlistment,n.,e
004673,enliven,vt.,e
004674,enmity,n.,e
004675,enormity,n.,e
004676,enormous,adj.,e
004677,enormously,adv.,e
004678,enough,adj.,e
004679,enrage,vt.,e
004680,enrich,vt.,e
004681,enrichment,n.,e
004682,enroll,v.,e
004683,enrollment,n.,e
004684,ensemble,n.,e
004685,enshrine,vt.,e
004686,enslave,v.,e
004687,ensue,vi.,e
004688,ensure,vt.,e
004689,entail,vt.,e
004690,entangle,vt.,e
004691,entanglement,n.,e
004692,enter,vt.,e
004693,enterprise,n.,e
004694,enterprising,adj.,e
004695,entertain,vt.,e
004696,entertainer,n.,e
004697,entertaining,adj.,e
004698,entertainment,n.,e
004699,enthuse,vt.,e
004700,enthusiasm,n.,e
004701,enthusiast,n.,e
004702,enthusiastic,adj.,e
004703,enthusiastically,adv.,e
004704,entice,v.,e
004705,enticing,adj.,e
004706,entire,adj.,e
004707,entirely,adv.,e
004708,entirety,n.,e
004709,entitle,vt.,e
004710,entity,n.,e
004711,entomologist,n.,e
004712,entourage,n.,e
004713,entrance,n.,e
004714,entrant,n.,e
004715,entree,n.,e
004716,entrench,v.,e
004717,entrepreneur,n.,e
004718,entrust,v.,e
004719,entry,n.,e
004720,entryway,n.,e
004721,entwine,v.,e
004722,enumerate,v.,e
004723,enunciate,v.,e
004724,envelop,vt.,e
004725,envelope,n.,e
004726,enviable,adj.,e
004727,envious,adj.,e
004728,environment,n.,e
004729,environmental,adj.,e
004730,environmentalism,,e
004731,environs,n.,e
004732,envisage,v.,e
004733,envision,vt.,e
004734,envoy,n.,e
004735,envy,n.,e
004736,enzyme,n.,e
004737,eon,n.,e
004738,ephemeral,adj.,e
004739,epic,n.,e
004740,epicenter,n.,e
004741,epidemic,adj.,e
004742,epidemiologist,n.,e
004743,epidemiology,n.,e
004744,epilepsy,n.,e
004745,epiphany,n.,e
004746,episode,n.,e
004747,episodic,adj.,e
004748,epistemological,adj.,e
004749,epistemology,n.,e
004750,epithet,n.,e
004751,epitome,n.,e
004752,epitomize,vt.,e
004753,epoch,n.,e
004754,equal,adj.,e
004755,equality,n.,e
004756,equalize,vt.,e
004757,equally,adv.,e
004758,equate,vt.,e
004759,equation,n.,e
004760,equator,n.,e
004761,equatorial,adj.,e
004762,equestrian,adj.,e
004763,equilibrium,n.,e
004764,equip,vt.,e
004765,equipment,n.,e
004766,equitable,adj.,e
004767,equity,n.,e
004768,equivalence,n.,e
004769,equivalent,adj.,e
004770,era,n.,e
004771,eradicate,v.,e
004772,eradication,n.,e
004773,erase,vt.,e
004774,eraser,n.,e
004775,erect,adj.,e
004776,erection,n.,e
004777,erode,vt.,e
004778,erosion,n.,e
004779,erotic,adj.,e
004780,err,vi.,e
004781,errand,n.,e
004782,errant,adj.,e
004783,erratic,adj.,e
004784,erroneous,adj.,e
004785,error,n.,e
004786,erstwhile,adv.,e
004787,erupt,vt.,e
004788,eruption,n.,e
004789,escalate,vi.,e
004790,escalation,n.,e
004791,escalator,n.,e
004792,escape,n.,e
004793,eschew,vt.,e
004794,escort,n.,e
004795,esophagus,n.,e
004796,esoteric,adj.,e
004797,especially,adv.,e
004798,espionage,n.,e
004799,espouse,vt.,e
004800,espresso,n.,e
004801,essay,vt.,e
004802,essayist,n.,e
004803,essence,n.,e
004804,essential,adj.,e
004805,essentially,adv.,e
004806,establish,vt.,e
004807,established,adj.,e
004808,establishment,n.,e
004809,estate,n.,e
004810,esteem,vt.,e
004811,estimate,v.,e
004812,estimation,n.,e
004813,estranged,adj.,e
004814,estrangement,n.,e
004815,estrogen,n.,e
004816,estuary,n.,e
004817,etc,adv.,e
004818,etch,v.,e
004819,etching,n.,e
004820,eternal,adj.,e
004821,eternally,adv.,e
004822,eternity,n.,e
004823,ethanol,n.,e
004824,ether,n.,e
004825,ethereal,adj.,e
004826,ethic,n.,e
004827,ethical,adj.,e
004828,ethically,adv.,e
004829,ethics,n.,e
004830,ethnic,adj.,e
004831,ethnically,adv.,e
004832,ethnicity,n.,e
004833,ethnographer,n.,e
004834,ethnography,n.,e
004835,ethos,n.,e
004836,etiology,n.,e
004837,etiquette,n.,e
004838,eucharistic,adj.,e
004839,eulogy,n.,e
004840,euphemism,n.,e
004841,euphoria,n.,e
004842,eureka,int.,e
004843,euro,adj.,e
004844,euthanasia,n.,e
004845,evacuate,v.,e
004846,evacuation,n.,e
004847,evacuee,n.,e
004848,evade,v.,e
004849,evaluate,vt.,e
004850,evaluation,n.,e
004851,evaluative,adj.,e
004852,evaluator,,e
004853,evangelical,n.,e
004854,evangelist,n.,e
004855,evaporate,v.,e
004856,evaporation,n.,e
004857,evasion,n.,e
004858,evasive,adj.,e
004859,eve,n.,e
004860,even,adj.,e
004861,evening,n.,e
004862,evenly,adv.,e
004863,event,n.,e
004864,eventual,adj.,e
004865,eventually,adv.,e
004866,ever,adv.,e
004867,evergreen,adj.,e
004868,everlasting,adj.,e
004869,every,adj.,e
004870,everybody,int.,e
004871,everyday,adj.,e
004872,everyone,pron.,e
004873,everything,pron.,e
004874,everywhere,adv.,e
004875,evict,v.,e
004876,eviction,n.,e
004877,evidence,n.,e
004878,evident,adj.,e
004879,evidently,adv.,e
004880,evil,adj.,e
004881,evince,vt.,e
004882,evocation,n.,e
004883,evocative,adj.,e
004884,evoke,vt.,e
004885,evolution,n.,e
004886,evolutionary,,e
004887,evolve,v.,e
004888,evolving,adj.,e
004889,exacerbate,vt.,e
004890,exact,adj.,e
004891,exacting,adj.,e
004892,exactly,adv.,e
004893,exaggerate,v.,e
004894,exaggerated,adj.,e
004895,exaggeration,n.,e
004896,exalt,v.,e
004897,exalted,adj.,e
004898,exam,n.,e
004899,examination,n.,e
004900,examine,v.,e
004901,examiner,n.,e
004902,example,n.,e
004903,exasperate,v.,e
004904,exasperation,n.,e
004905,excavate,v.,e
004906,excavation,n.,e
004907,exceed,vt.,e
004908,exceedingly,adv.,e
004909,excel,v.,e
004910,excellence,n.,e
004911,excellent,adj.,e
004912,except,vt.,e
004913,exception,n.,e
004914,exceptional,adj.,e
004915,excerpt,n.,e
004916,excess,n.,e
004917,excessive,adj.,e
004918,excessively,adv.,e
004919,exchange,vt.,e
004920,excise,n.,e
004921,excision,n.,e
004922,excite,vt.,e
004923,excited,,e
004924,excitedly,adv.,e
004925,excitement,n.,e
004926,exciting,adj.,e
004927,exclaim,v.,e
004928,exclamation,n.,e
004929,exclude,vt.,e
004930,exclusion,n.,e
004931,exclusive,adj.,e
004932,exclusively,adv.,e
004933,excruciating,adj.,e
004934,excursion,n.,e
004935,excuse,vt.,e
004936,exec,,e
004937,execute,vt.,e
004938,execution,n.,e
004939,executioner,n.,e
004940,executive,adj.,e
004941,exemplary,adj.,e
004942,exemplify,vt.,e
004943,exempt,v.,e
004944,exemption,n.,e
004945,exercise,n.,e
004946,exert,vt.,e
004947,exertion,n.,e
004948,exhale,v.,e
004949,exhaust,vt.,e
004950,exhausted,adj.,e
004951,exhaustion,n.,e
004952,exhaustive,adj.,e
004953,exhibit,vt.,e
004954,exhibition,n.,e
004955,exhibitor,n.,e
004956,exhilarating,adj.,e
004957,exhilaration,n.,e
004958,exhort,v.,e
004959,exhortation,n.,e
004960,exile,n.,e
004961,exiled,adj.,e
004962,exist,vi.,e
004963,existence,n.,e
004964,existential,adj.,e
004965,existing,,e
004966,exit,n.,e
004967,exonerate,vt.,e
004968,exorbitant,adj.,e
004969,exotic,adj.,e
004970,expand,vt.,e
004971,expanding,adj.,e
004972,expanse,n.,e
004973,expansion,n.,e
004974,expansive,adj.,e
004975,expatriate,vt.,e
004976,expect,vt.,e
004977,expectancy,n.,e
004978,expectant,adj.,e
004979,expectantly,adv.,e
004980,expectation,n.,e
004981,expedite,v.,e
004982,expedition,n.,e
004983,expel,v.,e
004984,expend,vt.,e
004985,expendable,n.,e
004986,expenditure,n.,e
004987,expense,n.,e
004988,expensive,adj.,e
004989,experience,n.,e
004990,experienced,v.,e
004991,experiential,adj.,e
004992,experiment,n.,e
004993,experimental,adj.,e
004994,experimentally,adv.,e
004995,experimentation,n.,e
004996,experimenter,n.,e
004997,expert,n.,e
004998,expertise,n.,e
004999,expertly,adv.,e
005000,expiration,n.,e
005001,expire,v.,e
005002,explain,v.,e
005003,explanation,n.,e
005004,explanatory,adj.,e
005005,expletive,n.,e
005006,explicit,adj.,e
005007,explicitly,adv.,e
005008,explode,vt.,e
005009,exploit,vt.,e
005010,exploitation,n.,e
005011,exploration,n.,e
005012,exploratory,adj.,e
005013,explore,v.,e
005014,explorer,,e
005015,explosion,n.,e
005016,explosive,adj.,e
005017,exponential,n.,e
005018,export,vt.,e
005019,expose,vt.,e
005020,exposed,adj.,e
005021,exposition,n.,e
005022,exposure,n.,e
005023,expound,v.,e
005024,express,adj.,e
005025,expressionless,adj.,e
005026,expressive,adj.,e
005027,expressly,adv.,e
005028,expulsion,n.,e
005029,exquisite,adj.,e
005030,exquisitely,adv.,e
005031,extant,adj.,e
005032,extend,v.,e
005033,extended,adj.,e
005034,extension,n.,e
005035,extensive,adj.,e
005036,extensively,adv.,e
005037,extent,n.,e
005038,exterior,adj.,e
005039,exterminate,v.,e
005040,extermination,n.,e
005041,external,adj.,e
005042,externality,n.,e
005043,externalize,vt.,e
005044,externally,adv.,e
005045,extinct,adj.,e
005046,extinction,n.,e
005047,extinguish,vt.,e
005048,extinguisher,n.,e
005049,extol,v.,e
005050,extortion,n.,e
005051,extra,adj.,e
005052,extract,n.,e
005053,extraction,n.,e
005054,extracurricular,adj.,e
005055,extradition,n.,e
005056,extramarital,adj.,e
005057,extraneous,adj.,e
005058,extraordinarily,adv.,e
005059,extraordinary,adj.,e
005060,extrapolate,v.,e
005061,extraterrestrial,adj.,e
005062,extravagance,n.,e
005063,extravagant,adj.,e
005064,extravaganza,n.,e
005065,extreme,adj.,e
005066,extremely,adv.,e
005067,extremism,n.,e
005068,extremist,n.,e
005069,extremity,n.,e
005070,extrinsic,adj.,e
005071,exuberance,n.,e
005072,exuberant,adj.,e
005073,exude,v.,e
005074,eye,n.,e
005075,eyeball,n.,e
005076,eyebrow,n.,e
005077,eyeglass,n.,e
005078,eyelash,n.,e
005079,eyelid,n.,e
005080,eyepiece,n.,e
005081,eyesight,n.,e
005082,eyewitness,n.,e
005083,fab,adj.,f
005084,fable,n.,f
005085,fabled,adj.,f
005086,fabric,n.,f
005087,fabricate,vt.,f
005088,fabrication,n.,f
005089,fabulous,adj.,f
005090,facade,n.,f
005091,face,n.,f
005092,faceless,adj.,f
005093,facet,n.,f
005094,facial,adj.,f
005095,facilitate,vt.,f
005096,facility,n.,f
005097,facsimile,n.,f
005098,fact,n.,f
005099,faction,n.,f
005100,factor,n.,f
005101,factory,n.,f
005102,factual,adj.,f
005103,faculty,n.,f
005104,fad,n.,f
005105,fade,vi.,f
005106,faded,adj.,f
005107,fading,n.,f
005108,fail,vi.,f
005109,failing,n.,f
005110,failure,n.,f
005111,faint,n.,f
005112,faintly,adv.,f
005113,fair,adj.,f
005114,fairly,adv.,f
005115,fairness,n.,f
005116,fairway,n.,f
005117,fairy,n.,f
005118,faith,n.,f
005119,faithful,adj.,f
005120,faithfully,adv.,f
005121,fake,n.,f
005122,falcon,n.,f
005123,fall,n.,f
005124,fallacy,n.,f
005125,fallen,adj.,f
005126,falling,n.,f
005127,fallout,n.,f
005128,fallow,n.,f
005129,FALSE,adj.,f
005130,falsehood,n.,f
005131,falsely,adv.,f
005132,falsify,v.,f
005133,falter,vt.,f
005134,faltering,adj.,f
005135,fame,n.,f
005136,famed,adj.,f
005137,familial,adj.,f
005138,familiar,adj.,f
005139,familiarity,n.,f
005140,familiarize,v.,f
005141,family,n.,f
005142,famine,n.,f
005143,famous,adj.,f
005144,famously,adv.,f
005145,fan,n.,f
005146,fanatic,n.,f
005147,fanatical,adj.,f
005148,fanaticism,n.,f
005149,fanciful,adj.,f
005150,fancy,adj.,f
005151,fanfare,n.,f
005152,fang,n.,f
005153,fantasize,v.,f
005154,fantastic,adj.,f
005155,fantasy,n.,f
005156,far,adj.,f
005157,faraway,adj.,f
005158,farce,n.,f
005159,fare,n.,f
005160,farewell,n.,f
005161,farm,n.,f
005162,farmer,n.,f
005163,farmhouse,n.,f
005164,farming,n.,f
005165,farmland,n.,f
005166,fart,n.,f
005167,fascinate,vt.,f
005168,fascinating,adj.,f
005169,fascination,n.,f
005170,fascism,n.,f
005171,fascist,n.,f
005172,fashion,n.,f
005173,fashionable,adj.,f
005174,fast,adj.,f
005175,fastball,n.,f
005176,fasten,vt.,f
005177,fastener,n.,f
005178,faster,adj.,f
005179,fat,n.,f
005180,fatal,adj.,f
005181,fatality,n.,f
005182,fatally,adv.,f
005183,fate,n.,f
005184,fateful,adj.,f
005185,father,n.,f
005186,fatherhood,n.,f
005187,fathom,n.,f
005188,fatigue,n.,f
005189,fatten,vi.,f
005190,fatty,adj.,f
005191,faucet,n.,f
005192,fault,n.,f
005193,faulty,adj.,f
005194,fauna,n.,f
005195,favor,n.,f
005196,favorable,adj.,f
005197,favorably,adv.,f
005198,favored,adj.,f
005199,favorite,n.,f
005200,favoritism,n.,f
005201,fawn,n.,f
005202,fax,n.,f
005203,fear,n.,f
005204,fearful,adj.,f
005205,fearless,adj.,f
005206,fearsome,adj.,f
005207,feasibility,n.,f
005208,feasible,adj.,f
005209,feast,n.,f
005210,feat,n.,f
005211,feather,n.,f
005212,feathered,adj.,f
005213,feathery,adj.,f
005214,feature,n.,f
005215,featured,adj.,f
005216,fecal,adj.,f
005217,feces,n.,f
005218,fed,,f
005219,federal,adj.,f
005220,federalism,n.,f
005221,federally,adv.,f
005222,federation,n.,f
005223,fee,n.,f
005224,feeble,adj.,f
005225,feed,n.,f
005226,feedback,n.,f
005227,feeder,n.,f
005228,feeding,n.,f
005229,feel,vt.,f
005230,feeling,n.,f
005231,feign,vt.,f
005232,feisty,adj.,f
005233,fell,vbl.,f
005234,fella,n.,f
005235,fellow,n.,f
005236,fellowship,n.,f
005237,felon,n.,f
005238,felony,n.,f
005239,felt,n.,f
005240,female,n.,f
005241,feminine,adj.,f
005242,femininity,n.,f
005243,feminism,n.,f
005244,feminist,n.,f
005245,femur,n.,f
005246,fence,n.,f
005247,fencing,n.,f
005248,fend,vt.,f
005249,fender,n.,f
005250,fennel,n.,f
005251,feral,adj.,f
005252,ferment,n.,f
005253,fern,n.,f
005254,ferocious,adj.,f
005255,ferocity,n.,f
005256,ferry,n.,f
005257,fertile,adj.,f
005258,fertility,n.,f
005259,fertilization,n.,f
005260,fertilize,vt.,f
005261,fertilizer,n.,f
005262,fervent,adj.,f
005263,fervently,adv.,f
005264,fervor,n.,f
005265,festival,n.,f
005266,festive,adj.,f
005267,festivity,n.,f
005268,festoon,n.,f
005269,fetal,adj.,f
005270,fetch,vt.,f
005271,fetish,n.,f
005272,fetus,n.,f
005273,feud,n.,f
005274,feudal,adj.,f
005275,fever,n.,f
005276,feverish,adj.,f
005277,feverishly,adv.,f
005278,few,adj.,f
005279,fewer,int.,f
005280,fiance,n.,f
005281,fiasco,n.,f
005282,fiat,n.,f
005283,fiber,n.,f
005284,fiberglass,n.,f
005285,fibrosis,n.,f
005286,fibrous,adj.,f
005287,fickle,adj.,f
005288,fiction,n.,f
005289,fictional,adj.,f
005290,fictitious,adj.,f
005291,fiddle,n.,f
005292,fidelity,n.,f
005293,fidget,vi.,f
005294,field,n.,f
005295,fielder,n.,f
005296,fieldwork,n.,f
005297,fierce,adj.,f
005298,fiercely,adv.,f
005299,fiery,adj.,f
005300,fiesta,n.,f
005301,fifteen,adj.,f
005302,fifteenth,adj.,f
005303,fifth,adj.,f
005304,fifty,adj.,f
005305,fig,n.,f
005306,fight,n.,f
005307,fighter,n.,f
005308,fighting,adj.,f
005309,figurative,adj.,f
005310,figuratively,adv.,f
005311,figurine,n.,f
005312,filament,n.,f
005313,file,n.,f
005314,filet,n.,f
005315,filibuster,n.,f
005316,filing,n.,f
005317,fill,vt.,f
005318,filler,n.,f
005319,fillet,n.,f
005320,filling,n.,f
005321,film,n.,f
005322,filmmaker,n.,f
005323,filter,n.,f
005324,filth,n.,f
005325,filthy,adj.,f
005326,filtration,n.,f
005327,fin,n.,f
005328,final,n.,f
005329,finale,n.,f
005330,finalist,n.,f
005331,finality,n.,f
005332,finalize,v.,f
005333,finally,adv.,f
005334,finance,n.,f
005335,financial,adj.,f
005336,financially,adv.,f
005337,financier,n.,f
005338,financing,n.,f
005339,find,vt.,f
005340,finder,adj.,f
005341,finding,n.,f
005342,fine,adj.,f
005343,finely,adv.,f
005344,finesse,n.,f
005345,finger,n.,f
005346,fingernail,n.,f
005347,fingerprint,n.,f
005348,fingertip,n.,f
005349,finish,n.,f
005350,finished,adj.,f
005351,finisher,n.,f
005352,finishing,adj.,f
005353,finite,adj.,f
005354,fire,n.,f
005355,firearm,n.,f
005356,fireball,n.,f
005357,firecracker,n.,f
005358,firefight,n.,f
005359,firefly,n.,f
005360,fireman,n.,f
005361,fireplace,n.,f
005362,firepower,n.,f
005363,firestorm,n.,f
005364,firewall,,f
005365,firewood,n.,f
005366,fireworks,n.,f
005367,firing,n.,f
005368,firm,n.,f
005369,firmly,adv.,f
005370,first,adv.,f
005371,firsthand,adj.,f
005372,fiscal,adj.,f
005373,fish,n.,f
005374,fisher,n.,f
005375,fisherman,n.,f
005376,fishery,n.,f
005377,fishing,n.,f
005378,fishy,adj.,f
005379,fissure,n.,f
005380,fist,n.,f
005381,fistful,n.,f
005382,fit,n.,f
005383,fitness,n.,f
005384,fitting,adj.,f
005385,five,num.,f
005386,fix,vt.,f
005387,fixate,vi.,f
005388,fixation,n.,f
005389,fixed,adj.,f
005390,fixing,n.,f
005391,fixture,n.,f
005392,fizzle,n.,f
005393,flag,n.,f
005394,flagrant,adj.,f
005395,flagship,n.,f
005396,flail,n.,f
005397,flair,n.,f
005398,flak,n.,f
005399,flake,n.,f
005400,flaky,adj.,f
005401,flamboyant,adj.,f
005402,flame,n.,f
005403,flaming,adj.,f
005404,flammable,adj.,f
005405,flank,n.,f
005406,flannel,n.,f
005407,flap,n.,f
005408,flare,n.,f
005409,flash,n.,f
005410,flashback,n.,f
005411,flashing,n.,f
005412,flashlight,n.,f
005413,flashy,adj.,f
005414,flask,n.,f
005415,flat,adj.,f
005416,flatly,adv.,f
005417,flatten,vi.,f
005418,flatter,vt.,f
005419,flattering,adj.,f
005420,flattery,n.,f
005421,flaunt,n.,f
005422,flavor,n.,f
005423,flavorful,adj.,f
005424,flaw,n.,f
005425,flawless,adj.,f
005426,flea,n.,f
005427,fleck,n.,f
005428,fledgling,n.,f
005429,flee,vt.,f
005430,fleece,n.,f
005431,fleet,n.,f
005432,flesh,n.,f
005433,fleshy,adj.,f
005434,flex,vt.,f
005435,flexibility,n.,f
005436,flexible,adj.,f
005437,flexion,n.,f
005438,flick,n.,f
005439,flicker,n.,f
005440,flickering,adj.,f
005441,flier,n.,f
005442,flight,n.,f
005443,flimsy,adj.,f
005444,flinch,vi.,f
005445,fling,n.,f
005446,flint,n.,f
005447,flip,vt.,f
005448,flipper,n.,f
005449,flipping,,f
005450,flirt,vt.,f
005451,flirtation,n.,f
005452,flit,n.,f
005453,float,n.,f
005454,floating,adj.,f
005455,flock,n.,f
005456,flood,n.,f
005457,flooding,n.,f
005458,floodplain,n.,f
005459,floor,n.,f
005460,floorboard,n.,f
005461,flooring,n.,f
005462,flop,n.,f
005463,floppy,adj.,f
005464,flora,n.,f
005465,floral,adj.,f
005466,florist,n.,f
005467,flounder,vi.,f
005468,flour,n.,f
005469,flourish,vi.,f
005470,flourishing,adj.,f
005471,flow,n.,f
005472,flower,n.,f
005473,flowered,adj.,f
005474,flowering,adj.,f
005475,flowery,adj.,f
005476,flowing,adj.,f
005477,fluctuate,vi.,f
005478,fluctuating,vbl.,f
005479,fluctuation,n.,f
005480,fluency,n.,f
005481,fluent,adj.,f
005482,fluff,n.,f
005483,fluffy,adj.,f
005484,fluid,n.,f
005485,fluidity,n.,f
005486,fluke,v.,f
005487,flunk,n.,f
005488,fluorescent,adj.,f
005489,flurry,n.,f
005490,flush,n.,f
005491,flute,n.,f
005492,flutter,n.,f
005493,flux,n.,f
005494,fly,n.,f
005495,flyer,n.,f
005496,flying,adj.,f
005497,foam,n.,f
005498,focal,adj.,f
005499,focus,n.,f
005500,fodder,n.,f
005501,foe,n.,f
005502,fog,n.,f
005503,foggy,adj.,f
005504,foil,n.,f
005505,fold,n.,f
005506,folder,n.,f
005507,folding,adj.,f
005508,foliage,n.,f
005509,folk,n.,f
005510,folklore,n.,f
005511,follow,vt.,f
005512,follower,n.,f
005513,following,n.,f
005514,folly,n.,f
005515,fond,adj.,f
005516,fondle,v.,f
005517,fondly,adv.,f
005518,fondness,n.,f
005519,font,n.,f
005520,food,n.,f
005521,foodstuff,n.,f
005522,fool,n.,f
005523,foolish,adj.,f
005524,foolishly,adv.,f
005525,foolproof,adj.,f
005526,foot,n.,f
005527,footage,n.,f
005528,football,n.,f
005529,foothill,n.,f
005530,foothold,n.,f
005531,footing,n.,f
005532,footnote,n.,f
005533,footprint,n.,f
005534,footstep,n.,f
005535,footwear,n.,f
005536,for,prep.,f
005537,forage,n.,f
005538,foray,vt.,f
005539,forbid,vt.,f
005540,forbidden,adj.,f
005541,forbidding,adj.,f
005542,force,n.,f
005543,forced,adj.,f
005544,forceful,adj.,f
005545,forcefully,adv.,f
005546,forcibly,adv.,f
005547,fore,adj.,f
005548,forearm,n.,f
005549,forebear,n.,f
005550,foreboding,n.,f
005551,forecast,n.,f
005552,forecaster,n.,f
005553,foreclose,vt.,f
005554,foreclosure,n.,f
005555,forefather,n.,f
005556,forefinger,n.,f
005557,forefront,n.,f
005558,forego,vt.,f
005559,foregoing,adj.,f
005560,foreground,n.,f
005561,forehead,n.,f
005562,foreign,adj.,f
005563,foreigner,n.,f
005564,foreman,n.,f
005565,foremost,adj.,f
005566,forensic,adj.,f
005567,forerunner,n.,f
005568,foresee,vt.,f
005569,foreseeable,adj.,f
005570,foreshadow,v.,f
005571,foresight,n.,f
005572,forest,n.,f
005573,forestall,vt.,f
005574,forested,adj.,f
005575,forester,n.,f
005576,forestry,n.,f
005577,forever,adv.,f
005578,forfeit,n.,f
005579,forge,v.,f
005580,forgery,n.,f
005581,forget,vt.,f
005582,forgive,vt.,f
005583,forgiveness,n.,f
005584,forgiving,adj.,f
005585,forgo,vt.,f
005586,forgotten,vbl.,f
005587,fork,n.,f
005588,forlorn,adj.,f
005589,form,n.,f
005590,formal,adj.,f
005591,formality,n.,f
005592,formalize,vt.,f
005593,formally,adv.,f
005594,format,n.,f
005595,formation,n.,f
005596,formative,adj.,f
005597,former,adj.,f
005598,formerly,adv.,f
005599,formidable,adj.,f
005600,formula,n.,f
005601,formulate,vt.,f
005602,formulation,n.,f
005603,forsake,vt.,f
005604,fort,n.,f
005605,forth,adv.,f
005606,forthcoming,adj.,f
005607,forthright,adv.,f
005608,fortification,n.,f
005609,fortified,adj.,f
005610,fortify,vt.,f
005611,fortitude,n.,f
005612,fortress,n.,f
005613,fortunate,adj.,f
005614,fortunately,adv.,f
005615,fortune,n.,f
005616,forty,num.,f
005617,forum,n.,f
005618,forward,adj.,f
005619,forwards,adv.,f
005620,fossil,n.,f
005621,foster,vt.,f
005622,foul,adj.,f
005623,found,v.,f
005624,foundation,n.,f
005625,founder,n.,f
005626,foundry,n.,f
005627,fountain,n.,f
005628,four,num.,f
005629,foursome,n.,f
005630,fourteen,num.,f
005631,fourteenth,num.,f
005632,fourth,num.,f
005633,fowl,n.,f
005634,fox,n.,f
005635,foyer,n.,f
005636,fraction,n.,f
005637,fracture,n.,f
005638,fragile,adj.,f
005639,fragility,n.,f
005640,fragment,n.,f
005641,fragmentary,adj.,f
005642,fragmentation,n.,f
005643,fragmented,adj.,f
005644,fragrance,n.,f
005645,fragrant,adj.,f
005646,frail,adj.,f
005647,frailty,n.,f
005648,frame,n.,f
005649,framed,n.,f
005650,framer,n.,f
005651,framework,n.,f
005652,framing,v.,f
005653,franchise,n.,f
005654,franchisee,n.,f
005655,frank,adj.,f
005656,frankly,adv.,f
005657,frantic,adj.,f
005658,frantically,adv.,f
005659,frat,n.,f
005660,fraternal,adj.,f
005661,fraternity,n.,f
005662,fraud,n.,f
005663,fraudulent,adj.,f
005664,fraught,adj.,f
005665,fray,n.,f
005666,freak,n.,f
005667,freckle,n.,f
005668,free,adj.,f
005669,freedom,n.,f
005670,freely,adv.,f
005671,freestyle,n.,f
005672,freeway,n.,f
005673,freeze,v.,f
005674,freezer,n.,f
005675,freezing,adj.,f
005676,freight,n.,f
005677,freighter,n.,f
005678,frenetic,adj.,f
005679,frenzied,adj.,f
005680,frenzy,n.,f
005681,frequency,n.,f
005682,frequent,adj.,f
005683,frequently,adv.,f
005684,fresco,n.,f
005685,fresh,adj.,f
005686,freshen,v.,f
005687,freshly,adv.,f
005688,freshman,n.,f
005689,freshness,n.,f
005690,freshwater,n.,f
005691,fret,v.,f
005692,friction,n.,f
005693,fridge,n.,f
005694,fried,adj.,f
005695,friend,n.,f
005696,friendliness,n.,f
005697,friendly,adj.,f
005698,friendship,n.,f
005699,fright,n.,f
005700,frighten,vt.,f
005701,frightened,adj.,f
005702,frightening,adj.,f
005703,frigid,adj.,f
005704,frill,n.,f
005705,fringe,n.,f
005706,frivolous,adj.,f
005707,frock,n.,f
005708,frog,n.,f
005709,from,prep.,f
005710,frond,n.,f
005711,front,n.,f
005712,frontal,n.,f
005713,frontier,n.,f
005714,frost,n.,f
005715,frosted,adj.,f
005716,frosting,n.,f
005717,frosty,adj.,f
005718,frothy,adj.,f
005719,frown,vi.,f
005720,frozen,adj.,f
005721,frugal,adj.,f
005722,fruit,n.,f
005723,fruitful,adj.,f
005724,fruition,n.,f
005725,fruitless,adj.,f
005726,fruity,adj.,f
005727,frustrate,v.,f
005728,frustrated,adj.,f
005729,frustration,n.,f
005730,fry,n.,f
005731,fuck,vi.,f
005732,fucker,n.,f
005733,fucking,adj.,f
005734,fudge,n.,f
005735,fuel,n.,f
005736,fugitive,adj.,f
005737,fulfil,vt.,f
005738,fulfill,vt.,f
005739,fulfillment,n.,f
005740,full,n.,f
005741,fullback,n.,f
005742,fullness,n.,f
005743,fully,adv.,f
005744,fumble,v.,f
005745,fume,n.,f
005746,fun,n.,f
005747,function,n.,f
005748,functional,adj.,f
005749,functionality,,f
005750,functionally,adv.,f
005751,fund,n.,f
005752,fundamental,adj.,f
005753,fundamentalism,n.,f
005754,fundamentalist,n.,f
005755,fundamentally,adv.,f
005756,funeral,n.,f
005757,fungal,adj.,f
005758,fungus,n.,f
005759,funk,n.,f
005760,funky,adj.,f
005761,funnel,n.,f
005762,funny,adj.,f
005763,fur,n.,f
005764,furious,adj.,f
005765,furiously,adv.,f
005766,furnace,n.,f
005767,furnish,vt.,f
005768,furnishings,n.,f
005769,furniture,n.,f
005770,furor,n.,f
005771,furrow,n.,f
005772,furry,adj.,f
005773,further,adj.,f
005774,furthermore,adv.,f
005775,furtive,adj.,f
005776,fury,n.,f
005777,fuse,n.,f
005778,fuselage,n.,f
005779,fusion,n.,f
005780,fuss,n.,f
005781,fussy,adj.,f
005782,futile,adj.,f
005783,futility,n.,f
005784,future,n.,f
005785,futurist,n.,f
005786,futuristic,adj.,f
005787,fuzz,n.,f
005788,fuzzy,adj.,f
005789,gadget,n.,g
005790,gag,n.,g
005791,gain,n.,g
005792,gait,n.,g
005793,gal,n.,g
005794,gala,n.,g
005795,galactic,adj.,g
005796,galaxy,n.,g
005797,gale,n.,g
005798,gall,n.,g
005799,gallant,adj.,g
005800,gallery,n.,g
005801,galley,n.,g
005802,gallop,n.,g
005803,galvanize,v.,g
005804,gambit,n.,g
005805,gamble,n.,g
005806,gambler,n.,g
005807,gambling,n.,g
005808,game,n.,g
005809,gaming,n.,g
005810,gamma,n.,g
005811,gamut,n.,g
005812,gang,n.,g
005813,gangster,n.,g
005814,gap,n.,g
005815,gape,v.,g
005816,gaping,adj.,g
005817,garage,n.,g
005818,garb,n.,g
005819,garbage,n.,g
005820,garden,n.,g
005821,gardener,n.,g
005822,gardening,n.,g
005823,gargantuan,adj.,g
005824,garish,adj.,g
005825,garlic,n.,g
005826,garment,n.,g
005827,garner,v.,g
005828,garnish,v.,g
005829,garrison,n.,g
005830,gaseous,adj.,g
005831,gash,n.,g
005832,gasoline,n.,g
005833,gasp,vi.,g
005834,gastric,adj.,g
005835,gastrointestinal,adj.,g
005836,gate,n.,g
005837,gatekeeper,n.,g
005838,gateway,n.,g
005839,gather,n.,g
005840,gathering,n.,g
005841,gaudy,adj.,g
005842,gauge,n.,g
005843,gaunt,adj.,g
005844,gauntlet,n.,g
005845,gauze,n.,g
005846,gawk,n.,g
005847,gay,adj.,g
005848,gaze,v.,g
005849,gazebo,n.,g
005850,gear,n.,g
005851,gee,n.,g
005852,geek,n.,g
005853,gel,n.,g
005854,gelatin,n.,g
005855,gem,n.,g
005856,gender,n.,g
005857,gene,n.,g
005858,genealogy,n.,g
005859,general,n.,g
005860,generality,n.,g
005861,generalization,n.,g
005862,generalize,vt.,g
005863,generalized,adj.,g
005864,generally,adv.,g
005865,generate,vt.,g
005866,generation,n.,g
005867,generational,adj.,g
005868,generator,n.,g
005869,generic,adj.,g
005870,generosity,n.,g
005871,generous,adj.,g
005872,generously,adv.,g
005873,genesis,n.,g
005874,genetic,adj.,g
005875,geneticist,n.,g
005876,genetics,n.,g
005877,genial,adj.,g
005878,genie,n.,g
005879,genital,adj.,g
005880,genitals,n.,g
005881,genius,n.,g
005882,genocide,n.,g
005883,genome,n.,g
005884,genre,n.,g
005885,gent,n.,g
005886,genteel,adj.,g
005887,gentle,adj.,g
005888,gentleman,n.,g
005889,gentleness,n.,g
005890,gently,adv.,g
005891,genuine,adj.,g
005892,genuinely,adv.,g
005893,genus,n.,g
005894,geographer,n.,g
005895,geographic,adj.,g
005896,geographical,adj.,g
005897,geography,n.,g
005898,geologic,adj.,g
005899,geological,adj.,g
005900,geologist,n.,g
005901,geology,n.,g
005902,geometric,adj.,g
005903,geometry,n.,g
005904,geopolitical,adj.,g
005905,geothermal,adj.,g
005906,geranium,n.,g
005907,geriatric,n.,g
005908,germ,n.,g
005909,germinate,v.,g
005910,gesture,n.,g
005911,get,vt.,g
005912,getaway,n.,g
005913,geyser,n.,g
005914,ghastly,adj.,g
005915,ghetto,n.,g
005916,ghost,n.,g
005917,ghostly,adj.,g
005918,giant,n.,g
005919,giddy,adj.,g
005920,gift,n.,g
005921,gifted,adj.,g
005922,gig,n.,g
005923,gigantic,adj.,g
005924,giggle,v.,g
005925,gilded,adj.,g
005926,gill,n.,g
005927,gilt,n.,g
005928,gimmick,n.,g
005929,gin,n.,g
005930,ginger,n.,g
005931,gingerbread,n.,g
005932,gingerly,adv.,g
005933,giraffe,n.,g
005934,girl,n.,g
005935,girlish,adj.,g
005936,girth,n.,g
005937,gist,n.,g
005938,give,n.,g
005939,giveaway,n.,g
005940,given,adj.,g
005941,giver,n.,g
005942,giving,n.,g
005943,gizmo,n.,g
005944,glacial,adj.,g
005945,glacier,n.,g
005946,glad,adj.,g
005947,glade,n.,g
005948,gladly,adv.,g
005949,glamorous,adj.,g
005950,glamour,n.,g
005951,glance,vi.,g
005952,gland,n.,g
005953,glare,n.,g
005954,glaring,adj.,g
005955,glass,n.,g
005956,glassware,n.,g
005957,glassy,adj.,g
005958,glaze,v.,g
005959,glazed,adj.,g
005960,gleam,n.,g
005961,glean,v.,g
005962,glee,n.,g
005963,glib,adj.,g
005964,glide,v.,g
005965,glider,n.,g
005966,glimmer,v.,g
005967,glimpse,n.,g
005968,glint,n.,g
005969,glisten,v.,g
005970,glitch,,g
005971,glitter,vi.,g
005972,glitzy,adj.,g
005973,gloat,v.,g
005974,global,adj.,g
005975,globalization,n.,g
005976,globe,n.,g
005977,globular,adj.,g
005978,gloom,n.,g
005979,gloomy,adj.,g
005980,glorify,v.,g
005981,glorious,adj.,g
005982,glory,n.,g
005983,gloss,n.,g
005984,glossary,n.,g
005985,glossy,adj.,g
005986,glove,n.,g
005987,glow,vi.,g
005988,glower,v.,g
005989,glowing,adj.,g
005990,glucose,n.,g
005991,glue,n.,g
005992,glut,v.,g
005993,gnarled,adj.,g
005994,gnaw,v.,g
005995,go,vi.,g
005996,goad,n.,g
005997,goal,n.,g
005998,goalie,n.,g
005999,goat,n.,g
006000,goatee,n.,g
006001,gobble,n.,g
006002,gobbler,n.,g
006003,goblet,n.,g
006004,goblin,n.,g
006005,goddamn,adj.,g
006006,goddamned,adj.,g
006007,goddess,n.,g
006008,godfather,n.,g
006009,godmother,n.,g
006010,going,n.,g
006011,gold,n.,g
006012,golden,adj.,g
006013,goldfish,n.,g
006014,golf,n.,g
006015,golfer,n.,g
006016,gondola,n.,g
006017,gong,n.,g
006018,goo,n.,g
006019,good,n.,g
006020,goodbye,int.,g
006021,goodness,n.,g
006022,goodwill,n.,g
006023,gooey,adj.,g
006024,goof,n.,g
006025,goofy,adj.,g
006026,goon,n.,g
006027,goose,n.,g
006028,gorge,n.,g
006029,gorgeous,adj.,g
006030,gorilla,n.,g
006031,gory,adj.,g
006032,gosh,int.,g
006033,gospel,n.,g
006034,gossip,n.,g
006035,gothic,n.,g
006036,gouge,n.,g
006037,gourd,n.,g
006038,gourmet,n.,g
006039,govern,v.,g
006040,governance,n.,g
006041,government,n.,g
006042,governmental,adj.,g
006043,governor,n.,g
006044,governorship,n.,g
006045,gown,n.,g
006046,grab,v.,g
006047,grace,n.,g
006048,graceful,adj.,g
006049,gracefully,,g
006050,gracious,adj.,g
006051,graciously,adv.,g
006052,grad,n.,g
006053,grade,n.,g
006054,grader,n.,g
006055,gradient,adj.,g
006056,grading,n.,g
006057,gradual,adj.,g
006058,gradually,adv.,g
006059,graduate,n.,g
006060,graduation,n.,g
006061,graft,n.,g
006062,grain,n.,g
006063,grainy,adj.,g
006064,grammar,n.,g
006065,grammatical,adj.,g
006066,grand,adj.,g
006067,grandchild,n.,g
006068,granddaughter,n.,g
006069,grandeur,n.,g
006070,grandfather,n.,g
006071,grandiose,adj.,g
006072,grandma,n.,g
006073,grandmother,n.,g
006074,grandpa,n.,g
006075,grandparent,n.,g
006076,grandson,n.,g
006077,granite,n.,g
006078,granny,n.,g
006079,grant,vt.,g
006080,granulate,v.,g
006081,grape,n.,g
006082,grapefruit,n.,g
006083,grapevine,n.,g
006084,graph,n.,g
006085,graphic,adj.,g
006086,graphical,adj.,g
006087,graphite,n.,g
006088,grapple,v.,g
006089,grasp,vt.,g
006090,grass,n.,g
006091,grasshopper,n.,g
006092,grassland,n.,g
006093,grassy,adj.,g
006094,grate,n.,g
006095,grateful,adj.,g
006096,gratefully,adv.,g
006097,gratification,n.,g
006098,gratify,vt.,g
006099,gratifying,adj.,g
006100,grating,n.,g
006101,gratitude,n.,g
006102,gratuitous,adj.,g
006103,grave,n.,g
006104,gravel,n.,g
006105,gravely,adv.,g
006106,gravestone,n.,g
006107,graveyard,n.,g
006108,gravitate,v.,g
006109,gravitational,adj.,g
006110,gravity,n.,g
006111,gravy,n.,g
006112,gray,n.,g
006113,graze,v.,g
006114,grazing,n.,g
006115,grease,n.,g
006116,greasy,adj.,g
006117,great,adj.,g
006118,greatest,adj.,g
006119,greatly,adv.,g
006120,greatness,n.,g
006121,greed,n.,g
006122,greedy,adj.,g
006123,green,n.,g
006124,greenery,n.,g
006125,greenhouse,n.,g
006126,greenish,adj.,g
006127,greet,vt.,g
006128,greeting,n.,g
006129,gregarious,adj.,g
006130,grenade,n.,g
006131,grid,n.,g
006132,grief,n.,g
006133,grievance,n.,g
006134,grieve,v.,g
006135,grill,n.,g
006136,grille,n.,g
006137,grilled,adj.,g
006138,grim,adj.,g
006139,grimace,n.,g
006140,grime,n.,g
006141,grimly,adv.,g
006142,grimy,adj.,g
006143,grin,n.,g
006144,grind,v.,g
006145,grinder,n.,g
006146,grinding,adj.,g
006147,grip,vt.,g
006148,gripe,n.,g
006149,grisly,adj.,g
006150,grit,n.,g
006151,gritty,adj.,g
006152,grizzly,adj.,g
006153,groan,n.,g
006154,grocer,n.,g
006155,grocery,n.,g
006156,groggy,adj.,g
006157,groin,n.,g
006158,groom,n.,g
006159,groove,n.,g
006160,grope,v.,g
006161,gross,adj.,g
006162,grossly,adv.,g
006163,grotesque,adj.,g
006164,grotto,n.,g
006165,ground,n.,g
006166,grounding,n.,g
006167,groundwater,n.,g
006168,groundwork,n.,g
006169,group,n.,g
006170,grouping,n.,g
006171,grouse,n.,g
006172,grove,n.,g
006173,grow,vi.,g
006174,grower,n.,g
006175,growing,adj.,g
006176,growl,v.,g
006177,grown,adj.,g
006178,growth,n.,g
006179,grub,n.,g
006180,grudge,v.,g
006181,grudging,adj.,g
006182,grueling,n.,g
006183,gruesome,adj.,g
006184,gruff,adj.,g
006185,grumble,adj.,g
006186,grumpy,adj.,g
006187,grunt,vi.,g
006188,guarantee,n.,g
006189,guard,n.,g
006190,guarded,adj.,g
006191,guardian,n.,g
006192,gubernatorial,adj.,g
006193,guerrilla,n.,g
006194,guess,vt.,g
006195,guest,n.,g
006196,guidance,n.,g
006197,guide,n.,g
006198,guidebook,n.,g
006199,guideline,n.,g
006200,guild,n.,g
006201,guilt,n.,g
006202,guilty,adj.,g
006203,guinea,n.,g
006204,guise,n.,g
006205,guitar,n.,g
006206,guitarist,n.,g
006207,gulf,n.,g
006208,gull,n.,g
006209,gully,n.,g
006210,gulp,vt.,g
006211,gum,n.,g
006212,gumbo,n.,g
006213,gun,n.,g
006214,gunfire,n.,g
006215,gunman,n.,g
006216,gunner,n.,g
006217,gunpoint,n.,g
006218,gunpowder,n.,g
006219,gunshot,n.,g
006220,guru,n.,g
006221,gush,v.,g
006222,gust,n.,g
006223,gusto,n.,g
006224,gut,n.,g
006225,gutter,n.,g
006226,guy,n.,g
006227,gym,,g
006228,gymnasium,n.,g
006229,gymnast,n.,g
006230,gymnastics,n.,g
006231,gynecologist,n.,g
006232,gypsy,n.,g
006233,ha,int.,h
006234,habit,n.,h
006235,habitable,adj.,h
006236,habitat,n.,h
006237,habitation,n.,h
006238,habitual,adj.,h
006239,habitually,adv.,h
006240,hacienda,n.,h
006241,hack,v.,h
006242,hacker,,h
006243,haggle,v.,h
006244,hah,int.,h
006245,hail,n.,h
006246,hair,n.,h
006247,haircut,n.,h
006248,hairdo,n.,h
006249,hairdresser,n.,h
006250,hairline,,h
006251,hairstyle,n.,h
006252,hairy,adj.,h
006253,half,n.,h
006254,halfway,adj.,h
006255,halibut,n.,h
006256,hall,n.,h
006257,hallmark,n.,h
006258,hallowed,adj.,h
006259,hallucination,n.,h
006260,hallway,n.,h
006261,halo,n.,h
006262,halt,n.,h
006263,halter,n.,h
006264,halting,adj.,h
006265,halve,vt.,h
006266,ham,n.,h
006267,hamburger,n.,h
006268,hamlet,n.,h
006269,hammer,n.,h
006270,hammock,n.,h
006271,hamper,v.,h
006272,hamster,n.,h
006273,hamstring,n.,h
006274,hand,n.,h
006275,handbag,n.,h
006276,handbook,n.,h
006277,handcuff,n.,h
006278,handful,n.,h
006279,handgun,n.,h
006280,handicap,n.,h
006281,handicapped,n.,h
006282,handily,adv.,h
006283,handiwork,n.,h
006284,handkerchief,n.,h
006285,handle,n.,h
006286,handlebar,n.,h
006287,handler,n.,h
006288,handling,n.,h
006289,handmade,adj.,h
006290,handout,n.,h
006291,handset,n.,h
006292,handshake,n.,h
006293,handsome,adj.,h
006294,handsomely,adv.,h
006295,handwriting,n.,h
006296,handwritten,vbl.,h
006297,handy,adj.,h
006298,hang,n.,h
006299,hangar,n.,h
006300,hanger,n.,h
006301,hanging,n.,h
006302,hangout,n.,h
006303,hangover,n.,h
006304,haphazard,n.,h
006305,hapless,adj.,h
006306,happen,vi.,h
006307,happening,n.,h
006308,happily,adv.,h
006309,happy,adj.,h
006310,harass,v.,h
006311,harassment,n.,h
006312,harbinger,n.,h
006313,harbor,n.,h
006314,hard,adj.,h
006315,hardball,n.,h
006316,hardcover,n.,h
006317,harden,vt.,h
006318,hardened,adj.,h
006319,hardly,adv.,h
006320,hardness,n.,h
006321,hardship,n.,h
006322,hardware,n.,h
006323,hardwood,n.,h
006324,hardy,adj.,h
006325,hare,n.,h
006326,harem,n.,h
006327,harm,vt.,h
006328,harmful,adj.,h
006329,harmless,adj.,h
006330,harmonic,adj.,h
006331,harmonica,n.,h
006332,harmonious,adj.,h
006333,harmonize,v.,h
006334,harmony,n.,h
006335,harness,n.,h
006336,harp,n.,h
006337,harrowing,adj.,h
006338,harsh,adj.,h
006339,harshly,adv.,h
006340,harvest,n.,h
006341,harvesting,v.,h
006342,hash,n.,h
006343,hassle,n.,h
006344,haste,n.,h
006345,hasten,v.,h
006346,hastily,adv.,h
006347,hasty,adj.,h
006348,hat,n.,h
006349,hatch,n.,h
006350,hatchery,n.,h
006351,hatchet,n.,h
006352,hate,vt.,h
006353,hateful,adj.,h
006354,hatred,n.,h
006355,haul,n.,h
006356,hauler,n.,h
006357,haunch,n.,h
006358,haunt,v.,h
006359,haunted,adj.,h
006360,haunting,adj.,h
006361,have,vt.,h
006362,haven,n.,h
006363,havoc,n.,h
006364,hawk,n.,h
006365,hazard,n.,h
006366,hazardous,adj.,h
006367,haze,n.,h
006368,hazelnut,n.,h
006369,hazy,adj.,h
006370,he,pron.,h
006371,head,n.,h
006372,headache,n.,h
006373,headband,n.,h
006374,headboard,n.,h
006375,headdress,adj.,h
006376,heading,n.,h
006377,headless,adj.,h
006378,headlight,n.,h
006379,headline,n.,h
006380,headliner,n.,h
006381,headlong,adv.,h
006382,headmaster,n.,h
006383,headquarters,n.,h
006384,headset,n.,h
006385,headstone,n.,h
006386,headwaters,n.,h
006387,headway,n.,h
006388,heady,adj.,h
006389,heal,v.,h
006390,healer,n.,h
006391,healing,n.,h
006392,health,n.,h
006393,healthful,adj.,h
006394,healthy,adj.,h
006395,heap,n.,h
006396,hear,vt.,h
006397,hearing,n.,h
006398,hearsay,n.,h
006399,heart,n.,h
006400,heartache,n.,h
006401,heartbeat,n.,h
006402,heartbreak,n.,h
006403,heartbreaking,adj.,h
006404,heartbroken,adj.,h
006405,heartfelt,adj.,h
006406,hearth,n.,h
006407,heartily,adv.,h
006408,heartland,n.,h
006409,heartless,adj.,h
006410,hearty,adj.,h
006411,heated,adj.,h
006412,heater,n.,h
006413,heating,v.,h
006414,heave,v.,h
006415,heaven,n.,h
006416,heavenly,adj.,h
006417,heavily,adv.,h
006418,heavy,adj.,h
006419,heavyweight,n.,h
006420,heck,n.,h
006421,hectic,adj.,h
006422,hedge,n.,h
006423,heed,n.,h
006424,heel,n.,h
006425,heft,n.,h
006426,hefty,adj.,h
006427,hegemonic,adj.,h
006428,hegemony,n.,h
006429,height,n.,h
006430,heighten,v.,h
006431,heinous,adj.,h
006432,heir,n.,h
006433,heiress,n.,h
006434,heirloom,n.,h
006435,helicopter,n.,h
006436,helium,n.,h
006437,hell,n.,h
006438,hellish,adj.,h
006439,hello,int.,h
006440,helmet,n.,h
006441,help,n.,h
006442,helper,n.,h
006443,helpful,adj.,h
006444,helping,n.,h
006445,helpless,adj.,h
006446,helplessly,adv.,h
006447,hem,n.,h
006448,hemisphere,n.,h
006449,hemlock,n.,h
006450,hemorrhage,n.,h
006451,hemp,n.,h
006452,hen,n.,h
006453,hence,adv.,h
006454,henceforth,adv.,h
006455,hepatitis,n.,h
006456,her,pron.,h
006457,herald,n.,h
006458,herb,n.,h
006459,herbal,adj.,h
006460,herbicide,n.,h
006461,herd,n.,h
006462,herder,n.,h
006463,here,adv.,h
006464,hereafter,adv.,h
006465,hereby,adv.,h
006466,hereditary,adj.,h
006467,herein,adv.,h
006468,heresy,n.,h
006469,heretic,n.,h
006470,heretofore,adv.,h
006471,heritage,n.,h
006472,hermit,n.,h
006473,hero,n.,h
006474,heroic,adj.,h
006475,heroin,n.,h
006476,heroine,n.,h
006477,heroism,n.,h
006478,heron,n.,h
006479,herpes,n.,h
006480,herring,n.,h
006481,hers,pron.,h
006482,herself,pron.,h
006483,hesitant,adj.,h
006484,hesitantly,adv.,h
006485,hesitate,v.,h
006486,hesitation,n.,h
006487,heterogeneity,n.,h
006488,heterogeneous,adj.,h
006489,heterosexual,adj.,h
006490,hey,int.,h
006491,heyday,int.,h
006492,hi,int.,h
006493,hiatus,n.,h
006494,hiccup,n.,h
006495,hidden,vbl.,h
006496,hide,n.,h
006497,hideaway,n.,h
006498,hideous,v.,h
006499,hideout,n.,h
006500,hiding,n.,h
006501,hierarchy,n.,h
006502,high,n.,h
006503,highland,n.,h
006504,highlight,n.,h
006505,highly,adv.,h
006506,highway,n.,h
006507,hijack,vt.,h
006508,hijacker,n.,h
006509,hike,v.,h
006510,hiker,n.,h
006511,hiking,n.,h
006512,hilarious,adj.,h
006513,hill,n.,h
006514,hillside,n.,h
006515,hilltop,n.,h
006516,hilly,adj.,h
006517,hilt,n.,h
006518,him,pron.,h
006519,himself,pron.,h
006520,hind,adj.,h
006521,hinder,adj.,h
006522,hindrance,n.,h
006523,hindsight,n.,h
006524,hinge,n.,h
006525,hint,n.,h
006526,hinterland,n.,h
006527,hip,n.,h
006528,hippie,n.,h
006529,hire,n.,h
006530,his,pron.,h
006531,hiss,v.,h
006532,historian,n.,h
006533,historic,adj.,h
006534,historical,adj.,h
006535,historiography,n.,h
006536,history,n.,h
006537,hit,n.,h
006538,hitch,n.,h
006539,hitchhike,vi.,h
006540,hitherto,adv.,h
006541,hitter,n.,h
006542,hive,n.,h
006543,ho,int.,h
006544,hoard,v.,h
006545,hoarse,adj.,h
006546,hoax,v.,h
006547,hobble,v.,h
006548,hobby,n.,h
006549,hockey,n.,h
006550,hoe,n.,h
006551,hog,n.,h
006552,hoist,n.,h
006553,hold,n.,h
006554,holder,n.,h
006555,holding,n.,h
006556,holdout,n.,h
006557,hole,n.,h
006558,holiday,n.,h
006559,holiness,n.,h
006560,holistic,adj.,h
006561,holler,vi.,h
006562,hollow,n.,h
006563,holly,n.,h
006564,holocaust,n.,h
006565,hologram,,h
006566,holster,n.,h
006567,holy,adj.,h
006568,homage,n.,h
006569,home,n.,h
006570,homecoming,n.,h
006571,homeland,n.,h
006572,homeless,adj.,h
006573,homely,adj.,h
006574,homemade,adj.,h
006575,homemaker,n.,h
006576,homeowner,n.,h
006577,homer,n.,h
006578,homesick,adj.,h
006579,homestead,n.,h
006580,hometown,n.,h
006581,homework,n.,h
006582,homey,adj.,h
006583,homicide,n.,h
006584,homily,n.,h
006585,homogeneity,n.,h
006586,homogeneous,adj.,h
006587,homosexual,adj.,h
006588,homosexuality,n.,h
006589,hone,n.,h
006590,honest,adj.,h
006591,honestly,adv.,h
006592,honesty,n.,h
006593,honey,n.,h
006594,honeymoon,n.,h
006595,honk,n.,h
006596,honor,n.,h
006597,honorable,adj.,h
006598,honorary,adj.,h
006599,hood,n.,h
006600,hooded,adj.,h
006601,hoof,n.,h
006602,hook,n.,h
006603,hooker,n.,h
006604,hoop,n.,h
006605,hoopla,n.,h
006606,hoot,n.,h
006607,hop,v.,h
006608,hope,n.,h
006609,hopeful,adj.,h
006610,hopefully,adv.,h
006611,hopeless,adj.,h
006612,hopelessly,adv.,h
006613,hopper,n.,h
006614,horde,n.,h
006615,horizon,n.,h
006616,horizontal,adj.,h
006617,horizontally,adv.,h
006618,hormonal,adj.,h
006619,hormone,n.,h
006620,horn,n.,h
006621,horny,adj.,h
006622,horrendous,adj.,h
006623,horrible,adj.,h
006624,horribly,adv.,h
006625,horrid,adj.,h
006626,horrific,adj.,h
006627,horrified,adj.,h
006628,horrify,v.,h
006629,horror,n.,h
006630,horse,n.,h
006631,horseback,n.,h
006632,horseman,n.,h
006633,horsepower,n.,h
006634,horseradish,n.,h
006635,horseshoe,n.,h
006636,horticultural,adj.,h
006637,hose,n.,h
006638,hospice,n.,h
006639,hospitable,adj.,h
006640,hospital,n.,h
006641,hospitality,n.,h
006642,hospitalize,vt.,h
006643,host,n.,h
006644,hostage,n.,h
006645,hostel,n.,h
006646,hostess,n.,h
006647,hostile,adj.,h
006648,hostility,n.,h
006649,hot,adj.,h
006650,hotbed,n.,h
006651,hotel,n.,h
006652,hotly,adv.,h
006653,hotshot,n.,h
006654,hound,n.,h
006655,hour,n.,h
006656,hourly,adj.,h
006657,house,n.,h
006658,household,n.,h
006659,housekeeper,n.,h
006660,housekeeping,n.,h
006661,housewife,n.,h
006662,housework,n.,h
006663,housing,n.,h
006664,hover,v.,h
006665,how,adv.,h
006666,however,adv.,h
006667,howl,v.,h
006668,howling,adj.,h
006669,hub,n.,h
006670,hubris,n.,h
006671,huddle,v.,h
006672,hue,n.,h
006673,huff,vt.,h
006674,huge,adj.,h
006675,hugely,adv.,h
006676,huh,int.,h
006677,hulking,adj.,h
006678,hull,n.,h
006679,hum,v.,h
006680,human,n.,h
006681,humane,adj.,h
006682,humanism,adj.,h
006683,humanist,n.,h
006684,humanistic,adj.,h
006685,humanitarian,n.,h
006686,humanities,,h
006687,humanity,n.,h
006688,humanize,vt.,h
006689,humankind,n.,h
006690,humanly,adv.,h
006691,humble,adj.,h
006692,humbling,adj.,h
006693,humbly,adv.,h
006694,humid,adj.,h
006695,humidity,n.,h
006696,humiliate,v.,h
006697,humiliating,adj.,h
006698,humiliation,n.,h
006699,humility,n.,h
006700,hummingbird,n.,h
006701,humor,n.,h
006702,humorous,adj.,h
006703,hump,n.,h
006704,hunch,n.,h
006705,hundred,n.,h
006706,hunger,n.,h
006707,hungry,adj.,h
006708,hunk,n.,h
006709,hunker,vi.,h
006710,hunt,v.,h
006711,hunter,n.,h
006712,hunting,n.,h
006713,hurdle,n.,h
006714,hurl,n.,h
006715,hurricane,n.,h
006716,hurried,v.,h
006717,hurriedly,adv.,h
006718,hurry,v.,h
006719,hurt,v.,h
006720,hurtful,adj.,h
006721,hurtle,v.,h
006722,husband,n.,h
006723,hush,v.,h
006724,husk,n.,h
006725,husky,adj.,h
006726,hustle,n.,h
006727,hustler,n.,h
006728,hut,n.,h
006729,hybrid,n.,h
006730,hydraulic,adj.,h
006731,hydrocarbon,n.,h
006732,hydroelectric,adj.,h
006733,hydrogen,n.,h
006734,hyena,n.,h
006735,hygiene,n.,h
006736,hymn,n.,h
006737,hype,n.,h
006738,hyperactive,adj.,h
006739,hyperactivity,n.,h
006740,hyperbole,n.,h
006741,hypertension,n.,h
006742,hypnosis,n.,h
006743,hypnotic,adj.,h
006744,hypnotize,vt.,h
006745,hypocrisy,n.,h
006746,hypocrite,n.,h
006747,hypocritical,adj.,h
006748,hypothermia,n.,h
006749,hypothesis,n.,h
006750,hypothesize,v.,h
006751,hypothetical,adj.,h
006752,hysterectomy,n.,h
006753,hysterical,,h
006754,hysterically,adv.,h
006755,ice,n.,i
006756,iceberg,n.,i
006757,iced,adj.,i
006758,icing,n.,i
006759,icon,n.,i
006760,iconic,,i
006761,iconography,n.,i
006762,icy,adj.,i
006763,idea,n.,i
006764,ideal,n.,i
006765,idealism,n.,i
006766,idealist,n.,i
006767,idealistic,adj.,i
006768,idealize,v.,i
006769,ideally,adv.,i
006770,identical,adj.,i
006771,identifiable,adj.,i
006772,identification,,i
006773,identify,vt.,i
006774,identity,n.,i
006775,ideological,adj.,i
006776,ideologue,n.,i
006777,ideology,n.,i
006778,idiom,n.,i
006779,idiosyncrasy,n.,i
006780,idiosyncratic,adj.,i
006781,idiot,n.,i
006782,idiotic,adj.,i
006783,idle,adj.,i
006784,idly,adv.,i
006785,idol,n.,i
006786,idolize,vt.,i
006787,idyllic,adj.,i
006788,if,conj.,i
006789,ignite,v.,i
006790,ignition,n.,i
006791,ignorance,n.,i
006792,ignorant,adj.,i
006793,ignore,vt.,i
006794,iguana,n.,i
006795,ilk,adj.,i
006796,ill,adj.,i
006797,illegal,adj.,i
006798,illegally,adv.,i
006799,illegitimate,adj.,i
006800,illicit,adj.,i
006801,illiteracy,n.,i
006802,illiterate,n.,i
006803,illness,n.,i
006804,illogical,adj.,i
006805,illuminate,vt.,i
006806,illuminating,adj.,i
006807,illumination,n.,i
006808,illusion,n.,i
006809,illusory,adj.,i
006810,illustrate,vt.,i
006811,illustration,n.,i
006812,illustrative,adj.,i
006813,illustrator,n.,i
006814,illustrious,adj.,i
006815,image,n.,i
006816,imagery,n.,i
006817,imaginable,adj.,i
006818,imaginary,adj.,i
006819,imagination,n.,i
006820,imaginative,adj.,i
006821,imagine,vt.,i
006822,imam,n.,i
006823,imbalance,n.,i
006824,imbue,v.,i
006825,imitate,vt.,i
006826,imitation,n.,i
006827,immaculate,adj.,i
006828,immature,adj.,i
006829,immediacy,n.,i
006830,immediate,adj.,i
006831,immediately,adv.,i
006832,immense,adj.,i
006833,immensely,adv.,i
006834,immerse,vt.,i
006835,immersion,n.,i
006836,immigrant,adj.,i
006837,immigrate,vt.,i
006838,immigration,n.,i
006839,imminent,adj.,i
006840,immobile,n.,i
006841,immobilize,v.,i
006842,immoral,adj.,i
006843,immortal,adj.,i
006844,immortality,n.,i
006845,immortalize,vt.,i
006846,immune,adj.,i
006847,immunity,n.,i
006848,immunization,n.,i
006849,immunize,vt.,i
006850,immutable,adj.,i
006851,impact,n.,i
006852,impair,v.,i
006853,impairment,n.,i
006854,impart,vt.,i
006855,impartial,adj.,i
006856,impasse,n.,i
006857,impassioned,adj.,i
006858,impassive,adj.,i
006859,impatience,n.,i
006860,impatient,adj.,i
006861,impatiently,adv.,i
006862,impeach,vt.,i
006863,impeachment,n.,i
006864,impeccable,adj.,i
006865,impede,v.,i
006866,impediment,n.,i
006867,impel,vt.,i
006868,impending,n.,i
006869,impenetrable,adj.,i
006870,imperative,n.,i
006871,imperfect,adj.,i
006872,imperfection,n.,i
006873,imperial,adj.,i
006874,imperialism,n.,i
006875,imperialist,n.,i
006876,imperil,vt.,i
006877,imperious,adj.,i
006878,impersonal,adj.,i
006879,impersonate,vt.,i
006880,impervious,adj.,i
006881,impetus,n.,i
006882,impinge,v.,i
006883,implacable,adj.,i
006884,implant,v.,i
006885,implantation,n.,i
006886,implausible,adj.,i
006887,implement,n.,i
006888,implementation,n.,i
006889,implicate,vt.,i
006890,implication,n.,i
006891,implicit,adj.,i
006892,implicitly,adv.,i
006893,implied,adj.,i
006894,implode,vi.,i
006895,implore,vt.,i
006896,imply,vt.,i
006897,import,n.,i
006898,importance,n.,i
006899,important,adj.,i
006900,importation,n.,i
006901,importer,n.,i
006902,impose,vt.,i
006903,imposing,adj.,i
006904,imposition,n.,i
006905,impossibility,n.,i
006906,impossible,adj.,i
006907,impossibly,adv.,i
006908,impotence,n.,i
006909,impotent,adj.,i
006910,impoverished,adj.,i
006911,impractical,adj.,i
006912,impregnate,vt.,i
006913,impress,vt.,i
006914,impression,n.,i
006915,impressionist,n.,i
006916,impressive,adj.,i
006917,impressively,adv.,i
006918,imprint,v.,i
006919,imprison,vt.,i
006920,imprisonment,n.,i
006921,improbable,adj.,i
006922,impromptu,n.,i
006923,improper,adj.,i
006924,improperly,adv.,i
006925,impropriety,n.,i
006926,improve,v.,i
006927,improved,adj.,i
006928,improvement,n.,i
006929,improvisation,n.,i
006930,improvise,v.,i
006931,impulse,n.,i
006932,impulsive,adj.,i
006933,impunity,n.,i
006934,impurity,n.,i
006935,in,prep.,i
006936,inability,n.,i
006937,inaccessible,adj.,i
006938,inaccuracy,n.,i
006939,inaccurate,adj.,i
006940,inaction,n.,i
006941,inactive,adj.,i
006942,inactivity,n.,i
006943,inadequacy,n.,i
006944,inadequate,adj.,i
006945,inadequately,adv.,i
006946,inadvertent,adj.,i
006947,inadvertently,adv.,i
006948,inanimate,adj.,i
006949,inappropriate,adj.,i
006950,inappropriately,adv.,i
006951,inasmuch,adv.,i
006952,inattention,n.,i
006953,inaudible,adj.,i
006954,inaugural,adj.,i
006955,inaugurate,vt.,i
006956,inauguration,n.,i
006957,incandescent,adj.,i
006958,incapable,adj.,i
006959,incapacitate,vt.,i
006960,incarcerate,vt.,i
006961,incarceration,n.,i
006962,incarnation,n.,i
006963,incendiary,adj.,i
006964,incense,n.,i
006965,incentive,n.,i
006966,inception,n.,i
006967,incessant,adj.,i
006968,incessantly,adv.,i
006969,incest,n.,i
006970,inch,n.,i
006971,incidence,n.,i
006972,incident,n.,i
006973,incidental,adj.,i
006974,incidentally,adv.,i
006975,incinerator,n.,i
006976,incipient,adj.,i
006977,incision,n.,i
006978,incite,vt.,i
006979,inclination,n.,i
006980,incline,n.,i
006981,inclined,,i
006982,include,vt.,i
006983,including,vbl.,i
006984,inclusion,n.,i
006985,incoherent,adj.,i
006986,income,n.,i
006987,incoming,adj.,i
006988,incomparable,adj.,i
006989,incompatible,adj.,i
006990,incompetence,n.,i
006991,incompetent,adj.,i
006992,incomplete,adj.,i
006993,inconceivable,adj.,i
006994,inconclusive,adj.,i
006995,incongruous,adj.,i
006996,inconsistency,n.,i
006997,inconsistent,adj.,i
006998,incontinence,n.,i
006999,inconvenience,n.,i
007000,inconvenient,adj.,i
007001,incorporate,adj.,i
007002,incorporation,n.,i
007003,incorrect,adj.,i
007004,incorrectly,adv.,i
007005,increase,n.,i
007006,increased,adj.,i
007007,increasing,vbl.,i
007008,increasingly,adv.,i
007009,incredible,adj.,i
007010,incredibly,adv.,i
007011,incredulous,adj.,i
007012,increment,n.,i
007013,incremental,adj.,i
007014,incubate,vt.,i
007015,incubator,n.,i
007016,inculcate,v.,i
007017,incumbent,adj.,i
007018,incur,v.,i
007019,incurable,adj.,i
007020,incursion,n.,i
007021,indebted,adj.,i
007022,indecent,adj.,i
007023,indecision,n.,i
007024,indefinite,adj.,i
007025,indefinitely,adv.,i
007026,indelible,adj.,i
007027,indentation,n.,i
007028,independence,n.,i
007029,independent,n.,i
007030,independently,adv.,i
007031,indeterminate,adj.,i
007032,index,n.,i
007033,indicate,vt.,i
007034,indication,n.,i
007035,indicative,adj.,i
007036,indicator,n.,i
007037,indict,vt.,i
007038,indictment,n.,i
007039,indie,adj.,i
007040,indifference,n.,i
007041,indifferent,adj.,i
007042,indigenous,adj.,i
007043,indigent,adj.,i
007044,indignant,adj.,i
007045,indignation,n.,i
007046,indignity,n.,i
007047,indigo,n.,i
007048,indirect,adj.,i
007049,indirectly,adv.,i
007050,indiscriminate,adj.,i
007051,indispensable,n.,i
007052,indisputable,adj.,i
007053,indistinct,adj.,i
007054,indistinguishable,,i
007055,individual,n.,i
007056,individualism,n.,i
007057,individualistic,adj.,i
007058,individuality,n.,i
007059,individually,adv.,i
007060,indoctrination,n.,i
007061,indoor,adj.,i
007062,indoors,adv.,i
007063,induce,vt.,i
007064,inducement,n.,i
007065,induct,v.,i
007066,induction,n.,i
007067,indulge,v.,i
007068,indulgence,n.,i
007069,indulgent,adj.,i
007070,industrial,adj.,i
007071,industrialist,n.,i
007072,industrialization,n.,i
007073,industrialized,adj.,i
007074,industrious,adj.,i
007075,industry,n.,i
007076,ineffective,adj.,i
007077,ineffectual,adj.,i
007078,inefficiency,n.,i
007079,inefficient,adj.,i
007080,ineligible,adj.,i
007081,inept,adj.,i
007082,inequality,n.,i
007083,inequity,n.,i
007084,inert,adj.,i
007085,inertia,n.,i
007086,inescapable,adj.,i
007087,inevitability,n.,i
007088,inevitable,adj.,i
007089,inevitably,adv.,i
007090,inexorable,adj.,i
007091,inexorably,adv.,i
007092,inexpensive,adj.,i
007093,inexperience,n.,i
007094,inexperienced,adj.,i
007095,inexplicable,adj.,i
007096,inexplicably,adv.,i
007097,inextricably,adv.,i
007098,infamous,adj.,i
007099,infancy,n.,i
007100,infant,n.,i
007101,infantry,n.,i
007102,infatuation,n.,i
007103,infect,vt.,i
007104,infected,adj.,i
007105,infection,n.,i
007106,infectious,adj.,i
007107,infer,v.,i
007108,inference,n.,i
007109,inferior,adj.,i
007110,inferiority,n.,i
007111,inferno,n.,i
007112,infertile,adj.,i
007113,infertility,n.,i
007114,infest,v.,i
007115,infestation,n.,i
007116,infidel,adj.,i
007117,infidelity,n.,i
007118,infield,n.,i
007119,infighting,n.,i
007120,infiltrate,v.,i
007121,infiltration,n.,i
007122,infinite,n.,i
007123,infinitely,adv.,i
007124,infinity,n.,i
007125,inflame,v.,i
007126,inflammation,n.,i
007127,inflammatory,adj.,i
007128,inflatable,adj.,i
007129,inflate,vt.,i
007130,inflated,adj.,i
007131,inflation,n.,i
007132,inflationary,adj.,i
007133,inflection,n.,i
007134,inflexible,adj.,i
007135,inflict,v.,i
007136,inflow,n.,i
007137,influence,n.,i
007138,influential,adj.,i
007139,influenza,n.,i
007140,influx,n.,i
007141,info,n.,i
007142,inform,v.,i
007143,informal,adj.,i
007144,informally,adv.,i
007145,informant,n.,i
007146,information,n.,i
007147,informational,adj.,i
007148,informative,adj.,i
007149,informed,adj.,i
007150,informer,n.,i
007151,infraction,n.,i
007152,infrared,adj.,i
007153,infrastructure,n.,i
007154,infrequent,adj.,i
007155,infrequently,adv.,i
007156,infringe,v.,i
007157,infringement,n.,i
007158,infuriate,adj.,i
007159,infuse,vt.,i
007160,infusion,n.,i
007161,ingenious,adj.,i
007162,ingenuity,n.,i
007163,ingest,vt.,i
007164,ingrain,vt.,i
007165,ingredient,n.,i
007166,inhabit,vt.,i
007167,inhabitant,n.,i
007168,inhalation,n.,i
007169,inhale,vt.,i
007170,inherent,adj.,i
007171,inherently,adv.,i
007172,inherit,vt.,i
007173,inheritance,n.,i
007174,inherited,adj.,i
007175,inhibit,,i
007176,inhibition,n.,i
007177,inhibitor,n.,i
007178,inhospitable,adj.,i
007179,inhuman,adj.,i
007180,initial,adj.,i
007181,initially,adv.,i
007182,initiate,vt.,i
007183,initiation,n.,i
007184,initiative,n.,i
007185,inject,vt.,i
007186,injection,n.,i
007187,injunction,n.,i
007188,injure,vt.,i
007189,injured,adj.,i
007190,injury,n.,i
007191,injustice,n.,i
007192,inkling,n.,i
007193,inlaid,adj.,i
007194,inland,adj.,i
007195,inlet,n.,i
007196,inmate,n.,i
007197,inn,n.,i
007198,innate,adj.,i
007199,inner,adj.,i
007200,innermost,adj.,i
007201,inning,n.,i
007202,innkeeper,n.,i
007203,innocence,n.,i
007204,innocent,adj.,i
007205,innocently,adv.,i
007206,innocuous,adj.,i
007207,innovation,n.,i
007208,innovative,adj.,i
007209,innovator,n.,i
007210,innuendo,n.,i
007211,innumerable,adj.,i
007212,inoculate,vt.,i
007213,inordinate,adj.,i
007214,inorganic,adj.,i
007215,inpatient,n.,i
007216,input,n.,i
007217,inquire,v.,i
007218,inquiry,n.,i
007219,inquisitive,adj.,i
007220,insane,adj.,i
007221,insanity,n.,i
007222,insatiable,adj.,i
007223,inscribe,v.,i
007224,inscription,n.,i
007225,inscrutable,adj.,i
007226,insect,n.,i
007227,insecticide,n.,i
007228,insecure,adj.,i
007229,insecurity,n.,i
007230,insensitive,adj.,i
007231,inseparable,adj.,i
007232,insert,vt.,i
007233,insertion,n.,i
007234,inset,n.,i
007235,inside,n.,i
007236,insider,n.,i
007237,insidious,adj.,i
007238,insight,n.,i
007239,insightful,adj.,i
007240,insignia,n.,i
007241,insignificant,adj.,i
007242,insinuate,vt.,i
007243,insist,v.,i
007244,insistence,n.,i
007245,insistent,adj.,i
007246,insofar,adv.,i
007247,insomnia,n.,i
007248,inspect,vt.,i
007249,inspection,n.,i
007250,inspector,n.,i
007251,inspiration,n.,i
007252,inspirational,adj.,i
007253,inspire,vt.,i
007254,inspired,adj.,i
007255,inspiring,adj.,i
007256,instability,n.,i
007257,install,vt.,i
007258,installation,n.,i
007259,installment,n.,i
007260,instance,n.,i
007261,instant,adj.,i
007262,instantaneous,adj.,i
007263,instantly,adv.,i
007264,instead,adv.,i
007265,instigate,v.,i
007266,instil,v.,i
007267,instill,vt.,i
007268,instinct,n.,i
007269,instinctive,adj.,i
007270,institute,n.,i
007271,institution,n.,i
007272,institutional,adj.,i
007273,instruct,vt.,i
007274,instruction,n.,i
007275,instructional,adj.,i
007276,instructive,adj.,i
007277,instructor,n.,i
007278,instrument,n.,i
007279,instrumental,adj.,i
007280,instrumentation,n.,i
007281,insufficient,adj.,i
007282,insular,adj.,i
007283,insulate,vt.,i
007284,insulating,adj.,i
007285,insulation,n.,i
007286,insulin,n.,i
007287,insult,n.,i
007288,insulting,adj.,i
007289,insurance,n.,i
007290,insure,vt.,i
007291,insurer,n.,i
007292,insurgency,n.,i
007293,insurgent,adj.,i
007294,insurmountable,adj.,i
007295,insurrection,n.,i
007296,intact,adj.,i
007297,intake,n.,i
007298,intangible,adj.,i
007299,integral,adj.,i
007300,integrate,vt.,i
007301,integrated,adj.,i
007302,integration,n.,i
007303,integrative,adj.,i
007304,integrity,n.,i
007305,intellect,n.,i
007306,intellectual,adj.,i
007307,intellectually,adv.,i
007308,intelligence,n.,i
007309,intelligent,adj.,i
007310,intelligently,adv.,i
007311,intelligentsia,n.,i
007312,intelligible,adj.,i
007313,intend,vt.,i
007314,intended,adj.,i
007315,intense,adj.,i
007316,intensely,adv.,i
007317,intensify,vt.,i
007318,intensity,n.,i
007319,intensive,adj.,i
007320,intensively,adv.,i
007321,intent,n.,i
007322,intention,n.,i
007323,intentional,adj.,i
007324,intentionally,adv.,i
007325,intently,adv.,i
007326,interact,vi.,i
007327,interaction,n.,i
007328,interactive,adj.,i
007329,intercede,v.,i
007330,intercept,vt.,i
007331,interception,n.,i
007332,interchange,vt.,i
007333,interchangeable,,i
007334,intercollegiate,adj.,i
007335,intercom,n.,i
007336,interconnection,n.,i
007337,intercourse,n.,i
007338,intercut,vt.,i
007339,interdependence,n.,i
007340,interdependent,,i
007341,interdisciplinary,,i
007342,interest,n.,i
007343,interested,adj.,i
007344,interesting,adj.,i
007345,interestingly,adv.,i
007346,interface,n.,i
007347,interfaith,adj.,i
007348,interfere,vi.,i
007349,interference,n.,i
007350,intergenerational,adj.,i
007351,intergovernmental,adj.,i
007352,interim,adj.,i
007353,interior,adj.,i
007354,interject,vt.,i
007355,interlocking,adj.,i
007356,interlocutor,n.,i
007357,interlude,n.,i
007358,intermediary,n.,i
007359,intermediate,adj.,i
007360,interminable,adj.,i
007361,intermission,n.,i
007362,intermittent,adj.,i
007363,intermittently,adv.,i
007364,intern,n.,i
007365,internal,adj.,i
007366,internalize,vt.,i
007367,internally,adv.,i
007368,international,adj.,i
007369,internationally,adv.,i
007370,internist,n.,i
007371,internment,n.,i
007372,internship,n.,i
007373,interpersonal,adj.,i
007374,interplay,v.,i
007375,interpret,v.,i
007376,interpretation,n.,i
007377,interpreter,n.,i
007378,interpretive,adj.,i
007379,interracial,adj.,i
007380,interrelated,adj.,i
007381,interrogate,vt.,i
007382,interrogation,n.,i
007383,interrogator,n.,i
007384,interrupt,vt.,i
007385,interruption,n.,i
007386,intersect,vt.,i
007387,intersection,n.,i
007388,intersperse,vt.,i
007389,interstate,adj.,i
007390,interstellar,adj.,i
007391,intertwine,v.,i
007392,interval,n.,i
007393,intervene,vi.,i
007394,intervention,n.,i
007395,interview,vt.,i
007396,interviewee,n.,i
007397,interviewer,n.,i
007398,interweave,v.,i
007399,intestinal,adj.,i
007400,intestine,adj.,i
007401,intimacy,n.,i
007402,intimate,adj.,i
007403,intimately,adv.,i
007404,intimidate,v.,i
007405,intimidation,,i
007406,into,prep.,i
007407,intolerable,adj.,i
007408,intolerance,n.,i
007409,intolerant,adj.,i
007410,intonation,n.,i
007411,intone,v.,i
007412,intoxicate,vt.,i
007413,intoxication,n.,i
007414,intractable,adj.,i
007415,intravenous,adj.,i
007416,intrepid,adj.,i
007417,intricacy,n.,i
007418,intricate,adj.,i
007419,intricately,adv.,i
007420,intrigue,n.,i
007421,intriguing,adj.,i
007422,introduce,vt.,i
007423,introduction,n.,i
007424,introductory,adj.,i
007425,introspection,n.,i
007426,introspective,adj.,i
007427,intrude,vi.,i
007428,intruder,n.,i
007429,intrusion,n.,i
007430,intrusive,adj.,i
007431,intuition,n.,i
007432,intuitive,adj.,i
007433,intuitively,adv.,i
007434,inundate,v.,i
007435,invade,vt.,i
007436,invader,n.,i
007437,invalid,n.,i
007438,invalidate,vt.,i
007439,invaluable,adj.,i
007440,invariably,adv.,i
007441,invasion,n.,i
007442,invasive,adj.,i
007443,invent,vt.,i
007444,invention,n.,i
007445,inventive,adj.,i
007446,inventor,n.,i
007447,inventory,n.,i
007448,inverse,adj.,i
007449,inversion,n.,i
007450,invert,adj.,i
007451,invertebrate,adj.,i
007452,inverted,adj.,i
007453,invest,v.,i
007454,investigate,v.,i
007455,investigation,n.,i
007456,investigative,adj.,i
007457,investigator,n.,i
007458,investment,n.,i
007459,investor,n.,i
007460,invigorating,adj.,i
007461,invincible,adj.,i
007462,invisibility,n.,i
007463,invisible,adj.,i
007464,invitation,n.,i
007465,invite,vt.,i
007466,inviting,adj.,i
007467,invocation,n.,i
007468,invoice,n.,i
007469,invoke,v.,i
007470,involuntarily,adv.,i
007471,involuntary,adj.,i
007472,involve,vt.,i
007473,involved,adj.,i
007474,involvement,n.,i
007475,inward,adv.,i
007476,inwardly,adv.,i
007477,iodine,n.,i
007478,irate,adj.,i
007479,iridescent,adj.,i
007480,iris,n.,i
007481,irk,vt.,i
007482,iron,n.,i
007483,ironic,adj.,i
007484,ironically,adv.,i
007485,irony,n.,i
007486,irrational,adj.,i
007487,irregular,adj.,i
007488,irregularity,n.,i
007489,irrelevant,adj.,i
007490,irreplaceable,adj.,i
007491,irresistible,adj.,i
007492,irrespective,adj.,i
007493,irresponsible,adj.,i
007494,irreverent,adj.,i
007495,irreversible,adj.,i
007496,irrevocably,adv.,i
007497,irrigate,vt.,i
007498,irrigation,n.,i
007499,irritability,n.,i
007500,irritable,adj.,i
007501,irritant,n.,i
007502,irritate,vt.,i
007503,irritated,adj.,i
007504,irritating,adj.,i
007505,irritation,n.,i
007506,island,n.,i
007507,islander,n.,i
007508,isolate,vt.,i
007509,isolated,adj.,i
007510,isolation,n.,i
007511,isolationist,n.,i
007512,isotope,n.,i
007513,issue,n.,i
007514,issuer,n.,i
007515,it,pron.,i
007516,italics,n.,i
007517,itch,n.,i
007518,itchy,adj.,i
007519,item,n.,i
007520,iteration,n.,i
007521,itinerant,adj.,i
007522,itinerary,n.,i
007523,its,pron.,i
007524,itself,pron.,i
007525,ivory,n.,i
007526,ivy,n.,i
007527,jab,v.,j
007528,jacket,n.,j
007529,jackpot,n.,j
007530,jade,n.,j
007531,jaded,adj.,j
007532,jagged,adj.,j
007533,jaguar,n.,j
007534,jail,n.,j
007535,jam,n.,j
007536,janitor,n.,j
007537,jar,n.,j
007538,jargon,n.,j
007539,jasmine,n.,j
007540,jaunt,n.,j
007541,jaunty,adj.,j
007542,jaw,n.,j
007543,jazz,n.,j
007544,jealous,adj.,j
007545,jealousy,n.,j
007546,jeans,n.,j
007547,jeep,n.,j
007548,jeez,int.,j
007549,jelly,n.,j
007550,jellyfish,n.,j
007551,jeopardize,v.,j
007552,jeopardy,n.,j
007553,jerk,n.,j
007554,jerky,adj.,j
007555,jet,n.,j
007556,jetliner,n.,j
007557,jettison,n.,j
007558,jetty,n.,j
007559,jewel,n.,j
007560,jeweler,n.,j
007561,jewelry,n.,j
007562,jig,n.,j
007563,jiggle,v.,j
007564,jigsaw,n.,j
007565,jihad,n.,j
007566,jingle,n.,j
007567,jitters,n.,j
007568,jittery,adj.,j
007569,job,n.,j
007570,jobless,n.,j
007571,jock,n.,j
007572,jockey,n.,j
007573,jog,n.,j
007574,jogger,,j
007575,jogging,n.,j
007576,john,n.,j
007577,join,vi.,j
007578,joint,n.,j
007579,jointly,adv.,j
007580,joist,n.,j
007581,joke,n.,j
007582,jokingly,adv.,j
007583,jolly,adj.,j
007584,jolt,v.,j
007585,jostle,v.,j
007586,jot,n.,j
007587,journal,n.,j
007588,journalism,n.,j
007589,journalist,n.,j
007590,journalistic,adj.,j
007591,journey,n.,j
007592,joy,n.,j
007593,joyful,adj.,j
007594,joyous,adj.,j
007595,joystick,n.,j
007596,jubilant,adj.,j
007597,judgement,n.,j
007598,judgment,n.,j
007599,judicial,adj.,j
007600,judiciary,adj.,j
007601,judicious,adj.,j
007602,jug,n.,j
007603,juggernaut,n.,j
007604,juggle,vi.,j
007605,juice,n.,j
007606,juicy,adj.,j
007607,jukebox,n.,j
007608,jumble,v.,j
007609,jumbo,n.,j
007610,jump,n.,j
007611,jumper,n.,j
007612,jumping,adj.,j
007613,junction,n.,j
007614,juncture,n.,j
007615,jungle,n.,j
007616,junior,n.,j
007617,juniper,n.,j
007618,junk,n.,j
007619,junkie,n.,j
007620,junkyard,n.,j
007621,junta,n.,j
007622,jurisdiction,n.,j
007623,jurisprudence,n.,j
007624,jurist,n.,j
007625,juror,n.,j
007626,jury,n.,j
007627,just,adj.,j
007628,justice,n.,j
007629,justifiable,adj.,j
007630,justification,n.,j
007631,justify,v.,j
007632,justly,adv.,j
007633,jut,v.,j
007634,juvenile,adj.,j
007635,juxtapose,vt.,j
007636,juxtaposition,n.,j
007637,kale,n.,k
007638,kangaroo,n.,k
007639,karate,n.,k
007640,karma,n.,k
007641,kayak,n.,k
007642,keel,n.,k
007643,keen,adj.,k
007644,keenly,adv.,k
007645,keep,n.,k
007646,keeper,n.,k
007647,keeping,n.,k
007648,kennel,n.,k
007649,kernel,n.,k
007650,kerosene,n.,k
007651,ketchup,n.,k
007652,kettle,n.,k
007653,key,n.,k
007654,keyboard,n.,k
007655,keynote,n.,k
007656,keypad,n.,k
007657,keyword,,k
007658,khaki,adj.,k
007659,kick,v.,k
007660,kickback,n.,k
007661,kicker,n.,k
007662,kickoff,n.,k
007663,kid,n.,k
007664,kidnap,vt.,k
007665,kidnapper,n.,k
007666,kidnapping,n.,k
007667,kidney,n.,k
007668,kill,v.,k
007669,killer,n.,k
007670,killing,n.,k
007671,kiln,n.,k
007672,kimono,n.,k
007673,kin,n.,k
007674,kind,n.,k
007675,kinda,adv.,k
007676,kindergarten,n.,k
007677,kindle,vt.,k
007678,kindly,adj.,k
007679,kindness,n.,k
007680,kindred,n.,k
007681,kinetic,adj.,k
007682,king,n.,k
007683,kingdom,n.,k
007684,kink,n.,k
007685,kinship,n.,k
007686,kiosk,n.,k
007687,kiss,n.,k
007688,kit,n.,k
007689,kitchen,n.,k
007690,kite,n.,k
007691,kitsch,n.,k
007692,kitten,n.,k
007693,knack,n.,k
007694,knapsack,n.,k
007695,knead,vt.,k
007696,knee,n.,k
007697,kneel,vi.,k
007698,knife,n.,k
007699,knight,n.,k
007700,knit,v.,k
007701,knitting,n.,k
007702,knob,n.,k
007703,knock,v.,k
007704,knocking,n.,k
007705,knockout,n.,k
007706,knoll,n.,k
007707,knot,n.,k
007708,knotted,adj.,k
007709,know,v.,k
007710,knowing,adj.,k
007711,knowingly,adv.,k
007712,knowledge,n.,k
007713,knowledgeable,adj.,k
007714,known,adj.,k
007715,knuckle,n.,k
007716,kosher,adj.,k
007717,lab,n.,l
007718,label,n.,l
007719,labor,n.,l
007720,laboratory,n.,l
007721,laborer,n.,l
007722,laborious,adj.,l
007723,labour,n.,l
007724,labyrinth,n.,l
007725,lace,n.,l
007726,lack,n.,l
007727,lackluster,n.,l
007728,lacquer,n.,l
007729,lacrosse,n.,l
007730,lacy,adj.,l
007731,lad,n.,l
007732,ladder,n.,l
007733,laden,adj.,l
007734,ladle,n.,l
007735,lady,n.,l
007736,lag,n.,l
007737,lagoon,n.,l
007738,laity,n.,l
007739,lamb,n.,l
007740,lame,adj.,l
007741,lament,n.,l
007742,laminated,adj.,l
007743,lamp,n.,l
007744,lance,n.,l
007745,land,n.,l
007746,landed,adj.,l
007747,lander,n.,l
007748,landfall,n.,l
007749,landfill,n.,l
007750,landing,n.,l
007751,landlady,n.,l
007752,landlord,n.,l
007753,landmark,n.,l
007754,landowner,n.,l
007755,landscape,n.,l
007756,landscaping,n.,l
007757,landslide,n.,l
007758,lane,n.,l
007759,language,n.,l
007760,languid,adj.,l
007761,languish,vi.,l
007762,lanky,adj.,l
007763,lantern,n.,l
007764,lap,n.,l
007765,lapel,n.,l
007766,lapse,n.,l
007767,laptop,,l
007768,lard,n.,l
007769,large,adj.,l
007770,largely,adv.,l
007771,lark,n.,l
007772,larva,n.,l
007773,laser,n.,l
007774,lash,n.,l
007775,last,adj.,l
007776,lasting,adj.,l
007777,lastly,adv.,l
007778,latch,n.,l
007779,late,adj.,l
007780,lately,adv.,l
007781,latency,n.,l
007782,latent,adj.,l
007783,later,adj.,l
007784,lateral,n.,l
007785,latex,n.,l
007786,latitude,n.,l
007787,latter,adj.,l
007788,lattice,n.,l
007789,laud,n.,l
007790,laudable,adj.,l
007791,laugh,vi.,l
007792,laughable,adj.,l
007793,laughing,adj.,l
007794,laughter,n.,l
007795,launch,n.,l
007796,launcher,n.,l
007797,launching,n.,l
007798,launder,n.,l
007799,laundering,n.,l
007800,laundry,n.,l
007801,laureate,adj.,l
007802,laurel,n.,l
007803,lava,n.,l
007804,lavender,n.,l
007805,lavish,adj.,l
007806,lavishly,adv.,l
007807,lawful,adj.,l
007808,lawless,adj.,l
007809,lawmaker,n.,l
007810,lawn,n.,l
007811,lawsuit,n.,l
007812,lawyer,n.,l
007813,lax,adj.,l
007814,lay,vt.,l
007815,layer,n.,l
007816,layered,,l
007817,layering,n.,l
007818,layman,n.,l
007819,layoff,n.,l
007820,layout,n.,l
007821,lazily,adv.,l
007822,laziness,n.,l
007823,lazy,adj.,l
007824,leach,v.,l
007825,lead,vt.,l
007826,leader,n.,l
007827,leadership,n.,l
007828,leading,adj.,l
007829,leaf,n.,l
007830,leaflet,n.,l
007831,leafy,adj.,l
007832,league,n.,l
007833,leaguer,n.,l
007834,leak,n.,l
007835,leakage,n.,l
007836,leaky,adj.,l
007837,lean,n.,l
007838,leaning,n.,l
007839,leap,v.,l
007840,learn,vi.,l
007841,learned,adj.,l
007842,learner,n.,l
007843,learning,n.,l
007844,lease,n.,l
007845,leash,n.,l
007846,leasing,n.,l
007847,least,adj.,l
007848,leather,n.,l
007849,leathery,adj.,l
007850,leave,n.,l
007851,leaving,n.,l
007852,lecture,n.,l
007853,lecturer,n.,l
007854,ledge,n.,l
007855,ledger,n.,l
007856,leech,n.,l
007857,leery,adj.,l
007858,leeway,n.,l
007859,left,adj.,l
007860,leftist,n.,l
007861,leftover,n.,l
007862,lefty,n.,l
007863,leg,n.,l
007864,legacy,n.,l
007865,legal,adj.,l
007866,legality,n.,l
007867,legalization,n.,l
007868,legalize,vt.,l
007869,legally,adv.,l
007870,legend,n.,l
007871,legendary,n.,l
007872,legging,n.,l
007873,legion,n.,l
007874,legislate,vi.,l
007875,legislation,n.,l
007876,legislative,adj.,l
007877,legislator,n.,l
007878,legislature,n.,l
007879,legitimacy,n.,l
007880,legitimate,adj.,l
007881,legitimately,adv.,l
007882,legitimize,v.,l
007883,legume,n.,l
007884,leisure,n.,l
007885,leisurely,adv.,l
007886,lemon,n.,l
007887,lemonade,n.,l
007888,lend,v.,l
007889,lender,n.,l
007890,lending,n.,l
007891,length,n.,l
007892,lengthen,v.,l
007893,lengthwise,adj.,l
007894,lengthy,adj.,l
007895,lenient,adj.,l
007896,lens,n.,l
007897,leopard,n.,l
007898,leper,n.,l
007899,lesbian,adj.,l
007900,lesion,n.,l
007901,less,n.,l
007902,lessen,v.,l
007903,lesser,adj.,l
007904,lesson,n.,l
007905,lest,conj.,l
007906,let,vt.,l
007907,lethal,adj.,l
007908,letter,n.,l
007909,lettering,n.,l
007910,lettuce,n.,l
007911,leukemia,n.,l
007912,levee,n.,l
007913,level,n.,l
007914,lever,n.,l
007915,leverage,n.,l
007916,levy,n.,l
007917,lewd,adj.,l
007918,lexicon,n.,l
007919,liability,n.,l
007920,liable,adj.,l
007921,liaison,n.,l
007922,liar,n.,l
007923,libel,n.,l
007924,liberal,n.,l
007925,liberalism,n.,l
007926,liberalization,n.,l
007927,liberalize,v.,l
007928,liberally,adv.,l
007929,liberate,v.,l
007930,liberation,n.,l
007931,liberator,n.,l
007932,libertarian,n.,l
007933,liberty,n.,l
007934,libido,n.,l
007935,librarian,n.,l
007936,library,n.,l
007937,license,n.,l
007938,licensed,adj.,l
007939,lichen,n.,l
007940,lick,n.,l
007941,lid,n.,l
007942,lie,vi.,l
007943,lieu,n.,l
007944,lieutenant,n.,l
007945,life,n.,l
007946,lifeboat,n.,l
007947,lifeguard,n.,l
007948,lifeless,adj.,l
007949,lifelike,adj.,l
007950,lifeline,n.,l
007951,lifelong,adj.,l
007952,lifetime,n.,l
007953,lift,n.,l
007954,ligament,n.,l
007955,light,n.,l
007956,lighten,v.,l
007957,lighter,n.,l
007958,lighthouse,n.,l
007959,lighting,n.,l
007960,lightly,adv.,l
007961,lightness,n.,l
007962,lightning,n.,l
007963,lightweight,n.,l
007964,likable,adj.,l
007965,like,n.,l
007966,likelihood,n.,l
007967,likely,adj.,l
007968,liken,vt.,l
007969,likeness,n.,l
007970,likewise,adv.,l
007971,liking,n.,l
007972,lilac,n.,l
007973,lily,n.,l
007974,limb,n.,l
007975,limbo,n.,l
007976,lime,n.,l
007977,limelight,n.,l
007978,limestone,n.,l
007979,limit,n.,l
007980,limitation,n.,l
007981,limited,adj.,l
007982,limiting,adj.,l
007983,limitless,adj.,l
007984,limousine,n.,l
007985,limp,adj.,l
007986,line,n.,l
007987,lineage,n.,l
007988,linear,adj.,l
007989,linebacker,n.,l
007990,lineman,,l
007991,linen,n.,l
007992,liner,n.,l
007993,lineup,n.,l
007994,linger,v.,l
007995,lingerie,,l
007996,lingering,adj.,l
007997,lingo,n.,l
007998,linguist,n.,l
007999,linguistic,adj.,l
008000,linguistics,n.,l
008001,lining,n.,l
008002,link,n.,l
008003,linkage,n.,l
008004,linked,adj.,l
008005,linoleum,n.,l
008006,lion,n.,l
008007,lip,n.,l
008008,lipstick,n.,l
008009,liqueur,n.,l
008010,liquid,n.,l
008011,liquidate,v.,l
008012,liquidation,n.,l
008013,liquidity,n.,l
008014,liquor,n.,l
008015,list,n.,l
008016,listed,adj.,l
008017,listen,vi.,l
008018,listener,n.,l
008019,listening,n.,l
008020,listing,n.,l
008021,litany,n.,l
008022,lite,adj.,l
008023,liter,n.,l
008024,literacy,n.,l
008025,literal,adj.,l
008026,literally,adv.,l
008027,literary,adj.,l
008028,literate,n.,l
008029,literature,n.,l
008030,lithe,adj.,l
008031,lithium,n.,l
008032,litigate,v.,l
008033,litigation,n.,l
008034,litmus,n.,l
008035,litter,n.,l
008036,little,n.,l
008037,liturgical,adj.,l
008038,liturgy,n.,l
008039,livable,adj.,l
008040,live,adj.,l
008041,livelihood,n.,l
008042,lively,adj.,l
008043,liver,n.,l
008044,livestock,n.,l
008045,livid,adj.,l
008046,living,n.,l
008047,lizard,n.,l
008048,llama,n.,l
008049,load,n.,l
008050,loaded,adj.,l
008051,loader,n.,l
008052,loading,n.,l
008053,loaf,n.,l
008054,loafer,n.,l
008055,loan,n.,l
008056,loath,adj.,l
008057,loathe,vt.,l
008058,loathing,n.,l
008059,lob,vt.,l
008060,lobby,n.,l
008061,lobbyist,n.,l
008062,lobe,n.,l
008063,lobster,n.,l
008064,local,adj.,l
008065,locale,n.,l
008066,locality,n.,l
008067,localize,v.,l
008068,locally,adv.,l
008069,locate,vt.,l
008070,location,n.,l
008071,lock,n.,l
008072,locked,adj.,l
008073,locker,n.,l
008074,lockout,n.,l
008075,locomotive,n.,l
008076,locus,n.,l
008077,locust,n.,l
008078,lodge,n.,l
008079,lodging,n.,l
008080,loft,n.,l
008081,lofty,adj.,l
008082,log,n.,l
008083,logger,n.,l
008084,logging,n.,l
008085,logic,n.,l
008086,logical,adj.,l
008087,logically,adv.,l
008088,logistic,adj.,l
008089,logistics,n.,l
008090,logo,n.,l
008091,loll,v.,l
008092,lone,adj.,l
008093,loneliness,n.,l
008094,lonely,adj.,l
008095,loner,n.,l
008096,lonesome,adj.,l
008097,long,adj.,l
008098,longevity,n.,l
008099,longing,n.,l
008100,longitude,n.,l
008101,longitudinal,adj.,l
008102,longtime,adj.,l
008103,look,n.,l
008104,looking,adj.,l
008105,lookout,n.,l
008106,loom,n.,l
008107,looming,n.,l
008108,loon,n.,l
008109,loop,n.,l
008110,loophole,n.,l
008111,loose,n.,l
008112,loosely,adv.,l
008113,loosen,v.,l
008114,loot,v.,l
008115,lope,v.,l
008116,lopsided,adj.,l
008117,lord,n.,l
008118,lore,n.,l
008119,lose,vt.,l
008120,loser,n.,l
008121,losing,adj.,l
008122,loss,n.,l
008123,lost,adj.,l
008124,lot,n.,l
008125,lotion,n.,l
008126,lottery,n.,l
008127,loud,adj.,l
008128,loudly,adv.,l
008129,loudspeaker,n.,l
008130,lounge,n.,l
008131,louse,n.,l
008132,lousy,adj.,l
008133,lovable,adj.,l
008134,love,n.,l
008135,lovely,adj.,l
008136,lover,n.,l
008137,loving,adj.,l
008138,lovingly,adv.,l
008139,low,n.,l
008140,lower,adj.,l
008141,lowering,adj.,l
008142,lowland,n.,l
008143,lowly,adj.,l
008144,loyal,adj.,l
008145,loyalist,n.,l
008146,loyalty,n.,l
008147,lubricant,n.,l
008148,lucid,adj.,l
008149,luck,n.,l
008150,luckily,adv.,l
008151,lucky,adj.,l
008152,lucrative,adj.,l
008153,ludicrous,adj.,l
008154,lug,v.,l
008155,luggage,n.,l
008156,lukewarm,adj.,l
008157,lull,n.,l
008158,lullaby,n.,l
008159,lumbar,adj.,l
008160,lumber,n.,l
008161,lumbering,n.,l
008162,luminary,n.,l
008163,luminosity,n.,l
008164,luminous,adj.,l
008165,lump,n.,l
008166,lumpy,adj.,l
008167,lunar,adj.,l
008168,lunatic,adj.,l
008169,lunch,n.,l
008170,luncheon,n.,l
008171,lunchtime,n.,l
008172,lung,n.,l
008173,lunge,n.,l
008174,lupus,n.,l
008175,lurch,n.,l
008176,lure,v.,l
008177,lurid,adj.,l
008178,lurk,n.,l
008179,luscious,adj.,l
008180,lush,adj.,l
008181,lust,n.,l
008182,luster,n.,l
008183,luxurious,adj.,l
008184,luxury,n.,l
008185,lying,n.,l
008186,lymph,n.,l
008187,lymphoma,n.,l
008188,lynch,n.,l
008189,lynching,n.,l
008190,lyric,n.,l
008191,lyrical,adj.,l
008192,macabre,adj.,m
008193,macaroni,n.,m
008194,machete,n.,m
008195,machine,n.,m
008196,machinery,n.,m
008197,machinist,n.,m
008198,mackerel,n.,m
008199,macro,n.,m
008200,macroeconomic,n.,m
008201,mad,adj.,m
008202,madam,n.,m
008203,madden,v.,m
008204,madly,adv.,m
008205,madman,n.,m
008206,madness,n.,m
008207,maestro,n.,m
008208,mafia,n.,m
008209,magazine,n.,m
008210,magenta,n.,m
008211,maggot,n.,m
008212,magic,n.,m
008213,magical,adj.,m
008214,magically,adv.,m
008215,magician,n.,m
008216,magistrate,n.,m
008217,magnate,n.,m
008218,magnesium,n.,m
008219,magnet,n.,m
008220,magnetic,adj.,m
008221,magnetism,n.,m
008222,magnification,n.,m
008223,magnificent,adj.,m
008224,magnify,vt.,m
008225,magnitude,n.,m
008226,magnolia,n.,m
008227,mahogany,n.,m
008228,maid,n.,m
008229,maiden,n.,m
008230,mail,n.,m
008231,mailbox,n.,m
008232,mailing,n.,m
008233,mailman,n.,m
008234,maim,vt.,m
008235,main,n.,m
008236,mainframe,n.,m
008237,mainland,n.,m
008238,mainline,n.,m
008239,mainly,adv.,m
008240,mainstay,n.,m
008241,mainstream,n.,m
008242,maintain,vt.,m
008243,maintenance,n.,m
008244,maize,n.,m
008245,majestic,adj.,m
008246,majesty,n.,m
008247,major,n.,m
008248,majority,n.,m
008249,make,vt.,m
008250,maker,n.,m
008251,makeshift,n.,m
008252,makeup,n.,m
008253,making,n.,m
008254,malady,n.,m
008255,malaise,n.,m
008256,malaria,n.,m
008257,male,adj.,m
008258,malfunction,n.,m
008259,malice,n.,m
008260,malicious,adj.,m
008261,malignancy,n.,m
008262,malignant,adj.,m
008263,mall,n.,m
008264,malleable,adj.,m
008265,mallet,n.,m
008266,malnutrition,n.,m
008267,malpractice,n.,m
008268,malt,n.,m
008269,mama,n.,m
008270,mammal,n.,m
008271,mammalian,n.,m
008272,mammoth,adj.,m
008273,man,n.,m
008274,manage,vi.,m
008275,manageable,adj.,m
008276,management,n.,m
008277,manager,n.,m
008278,managerial,adj.,m
008279,managing,adj.,m
008280,mandate,n.,m
008281,mandatory,adj.,m
008282,mane,n.,m
008283,maneuver,v.,m
008284,mangle,vt.,m
008285,mango,n.,m
008286,mangrove,n.,m
008287,manhood,n.,m
008288,manhunt,n.,m
008289,mania,n.,m
008290,maniac,adj.,m
008291,manic,adj.,m
008292,manicure,n.,m
008293,manifest,n.,m
008294,manifestation,n.,m
008295,manifesto,n.,m
008296,manipulate,vt.,m
008297,manipulation,n.,m
008298,manipulative,adj.,m
008299,mankind,n.,m
008300,manly,adj.,m
008301,manned,adj.,m
008302,mannequin,n.,m
008303,manner,n.,m
008304,mannerism,n.,m
008305,manor,n.,m
008306,manpower,n.,m
008307,mansion,n.,m
008308,manslaughter,n.,m
008309,mantel,n.,m
008310,mantle,n.,m
008311,manual,n.,m
008312,manually,adv.,m
008313,manufacture,vt.,m
008314,manufacturer,n.,m
008315,manufacturing,n.,m
008316,manure,n.,m
008317,manuscript,n.,m
008318,many,n.,m
008319,map,n.,m
008320,maple,n.,m
008321,mapping,vbl.,m
008322,mar,v.,m
008323,marathon,n.,m
008324,marble,n.,m
008325,march,n.,m
008326,mare,n.,m
008327,margarine,n.,m
008328,margarita,n.,m
008329,margin,n.,m
008330,marginal,adj.,m
008331,marginalize,vt.,m
008332,marigold,n.,m
008333,marijuana,n.,m
008334,marina,n.,m
008335,marinade,n.,m
008336,marinate,vt.,m
008337,marine,n.,m
008338,marital,adj.,m
008339,maritime,adj.,m
008340,mark,n.,m
008341,marked,adj.,m
008342,markedly,adv.,m
008343,marker,n.,m
008344,market,n.,m
008345,marketable,adj.,m
008346,marketer,n.,m
008347,marketing,n.,m
008348,marketplace,n.,m
008349,marking,n.,m
008350,maroon,n.,m
008351,marquee,n.,m
008352,marriage,n.,m
008353,married,adj.,m
008354,marrow,n.,m
008355,marry,vt.,m
008356,marsh,n.,m
008357,marshal,n.,m
008358,marshmallow,n.,m
008359,martial,adj.,m
008360,martini,n.,m
008361,martyr,n.,m
008362,martyrdom,n.,m
008363,marvel,n.,m
008364,marvelous,adj.,m
008365,mascara,n.,m
008366,mascot,n.,m
008367,masculine,adj.,m
008368,masculinity,n.,m
008369,mash,v.,m
008370,mask,n.,m
008371,masked,v.,m
008372,mason,n.,m
008373,masonry,n.,m
008374,masquerade,n.,m
008375,mass,n.,m
008376,massacre,n.,m
008377,massage,n.,m
008378,massive,adj.,m
008379,mast,n.,m
008380,mastectomy,n.,m
008381,master,n.,m
008382,masterful,adj.,m
008383,mastermind,v.,m
008384,masterpiece,n.,m
008385,mastery,n.,m
008386,masturbate,v.,m
008387,masturbation,n.,m
008388,mat,n.,m
008389,match,n.,m
008390,matching,,m
008391,matchup,n.,m
008392,mate,n.,m
008393,mater,n.,m
008394,material,n.,m
008395,materialism,n.,m
008396,materialistic,adj.,m
008397,materialize,v.,m
008398,materially,adv.,m
008399,maternal,adj.,m
008400,maternity,n.,m
008401,math,n.,m
008402,mathematical,adj.,m
008403,mathematically,adv.,m
008404,mathematician,n.,m
008405,mathematics,n.,m
008406,matinee,n.,m
008407,mating,n.,m
008408,matrix,n.,m
008409,matron,n.,m
008410,matte,adj.,m
008411,matter,n.,m
008412,mattress,n.,m
008413,maturation,n.,m
008414,mature,adj.,m
008415,maturity,n.,m
008416,mausoleum,n.,m
008417,maverick,n.,m
008418,maxim,n.,m
008419,maximal,adj.,m
008420,maximize,vt.,m
008421,maximum,n.,m
008422,may,aux.,m
008423,maybe,adv.,m
008424,mayhem,n.,m
008425,mayonnaise,n.,m
008426,mayor,n.,m
008427,mayoral,adj.,m
008428,maze,n.,m
008429,me,pron.,m
008430,meadow,n.,m
008431,meager,n.,m
008432,meal,n.,m
008433,mean,adj.,m
008434,meander,n.,m
008435,meaning,n.,m
008436,meaningful,adj.,m
008437,meaningless,adj.,m
008438,meantime,n.,m
008439,meanwhile,,m
008440,measles,n.,m
008441,measurable,adj.,m
008442,measure,n.,m
008443,measured,adj.,m
008444,measurement,n.,m
008445,measuring,vbl.,m
008446,meat,n.,m
008447,meatball,n.,m
008448,meaty,adj.,m
008449,mechanic,n.,m
008450,mechanical,adj.,m
008451,mechanism,n.,m
008452,medal,n.,m
008453,medalist,n.,m
008454,medallion,n.,m
008455,meddle,v.,m
008456,media,n.,m
008457,medial,adj.,m
008458,median,adj.,m
008459,mediate,v.,m
008460,mediation,n.,m
008461,mediator,n.,m
008462,medic,n.,m
008463,medical,n.,m
008464,medically,adv.,m
008465,medication,n.,m
008466,medicinal,adj.,m
008467,medicine,n.,m
008468,medieval,adj.,m
008469,mediocre,adj.,m
008470,mediocrity,n.,m
008471,meditate,v.,m
008472,meditation,n.,m
008473,meditative,adj.,m
008474,medium,n.,m
008475,medley,n.,m
008476,meek,adj.,m
008477,meet,n.,m
008478,meeting,n.,m
008479,mega,n.,m
008480,megawatt,n.,m
008481,melancholy,n.,m
008482,melanoma,n.,m
008483,meld,v.,m
008484,melee,n.,m
008485,mellow,adj.,m
008486,melodic,adj.,m
008487,melodrama,n.,m
008488,melodramatic,adj.,m
008489,melody,n.,m
008490,melon,n.,m
008491,melt,v.,m
008492,melting,adj.,m
008493,member,n.,m
008494,membership,n.,m
008495,membrane,n.,m
008496,memento,n.,m
008497,memo,n.,m
008498,memoir,n.,m
008499,memorabilia,n.,m
008500,memorable,adj.,m
008501,memorandum,n.,m
008502,memorial,n.,m
008503,memorialize,v.,m
008504,memorize,v.,m
008505,memory,n.,m
008506,menace,n.,m
008507,mend,n.,m
008508,menial,adj.,m
008509,meningitis,n.,m
008510,menopause,n.,m
008511,menstrual,adj.,m
008512,mental,adj.,m
008513,mentality,n.,m
008514,mentally,adv.,m
008515,mention,vt.,m
008516,mentor,n.,m
008517,menu,n.,m
008518,mercenary,adj.,m
008519,merchandise,n.,m
008520,merchant,n.,m
008521,merciful,adj.,m
008522,mercifully,adv.,m
008523,merciless,adj.,m
008524,mercury,n.,m
008525,mercy,n.,m
008526,mere,adj.,m
008527,merely,adv.,m
008528,merge,v.,m
008529,merger,n.,m
008530,merit,n.,m
008531,mermaid,n.,m
008532,merrily,adv.,m
008533,merry,adj.,m
008534,mesa,n.,m
008535,mesh,n.,m
008536,mesmerize,v.,m
008537,mesquite,n.,m
008538,mess,n.,m
008539,message,n.,m
008540,messenger,n.,m
008541,messianic,adj.,m
008542,messy,adj.,m
008543,metabolic,adj.,m
008544,metabolism,n.,m
008545,metal,n.,m
008546,metallic,adj.,m
008547,metamorphosis,n.,m
008548,metaphor,n.,m
008549,metaphorical,adj.,m
008550,metaphysical,adj.,m
008551,metaphysics,n.,m
008552,metastasis,n.,m
008553,mete,n.,m
008554,meteor,n.,m
008555,meteorite,n.,m
008556,meteorologist,n.,m
008557,meter,n.,m
008558,methamphetamine,n.,m
008559,methane,n.,m
008560,method,n.,m
008561,methodical,adj.,m
008562,methodically,adv.,m
008563,methodological,adj.,m
008564,methodology,n.,m
008565,meticulous,adj.,m
008566,metric,adj.,m
008567,metro,n.,m
008568,metropolis,n.,m
008569,metropolitan,adj.,m
008570,microbe,n.,m
008571,microbial,adj.,m
008572,microchip,,m
008573,microcosm,n.,m
008574,micron,n.,m
008575,microorganism,n.,m
008576,microphone,n.,m
008577,microprocessor,n.,m
008578,microscope,n.,m
008579,microscopic,adj.,m
008580,microwave,n.,m
008581,mid,adj.,m
008582,midday,n.,m
008583,middle,n.,m
008584,midget,n.,m
008585,midnight,n.,m
008586,midpoint,n.,m
008587,midst,n.,m
008588,midterm,adj.,m
008589,midtown,adj.,m
008590,midway,n.,m
008591,midwife,n.,m
008592,might,v.,m
008593,mightily,adv.,m
008594,mighty,n.,m
008595,migraine,n.,m
008596,migrant,n.,m
008597,migrate,vi.,m
008598,migration,n.,m
008599,migratory,adj.,m
008600,mike,n.,m
008601,mild,adj.,m
008602,mildew,n.,m
008603,mildly,adv.,m
008604,mileage,n.,m
008605,milestone,n.,m
008606,milieu,n.,m
008607,militancy,n.,m
008608,militant,adj.,m
008609,militarily,adv.,m
008610,military,adj.,m
008611,militia,n.,m
008612,militiaman,n.,m
008613,milk,n.,m
008614,milky,adj.,m
008615,mill,n.,m
008616,millennium,n.,m
008617,millimeter,n.,m
008618,milling,n.,m
008619,million,num.,m
008620,millionaire,n.,m
008621,millisecond,n.,m
008622,mimetic,adj.,m
008623,mimic,adj.,m
008624,mince,v.,m
008625,mind,n.,m
008626,mindful,adj.,m
008627,mindless,adj.,m
008628,mine,n.,m
008629,miner,n.,m
008630,mineral,n.,m
008631,mingle,v.,m
008632,mini,n.,m
008633,miniature,n.,m
008634,minimal,adj.,m
008635,minimalist,n.,m
008636,minimally,adv.,m
008637,minimize,vt.,m
008638,minimum,adj.,m
008639,mining,n.,m
008640,minister,n.,m
008641,ministerial,adj.,m
008642,ministry,n.,m
008643,minivan,n.,m
008644,mink,n.,m
008645,minnow,n.,m
008646,minor,n.,m
008647,minority,n.,m
008648,mint,n.,m
008649,minus,adj.,m
008650,minuscule,n.,m
008651,minute,n.,m
008652,minutia,n.,m
008653,miracle,n.,m
008654,miraculous,adj.,m
008655,mirage,n.,m
008656,mire,n.,m
008657,mirror,n.,m
008658,misbehave,v.,m
008659,misbehavior,n.,m
008660,miscalculation,n.,m
008661,miscarriage,n.,m
008662,miscellaneous,adj.,m
008663,mischief,n.,m
008664,mischievous,adj.,m
008665,misconception,n.,m
008666,misconduct,vt.,m
008667,misdeed,n.,m
008668,misdemeanor,n.,m
008669,miserable,adj.,m
008670,miserably,adv.,m
008671,misfit,n.,m
008672,misfortune,n.,m
008673,misgiving,,m
008674,misguided,adj.,m
008675,mishandle,vt.,m
008676,mishap,n.,m
008677,misinformation,n.,m
008678,misinterpret,vt.,m
008679,misjudge,v.,m
008680,mislead,vt.,m
008681,misleading,adj.,m
008682,mismanagement,n.,m
008683,mismatch,vt.,m
008684,misplace,vt.,m
008685,misread,vt.,m
008686,misrepresent,vt.,m
008687,misrepresentation,,m
008688,miss,n.,m
008689,missile,n.,m
008690,missing,adj.,m
008691,mission,n.,m
008692,missionary,adj.,m
008693,misstep,n.,m
008694,mist,n.,m
008695,mistaken,adj.,m
008696,mistakenly,adv.,m
008697,mister,n.,m
008698,mistreat,vt.,m
008699,mistreatment,n.,m
008700,mistress,n.,m
008701,mistrust,n.,m
008702,misty,adj.,m
008703,misunderstand,vt.,m
008704,misunderstanding,n.,m
008705,misuse,v.,m
008706,mite,n.,m
008707,mitigate,v.,m
008708,mitigation,n.,m
008709,mitt,n.,m
008710,mitten,n.,m
008711,mix,v.,m
008712,mixed,v.,m
008713,mixer,,m
008714,mixing,n.,m
008715,mixture,n.,m
008716,mm,n.,m
008717,mmm,int.,m
008718,moan,n.,m
008719,moat,n.,m
008720,mob,n.,m
008721,mobile,adj.,m
008722,mobility,n.,m
008723,mobilization,n.,m
008724,mobilize,v.,m
008725,mobster,n.,m
008726,moccasin,n.,m
008727,mock,v.,m
008728,mockery,n.,m
008729,modality,n.,m
008730,mode,n.,m
008731,model,n.,m
008732,modeling,,m
008733,modem,n.,m
008734,moderate,adj.,m
008735,moderately,adv.,m
008736,moderator,n.,m
008737,modern,n.,m
008738,modernism,n.,m
008739,modernist,n.,m
008740,modernity,n.,m
008741,modernization,n.,m
008742,modernize,v.,m
008743,modest,adj.,m
008744,modestly,adv.,m
008745,modesty,n.,m
008746,modification,n.,m
008747,modify,vt.,m
008748,modular,adj.,m
008749,modulate,vt.,m
008750,module,n.,m
008751,moist,adj.,m
008752,moisten,vt.,m
008753,moisture,n.,m
008754,molasses,n.,m
008755,mold,n.,m
008756,molding,,m
008757,mole,n.,m
008758,molecular,adj.,m
008759,molecule,n.,m
008760,molest,vt.,m
008761,molestation,n.,m
008762,molten,v.,m
008763,moment,adj.,m
008764,momentarily,adv.,m
008765,momentary,adj.,m
008766,momentous,adj.,m
008767,momentum,n.,m
008768,mommy,n.,m
008769,monarch,n.,m
008770,monarchy,n.,m
008771,monastery,n.,m
008772,monastic,n.,m
008773,monetary,adj.,m
008774,money,n.,m
008775,moniker,n.,m
008776,monitor,n.,m
008777,monk,n.,m
008778,monkey,n.,m
008779,monochrome,n.,m
008780,monogamous,adj.,m
008781,monograph,n.,m
008782,monolith,n.,m
008783,monolithic,n.,m
008784,monologue,n.,m
008785,monopolize,vt.,m
008786,monopoly,n.,m
008787,monotonous,adj.,m
008788,monoxide,n.,m
008789,monsoon,n.,m
008790,monster,n.,m
008791,monstrous,adj.,m
008792,montage,n.,m
008793,month,n.,m
008794,monthly,adj.,m
008795,monument,n.,m
008796,monumental,adj.,m
008797,mood,n.,m
008798,moody,adj.,m
008799,moon,n.,m
008800,moonlight,n.,m
008801,moonlit,adj.,m
008802,moor,n.,m
008803,moose,n.,m
008804,moot,n.,m
008805,mop,n.,m
008806,moral,adj.,m
008807,morale,n.,m
008808,morality,adj.,m
008809,morally,adv.,m
008810,moratorium,n.,m
008811,morbid,adj.,m
008812,morbidity,n.,m
008813,more,adj.,m
008814,moreover,adv.,m
008815,morgue,n.,m
008816,morning,n.,m
008817,morphine,n.,m
008818,morphology,n.,m
008819,morsel,n.,m
008820,mortal,n.,m
008821,mortality,n.,m
008822,mortar,n.,m
008823,mortgage,n.,m
008824,mortify,vt.,m
008825,mortuary,n.,m
008826,mosaic,n.,m
008827,mosque,n.,m
008828,mosquito,n.,m
008829,moss,n.,m
008830,mossy,adj.,m
008831,most,adj.,m
008832,mostly,adv.,m
008833,motel,n.,m
008834,moth,n.,m
008835,mother,n.,m
008836,motherhood,n.,m
008837,motif,n.,m
008838,motion,n.,m
008839,motionless,adj.,m
008840,motivate,v.,m
008841,motivation,n.,m
008842,motivational,adj.,m
008843,motivator,n.,m
008844,motive,n.,m
008845,motley,adj.,m
008846,motor,n.,m
008847,motorcade,n.,m
008848,motorcycle,n.,m
008849,motorist,n.,m
008850,mottled,adj.,m
008851,motto,n.,m
008852,mound,n.,m
008853,mount,n.,m
008854,mountain,n.,m
008855,mountainous,adj.,m
008856,mountainside,n.,m
008857,mountaintop,n.,m
008858,mounted,adj.,m
008859,mounting,n.,m
008860,mourn,v.,m
008861,mourner,n.,m
008862,mournful,adj.,m
008863,mourning,n.,m
008864,mouse,n.,m
008865,mousse,n.,m
008866,moustache,n.,m
008867,mouth,n.,m
008868,mouthful,n.,m
008869,mouthpiece,n.,m
008870,movable,adj.,m
008871,move,n.,m
008872,movement,n.,m
008873,mover,n.,m
008874,movie,n.,m
008875,moviegoer,n.,m
008876,moving,vbl.,m
008877,mow,n.,m
008878,mower,n.,m
008879,mozzarella,n.,m
008880,much,adj.,m
008881,muck,n.,m
008882,mucus,n.,m
008883,muddle,vt.,m
008884,muddy,adj.,m
008885,muffin,n.,m
008886,muffle,v.,m
008887,muffler,n.,m
008888,mulch,n.,m
008889,mule,n.,m
008890,mull,n.,m
008891,multilateral,adj.,m
008892,multimedia,n.,m
008893,multimillionaire,n.,m
008894,multinational,adj.,m
008895,multiple,adj.,m
008896,multiplication,,m
008897,multiplicity,n.,m
008898,multiply,v.,m
008899,multipurpose,adj.,m
008900,multiracial,adj.,m
008901,multitude,n.,m
008902,multivariate,adj.,m
008903,mum,n.,m
008904,mumble,n.,m
008905,mummy,n.,m
008906,munch,v.,m
008907,mundane,adj.,m
008908,municipal,adj.,m
008909,municipality,n.,m
008910,munitions,n.,m
008911,mural,adj.,m
008912,murder,n.,m
008913,murderer,n.,m
008914,murderous,adj.,m
008915,murky,adj.,m
008916,murmur,n.,m
008917,muscle,n.,m
008918,muscular,adj.,m
008919,muse,v.,m
008920,museum,n.,m
008921,mushroom,n.,m
008922,mushy,adj.,m
008923,music,n.,m
008924,musical,adj.,m
008925,musically,adv.,m
008926,musician,n.,m
008927,musing,adj.,m
008928,musket,n.,m
008929,must,aux.,m
008930,mustache,n.,m
008931,mustard,n.,m
008932,muster,n.,m
008933,musty,adj.,m
008934,mutant,n.,m
008935,mutate,v.,m
008936,mutation,n.,m
008937,mute,n.,m
008938,mutilation,n.,m
008939,mutiny,n.,m
008940,mutt,n.,m
008941,mutter,n.,m
008942,mutual,adj.,m
008943,mutually,adv.,m
008944,muzzle,n.,m
008945,my,pron.,m
008946,myriad,n.,m
008947,myself,pron.,m
008948,mysterious,adj.,m
008949,mystery,n.,m
008950,mystic,adj.,m
008951,mystical,adj.,m
008952,mysticism,n.,m
008953,mystify,v.,m
008954,mystique,n.,m
008955,myth,n.,m
008956,mythic,adj.,m
008957,mythical,adj.,m
008958,mythological,adj.,m
008959,mythology,n.,m
008960,nab,vt.,n
008961,nag,n.,n
008962,nagging,adj.,n
008963,nail,n.,n
008964,naive,adj.,n
008965,naivete,n.,n
008966,naked,adj.,n
008967,nakedness,n.,n
008968,name,n.,n
008969,nameless,adj.,n
008970,namely,adv.,n
008971,namesake,n.,n
008972,naming,n.,n
008973,nanny,n.,n
008974,nap,n.,n
008975,nape,n.,n
008976,napkin,n.,n
008977,narcissism,n.,n
008978,narcissistic,adj.,n
008979,narcotic,n.,n
008980,narrate,v.,n
008981,narration,n.,n
008982,narrative,adj.,n
008983,narrow,n.,n
008984,narrowly,adv.,n
008985,nasal,adj.,n
008986,nascent,adj.,n
008987,nasty,adj.,n
008988,nation,n.,n
008989,national,adj.,n
008990,nationalism,n.,n
008991,nationalist,n.,n
008992,nationalistic,adj.,n
008993,nationality,n.,n
008994,nationalize,v.,n
008995,nationally,adv.,n
008996,nationwide,adj.,n
008997,native,n.,n
008998,natural,adj.,n
008999,naturalism,n.,n
009000,naturalist,n.,n
009001,naturalistic,adj.,n
009002,naturally,adv.,n
009003,nature,n.,n
009004,naughty,adj.,n
009005,nausea,n.,n
009006,nautical,adj.,n
009007,naval,adj.,n
009008,nave,n.,n
009009,navel,n.,n
009010,navigate,vi.,n
009011,navigation,n.,n
009012,navigational,adj.,n
009013,navigator,n.,n
009014,navy,n.,n
009015,naw,adv.,n
009016,nay,adv.,n
009017,near,adj.,n
009018,nearby,adj.,n
009019,nearly,adv.,n
009020,neat,adj.,n
009021,neatly,adv.,n
009022,nebula,n.,n
009023,necessarily,adv.,n
009024,necessary,n.,n
009025,necessitate,v.,n
009026,necessity,n.,n
009027,neck,n.,n
009028,necklace,n.,n
009029,neckline,n.,n
009030,necktie,n.,n
009031,nectar,n.,n
009032,need,n.,n
009033,needle,n.,n
009034,needless,adj.,n
009035,needlessly,adv.,n
009036,needy,adj.,n
009037,nefarious,adj.,n
009038,negate,vt.,n
009039,negation,n.,n
009040,negative,n.,n
009041,negatively,adv.,n
009042,negativity,n.,n
009043,neglect,vt.,n
009044,neglected,adj.,n
009045,negligence,n.,n
009046,negligent,adj.,n
009047,negligible,adj.,n
009048,negotiate,v.,n
009049,negotiating,n.,n
009050,negotiation,n.,n
009051,negotiator,n.,n
009052,negro,n.,n
009053,neighbor,n.,n
009054,neighborhood,n.,n
009055,neighboring,adj.,n
009056,neither,adj.,n
009057,nemesis,n.,n
009058,neon,n.,n
009059,neophyte,n.,n
009060,nephew,n.,n
009061,nerd,n.,n
009062,nerve,n.,n
009063,nervous,adj.,n
009064,nest,n.,n
009065,nestle,vi.,n
009066,net,n.,n
009067,netting,n.,n
009068,nettle,n.,n
009069,network,n.,n
009070,neural,adj.,n
009071,neurological,adj.,n
009072,neurologist,n.,n
009073,neuron,n.,n
009074,neuroscience,n.,n
009075,neurosurgeon,n.,n
009076,neurotic,n.,n
009077,neurotransmitter,n.,n
009078,neutral,n.,n
009079,neutrality,n.,n
009080,neutralize,v.,n
009081,neutrino,n.,n
009082,neutron,n.,n
009083,never,adv.,n
009084,nevertheless,conj.,n
009085,new,adj.,n
009086,newborn,n.,n
009087,newcomer,n.,n
009088,newfound,adj.,n
009089,newly,adv.,n
009090,newlywed,n.,n
009091,newness,n.,n
009092,news,n.,n
009093,newscast,n.,n
009094,newsletter,n.,n
009095,newsman,n.,n
009096,newspaper,n.,n
009097,newsprint,n.,n
009098,newsroom,n.,n
009099,newsstand,n.,n
009100,next,n.,n
009101,nexus,n.,n
009102,nibble,n.,n
009103,nice,adj.,n
009104,nicely,adv.,n
009105,nicety,n.,n
009106,niche,n.,n
009107,nick,n.,n
009108,nickel,n.,n
009109,nickname,n.,n
009110,nicotine,n.,n
009111,niece,n.,n
009112,nifty,adj.,n
009113,nigger,n.,n
009114,night,n.,n
009115,nightclub,n.,n
009116,nightfall,n.,n
009117,nightgown,n.,n
009118,nightly,adj.,n
009119,nightmare,n.,n
009120,nightmarish,adj.,n
009121,nightstand,n.,n
009122,nighttime,n.,n
009123,nimble,adj.,n
009124,nine,num.,n
009125,nineteen,num.,n
009126,nineteenth,num.,n
009127,ninety,num.,n
009128,ninth,num.,n
009129,nip,n.,n
009130,nipple,n.,n
009131,nitrate,n.,n
009132,nitrogen,n.,n
009133,nix,n.,n
009134,no,n.,n
009135,nobility,n.,n
009136,noble,adj.,n
009137,nobody,pron.,n
009138,nocturnal,adj.,n
009139,nod,v.,n
009140,node,n.,n
009141,noise,n.,n
009142,noisily,adv.,n
009143,noisy,adj.,n
009144,nomad,n.,n
009145,nomadic,adj.,n
009146,nominal,adj.,n
009147,nominally,adv.,n
009148,nominate,vt.,n
009149,nomination,n.,n
009150,nominee,n.,n
009151,nondescript,adj.,n
009152,none,adv.,n
009153,nonetheless,adv.,n
009154,nonexistent,adj.,n
009155,nonlinear,adj.,n
009156,nonprofit,adj.,n
009157,nonsense,n.,n
009158,nonstop,adj.,n
009159,nonverbal,adj.,n
009160,noodle,n.,n
009161,nook,n.,n
009162,noon,n.,n
009163,noose,n.,n
009164,nope,adv.,n
009165,nor,conj.,n
009166,norm,n.,n
009167,normal,n.,n
009168,normalcy,n.,n
009169,normality,n.,n
009170,normalization,n.,n
009171,normalize,v.,n
009172,normally,adv.,n
009173,normative,adj.,n
009174,north,n.,n
009175,northeast,n.,n
009176,northeastern,adj.,n
009177,northern,adj.,n
009178,northward,adv.,n
009179,northwest,n.,n
009180,northwestern,adj.,n
009181,nose,n.,n
009182,nostalgia,n.,n
009183,nostalgic,adj.,n
009184,nostril,n.,n
009185,not,adv.,n
009186,notable,adj.,n
009187,notably,adv.,n
009188,notation,n.,n
009189,notch,n.,n
009190,note,n.,n
009191,notebook,n.,n
009192,noted,adj.,n
009193,notepad,n.,n
009194,noteworthy,adj.,n
009195,nothing,n.,n
009196,nothingness,n.,n
009197,notice,n.,n
009198,noticeable,adj.,n
009199,noticeably,adv.,n
009200,notification,n.,n
009201,notify,v.,n
009202,notion,n.,n
009203,notoriety,n.,n
009204,notorious,adj.,n
009205,notwithstanding,prep.,n
009206,noun,n.,n
009207,nourish,vt.,n
009208,nourishment,n.,n
009209,novel,n.,n
009210,novelist,n.,n
009211,novella,n.,n
009212,novelty,n.,n
009213,novice,n.,n
009214,now,adv.,n
009215,nowadays,adv.,n
009216,nowhere,adv.,n
009217,noxious,adj.,n
009218,nozzle,n.,n
009219,nuance,n.,n
009220,nuclear,adj.,n
009221,nucleus,,n
009222,nude,adj.,n
009223,nudge,n.,n
009224,nudity,n.,n
009225,nugget,n.,n
009226,nuisance,n.,n
009227,nuke,n.,n
009228,nullify,v.,n
009229,numb,adj.,n
009230,number,n.,n
009231,numbered,adj.,n
009232,numbness,n.,n
009233,numeral,n.,n
009234,numerical,adj.,n
009235,numerous,adj.,n
009236,nun,n.,n
009237,nurse,n.,n
009238,nursery,n.,n
009239,nursing,n.,n
009240,nurture,n.,n
009241,nut,n.,n
009242,nutmeg,n.,n
009243,nutrient,adj.,n
009244,nutrition,n.,n
009245,nutritional,adj.,n
009246,nutritionist,n.,n
009247,nutritious,adj.,n
009248,nuts,adj.,n
009249,nutshell,n.,n
009250,nutty,adj.,n
009251,nuzzle,v.,n
009252,nylon,n.,n
009253,nymph,n.,n
009254,oak,n.,o
009255,oar,n.,o
009256,oasis,n.,o
009257,oath,n.,o
009258,oatmeal,n.,o
009259,obedience,n.,o
009260,obedient,adj.,o
009261,obese,adj.,o
009262,obesity,n.,o
009263,obey,v.,o
009264,obituary,n.,o
009265,object,n.,o
009266,objection,n.,o
009267,objectionable,adj.,o
009268,objective,n.,o
009269,objectively,adv.,o
009270,objectivity,n.,o
009271,obligate,vt.,o
009272,obligation,n.,o
009273,obligatory,adj.,o
009274,oblige,vt.,o
009275,oblique,adj.,o
009276,obliterate,vt.,o
009277,oblivion,n.,o
009278,oblivious,adj.,o
009279,obnoxious,adj.,o
009280,obscene,adj.,o
009281,obscenity,n.,o
009282,obscure,adj.,o
009283,obscurity,n.,o
009284,observable,adj.,o
009285,observance,n.,o
009286,observant,n.,o
009287,observation,n.,o
009288,observational,adj.,o
009289,observatory,adj.,o
009290,observe,vt.,o
009291,observer,n.,o
009292,obsess,vt.,o
009293,obsession,n.,o
009294,obsessive,adj.,o
009295,obsolete,adj.,o
009296,obstacle,n.,o
009297,obstetrician,n.,o
009298,obstruct,v.,o
009299,obstruction,n.,o
009300,obtain,vt.,o
009301,obvious,adj.,o
009302,obviously,adv.,o
009303,occasion,n.,o
009304,occasional,adj.,o
009305,occasionally,adv.,o
009306,occult,adj.,o
009307,occupancy,n.,o
009308,occupant,n.,o
009309,occupation,n.,o
009310,occupational,adj.,o
009311,occupy,vt.,o
009312,occur,vi.,o
009313,occurrence,n.,o
009314,ocean,n.,o
009315,oceanic,adj.,o
009316,octave,n.,o
009317,octopus,n.,o
009318,odd,adj.,o
009319,oddball,adj.,o
009320,oddity,n.,o
009321,oddly,adv.,o
009322,odds,n.,o
009323,odor,n.,o
009324,of,,o
009325,off,adj.,o
009326,offbeat,adj.,o
009327,offend,v.,o
009328,offender,n.,o
009329,offending,adj.,o
009330,offense,n.,o
009331,offensive,adj.,o
009332,offensively,adv.,o
009333,offer,n.,o
009334,offering,n.,o
009335,office,n.,o
009336,officer,n.,o
009337,official,n.,o
009338,officially,adv.,o
009339,officiate,v.,o
009340,offset,n.,o
009341,offshoot,n.,o
009342,offshore,adj.,o
009343,offspring,n.,o
009344,often,adv.,o
009345,oftentimes,adv.,o
009346,oh,int.,o
009347,oil,n.,o
009348,oily,adj.,o
009349,ointment,n.,o
009350,ok,adj.,o
009351,okay,n.,o
009352,okra,n.,o
009353,old,adj.,o
009354,olive,n.,o
009355,omelet,n.,o
009356,omen,n.,o
009357,ominous,adj.,o
009358,ominously,adv.,o
009359,omission,n.,o
009360,omit,vt.,o
009361,omnipresent,adj.,o
009362,on,prep.,o
009363,once,n.,o
009364,oncology,n.,o
009365,oncoming,adj.,o
009366,one,pron.,o
009367,onerous,adj.,o
009368,oneself,pron.,o
009369,ongoing,adj.,o
009370,onion,n.,o
009371,online,n.,o
009372,onlooker,n.,o
009373,only,adj.,o
009374,onset,n.,o
009375,onslaught,n.,o
009376,onstage,adj.,o
009377,onto,prep.,o
009378,ontological,adj.,o
009379,onward,adj.,o
009380,oops,int.,o
009381,ooze,n.,o
009382,opaque,n.,o
009383,open,n.,o
009384,opener,n.,o
009385,opening,n.,o
009386,openly,adv.,o
009387,openness,n.,o
009388,opera,n.,o
009389,operate,v.,o
009390,operatic,adj.,o
009391,operation,n.,o
009392,operational,adj.,o
009393,operationalize,vt.,o
009394,operative,adj.,o
009395,operator,n.,o
009396,opiate,n.,o
009397,opine,v.,o
009398,opinion,n.,o
009399,opium,n.,o
009400,opponent,adj.,o
009401,opportunistic,adj.,o
009402,opportunity,n.,o
009403,oppose,vt.,o
009404,opposed,adj.,o
009405,opposite,adj.,o
009406,opposition,n.,o
009407,oppositional,adj.,o
009408,oppress,vt.,o
009409,oppression,n.,o
009410,oppressive,adj.,o
009411,oppressor,n.,o
009412,opt,vi.,o
009413,optic,adj.,o
009414,optical,adj.,o
009415,optics,n.,o
009416,optimal,adj.,o
009417,optimism,n.,o
009418,optimist,n.,o
009419,optimistic,adj.,o
009420,optimization,n.,o
009421,optimize,vt.,o
009422,optimum,n.,o
009423,option,n.,o
009424,optional,adj.,o
009425,opulent,adj.,o
009426,opus,n.,o
009427,or,conj.,o
009428,oral,adj.,o
009429,orally,adv.,o
009430,orange,n.,o
009431,orator,n.,o
009432,oratory,n.,o
009433,orb,n.,o
009434,orbit,n.,o
009435,orbital,adj.,o
009436,orbiter,n.,o
009437,orchard,n.,o
009438,orchestra,n.,o
009439,orchestral,adj.,o
009440,orchestrate,v.,o
009441,orchid,n.,o
009442,ordain,vt.,o
009443,ordeal,n.,o
009444,order,n.,o
009445,orderly,adj.,o
009446,ordinance,n.,o
009447,ordinarily,adv.,o
009448,ordinary,adj.,o
009449,ordination,n.,o
009450,ordnance,n.,o
009451,ore,n.,o
009452,organ,n.,o
009453,organic,adj.,o
009454,organically,adv.,o
009455,organism,n.,o
009456,organization,n.,o
009457,organizational,adj.,o
009458,organize,vt.,o
009459,organized,adj.,o
009460,organizer,n.,o
009461,orgasm,n.,o
009462,orgy,,o
009463,orient,n.,o
009464,oriental,n.,o
009465,orientation,n.,o
009466,oriented,adj.,o
009467,origin,n.,o
009468,original,adj.,o
009469,originality,n.,o
009470,originally,adv.,o
009471,originate,vt.,o
009472,ornament,n.,o
009473,ornamental,n.,o
009474,ornate,adj.,o
009475,orphan,n.,o
009476,orphanage,n.,o
009477,orthodox,adj.,o
009478,orthodoxy,adj.,o
009479,orthopaedic,adj.,o
009480,orthopedic,,o
009481,oscillate,v.,o
009482,oscillation,n.,o
009483,ostensibly,adv.,o
009484,osteoporosis,n.,o
009485,ostracize,vt.,o
009486,ostrich,n.,o
009487,other,adj.,o
009488,otherness,n.,o
009489,otherwise,adv.,o
009490,otter,n.,o
009491,ouch,int.,o
009492,ought,aux.,o
009493,our,pron.,o
009494,ours,pron.,o
009495,ourselves,pron.,o
009496,oust,vt.,o
009497,ouster,n.,o
009498,out,adj.,o
009499,outage,n.,o
009500,outbreak,n.,o
009501,outburst,n.,o
009502,outcast,adj.,o
009503,outcome,n.,o
009504,outcry,n.,o
009505,outdated,adj.,o
009506,outdo,v.,o
009507,outdoor,adj.,o
009508,outdoors,n.,o
009509,outer,adj.,o
009510,outfield,n.,o
009511,outfielder,n.,o
009512,outfit,n.,o
009513,outfitter,n.,o
009514,outflow,n.,o
009515,outgoing,n.,o
009516,outgrow,vt.,o
009517,outgrowth,n.,o
009518,outhouse,n.,o
009519,outing,n.,o
009520,outlandish,adj.,o
009521,outlast,vt.,o
009522,outlaw,n.,o
009523,outlay,n.,o
009524,outlet,n.,o
009525,outline,n.,o
009526,outlive,v.,o
009527,outlook,n.,o
009528,outlying,adj.,o
009529,outmoded,adj.,o
009530,outnumber,vt.,o
009531,outpace,vt.,o
009532,outpatient,n.,o
009533,outperform,vt.,o
009534,outpost,n.,o
009535,outpouring,n.,o
009536,output,n.,o
009537,outrage,n.,o
009538,outrageous,adj.,o
009539,outreach,v.,o
009540,outright,adj.,o
009541,outrun,vt.,o
009542,outscore,vt.,o
009543,outset,n.,o
009544,outside,n.,o
009545,outsider,n.,o
009546,outskirts,n.,o
009547,outspoken,adj.,o
009548,outstanding,adj.,o
009549,outstretched,adj.,o
009550,outstrip,v.,o
009551,outward,adj.,o
009552,outwardly,adv.,o
009553,outweigh,v.,o
009554,oval,adj.,o
009555,ovarian,adj.,o
009556,ovary,n.,o
009557,ovation,n.,o
009558,oven,n.,o
009559,over,adv.,o
009560,overall,adj.,o
009561,overbearing,adj.,o
009562,overblown,adj.,o
009563,overboard,adv.,o
009564,overcast,n.,o
009565,overcoat,n.,o
009566,overcome,vt.,o
009567,overdo,vt.,o
009568,overdose,n.,o
009569,overdrive,vt.,o
009570,overdue,adj.,o
009571,overeat,vt.,o
009572,overestimate,vt.,o
009573,overflow,n.,o
009574,overgrow,vt.,o
009575,overgrown,adj.,o
009576,overhaul,v.,o
009577,overhead,adj.,o
009578,overhear,vt.,o
009579,overjoyed,adj.,o
009580,overlap,v.,o
009581,overlay,n.,o
009582,overload,vt.,o
009583,overlook,vt.,o
009584,overly,adv.,o
009585,overnight,n.,o
009586,overpower,vt.,o
009587,overpowering,adj.,o
009588,override,vt.,o
009589,overrule,vt.,o
009590,overrun,n.,o
009591,overseas,adv.,o
009592,oversee,v.,o
009593,overseer,n.,o
009594,overshadow,v.,o
009595,oversight,n.,o
009596,oversize,adj.,o
009597,overstate,vt.,o
009598,overt,adj.,o
009599,overtake,vt.,o
009600,overthrow,n.,o
009601,overtime,n.,o
009602,overtly,adv.,o
009603,overtone,n.,o
009604,overture,n.,o
009605,overturn,n.,o
009606,overuse,vt.,o
009607,overweight,n.,o
009608,overwhelm,vt.,o
009609,overwhelming,adj.,o
009610,overwhelmingly,adv.,o
009611,overzealous,adj.,o
009612,owe,vt.,o
009613,owing,adj.,o
009614,owl,n.,o
009615,own,adj.,o
009616,owner,n.,o
009617,ownership,n.,o
009618,oxidation,n.,o
009619,oxide,n.,o
009620,oxygen,n.,o
009621,oyster,n.,o
009622,ozone,n.,o
009623,pace,n.,p
009624,pacemaker,n.,p
009625,pacifist,n.,p
009626,pacify,vt.,p
009627,pack,n.,p
009628,package,n.,p
009629,packaging,n.,p
009630,packet,n.,p
009631,packing,v.,p
009632,pact,n.,p
009633,pad,n.,p
009634,padded,v.,p
009635,padding,n.,p
009636,paddle,n.,p
009637,paddy,n.,p
009638,pagan,n.,p
009639,page,n.,p
009640,pageant,n.,p
009641,pager,n.,p
009642,paid,vbl.,p
009643,pail,n.,p
009644,pain,n.,p
009645,pained,adj.,p
009646,painful,adj.,p
009647,painfully,adv.,p
009648,painkiller,n.,p
009649,painless,adj.,p
009650,painstaking,n.,p
009651,paint,n.,p
009652,paintbrush,n.,p
009653,painted,adj.,p
009654,painter,n.,p
009655,painting,n.,p
009656,pair,n.,p
009657,pajamas,n.,p
009658,pal,n.,p
009659,palace,n.,p
009660,palatable,adj.,p
009661,palate,n.,p
009662,pale,n.,p
009663,paleontologist,n.,p
009664,palette,n.,p
009665,pallet,n.,p
009666,palm,n.,p
009667,palpable,adj.,p
009668,palsy,n.,p
009669,paltry,adj.,p
009670,pamper,v.,p
009671,pamphlet,n.,p
009672,pan,n.,p
009673,panacea,n.,p
009674,pancake,n.,p
009675,pancreas,n.,p
009676,pancreatic,adj.,p
009677,panda,n.,p
009678,pandemic,adj.,p
009679,pander,vi.,p
009680,pane,n.,p
009681,panel,n.,p
009682,paneling,n.,p
009683,panelist,n.,p
009684,pang,n.,p
009685,panic,n.,p
009686,panicky,adj.,p
009687,panorama,n.,p
009688,panoramic,adj.,p
009689,pant,v.,p
009690,pantheon,n.,p
009691,panther,n.,p
009692,panties,n.,p
009693,pantry,n.,p
009694,papa,n.,p
009695,papal,adj.,p
009696,papaya,n.,p
009697,paper,n.,p
009698,paperback,n.,p
009699,paperwork,n.,p
009700,paprika,n.,p
009701,par,n.,p
009702,parable,n.,p
009703,parachute,n.,p
009704,parade,n.,p
009705,paradigm,n.,p
009706,paradise,n.,p
009707,paradox,n.,p
009708,paradoxical,adj.,p
009709,paragon,n.,p
009710,paragraph,n.,p
009711,parallel,adj.,p
009712,paralysis,n.,p
009713,paralyze,vt.,p
009714,paramedic,n.,p
009715,parameter,n.,p
009716,paramilitary,adj.,p
009717,paramount,adj.,p
009718,paranoia,n.,p
009719,paraphernalia,n.,p
009720,paraphrase,v.,p
009721,parasite,n.,p
009722,parasitic,,p
009723,paratrooper,n.,p
009724,parcel,n.,p
009725,parched,adj.,p
009726,parchment,n.,p
009727,pardon,vt.,p
009728,pare,vt.,p
009729,parent,n.,p
009730,parental,adj.,p
009731,parenthesis,n.,p
009732,parenthood,n.,p
009733,pariah,n.,p
009734,parish,n.,p
009735,parishioner,n.,p
009736,parity,n.,p
009737,park,n.,p
009738,parka,n.,p
009739,parking,n.,p
009740,parlance,n.,p
009741,parlay,n.,p
009742,parliament,n.,p
009743,parliamentary,adj.,p
009744,parlor,n.,p
009745,parochial,adj.,p
009746,parody,n.,p
009747,parole,n.,p
009748,parrot,n.,p
009749,parse,vt.,p
009750,parsley,n.,p
009751,part,n.,p
009752,partake,vt.,p
009753,partial,adj.,p
009754,partially,adv.,p
009755,participant,n.,p
009756,participate,vi.,p
009757,participation,n.,p
009758,participatory,adj.,p
009759,particle,n.,p
009760,particular,n.,p
009761,particularity,n.,p
009762,particularly,adv.,p
009763,particulate,n.,p
009764,parting,n.,p
009765,partisan,n.,p
009766,partisanship,n.,p
009767,partition,n.,p
009768,partly,adv.,p
009769,partner,n.,p
009770,partnership,n.,p
009771,party,n.,p
009772,pass,n.,p
009773,passage,n.,p
009774,passageway,n.,p
009775,passenger,n.,p
009776,passer,n.,p
009777,passing,n.,p
009778,passion,n.,p
009779,passionate,adj.,p
009780,passive,adj.,p
009781,passively,adv.,p
009782,passivity,n.,p
009783,passport,n.,p
009784,password,n.,p
009785,past,n.,p
009786,pasta,n.,p
009787,paste,n.,p
009788,pastel,n.,p
009789,pastime,n.,p
009790,pastor,n.,p
009791,pastoral,n.,p
009792,pastry,n.,p
009793,pasture,n.,p
009794,pat,n.,p
009795,patch,n.,p
009796,patchwork,n.,p
009797,pate,n.,p
009798,patent,n.,p
009799,patently,adv.,p
009800,paternal,adj.,p
009801,paternity,n.,p
009802,path,n.,p
009803,pathetic,adj.,p
009804,pathogen,n.,p
009805,pathological,adj.,p
009806,pathologist,n.,p
009807,pathology,n.,p
009808,pathos,n.,p
009809,pathway,n.,p
009810,patience,n.,p
009811,patient,n.,p
009812,patiently,adv.,p
009813,patina,n.,p
009814,patio,n.,p
009815,patriarch,n.,p
009816,patriarchal,adj.,p
009817,patriarchy,n.,p
009818,patriot,n.,p
009819,patriotic,adj.,p
009820,patriotism,n.,p
009821,patrol,v.,p
009822,patrolman,n.,p
009823,patron,n.,p
009824,patronage,n.,p
009825,patronize,v.,p
009826,patronizing,adj.,p
009827,patter,n.,p
009828,pattern,n.,p
009829,patty,n.,p
009830,paucity,n.,p
009831,pause,n.,p
009832,pavement,n.,p
009833,pavilion,n.,p
009834,paving,n.,p
009835,pawn,n.,p
009836,pay,n.,p
009837,payable,adj.,p
009838,paycheck,n.,p
009839,payday,n.,p
009840,payer,n.,p
009841,paying,adj.,p
009842,payload,n.,p
009843,payment,n.,p
009844,payoff,n.,p
009845,payout,n.,p
009846,payroll,n.,p
009847,peace,n.,p
009848,peaceful,adj.,p
009849,peacekeeper,n.,p
009850,peacekeeping,adj.,p
009851,peacemaker,n.,p
009852,peacetime,n.,p
009853,peach,n.,p
009854,peacock,n.,p
009855,peak,n.,p
009856,peanut,n.,p
009857,pear,n.,p
009858,pearl,n.,p
009859,pearly,adj.,p
009860,peasant,n.,p
009861,peat,n.,p
009862,pebble,n.,p
009863,pecan,n.,p
009864,peck,n.,p
009865,peculiar,adj.,p
009866,peculiarity,n.,p
009867,peculiarly,adv.,p
009868,pedagogical,adj.,p
009869,pedagogy,n.,p
009870,pedal,n.,p
009871,peddle,vi.,p
009872,peddler,n.,p
009873,pedestal,n.,p
009874,pedestrian,n.,p
009875,pediatric,adj.,p
009876,pediatrician,n.,p
009877,pedigree,n.,p
009878,pee,n.,p
009879,peek,n.,p
009880,peel,v.,p
009881,peeling,n.,p
009882,peep,n.,p
009883,peer,n.,p
009884,peg,n.,p
009885,pellet,n.,p
009886,pelt,n.,p
009887,pelvic,adj.,p
009888,pelvis,n.,p
009889,pen,n.,p
009890,penal,adj.,p
009891,penalize,v.,p
009892,penalty,n.,p
009893,penance,n.,p
009894,penchant,n.,p
009895,pencil,n.,p
009896,pendant,n.,p
009897,pending,adj.,p
009898,pendulum,n.,p
009899,penetrate,vt.,p
009900,penetrating,adj.,p
009901,penetration,n.,p
009902,penguin,n.,p
009903,penicillin,n.,p
009904,peninsula,n.,p
009905,penis,n.,p
009906,penitentiary,n.,p
009907,pennant,n.,p
009908,pension,n.,p
009909,pensive,adj.,p
009910,penthouse,n.,p
009911,people,n.,p
009912,pep,n.,p
009913,pepper,n.,p
009914,peppercorn,n.,p
009915,peppermint,n.,p
009916,peptide,n.,p
009917,per,prep.,p
009918,perceive,vt.,p
009919,percentage,n.,p
009920,perceptible,adj.,p
009921,perception,n.,p
009922,perceptive,adj.,p
009923,perceptual,adj.,p
009924,perch,n.,p
009925,percolate,n.,p
009926,percussion,,p
009927,perennial,adj.,p
009928,perfect,n.,p
009929,perfection,n.,p
009930,perfectionism,n.,p
009931,perfectionist,n.,p
009932,perfectly,adj.,p
009933,perforation,n.,p
009934,perform,vt.,p
009935,performance,n.,p
009936,performer,n.,p
009937,performing,adj.,p
009938,perfume,n.,p
009939,perfunctory,adj.,p
009940,perhaps,adv.,p
009941,peril,n.,p
009942,perilous,adj.,p
009943,perimeter,n.,p
009944,period,n.,p
009945,periodic,adj.,p
009946,periodical,adj.,p
009947,periodically,adv.,p
009948,peripheral,adj.,p
009949,periphery,n.,p
009950,perish,vi.,p
009951,perjury,n.,p
009952,perk,vi.,p
009953,perky,adj.,p
009954,permanence,n.,p
009955,permanent,adj.,p
009956,permanently,adv.,p
009957,permeate,vt.,p
009958,permissible,adj.,p
009959,permission,n.,p
009960,permissive,adj.,p
009961,permit,n.,p
009962,pernicious,adj.,p
009963,peroxide,n.,p
009964,perpendicular,adj.,p
009965,perpetrate,v.,p
009966,perpetrator,n.,p
009967,perpetual,adj.,p
009968,perpetually,adv.,p
009969,perpetuate,vt.,p
009970,perplex,v.,p
009971,perplexed,adj.,p
009972,perplexing,adj.,p
009973,persecute,v.,p
009974,persecution,n.,p
009975,perseverance,n.,p
009976,persevere,v.,p
009977,persist,vi.,p
009978,persistence,n.,p
009979,persistent,adj.,p
009980,person,n.,p
009981,persona,n.,p
009982,personable,adj.,p
009983,personal,adj.,p
009984,personality,n.,p
009985,personalize,v.,p
009986,personally,adv.,p
009987,personification,n.,p
009988,personify,vt.,p
009989,personnel,n.,p
009990,perspective,n.,p
009991,perspiration,n.,p
009992,persuade,v.,p
009993,persuasion,n.,p
009994,persuasive,n.,p
009995,pertain,v.,p
009996,pertinent,adj.,p
009997,peruse,v.,p
009998,pervade,v.,p
009999,pervasive,adj.,p
010000,perverse,adj.,p
010001,perversion,n.,p
010002,pesky,adj.,p
010003,pessimism,n.,p
010004,pessimist,n.,p
010005,pessimistic,adj.,p
010006,pest,n.,p
010007,pester,vt.,p
010008,pesticide,n.,p
010009,pet,n.,p
010010,petal,n.,p
010011,petite,adj.,p
010012,petition,n.,p
010013,petitioner,n.,p
010014,petroleum,n.,p
010015,petty,adj.,p
010016,pew,n.,p
010017,pewter,n.,p
010018,phalanx,n.,p
010019,phantom,n.,p
010020,pharmacist,n.,p
010021,pharmacy,n.,p
010022,phase,n.,p
010023,pheasant,n.,p
010024,phenomenal,adj.,p
010025,phenomenon,n.,p
010026,philanthropic,adj.,p
010027,philanthropist,n.,p
010028,philanthropy,n.,p
010029,philosopher,n.,p
010030,philosophical,adj.,p
010031,philosophy,n.,p
010032,phobia,n.,p
010033,phone,n.,p
010034,phony,adj.,p
010035,phosphate,n.,p
010036,phosphorus,n.,p
010037,photo,n.,p
010038,photocopy,n.,p
010039,photograph,n.,p
010040,photographer,,p
010041,photographic,adj.,p
010042,photography,n.,p
010043,photon,n.,p
010044,photosynthesis,n.,p
010045,photovoltaic,,p
010046,phrase,n.,p
010047,phrasing,n.,p
010048,physical,adj.,p
010049,physically,adv.,p
010050,physician,n.,p
010051,physicist,n.,p
010052,physics,n.,p
010053,physiological,adj.,p
010054,physiologist,n.,p
010055,physiology,n.,p
010056,physique,n.,p
010057,pianist,n.,p
010058,piano,n.,p
010059,piazza,n.,p
010060,pick,n.,p
010061,picker,n.,p
010062,picket,n.,p
010063,picking,v.,p
010064,pickle,n.,p
010065,pickled,adj.,p
010066,pickup,n.,p
010067,picky,adj.,p
010068,picnic,n.,p
010069,pictorial,adj.,p
010070,picture,n.,p
010071,picturesque,adj.,p
010072,pie,n.,p
010073,piece,n.,p
010074,pier,n.,p
010075,pierce,vt.,p
010076,piercing,adj.,p
010077,piety,n.,p
010078,pig,n.,p
010079,pigeon,n.,p
010080,pigment,n.,p
010081,pike,n.,p
010082,pile,n.,p
010083,pilgrim,n.,p
010084,pilgrimage,n.,p
010085,pill,n.,p
010086,pillar,n.,p
010087,pillow,n.,p
010088,pillowcase,n.,p
010089,pilot,n.,p
010090,pimp,n.,p
010091,pimple,n.,p
010092,pin,n.,p
010093,pinch,n.,p
010094,pine,n.,p
010095,pineapple,n.,p
010096,pink,n.,p
010097,pinnacle,n.,p
010098,pinpoint,n.,p
010099,pioneer,n.,p
010100,pious,adj.,p
010101,pipe,n.,p
010102,pipeline,n.,p
010103,piping,n.,p
010104,pique,n.,p
010105,piracy,n.,p
010106,pirate,n.,p
010107,piss,vi.,p
010108,pissed,adj.,p
010109,pistachio,n.,p
010110,pistol,n.,p
010111,piston,n.,p
010112,pit,n.,p
010113,pitch,n.,p
010114,pitcher,n.,p
010115,pitching,n.,p
010116,pitfall,n.,p
010117,pitiful,adj.,p
010118,pity,v.,p
010119,pivot,n.,p
010120,pivotal,adj.,p
010121,pixel,n.,p
010122,pizza,n.,p
010123,placard,n.,p
010124,placate,v.,p
010125,place,n.,p
010126,placebo,n.,p
010127,placement,n.,p
010128,placid,adj.,p
010129,plagiarism,n.,p
010130,plague,n.,p
010131,plaid,n.,p
010132,plain,n.,p
010133,plainly,adv.,p
010134,plaintiff,n.,p
010135,plaintive,adj.,p
010136,plan,n.,p
010137,plane,n.,p
010138,planet,n.,p
010139,planetarium,n.,p
010140,planetary,n.,p
010141,plank,n.,p
010142,planned,adj.,p
010143,planner,n.,p
010144,planning,n.,p
010145,plant,n.,p
010146,plantain,n.,p
010147,plantation,n.,p
010148,planter,n.,p
010149,planting,n.,p
010150,plaque,n.,p
010151,plasma,n.,p
010152,plaster,n.,p
010153,plastic,n.,p
010154,plate,n.,p
010155,plateau,n.,p
010156,platelet,n.,p
010157,platform,n.,p
010158,platinum,n.,p
010159,platonic,adj.,p
010160,platoon,n.,p
010161,platter,n.,p
010162,plausible,adj.,p
010163,play,n.,p
010164,playback,n.,p
010165,player,n.,p
010166,playful,adj.,p
010167,playfully,,p
010168,playground,n.,p
010169,playmate,n.,p
010170,playwright,n.,p
010171,plaza,n.,p
010172,plea,n.,p
010173,plead,vi.,p
010174,pleasant,adj.,p
010175,please,adj.,p
010176,pleased,adj.,p
010177,pleasing,adj.,p
010178,pleasurable,adj.,p
010179,pleasure,n.,p
010180,pledge,n.,p
010181,plentiful,adj.,p
010182,plenty,n.,p
010183,plethora,n.,p
010184,pliers,n.,p
010185,plight,n.,p
010186,plod,n.,p
010187,plop,n.,p
010188,plot,n.,p
010189,plotter,n.,p
010190,plow,n.,p
010191,ploy,n.,p
010192,pluck,n.,p
010193,plug,vt.,p
010194,plum,n.,p
010195,plumb,n.,p
010196,plumber,n.,p
010197,plumbing,n.,p
010198,plume,n.,p
010199,plummet,n.,p
010200,plump,adj.,p
010201,plunder,v.,p
010202,plunge,n.,p
010203,plunk,vt.,p
010204,plural,adj.,p
010205,pluralism,n.,p
010206,pluralistic,adj.,p
010207,plurality,n.,p
010208,plus,prep.,p
010209,plush,n.,p
010210,ply,n.,p
010211,plywood,n.,p
010212,pneumatic,adj.,p
010213,pneumonia,n.,p
010214,poach,vt.,p
010215,poacher,n.,p
010216,pocket,n.,p
010217,pocketbook,n.,p
010218,pod,n.,p
010219,podium,n.,p
010220,poem,n.,p
010221,poet,n.,p
010222,poetic,adj.,p
010223,poetics,n.,p
010224,poetry,n.,p
010225,poignant,adj.,p
010226,point,n.,p
010227,pointed,adj.,p
010228,pointedly,adv.,p
010229,pointer,n.,p
010230,pointless,adj.,p
010231,pointy,adj.,p
010232,poise,n.,p
010233,poison,n.,p
010234,poisoning,n.,p
010235,poisonous,adj.,p
010236,poke,n.,p
010237,poker,n.,p
010238,polar,adj.,p
010239,polarity,n.,p
010240,polarization,n.,p
010241,polarize,v.,p
010242,pole,n.,p
010243,polemic,adj.,p
010244,police,n.,p
010245,policeman,n.,p
010246,policy,n.,p
010247,policymaker,n.,p
010248,polish,n.,p
010249,polished,adj.,p
010250,polite,adj.,p
010251,politely,adv.,p
010252,politeness,n.,p
010253,political,adj.,p
010254,politically,adv.,p
010255,politician,n.,p
010256,politicize,vi.,p
010257,politics,n.,p
010258,polity,n.,p
010259,polka,n.,p
010260,poll,n.,p
010261,pollen,n.,p
010262,polling,n.,p
010263,pollster,n.,p
010264,pollutant,n.,p
010265,pollute,vt.,p
010266,polluted,vbl.,p
010267,pollution,n.,p
010268,polo,n.,p
010269,polyester,n.,p
010270,polygamy,n.,p
010271,polygraph,n.,p
010272,polymer,n.,p
010273,polyp,n.,p
010274,pomegranate,n.,p
010275,pompous,adj.,p
010276,poncho,n.,p
010277,pond,n.,p
010278,ponder,v.,p
010279,pony,n.,p
010280,ponytail,n.,p
010281,poodle,n.,p
010282,pool,n.,p
010283,poor,adj.,p
010284,poorly,adv.,p
010285,pop,n.,p
010286,popcorn,n.,p
010287,poplar,n.,p
010288,poppy,n.,p
010289,populace,n.,p
010290,popular,adj.,p
010291,popularity,n.,p
010292,popularize,v.,p
010293,popularly,adv.,p
010294,populate,,p
010295,population,n.,p
010296,populism,n.,p
010297,populist,n.,p
010298,populous,adj.,p
010299,porcelain,n.,p
010300,porch,n.,p
010301,pore,n.,p
010302,pork,n.,p
010303,porn,n.,p
010304,pornographic,adj.,p
010305,pornography,n.,p
010306,porous,adj.,p
010307,porridge,n.,p
010308,port,n.,p
010309,portable,adj.,p
010310,portal,n.,p
010311,portend,v.,p
010312,porter,n.,p
010313,portfolio,n.,p
010314,portion,n.,p
010315,portrait,n.,p
010316,portraiture,n.,p
010317,portray,v.,p
010318,portrayal,n.,p
010319,pose,n.,p
010320,posh,adj.,p
010321,posit,v.,p
010322,position,n.,p
010323,positive,adj.,p
010324,posse,n.,p
010325,possess,vt.,p
010326,possession,n.,p
010327,possibility,n.,p
010328,possible,adj.,p
010329,possibly,adv.,p
010330,postage,n.,p
010331,postal,adj.,p
010332,postcard,n.,p
010333,poster,n.,p
010334,posterior,adj.,p
010335,posterity,n.,p
010336,posthumous,adj.,p
010337,posting,,p
010338,postoperative,adj.,p
010339,postpartum,adj.,p
010340,postpone,vt.,p
010341,postulate,n.,p
010342,posture,n.,p
010343,pot,n.,p
010344,potassium,,p
010345,potato,n.,p
010346,potency,n.,p
010347,potent,adj.,p
010348,potential,adj.,p
010349,potentially,adv.,p
010350,pothole,n.,p
010351,potion,n.,p
010352,potted,adj.,p
010353,potter,n.,p
010354,pottery,n.,p
010355,pouch,n.,p
010356,poultry,n.,p
010357,pounce,v.,p
010358,pound,n.,p
010359,pour,v.,p
010360,pout,n.,p
010361,poverty,n.,p
010362,powder,n.,p
010363,powdered,adj.,p
010364,powdery,adj.,p
010365,power,n.,p
010366,powerful,adj.,p
010367,powerfully,adv.,p
010368,powerhouse,n.,p
010369,powerless,adj.,p
010370,pox,n.,p
010371,practical,adj.,p
010372,practicality,n.,p
010373,practically,adv.,p
010374,practice,n.,p
010375,practiced,adj.,p
010376,practicing,adj.,p
010377,practicum,n.,p
010378,practitioner,n.,p
010379,pragmatic,adj.,p
010380,pragmatism,n.,p
010381,pragmatist,n.,p
010382,prairie,n.,p
010383,praise,vt.,p
010384,prank,n.,p
010385,pray,v.,p
010386,prayer,n.,p
010387,preach,v.,p
010388,preacher,n.,p
010389,preamble,n.,p
010390,precarious,adj.,p
010391,precaution,n.,p
010392,precede,v.,p
010393,precedence,n.,p
010394,precedent,n.,p
010395,preceding,adj.,p
010396,precept,n.,p
010397,precinct,n.,p
010398,precious,adj.,p
010399,precipice,n.,p
010400,precipitate,n.,p
010401,precipitation,n.,p
010402,precipitous,adj.,p
010403,precise,adj.,p
010404,precisely,adv.,p
010405,precision,n.,p
010406,preclude,n.,p
010407,precocious,adj.,p
010408,preconception,n.,p
010409,precondition,n.,p
010410,precursor,n.,p
010411,predate,v.,p
010412,predator,n.,p
010413,predatory,adj.,p
010414,predecessor,n.,p
010415,predicament,n.,p
010416,predicate,n.,p
010417,predict,v.,p
010418,predictability,n.,p
010419,predictable,adj.,p
010420,prediction,n.,p
010421,predictive,adj.,p
010422,predictor,n.,p
010423,predilection,n.,p
010424,predispose,vt.,p
010425,predisposition,n.,p
010426,predominant,adj.,p
010427,predominate,vt.,p
010428,preen,vt.,p
010429,preface,n.,p
010430,prefer,vt.,p
010431,preferable,adj.,p
010432,preferably,adv.,p
010433,preference,n.,p
010434,preferential,adj.,p
010435,preferred,adj.,p
010436,pregnancy,n.,p
010437,pregnant,adj.,p
010438,preheat,vt.,p
010439,prehistoric,adj.,p
010440,prejudice,n.,p
010441,prejudiced,adj.,p
010442,preliminary,adj.,p
010443,prelude,n.,p
010444,premarital,adj.,p
010445,premature,adj.,p
010446,prematurely,adv.,p
010447,premier,adj.,p
010448,premiere,v.,p
010449,premise,n.,p
010450,premium,n.,p
010451,premonition,n.,p
010452,prenatal,adj.,p
010453,preoccupation,n.,p
010454,preoccupied,adj.,p
010455,preoperative,adj.,p
010456,prep,n.,p
010457,prepaid,adj.,p
010458,preparation,n.,p
010459,preparatory,adj.,p
010460,prepare,v.,p
010461,prepared,adj.,p
010462,preparedness,n.,p
010463,preponderance,n.,p
010464,preposterous,adj.,p
010465,prerequisite,n.,p
010466,prerogative,n.,p
010467,preschool,adj.,p
010468,prescient,adj.,p
010469,prescribe,v.,p
010470,prescription,n.,p
010471,preseason,adj.,p
010472,presence,n.,p
010473,present,n.,p
010474,presentation,n.,p
010475,presenter,n.,p
010476,presently,adv.,p
010477,preservation,n.,p
010478,preservationist,n.,p
010479,preservative,n.,p
010480,preserve,vt.,p
010481,preserving,vbl.,p
010482,preside,v.,p
010483,presidency,n.,p
010484,president,n.,p
010485,presidential,adj.,p
010486,press,n.,p
010487,pressing,adj.,p
010488,pressure,n.,p
010489,prestige,n.,p
010490,prestigious,adj.,p
010491,presumably,adv.,p
010492,presume,vt.,p
010493,presumption,n.,p
010494,presuppose,v.,p
010495,pretend,vt.,p
010496,pretense,n.,p
010497,pretension,n.,p
010498,pretentious,adj.,p
010499,pretext,n.,p
010500,pretty,adj.,p
010501,pretzel,n.,p
010502,prevail,vi.,p
010503,prevailing,adj.,p
010504,prevalence,n.,p
010505,prevalent,adj.,p
010506,prevent,v.,p
010507,preventable,adj.,p
010508,preventative,adj.,p
010509,prevention,n.,p
010510,preventive,adj.,p
010511,preview,n.,p
010512,previous,adj.,p
010513,previously,adv.,p
010514,prey,n.,p
010515,price,n.,p
010516,priceless,adj.,p
010517,prick,vt.,p
010518,prickly,adj.,p
010519,pride,n.,p
010520,priest,n.,p
010521,priestess,n.,p
010522,priesthood,n.,p
010523,priestly,adj.,p
010524,prima,adj.,p
010525,primacy,n.,p
010526,primal,adj.,p
010527,primarily,adv.,p
010528,primary,adj.,p
010529,primate,n.,p
010530,prime,n.,p
010531,primer,n.,p
010532,primeval,adj.,p
010533,primitive,adj.,p
010534,primordial,adj.,p
010535,prince,n.,p
010536,princess,n.,p
010537,principal,n.,p
010538,principally,adv.,p
010539,principle,n.,p
010540,principled,adj.,p
010541,print,n.,p
010542,printed,adj.,p
010543,printer,n.,p
010544,printing,n.,p
010545,printout,n.,p
010546,prior,adj.,p
010547,prioritize,vt.,p
010548,priority,n.,p
010549,prism,n.,p
010550,prison,n.,p
010551,prisoner,adj.,p
010552,pristine,adj.,p
010553,privacy,n.,p
010554,private,adj.,p
010555,privately,adv.,p
010556,privilege,n.,p
010557,privileged,adj.,p
010558,privy,adj.,p
010559,prize,n.,p
010560,pro,adv.,p
010561,probability,n.,p
010562,probable,adj.,p
010563,probably,adv.,p
010564,probation,n.,p
010565,probe,n.,p
010566,probing,n.,p
010567,problem,n.,p
010568,problematic,adj.,p
010569,procedural,adj.,p
010570,procedure,n.,p
010571,proceed,vi.,p
010572,proceeds,n.,p
010573,process,n.,p
010574,processing,,p
010575,procession,n.,p
010576,processor,n.,p
010577,proclaim,vt.,p
010578,proclamation,n.,p
010579,proclivity,n.,p
010580,procure,v.,p
010581,procurement,n.,p
010582,prodigious,adj.,p
010583,prodigy,n.,p
010584,produce,n.,p
010585,producer,n.,p
010586,product,n.,p
010587,production,n.,p
010588,productive,adj.,p
010589,productivity,n.,p
010590,profane,adj.,p
010591,profanity,n.,p
010592,profess,v.,p
010593,profession,n.,p
010594,professional,n.,p
010595,professionalism,n.,p
010596,professionally,adv.,p
010597,professor,n.,p
010598,proffer,v.,p
010599,proficiency,n.,p
010600,proficient,n.,p
010601,profile,n.,p
010602,profit,n.,p
010603,profitability,n.,p
010604,profitable,adj.,p
010605,profound,adj.,p
010606,profoundly,adv.,p
010607,profusely,adv.,p
010608,profusion,n.,p
010609,progeny,n.,p
010610,prognosis,n.,p
010611,program,n.,p
010612,programmatic,adj.,p
010613,programmer,n.,p
010614,programming,n.,p
010615,progress,n.,p
010616,progression,n.,p
010617,progressive,n.,p
010618,progressively,adv.,p
010619,prohibit,vt.,p
010620,prohibition,n.,p
010621,prohibitive,adj.,p
010622,project,n.,p
010623,projectile,n.,p
010624,projecting,adj.,p
010625,projection,n.,p
010626,projector,n.,p
010627,proliferate,v.,p
010628,proliferation,n.,p
010629,prolific,adj.,p
010630,prologue,n.,p
010631,prolong,vt.,p
010632,prolonged,adj.,p
010633,promenade,n.,p
010634,prominence,n.,p
010635,prominent,adj.,p
010636,prominently,adv.,p
010637,promiscuity,n.,p
010638,promiscuous,adj.,p
010639,promise,vt.,p
010640,promising,adj.,p
010641,promote,vt.,p
010642,promoter,n.,p
010643,promotion,n.,p
010644,promotional,adj.,p
010645,prompt,n.,p
010646,promptly,adv.,p
010647,promulgate,vt.,p
010648,prone,adj.,p
010649,prong,n.,p
010650,pronoun,n.,p
010651,pronounce,v.,p
010652,pronounced,adj.,p
010653,pronouncement,n.,p
010654,pronunciation,n.,p
010655,proof,n.,p
010656,prop,n.,p
010657,propaganda,n.,p
010658,propagate,v.,p
010659,propagation,n.,p
010660,propane,n.,p
010661,propel,vt.,p
010662,propeller,n.,p
010663,propensity,n.,p
010664,proper,adj.,p
010665,properly,adv.,p
010666,property,n.,p
010667,prophecy,n.,p
010668,prophesy,v.,p
010669,prophet,n.,p
010670,prophetic,adj.,p
010671,proponent,n.,p
010672,proportion,n.,p
010673,proportional,adj.,p
010674,proposal,n.,p
010675,propose,vt.,p
010676,proposed,,p
010677,proposition,n.,p
010678,proprietary,adj.,p
010679,proprietor,n.,p
010680,propriety,n.,p
010681,propulsion,n.,p
010682,prosaic,adj.,p
010683,prosciutto,n.,p
010684,prose,n.,p
010685,prosecute,vt.,p
010686,prosecution,n.,p
010687,prosecutor,n.,p
010688,prospect,n.,p
010689,prospective,adj.,p
010690,prospector,n.,p
010691,prospectus,n.,p
010692,prosper,v.,p
010693,prosperity,n.,p
010694,prosperous,adj.,p
010695,prostate,adj.,p
010696,prosthesis,n.,p
010697,prostitute,n.,p
010698,prostitution,n.,p
010699,protagonist,n.,p
010700,protect,vt.,p
010701,protection,n.,p
010702,protectionism,n.,p
010703,protectionist,n.,p
010704,protective,adj.,p
010705,protector,n.,p
010706,protege,n.,p
010707,protein,n.,p
010708,protest,n.,p
010709,protocol,n.,p
010710,proton,n.,p
010711,prototype,n.,p
010712,protracted,adj.,p
010713,protrude,v.,p
010714,proud,adj.,p
010715,proudly,adv.,p
010716,prove,vt.,p
010717,proven,vbl.,p
010718,provenance,n.,p
010719,proverb,n.,p
010720,proverbial,adj.,p
010721,provide,v.,p
010722,provided,conj.,p
010723,provider,n.,p
010724,providing,conj.,p
010725,province,n.,p
010726,provincial,adj.,p
010727,provision,n.,p
010728,provisional,adj.,p
010729,provocation,n.,p
010730,provocative,adj.,p
010731,provoke,vt.,p
010732,provost,n.,p
010733,prowess,n.,p
010734,prowl,v.,p
010735,proximal,adj.,p
010736,proximity,n.,p
010737,proxy,n.,p
010738,prudence,n.,p
010739,prudent,adj.,p
010740,prune,v.,p
010741,pruning,n.,p
010742,pseudonym,n.,p
010743,psyche,n.,p
010744,psychedelic,adj.,p
010745,psychiatric,adj.,p
010746,psychiatrist,n.,p
010747,psychiatry,n.,p
010748,psychic,adj.,p
010749,psycho,n.,p
010750,psychoanalysis,n.,p
010751,psychoanalytic,adj.,p
010752,psychological,adj.,p
010753,psychologically,adv.,p
010754,psychologist,n.,p
010755,psychology,n.,p
010756,psychometric,adj.,p
010757,psychopath,n.,p
010758,psychopathology,n.,p
010759,psychosis,n.,p
010760,psychotherapist,n.,p
010761,psychotherapy,n.,p
010762,psychotic,adj.,p
010763,pub,n.,p
010764,puberty,n.,p
010765,pubic,adj.,p
010766,public,n.,p
010767,publication,n.,p
010768,publicist,n.,p
010769,publicity,n.,p
010770,publicize,v.,p
010771,publicly,adv.,p
010772,publish,v.,p
010773,publisher,n.,p
010774,publishing,adj.,p
010775,puck,n.,p
010776,pucker,v.,p
010777,pudding,n.,p
010778,puddle,n.,p
010779,pudgy,adj.,p
010780,pueblo,n.,p
010781,puff,n.,p
010782,puffy,adj.,p
010783,puke,n.,p
010784,pull,v.,p
010785,pulley,n.,p
010786,pulmonary,adj.,p
010787,pulp,n.,p
010788,pulpit,n.,p
010789,pulsar,n.,p
010790,pulse,n.,p
010791,pummel,vt.,p
010792,pump,n.,p
010793,pumpkin,n.,p
010794,pun,n.,p
010795,punch,n.,p
010796,punctuate,v.,p
010797,punctuation,n.,p
010798,puncture,n.,p
010799,pundit,n.,p
010800,pungent,adj.,p
010801,punish,vt.,p
010802,punishment,n.,p
010803,punitive,adj.,p
010804,punk,n.,p
010805,punt,n.,p
010806,punter,n.,p
010807,puny,adj.,p
010808,pup,n.,p
010809,pupil,n.,p
010810,puppet,n.,p
010811,puppy,n.,p
010812,purchase,vt.,p
010813,purchaser,n.,p
010814,pure,adj.,p
010815,puree,n.,p
010816,purely,adv.,p
010817,purge,n.,p
010818,purification,n.,p
010819,purify,vt.,p
010820,purist,n.,p
010821,purity,n.,p
010822,purple,adj.,p
010823,purport,n.,p
010824,purported,adj.,p
010825,purportedly,adv.,p
010826,purpose,n.,p
010827,purposeful,adj.,p
010828,purposely,adv.,p
010829,purr,v.,p
010830,purse,n.,p
010831,pursuant,adj.,p
010832,pursue,vt.,p
010833,pursuer,n.,p
010834,pursuit,n.,p
010835,purveyor,n.,p
010836,purview,n.,p
010837,push,n.,p
010838,pushy,adj.,p
010839,pussy,n.,p
010840,put,vt.,p
010841,putative,adj.,p
010842,putt,n.,p
010843,putter,n.,p
010844,puzzle,n.,p
010845,puzzlement,n.,p
010846,puzzling,adj.,p
010847,pyramid,n.,p
010848,python,n.,p
010849,quad,n.,q
010850,quadrant,n.,q
010851,quadruple,adj.,q
010852,quagmire,n.,q
010853,quail,v.,q
010854,quaint,adj.,q
010855,quake,n.,q
010856,qualification,n.,q
010857,qualified,adj.,q
010858,qualifier,n.,q
010859,qualify,v.,q
010860,qualitative,adj.,q
010861,qualitatively,adv.,q
010862,quality,n.,q
010863,qualm,n.,q
010864,quandary,n.,q
010865,quantify,vt.,q
010866,quantitative,adj.,q
010867,quantity,n.,q
010868,quantum,n.,q
010869,quarantine,n.,q
010870,quark,n.,q
010871,quarrel,n.,q
010872,quarry,n.,q
010873,quarter,n.,q
010874,quarterback,n.,q
010875,quarterfinal,adj.,q
010876,quarterly,n.,q
010877,quartet,n.,q
010878,quartz,n.,q
010879,quasar,n.,q
010880,quash,v.,q
010881,queasy,adj.,q
010882,queen,n.,q
010883,queer,n.,q
010884,quell,v.,q
010885,quench,vt.,q
010886,query,n.,q
010887,quest,n.,q
010888,question,n.,q
010889,questionable,adj.,q
010890,questioner,n.,q
010891,questioning,,q
010892,questionnaire,n.,q
010893,queue,n.,q
010894,quick,adj.,q
010895,quicken,v.,q
010896,quickly,adv.,q
010897,quickness,n.,q
010898,quid,n.,q
010899,quiet,adj.,q
010900,quietly,adv.,q
010901,quill,n.,q
010902,quilt,n.,q
010903,quintessential,adj.,q
010904,quip,n.,q
010905,quirk,n.,q
010906,quirky,adj.,q
010907,quit,vi.,q
010908,quite,adv.,q
010909,quiver,n.,q
010910,quiz,n.,q
010911,quota,n.,q
010912,quotation,n.,q
010913,quote,vt.,q
010914,quotient,n.,q
010915,rabbi,n.,r
010916,rabbit,n.,r
010917,rabid,adj.,r
010918,rabies,n.,r
010919,raccoon,n.,r
010920,race,n.,r
010921,racer,n.,r
010922,racetrack,n.,r
010923,racial,adj.,r
010924,racially,adv.,r
010925,racing,vi.,r
010926,racism,n.,r
010927,racist,n.,r
010928,rack,n.,r
010929,racket,n.,r
010930,racketeering,n.,r
010931,racy,adj.,r
010932,radar,n.,r
010933,radial,adj.,r
010934,radiance,n.,r
010935,radiant,adj.,r
010936,radiate,vt.,r
010937,radiation,n.,r
010938,radiator,n.,r
010939,radical,adj.,r
010940,radicalism,n.,r
010941,radically,adv.,r
010942,radio,n.,r
010943,radioactive,adj.,r
010944,radiologist,n.,r
010945,radish,n.,r
010946,radius,n.,r
010947,radon,n.,r
010948,raft,n.,r
010949,rafter,n.,r
010950,rag,n.,r
010951,rage,n.,r
010952,ragged,adj.,r
010953,raging,adj.,r
010954,raid,n.,r
010955,raider,n.,r
010956,rail,n.,r
010957,railing,n.,r
010958,railroad,n.,r
010959,railway,n.,r
010960,rain,n.,r
010961,rainbow,n.,r
010962,raincoat,n.,r
010963,raindrop,n.,r
010964,rainfall,n.,r
010965,rainstorm,n.,r
010966,rainwater,n.,r
010967,rainy,adj.,r
010968,raise,n.,r
010969,raised,adj.,r
010970,raiser,n.,r
010971,raisin,n.,r
010972,raising,n.,r
010973,rake,n.,r
010974,rally,v.,r
010975,ram,n.,r
010976,ramble,v.,r
010977,rambling,adj.,r
010978,ramification,n.,r
010979,ramp,n.,r
010980,rampage,n.,r
010981,rampant,adj.,r
010982,ramshackle,adj.,r
010983,ranch,n.,r
010984,rancher,n.,r
010985,rancid,adj.,r
010986,random,n.,r
010987,randomly,adv.,r
010988,range,n.,r
010989,ranger,n.,r
010990,rank,n.,r
010991,ranking,n.,r
010992,ransack,vt.,r
010993,ransom,n.,r
010994,rant,v.,r
010995,rap,n.,r
010996,rape,n.,r
010997,rapid,adj.,r
010998,rapidly,adv.,r
010999,rapist,n.,r
011000,rapper,n.,r
011001,rapport,n.,r
011002,rapprochement,n.,r
011003,rapt,adj.,r
011004,raptor,n.,r
011005,rapture,n.,r
011006,rare,adj.,r
011007,rarely,adv.,r
011008,rarity,n.,r
011009,rash,adj.,r
011010,raspberry,n.,r
011011,rate,n.,r
011012,rater,n.,r
011013,rather,adv.,r
011014,ratification,n.,r
011015,ratify,vt.,r
011016,rating,n.,r
011017,ratio,n.,r
011018,ration,n.,r
011019,rational,adj.,r
011020,rationale,n.,r
011021,rationality,n.,r
011022,rationalization,n.,r
011023,rationalize,v.,r
011024,rationally,adv.,r
011025,rationing,n.,r
011026,rattle,v.,r
011027,rattlesnake,n.,r
011028,raucous,adj.,r
011029,ravage,n.,r
011030,rave,v.,r
011031,raven,n.,r
011032,ravine,n.,r
011033,ravioli,n.,r
011034,raw,n.,r
011035,ray,n.,r
011036,raze,v.,r
011037,razor,n.,r
011038,re,,r
011039,reach,n.,r
011040,react,vi.,r
011041,reaction,n.,r
011042,reactionary,adj.,r
011043,reactive,adj.,r
011044,reactor,n.,r
011045,read,v.,r
011046,readable,adj.,r
011047,reader,n.,r
011048,readership,n.,r
011049,readily,adv.,r
011050,readiness,n.,r
011051,reading,n.,r
011052,readjust,vt.,r
011053,ready,adj.,r
011054,reaffirm,vt.,r
011055,real,adj.,r
011056,realignment,n.,r
011057,realism,n.,r
011058,realist,n.,r
011059,realistic,adj.,r
011060,realistically,adv.,r
011061,reality,n.,r
011062,realization,n.,r
011063,realize,vt.,r
011064,really,adv.,r
011065,realm,n.,r
011066,realtor,n.,r
011067,ream,n.,r
011068,reap,v.,r
011069,reappear,vi.,r
011070,rear,n.,r
011071,rearrange,vt.,r
011072,rearview,,r
011073,reason,n.,r
011074,reasonable,adj.,r
011075,reasonably,adv.,r
011076,reasoned,adj.,r
011077,reasoning,n.,r
011078,reassemble,vt.,r
011079,reassert,vt.,r
011080,reassess,v.,r
011081,reassign,vt.,r
011082,reassurance,n.,r
011083,reassure,vt.,r
011084,reassuring,adj.,r
011085,rebate,n.,r
011086,rebel,n.,r
011087,rebellion,n.,r
011088,rebellious,adj.,r
011089,rebirth,n.,r
011090,reborn,adj.,r
011091,rebound,n.,r
011092,rebuff,n.,r
011093,rebuild,v.,r
011094,rebuke,n.,r
011095,rebut,v.,r
011096,rebuttal,n.,r
011097,recalcitrant,adj.,r
011098,recall,vt.,r
011099,recapture,n.,r
011100,recast,v.,r
011101,recede,v.,r
011102,receipt,n.,r
011103,receive,vt.,r
011104,received,adj.,r
011105,receiver,n.,r
011106,receiving,n.,r
011107,recent,adj.,r
011108,recently,adv.,r
011109,receptacle,n.,r
011110,reception,n.,r
011111,receptionist,n.,r
011112,receptive,adj.,r
011113,receptor,n.,r
011114,recess,n.,r
011115,recession,n.,r
011116,recharge,vt.,r
011117,recipe,n.,r
011118,recipient,adj.,r
011119,reciprocal,adj.,r
011120,reciprocate,v.,r
011121,reciprocity,n.,r
011122,recital,n.,r
011123,recitation,n.,r
011124,recite,v.,r
011125,reckless,adj.,r
011126,recklessly,adv.,r
011127,reckon,vt.,r
011128,reckoning,n.,r
011129,reclaim,vt.,r
011130,recline,v.,r
011131,recliner,n.,r
011132,reclusive,adj.,r
011133,recognition,n.,r
011134,recognizable,adj.,r
011135,recognize,vt.,r
011136,recognized,adj.,r
011137,recoil,n.,r
011138,recollect,v.,r
011139,recollection,n.,r
011140,recommend,vt.,r
011141,recommendation,n.,r
011142,recommended,,r
011143,reconcile,vt.,r
011144,reconciliation,n.,r
011145,reconfigure,v.,r
011146,reconnaissance,n.,r
011147,reconnect,v.,r
011148,reconsider,v.,r
011149,reconstitute,vt.,r
011150,reconstruct,v.,r
011151,reconstruction,n.,r
011152,reconstructive,adj.,r
011153,record,n.,r
011154,recorder,n.,r
011155,recording,adj.,r
011156,recount,v.,r
011157,recoup,vt.,r
011158,recourse,n.,r
011159,recover,vt.,r
011160,recovery,n.,r
011161,recreation,n.,r
011162,recreational,adj.,r
011163,recrimination,n.,r
011164,recruit,n.,r
011165,recruiter,n.,r
011166,recruitment,n.,r
011167,rectangle,n.,r
011168,rectangular,adj.,r
011169,rectify,vt.,r
011170,recuperate,v.,r
011171,recur,vi.,r
011172,recurrence,n.,r
011173,recurrent,adj.,r
011174,recycle,v.,r
011175,red,n.,r
011176,redden,v.,r
011177,reddish,adj.,r
011178,redeem,vt.,r
011179,redefine,vt.,r
011180,redefinition,n.,r
011181,redemption,n.,r
011182,redesign,v.,r
011183,redevelopment,n.,r
011184,redhead,n.,r
011185,redirect,vt.,r
011186,rediscover,vt.,r
011187,redistribute,vt.,r
011188,redistribution,n.,r
011189,redneck,n.,r
011190,redness,n.,r
011191,redraw,vt.,r
011192,redress,n.,r
011193,reduce,vt.,r
011194,reduced,adj.,r
011195,reduction,n.,r
011196,redundancy,n.,r
011197,redundant,adj.,r
011198,redwood,n.,r
011199,reed,n.,r
011200,reef,n.,r
011201,reek,n.,r
011202,reel,n.,r
011203,ref,n.,r
011204,refer,vt.,r
011205,referee,n.,r
011206,reference,n.,r
011207,referendum,n.,r
011208,referent,n.,r
011209,referral,n.,r
011210,refill,v.,r
011211,refinance,vt.,r
011212,refine,vt.,r
011213,refined,adj.,r
011214,refinement,n.,r
011215,refinery,n.,r
011216,reflect,v.,r
011217,reflected,adj.,r
011218,reflection,n.,r
011219,reflective,adj.,r
011220,reflector,n.,r
011221,reflex,adj.,r
011222,reform,n.,r
011223,reformed,adj.,r
011224,reformer,n.,r
011225,reforming,v.,r
011226,reformist,n.,r
011227,refractor,n.,r
011228,refrain,n.,r
011229,refresh,v.,r
011230,refreshing,adj.,r
011231,refreshment,n.,r
011232,refrigerate,vt.,r
011233,refrigeration,n.,r
011234,refrigerator,n.,r
011235,refuel,v.,r
011236,refuge,n.,r
011237,refugee,n.,r
011238,refund,v.,r
011239,refurbish,vt.,r
011240,refusal,n.,r
011241,refuse,vt.,r
011242,refute,vt.,r
011243,regain,v.,r
011244,regal,adj.,r
011245,regalia,n.,r
011246,regard,n.,r
011247,regarding,prep.,r
011248,regardless,adj.,r
011249,regenerate,vt.,r
011250,regeneration,n.,r
011251,regent,n.,r
011252,regime,n.,r
011253,regimen,n.,r
011254,regiment,n.,r
011255,region,n.,r
011256,regional,adj.,r
011257,regionally,adv.,r
011258,register,n.,r
011259,registered,adj.,r
011260,registrar,n.,r
011261,registration,n.,r
011262,registry,n.,r
011263,regress,v.,r
011264,regressive,adj.,r
011265,regret,n.,r
011266,regrettable,adj.,r
011267,regrettably,adv.,r
011268,regroup,v.,r
011269,regular,adj.,r
011270,regularity,n.,r
011271,regularly,adv.,r
011272,regulate,vt.,r
011273,regulation,n.,r
011274,regulator,n.,r
011275,regulatory,adj.,r
011276,rehab,,r
011277,rehabilitate,v.,r
011278,rehabilitation,n.,r
011279,rehearsal,n.,r
011280,rehearse,vt.,r
011281,reheat,vt.,r
011282,reign,vi.,r
011283,reigning,adj.,r
011284,reimburse,v.,r
011285,reimbursement,n.,r
011286,rein,n.,r
011287,reincarnation,n.,r
011288,reindeer,n.,r
011289,reinforce,vt.,r
011290,reinforcement,n.,r
011291,reinstate,v.,r
011292,reintroduce,vt.,r
011293,reinvent,vt.,r
011294,reinvigorate,vt.,r
011295,reiterate,vt.,r
011296,reject,n.,r
011297,rejection,n.,r
011298,rejoice,v.,r
011299,rejoin,vt.,r
011300,rejuvenate,vt.,r
011301,rekindle,v.,r
011302,relapse,n.,r
011303,relate,vt.,r
011304,related,adj.,r
011305,relation,n.,r
011306,relational,adj.,r
011307,relationship,n.,r
011308,relative,n.,r
011309,relatively,,r
011310,relativism,n.,r
011311,relativity,n.,r
011312,relax,vi.,r
011313,relaxation,n.,r
011314,relaxed,adj.,r
011315,relay,n.,r
011316,release,n.,r
011317,relegate,v.,r
011318,relent,vi.,r
011319,relentless,adj.,r
011320,relentlessly,adv.,r
011321,relevance,n.,r
011322,relevant,adj.,r
011323,reliability,n.,r
011324,reliable,adj.,r
011325,reliably,adv.,r
011326,reliance,n.,r
011327,reliant,adj.,r
011328,relic,n.,r
011329,relief,n.,r
011330,relieve,vt.,r
011331,relieved,,r
011332,reliever,n.,r
011333,religion,n.,r
011334,religiosity,n.,r
011335,religious,adj.,r
011336,religiously,adv.,r
011337,relinquish,v.,r
011338,relish,n.,r
011339,relive,vt.,r
011340,reload,vt.,r
011341,relocate,v.,r
011342,relocation,n.,r
011343,reluctance,n.,r
011344,reluctant,adj.,r
011345,reluctantly,adv.,r
011346,rely,v.,r
011347,remain,vi.,r
011348,remainder,n.,r
011349,remains,n.,r
011350,remake,v.,r
011351,remark,n.,r
011352,remarkable,adj.,r
011353,remarkably,adv.,r
011354,remarry,v.,r
011355,rematch,v.,r
011356,remedial,adj.,r
011357,remediation,n.,r
011358,remedy,n.,r
011359,remember,vt.,r
011360,remembrance,n.,r
011361,remind,vt.,r
011362,reminder,n.,r
011363,reminisce,v.,r
011364,reminiscence,n.,r
011365,reminiscent,adj.,r
011366,remission,n.,r
011367,remittance,n.,r
011368,remnant,n.,r
011369,remodel,vt.,r
011370,remorse,n.,r
011371,remote,adj.,r
011372,remotely,adv.,r
011373,removable,adj.,r
011374,removal,n.,r
011375,remove,vt.,r
011376,renaissance,n.,r
011377,renal,adj.,r
011378,rename,vt.,r
011379,render,vt.,r
011380,rendering,n.,r
011381,rendezvous,n.,r
011382,rendition,n.,r
011383,renegade,n.,r
011384,renege,vi.,r
011385,renegotiate,vt.,r
011386,renew,vt.,r
011387,renewable,adj.,r
011388,renewal,n.,r
011389,renewed,adj.,r
011390,renounce,v.,r
011391,renovate,vt.,r
011392,renovation,n.,r
011393,renown,n.,r
011394,renowned,adj.,r
011395,rent,v.,r
011396,rental,n.,r
011397,rented,adj.,r
011398,renter,n.,r
011399,reopen,v.,r
011400,reorganization,n.,r
011401,reorganize,v.,r
011402,rep,n.,r
011403,repaint,v.,r
011404,repair,n.,r
011405,reparation,n.,r
011406,repatriation,n.,r
011407,repay,v.,r
011408,repayment,n.,r
011409,repeal,v.,r
011410,repeat,n.,r
011411,repeated,adj.,r
011412,repeatedly,adv.,r
011413,repeating,adj.,r
011414,repel,vt.,r
011415,repellent,adj.,r
011416,repent,v.,r
011417,repentance,n.,r
011418,repercussion,n.,r
011419,repertoire,n.,r
011420,repertory,n.,r
011421,repetition,n.,r
011422,repetitive,adj.,r
011423,replace,vt.,r
011424,replacement,n.,r
011425,replant,v.,r
011426,replay,vt.,r
011427,replenish,v.,r
011428,replete,adj.,r
011429,replica,n.,r
011430,replicate,v.,r
011431,replication,n.,r
011432,reply,n.,r
011433,report,n.,r
011434,reportedly,adv.,r
011435,reporter,n.,r
011436,reporting,n.,r
011437,repose,n.,r
011438,reposition,n.,r
011439,repository,n.,r
011440,reprehensible,adj.,r
011441,represent,vt.,r
011442,representative,n.,r
011443,repress,vt.,r
011444,repressed,adj.,r
011445,repression,n.,r
011446,repressive,adj.,r
011447,reprieve,n.,r
011448,reprimand,n.,r
011449,reprint,v.,r
011450,reprisal,n.,r
011451,reproach,v.,r
011452,reproduce,v.,r
011453,reproduction,n.,r
011454,reproductive,adj.,r
011455,reptile,n.,r
011456,republic,n.,r
011457,republican,adj.,r
011458,repudiate,v.,r
011459,repudiation,n.,r
011460,repugnant,adj.,r
011461,repulse,v.,r
011462,repulsive,adj.,r
011463,reputable,adj.,r
011464,reputation,n.,r
011465,repute,n.,r
011466,request,vt.,r
011467,require,vt.,r
011468,required,adj.,r
011469,requirement,n.,r
011470,requisite,adj.,r
011471,rerun,v.,r
011472,resale,n.,r
011473,reschedule,v.,r
011474,rescind,v.,r
011475,rescue,vt.,r
011476,rescuer,n.,r
011477,research,n.,r
011478,researcher,n.,r
011479,resell,vt.,r
011480,resemblance,n.,r
011481,resemble,vt.,r
011482,resent,v.,r
011483,resentful,adj.,r
011484,resentment,n.,r
011485,reservation,n.,r
011486,reserve,n.,r
011487,reserved,adj.,r
011488,reservist,n.,r
011489,reservoir,n.,r
011490,reset,v.,r
011491,resettle,v.,r
011492,resettlement,n.,r
011493,reshape,vt.,r
011494,reside,vi.,r
011495,residence,n.,r
011496,residency,n.,r
011497,resident,n.,r
011498,residential,adj.,r
011499,residual,adj.,r
011500,residue,n.,r
011501,resign,n.,r
011502,resignation,n.,r
011503,resigned,adj.,r
011504,resilience,n.,r
011505,resilient,adj.,r
011506,resin,n.,r
011507,resist,vt.,r
011508,resistance,n.,r
011509,resistant,adj.,r
011510,resolute,adj.,r
011511,resolutely,adv.,r
011512,resolution,n.,r
011513,resolve,n.,r
011514,resonance,n.,r
011515,resonant,adj.,r
011516,resonate,v.,r
011517,resort,vi.,r
011518,resound,v.,r
011519,resounding,adj.,r
011520,resource,n.,r
011521,resourceful,adj.,r
011522,respect,n.,r
011523,respectability,n.,r
011524,respectable,adj.,r
011525,respectful,adj.,r
011526,respectfully,adv.,r
011527,respecting,prep.,r
011528,respective,adj.,r
011529,respectively,adv.,r
011530,respiration,n.,r
011531,respirator,n.,r
011532,respiratory,adj.,r
011533,respite,n.,r
011534,respond,v.,r
011535,respondent,adj.,r
011536,responder,n.,r
011537,response,n.,r
011538,responsibility,n.,r
011539,responsible,adj.,r
011540,responsive,adj.,r
011541,rest,n.,r
011542,restart,v.,r
011543,restate,vt.,r
011544,restaurant,n.,r
011545,restaurateur,n.,r
011546,restitution,n.,r
011547,restless,adj.,r
011548,restoration,n.,r
011549,restorative,adj.,r
011550,restore,vt.,r
011551,restrain,vt.,r
011552,restrained,adj.,r
011553,restraining,adj.,r
011554,restraint,n.,r
011555,restrict,vt.,r
011556,restricted,adj.,r
011557,restriction,n.,r
011558,restrictive,adj.,r
011559,restructure,vt.,r
011560,result,n.,r
011561,resultant,adj.,r
011562,resulting,adj.,r
011563,resume,n.,r
011564,resumption,n.,r
011565,resurface,vt.,r
011566,resurgence,n.,r
011567,resurrect,v.,r
011568,resurrection,n.,r
011569,resuscitate,v.,r
011570,retail,n.,r
011571,retailer,n.,r
011572,retailing,n.,r
011573,retain,vt.,r
011574,retainer,n.,r
011575,retake,vt.,r
011576,retaliate,v.,r
011577,retaliation,n.,r
011578,retard,vt.,r
011579,retardation,n.,r
011580,retarded,adj.,r
011581,retention,,r
011582,rethink,v.,r
011583,reticence,n.,r
011584,reticent,adj.,r
011585,retina,n.,r
011586,retire,vi.,r
011587,retired,adj.,r
011588,retiree,n.,r
011589,retirement,n.,r
011590,retiring,adj.,r
011591,retool,v.,r
011592,retort,v.,r
011593,retrace,v.,r
011594,retract,v.,r
011595,retrain,vt.,r
011596,retraining,n.,r
011597,retreat,vi.,r
011598,retribution,n.,r
011599,retrieval,n.,r
011600,retrieve,v.,r
011601,retriever,n.,r
011602,retro,n.,r
011603,retroactive,adj.,r
011604,retrofit,n.,r
011605,retrospect,n.,r
011606,retrospective,adj.,r
011607,return,n.,r
011608,reunification,n.,r
011609,reunion,n.,r
011610,reunite,v.,r
011611,reusable,adj.,r
011612,reuse,vt.,r
011613,rev,n.,r
011614,revamp,v.,r
011615,reveal,vt.,r
011616,revealing,adj.,r
011617,revel,v.,r
011618,revelation,n.,r
011619,reveler,n.,r
011620,revenge,n.,r
011621,revenue,n.,r
011622,reverberate,v.,r
011623,revere,v.,r
011624,reverence,n.,r
011625,reverend,adj.,r
011626,reverie,n.,r
011627,reversal,n.,r
011628,reverse,n.,r
011629,reversible,adj.,r
011630,revert,v.,r
011631,review,vt.,r
011632,reviewer,n.,r
011633,revise,vt.,r
011634,revision,n.,r
011635,revisionist,n.,r
011636,revisit,vt.,r
011637,revitalization,n.,r
011638,revitalize,v.,r
011639,revival,n.,r
011640,revive,v.,r
011641,revoke,vt.,r
011642,revolt,v.,r
011643,revolution,n.,r
011644,revolutionary,adj.,r
011645,revolutionize,vt.,r
011646,revolve,v.,r
011647,revolver,n.,r
011648,revolving,v.,r
011649,revulsion,n.,r
011650,reward,n.,r
011651,rewarding,adj.,r
011652,rework,vt.,r
011653,rewrite,v.,r
011654,rhetoric,adj.,r
011655,rhetorical,adj.,r
011656,rhetorically,adv.,r
011657,rheumatoid,adj.,r
011658,rhino,n.,r
011659,rhododendron,n.,r
011660,rhubarb,n.,r
011661,rhyme,n.,r
011662,rhythm,n.,r
011663,rhythmic,adj.,r
011664,rhythmically,adv.,r
011665,ribbon,n.,r
011666,rice,n.,r
011667,rich,adj.,r
011668,riches,n.,r
011669,richly,adv.,r
011670,richness,n.,r
011671,rickety,adj.,r
011672,ricochet,n.,r
011673,rid,vt.,r
011674,riddle,n.,r
011675,ride,v.,r
011676,rider,n.,r
011677,ridge,n.,r
011678,ridicule,n.,r
011679,ridiculous,adj.,r
011680,ridiculously,adv.,r
011681,riding,n.,r
011682,rife,adj.,r
011683,riff,n.,r
011684,rifle,n.,r
011685,rift,n.,r
011686,rig,n.,r
011687,rigging,n.,r
011688,right,n.,r
011689,righteous,adj.,r
011690,righteousness,n.,r
011691,rightful,adj.,r
011692,rightfully,adv.,r
011693,rightly,adv.,r
011694,rigid,adj.,r
011695,rigidity,n.,r
011696,rigidly,adv.,r
011697,rigor,n.,r
011698,rigorous,adj.,r
011699,rigorously,adv.,r
011700,rile,vt.,r
011701,rim,n.,r
011702,rind,n.,r
011703,ring,n.,r
011704,ringer,n.,r
011705,ringing,adj.,r
011706,rink,n.,r
011707,rinse,v.,r
011708,riot,n.,r
011709,rip,v.,r
011710,riparian,adj.,r
011711,ripe,adj.,r
011712,ripen,vt.,r
011713,ripped,adj.,r
011714,ripple,n.,r
011715,rippling,adj.,r
011716,rise,n.,r
011717,riser,n.,r
011718,rising,adj.,r
011719,risk,vt.,r
011720,risky,adj.,r
011721,risotto,n.,r
011722,rite,n.,r
011723,ritual,n.,r
011724,rival,n.,r
011725,rivalry,n.,r
011726,river,n.,r
011727,riverbank,n.,r
011728,riverboat,n.,r
011729,rivet,n.,r
011730,roach,n.,r
011731,road,n.,r
011732,roadblock,n.,r
011733,roadside,n.,r
011734,roadway,n.,r
011735,roam,v.,r
011736,roar,n.,r
011737,roaring,n.,r
011738,roast,v.,r
011739,rob,v.,r
011740,robber,n.,r
011741,robbery,n.,r
011742,robe,n.,r
011743,robin,n.,r
011744,robot,n.,r
011745,robotics,,r
011746,robust,adj.,r
011747,rock,n.,r
011748,rocker,n.,r
011749,rocket,n.,r
011750,rockfish,n.,r
011751,rocking,adj.,r
011752,rocky,adj.,r
011753,rod,n.,r
011754,rodent,adj.,r
011755,rodeo,n.,r
011756,rogue,n.,r
011757,roil,vt.,r
011758,role,n.,r
011759,roll,adj.,r
011760,rolled,adj.,r
011761,roller,n.,r
011762,rolling,adj.,r
011763,romance,n.,r
011764,romantic,adj.,r
011765,romantically,adv.,r
011766,romanticism,n.,r
011767,romanticize,vi.,r
011768,roof,n.,r
011769,roofing,n.,r
011770,rooftop,n.,r
011771,rookie,n.,r
011772,room,n.,r
011773,roommate,n.,r
011774,roomy,adj.,r
011775,roost,n.,r
011776,rooster,n.,r
011777,root,n.,r
011778,rooted,adj.,r
011779,rope,n.,r
011780,rosary,n.,r
011781,rose,n.,r
011782,rosemary,n.,r
011783,roster,n.,r
011784,rosy,adj.,r
011785,rot,v.,r
011786,rotary,adj.,r
011787,rotate,v.,r
011788,rotation,n.,r
011789,rote,n.,r
011790,rotor,n.,r
011791,rotten,adj.,r
011792,rough,adj.,r
011793,roughly,adv.,r
011794,roulette,n.,r
011795,round,n.,r
011796,rounded,adj.,r
011797,roundup,n.,r
011798,rouse,v.,r
011799,rousing,adj.,r
011800,rout,n.,r
011801,route,n.,r
011802,router,,r
011803,routine,n.,r
011804,routinely,adv.,r
011805,rove,v.,r
011806,rover,n.,r
011807,roving,n.,r
011808,row,n.,r
011809,rowdy,n.,r
011810,rowing,n.,r
011811,royal,adj.,r
011812,royalty,n.,r
011813,rub,v.,r
011814,rubber,n.,r
011815,rubbery,adj.,r
011816,rubbish,n.,r
011817,rubble,n.,r
011818,rubric,n.,r
011819,ruby,n.,r
011820,rudder,n.,r
011821,ruddy,adj.,r
011822,rude,adj.,r
011823,rudely,adv.,r
011824,rudimentary,adj.,r
011825,ruefully,adv.,r
011826,ruffle,v.,r
011827,rug,n.,r
011828,rugby,n.,r
011829,rugged,adj.,r
011830,ruin,v.,r
011831,ruined,adj.,r
011832,rule,n.,r
011833,ruler,n.,r
011834,ruling,adj.,r
011835,rum,n.,r
011836,rumble,v.,r
011837,rumbling,n.,r
011838,rummage,v.,r
011839,rumor,n.,r
011840,rump,n.,r
011841,run,n.,r
011842,runaway,n.,r
011843,rung,n.,r
011844,runner,n.,r
011845,running,n.,r
011846,runny,adj.,r
011847,runoff,n.,r
011848,runway,n.,r
011849,rupture,v.,r
011850,rural,adj.,r
011851,ruse,n.,r
011852,rush,n.,r
011853,rushing,adj.,r
011854,rust,n.,r
011855,rustic,adj.,r
011856,rustle,n.,r
011857,rusty,adj.,r
011858,rut,n.,r
011859,ruthless,adj.,r
011860,ruthlessly,adv.,r
011861,rye,n.,r
011862,sabbatical,adj.,s
011863,saber,n.,s
011864,sabotage,n.,s
011865,sac,n.,s
011866,sack,n.,s
011867,sacrament,n.,s
011868,sacramental,n.,s
011869,sacred,adj.,s
011870,sacrifice,n.,s
011871,sacrificial,adj.,s
011872,sad,adj.,s
011873,sadden,v.,s
011874,saddle,n.,s
011875,sadistic,adj.,s
011876,sadly,adv.,s
011877,sadness,n.,s
011878,safari,n.,s
011879,safe,n.,s
011880,safeguard,vt.,s
011881,safely,adv.,s
011882,safety,n.,s
011883,saffron,n.,s
011884,sag,v.,s
011885,saga,n.,s
011886,sage,adj.,s
011887,sagebrush,n.,s
011888,said,vbl.,s
011889,sail,v.,s
011890,sailboat,n.,s
011891,sailing,v.,s
011892,sailor,n.,s
011893,saint,n.,s
011894,sake,n.,s
011895,salad,n.,s
011896,salamander,n.,s
011897,salami,n.,s
011898,salaried,adj.,s
011899,salary,n.,s
011900,sale,n.,s
011901,salesman,n.,s
011902,salespeople,n.,s
011903,salesperson,n.,s
011904,salience,n.,s
011905,salient,adj.,s
011906,saline,adj.,s
011907,salinity,n.,s
011908,saliva,n.,s
011909,salmon,n.,s
011910,salmonella,n.,s
011911,salon,n.,s
011912,saloon,n.,s
011913,salt,n.,s
011914,salted,adj.,s
011915,saltwater,adj.,s
011916,salty,adj.,s
011917,salute,n.,s
011918,salvage,n.,s
011919,salvation,n.,s
011920,same,adj.,s
011921,sameness,n.,s
011922,sample,n.,s
011923,sampler,n.,s
011924,sampling,,s
011925,sanction,n.,s
011926,sanctity,n.,s
011927,sanctuary,n.,s
011928,sand,n.,s
011929,sandal,n.,s
011930,sandbag,n.,s
011931,sandbox,n.,s
011932,sandpaper,n.,s
011933,sandstone,n.,s
011934,sandwich,n.,s
011935,sandy,adj.,s
011936,sane,adj.,s
011937,sanguine,adj.,s
011938,sanitary,adj.,s
011939,sanitation,n.,s
011940,sanity,n.,s
011941,sap,n.,s
011942,sapling,n.,s
011943,sapphire,n.,s
011944,sarcasm,n.,s
011945,sarcastic,adj.,s
011946,sarcastically,adv.,s
011947,sardine,n.,s
011948,sardonic,adj.,s
011949,sari,n.,s
011950,sash,n.,s
011951,sassy,adj.,s
011952,satanic,adj.,s
011953,satchel,n.,s
011954,satellite,n.,s
011955,satin,n.,s
011956,satire,n.,s
011957,satirical,adj.,s
011958,satisfaction,n.,s
011959,satisfactorily,adv.,s
011960,satisfactory,adj.,s
011961,satisfied,adj.,s
011962,satisfy,vt.,s
011963,satisfying,adj.,s
011964,saturate,v.,s
011965,saturated,adj.,s
011966,saturation,n.,s
011967,sauce,n.,s
011968,saucepan,n.,s
011969,saucer,n.,s
011970,sauna,n.,s
011971,saunter,n.,s
011972,sausage,n.,s
011973,savage,adj.,s
011974,savagely,adv.,s
011975,savagery,n.,s
011976,savanna,n.,s
011977,save,vt.,s
011978,saver,n.,s
011979,saving,n.,s
011980,savior,n.,s
011981,savor,n.,s
011982,savory,adj.,s
011983,savvy,v.,s
011984,saw,n.,s
011985,sawdust,n.,s
011986,sax,n.,s
011987,saxophone,n.,s
011988,say,v.,s
011989,saying,n.,s
011990,scab,n.,s
011991,scaffold,n.,s
011992,scaffolding,n.,s
011993,scale,n.,s
011994,scaling,n.,s
011995,scallop,n.,s
011996,scalp,v.,s
011997,scalpel,n.,s
011998,scam,n.,s
011999,scamper,v.,s
012000,scan,v.,s
012001,scandal,n.,s
012002,scandalous,adj.,s
012003,scanner,n.,s
012004,scanning,v.,s
012005,scant,adj.,s
012006,scapegoat,n.,s
012007,scar,n.,s
012008,scarce,adj.,s
012009,scarcely,adv.,s
012010,scarcity,n.,s
012011,scare,v.,s
012012,scarecrow,n.,s
012013,scared,adj.,s
012014,scarf,n.,s
012015,scarlet,n.,s
012016,scary,adj.,s
012017,scathing,adj.,s
012018,scatter,v.,s
012019,scattered,a.,s
012020,scattering,n.,s
012021,scavenge,v.,s
012022,scavenger,n.,s
012023,scenario,n.,s
012024,scene,n.,s
012025,scenery,n.,s
012026,scenic,adj.,s
012027,scent,n.,s
012028,scented,adj.,s
012029,schedule,n.,s
012030,scheduled,adj.,s
012031,scheduling,n.,s
012032,schema,n.,s
012033,schematic,adj.,s
012034,scheme,n.,s
012035,schism,n.,s
012036,schizophrenia,n.,s
012037,scholar,n.,s
012038,scholarly,adj.,s
012039,scholarship,n.,s
012040,scholastic,adj.,s
012041,school,n.,s
012042,schoolboy,n.,s
012043,schoolchild,n.,s
012044,schoolgirl,n.,s
012045,schoolhouse,n.,s
012046,schooling,n.,s
012047,schoolmate,n.,s
012048,schoolteacher,n.,s
012049,schoolwork,n.,s
012050,schoolyard,n.,s
012051,schooner,n.,s
012052,science,n.,s
012053,scientific,adj.,s
012054,scientifically,adv.,s
012055,scientist,n.,s
012056,scissors,n.,s
012057,sclerosis,n.,s
012058,scoff,n.,s
012059,scold,v.,s
012060,scoop,n.,s
012061,scoot,n.,s
012062,scooter,n.,s
012063,scope,n.,s
012064,scorch,v.,s
012065,score,n.,s
012066,scoreboard,n.,s
012067,scorecard,n.,s
012068,scorer,n.,s
012069,scoring,n.,s
012070,scorn,n.,s
012071,scorpion,n.,s
012072,scotch,n.,s
012073,scoundrel,n.,s
012074,scour,vt.,s
012075,scourge,n.,s
012076,scout,n.,s
012077,scowl,n.,s
012078,scramble,n.,s
012079,scrap,n.,s
012080,scrapbook,n.,s
012081,scrape,n.,s
012082,scratch,n.,s
012083,scratchy,adj.,s
012084,scrawl,vt.,s
012085,scrawny,adj.,s
012086,scream,v.,s
012087,screaming,adj.,s
012088,screech,n.,s
012089,screen,n.,s
012090,screening,n.,s
012091,screenplay,n.,s
012092,screenwriter,n.,s
012093,screw,n.,s
012094,screwdriver,n.,s
012095,scribble,n.,s
012096,scribe,n.,s
012097,scrimmage,n.,s
012098,script,n.,s
012099,scriptural,adj.,s
012100,scripture,n.,s
012101,scroll,n.,s
012102,scrub,v.,s
012103,scruffy,adj.,s
012104,scrunch,vt.,s
012105,scrutinize,,s
012106,scrutiny,n.,s
012107,scuba,n.,s
012108,scuff,vi.,s
012109,scuffle,v.,s
012110,sculpt,v.,s
012111,sculptor,n.,s
012112,sculptural,adj.,s
012113,sculpture,n.,s
012114,scum,n.,s
012115,scurry,vi.,s
012116,scuttle,n.,s
012117,sea,n.,s
012118,seafood,n.,s
012119,seagull,n.,s
012120,seal,n.,s
012121,sealed,adj.,s
012122,seam,n.,s
012123,seaman,n.,s
012124,seamless,adj.,s
012125,seamstress,n.,s
012126,sear,adj.,s
012127,search,n.,s
012128,searcher,n.,s
012129,seaside,n.,s
012130,season,n.,s
012131,seasonal,adj.,s
012132,seasoned,adj.,s
012133,seasoning,n.,s
012134,seat,n.,s
012135,seated,adj.,s
012136,seating,n.,s
012137,seawater,n.,s
012138,seaweed,n.,s
012139,secede,vi.,s
012140,secession,n.,s
012141,secluded,adj.,s
012142,seclusion,n.,s
012143,second,n.,s
012144,secondary,adj.,s
012145,secondly,adv.,s
012146,secrecy,n.,s
012147,secret,n.,s
012148,secretary,n.,s
012149,secrete,vt.,s
012150,secretion,n.,s
012151,secretive,adj.,s
012152,secretly,adv.,s
012153,sect,n.,s
012154,sectarian,n.,s
012155,section,n.,s
012156,sectional,adj.,s
012157,sector,n.,s
012158,secular,adj.,s
012159,secularism,n.,s
012160,secure,adj.,s
012161,securely,adv.,s
012162,security,n.,s
012163,sedan,n.,s
012164,sedative,adj.,s
012165,sedentary,adj.,s
012166,sediment,n.,s
012167,seduce,v.,s
012168,seduction,n.,s
012169,seductive,adj.,s
012170,see,v.,s
012171,seed,n.,s
012172,seedling,n.,s
012173,seedy,adj.,s
012174,seeing,n.,s
012175,seek,v.,s
012176,seeker,n.,s
012177,seem,vi.,s
012178,seeming,adj.,s
012179,seemingly,adv.,s
012180,seep,v.,s
012181,seer,n.,s
012182,seethe,v.,s
012183,segment,n.,s
012184,segregate,v.,s
012185,segregation,n.,s
012186,seismic,adj.,s
012187,seize,v.,s
012188,seizure,n.,s
012189,seldom,adv.,s
012190,select,vt.,s
012191,selected,adj.,s
012192,selection,n.,s
012193,selective,adj.,s
012194,self,n.,s
012195,selfish,adj.,s
012196,selfishness,n.,s
012197,selfless,adj.,s
012198,sell,v.,s
012199,seller,n.,s
012200,selling,n.,s
012201,semantic,adj.,s
012202,semantics,n.,s
012203,semblance,n.,s
012204,semen,n.,s
012205,semester,n.,s
012206,semiconductor,n.,s
012207,semifinal,n.,s
012208,seminal,adj.,s
012209,seminar,n.,s
012210,seminary,n.,s
012211,senator,n.,s
012212,senatorial,adj.,s
012213,send,vt.,s
012214,sender,n.,s
012215,senior,adj.,s
012216,seniority,n.,s
012217,sensation,n.,s
012218,sensational,adj.,s
012219,sense,n.,s
012220,senseless,adj.,s
012221,sensibility,n.,s
012222,sensible,adj.,s
012223,sensibly,adv.,s
012224,sensitive,adj.,s
012225,sensitivity,n.,s
012226,sensor,n.,s
012227,sensory,adj.,s
012228,sensual,adj.,s
012229,sensuality,n.,s
012230,sensuous,adj.,s
012231,sentence,n.,s
012232,sentient,adj.,s
012233,sentiment,n.,s
012234,sentimental,adj.,s
012235,sentimentality,n.,s
012236,sentry,n.,s
012237,separate,adj.,s
012238,separately,adv.,s
012239,separation,n.,s
012240,separatist,n.,s
012241,septic,adj.,s
012242,sequel,n.,s
012243,sequence,n.,s
012244,sequential,adj.,s
012245,sequester,adv.,s
012246,sequin,n.,s
012247,serene,adj.,s
012248,serenity,n.,s
012249,sergeant,n.,s
012250,serial,adj.,s
012251,series,n.,s
012252,serious,adj.,s
012253,seriously,adv.,s
012254,seriousness,n.,s
012255,sermon,n.,s
012256,serotonin,n.,s
012257,serpent,n.,s
012258,serum,n.,s
012259,servant,n.,s
012260,serve,v.,s
012261,server,n.,s
012262,service,n.,s
012263,serviceman,n.,s
012264,serving,n.,s
012265,servitude,n.,s
012266,sesame,n.,s
012267,session,n.,s
012268,set,v.,s
012269,setback,n.,s
012270,settee,n.,s
012271,setting,n.,s
012272,settle,n.,s
012273,settled,adj.,s
012274,settlement,n.,s
012275,settler,n.,s
012276,setup,n.,s
012277,seven,num.,s
012278,seventeen,num.,s
012279,seventeenth,num.,s
012280,seventh,num.,s
012281,seventy,num.,s
012282,sever,v.,s
012283,several,adj.,s
012284,severance,n.,s
012285,severe,adj.,s
012286,severely,adv.,s
012287,severity,n.,s
012288,sew,v.,s
012289,sewage,n.,s
012290,sewer,n.,s
012291,sewing,n.,s
012292,sex,n.,s
012293,sexism,n.,s
012294,sexist,n.,s
012295,sexual,adj.,s
012296,sexuality,n.,s
012297,sexually,adv.,s
012298,sexy,adj.,s
012299,shabby,adj.,s
012300,shack,n.,s
012301,shackle,n.,s
012302,shade,n.,s
012303,shadow,n.,s
012304,shadowy,adj.,s
012305,shady,adj.,s
012306,shaft,n.,s
012307,shaggy,adj.,s
012308,shake,v.,s
012309,shaker,n.,s
012310,shaking,n.,s
012311,shaky,adj.,s
012312,shale,n.,s
012313,shall,v.,s
012314,shallot,n.,s
012315,shallow,adj.,s
012316,sham,v.,s
012317,shaman,n.,s
012318,shambles,n.,s
012319,shame,n.,s
012320,shameful,,s
012321,shameless,adj.,s
012322,shamelessly,adv.,s
012323,shampoo,n.,s
012324,shank,n.,s
012325,shanty,n.,s
012326,shape,n.,s
012327,shaped,vbl.,s
012328,shapely,adj.,s
012329,shard,n.,s
012330,share,n.,s
012331,shareholder,n.,s
012332,shark,n.,s
012333,sharp,n.,s
012334,sharpen,v.,s
012335,sharply,adv.,s
012336,sharpness,n.,s
012337,shatter,n.,s
012338,shave,v.,s
012339,shaving,n.,s
012340,shawl,n.,s
012341,she,pron.,s
012342,sheaf,n.,s
012343,shear,v.,s
012344,sheath,n.,s
012345,sheathe,vt.,s
012346,shed,vt.,s
012347,sheen,n.,s
012348,sheep,n.,s
012349,sheepishly,adv.,s
012350,sheer,adj.,s
012351,sheet,n.,s
012352,shelf,n.,s
012353,shell,n.,s
012354,shellfish,n.,s
012355,shelter,n.,s
012356,shelve,vt.,s
012357,shepherd,n.,s
012358,sheriff,n.,s
012359,sherry,n.,s
012360,shh,int.,s
012361,shield,n.,s
012362,shift,n.,s
012363,shifting,n.,s
012364,shimmer,n.,s
012365,shin,n.,s
012366,shine,v.,s
012367,shingle,n.,s
012368,shining,adj.,s
012369,shiny,adj.,s
012370,ship,n.,s
012371,shipment,n.,s
012372,shipping,n.,s
012373,shipwreck,n.,s
012374,shipyard,n.,s
012375,shirt,n.,s
012376,shit,vi.,s
012377,shiver,v.,s
012378,shock,n.,s
012379,shocked,adj.,s
012380,shocking,adj.,s
012381,shockingly,adv.,s
012382,shoddy,adj.,s
012383,shoe,n.,s
012384,shoot,n.,s
012385,shooter,n.,s
012386,shooting,n.,s
012387,shop,n.,s
012388,shopkeeper,n.,s
012389,shoplifting,n.,s
012390,shopper,n.,s
012391,shopping,n.,s
012392,shore,n.,s
012393,shoreline,n.,s
012394,short,n.,s
012395,shortage,n.,s
012396,shortcoming,n.,s
012397,shortcut,n.,s
012398,shorten,v.,s
012399,shortfall,n.,s
012400,shorthand,n.,s
012401,shortly,adv.,s
012402,shortness,n.,s
012403,shorts,n.,s
012404,shortstop,n.,s
012405,shot,n.,s
012406,shotgun,n.,s
012407,should,v.,s
012408,shoulder,n.,s
012409,shout,v.,s
012410,shouting,,s
012411,shove,n.,s
012412,shovel,n.,s
012413,show,n.,s
012414,showcase,n.,s
012415,showdown,n.,s
012416,shower,n.,s
012417,showing,n.,s
012418,showroom,n.,s
012419,showy,adj.,s
012420,shrapnel,n.,s
012421,shred,n.,s
012422,shrewd,adj.,s
012423,shriek,v.,s
012424,shrill,adj.,s
012425,shrimp,n.,s
012426,shrine,n.,s
012427,shrink,v.,s
012428,shrivel,v.,s
012429,shroud,n.,s
012430,shrub,n.,s
012431,shrug,n.,s
012432,shudder,n.,s
012433,shuffle,n.,s
012434,shun,vt.,s
012435,shunt,v.,s
012436,shut,v.,s
012437,shutdown,n.,s
012438,shutout,n.,s
012439,shutter,n.,s
012440,shuttle,n.,s
012441,shy,adj.,s
012442,shyly,adv.,s
012443,shyness,n.,s
012444,sibling,n.,s
012445,sic,adv.,s
012446,sick,n.,s
012447,sicken,vt.,s
012448,sickening,adj.,s
012449,sickle,n.,s
012450,sickly,adj.,s
012451,sickness,n.,s
012452,side,n.,s
012453,sidebar,n.,s
012454,sideboard,n.,s
012455,sidekick,n.,s
012456,sideline,n.,s
012457,sideshow,n.,s
012458,sidestep,n.,s
012459,sidewalk,n.,s
012460,sideways,adv.,s
012461,siding,n.,s
012462,sidle,v.,s
012463,siege,n.,s
012464,sieve,n.,s
012465,sift,v.,s
012466,sigh,n.,s
012467,sight,n.,s
012468,sightseeing,n.,s
012469,sign,n.,s
012470,signal,n.,s
012471,signatory,n.,s
012472,signature,n.,s
012473,signed,adj.,s
012474,significance,n.,s
012475,significant,adj.,s
012476,significantly,adv.,s
012477,signify,vt.,s
012478,silence,n.,s
012479,silent,adj.,s
012480,silently,adv.,s
012481,silhouette,n.,s
012482,silicon,n.,s
012483,silicone,n.,s
012484,silk,n.,s
012485,silken,adj.,s
012486,silky,adj.,s
012487,sill,n.,s
012488,silly,adj.,s
012489,silo,n.,s
012490,silt,n.,s
012491,silver,n.,s
012492,silverware,n.,s
012493,silvery,adj.,s
012494,similar,adj.,s
012495,similarity,n.,s
012496,similarly,adv.,s
012497,simmer,vt.,s
012498,simple,adj.,s
012499,simplicity,n.,s
012500,simplification,n.,s
012501,simplify,vt.,s
012502,simplistic,adj.,s
012503,simply,adv.,s
012504,simulate,vt.,s
012505,simulation,n.,s
012506,simulator,n.,s
012507,simultaneous,adj.,s
012508,simultaneously,adv.,s
012509,sin,n.,s
012510,since,adv.,s
012511,sincere,adj.,s
012512,sincerely,adv.,s
012513,sincerity,n.,s
012514,sinful,adj.,s
012515,sing,v.,s
012516,singer,n.,s
012517,singing,n.,s
012518,single,adj.,s
012519,singular,n.,s
012520,singularity,n.,s
012521,singularly,adv.,s
012522,sinister,adj.,s
012523,sink,vi.,s
012524,sinking,n.,s
012525,sinner,n.,s
012526,sinus,n.,s
012527,siphon,n.,s
012528,sir,n.,s
012529,siren,n.,s
012530,sister,n.,s
012531,sit,v.,s
012532,sitcom,,s
012533,site,n.,s
012534,sitter,n.,s
012535,sitting,n.,s
012536,situate,vt.,s
012537,situation,n.,s
012538,six,num.,s
012539,sixteen,num.,s
012540,sixteenth,num.,s
012541,sixth,num.,s
012542,sixty,num.,s
012543,sizable,adj.,s
012544,size,n.,s
012545,sizeable,adj.,s
012546,sizzle,vi.,s
012547,skate,n.,s
012548,skateboard,n.,s
012549,skater,n.,s
012550,skating,n.,s
012551,skeletal,adj.,s
012552,skeleton,n.,s
012553,skeptic,n.,s
012554,skeptical,adj.,s
012555,skepticism,n.,s
012556,sketch,n.,s
012557,sketchy,adj.,s
012558,skew,adj.,s
012559,skewer,n.,s
012560,ski,n.,s
012561,skid,n.,s
012562,skier,n.,s
012563,skiff,n.,s
012564,skiing,n.,s
012565,skill,n.,s
012566,skilled,adj.,s
012567,skillet,n.,s
012568,skillful,adj.,s
012569,skillfully,adv.,s
012570,skim,v.,s
012571,skimpy,adj.,s
012572,skin,n.,s
012573,skinhead,n.,s
012574,skinny,adj.,s
012575,skip,v.,s
012576,skipper,n.,s
012577,skirmish,n.,s
012578,skirt,n.,s
012579,skit,n.,s
012580,skitter,vi.,s
012581,skull,n.,s
012582,skunk,n.,s
012583,sky,n.,s
012584,skylight,n.,s
012585,skyline,n.,s
012586,skyrocket,n.,s
012587,skyscraper,n.,s
012588,skyward,adj.,s
012589,slab,n.,s
012590,slack,n.,s
012591,slain,vbl.,s
012592,slalom,n.,s
012593,slam,v.,s
012594,slang,n.,s
012595,slant,v.,s
012596,slap,vt.,s
012597,slash,v.,s
012598,slat,n.,s
012599,slate,n.,s
012600,slather,vt.,s
012601,slaughter,n.,s
012602,slaughterhouse,n.,s
012603,slave,n.,s
012604,slavery,n.,s
012605,slay,v.,s
012606,sleazy,adj.,s
012607,sleek,adj.,s
012608,sleep,vi.,s
012609,sleeper,n.,s
012610,sleeping,n.,s
012611,sleepless,adj.,s
012612,sleepy,adj.,s
012613,sleet,n.,s
012614,sleeve,n.,s
012615,sleeveless,adj.,s
012616,sleigh,n.,s
012617,slender,adj.,s
012618,slew,v.,s
012619,slice,n.,s
012620,slick,adj.,s
012621,slicker,n.,s
012622,slide,v.,s
012623,slider,n.,s
012624,sliding,adj.,s
012625,slight,adj.,s
012626,slightly,adv.,s
012627,slim,adj.,s
012628,slime,n.,s
012629,slimy,adj.,s
012630,sling,n.,s
012631,slink,v.,s
012632,slip,n.,s
012633,slipper,n.,s
012634,slippery,adj.,s
012635,slit,vt.,s
012636,slither,vi.,s
012637,sliver,n.,s
012638,slog,v.,s
012639,slogan,n.,s
012640,slope,n.,s
012641,sloping,adj.,s
012642,sloppy,adj.,s
012643,slosh,n.,s
012644,slot,n.,s
012645,sloth,n.,s
012646,slouch,v.,s
012647,slow,adj.,s
012648,slowdown,n.,s
012649,slower,v.,s
012650,slowly,adv.,s
012651,sludge,n.,s
012652,slug,n.,s
012653,slugger,n.,s
012654,sluggish,adj.,s
012655,slum,n.,s
012656,slumber,n.,s
012657,slump,n.,s
012658,slur,v.,s
012659,slush,n.,s
012660,slut,n.,s
012661,sly,adj.,s
012662,smack,n.,s
012663,small,adj.,s
012664,smallmouth,n.,s
012665,smallpox,n.,s
012666,smart,n.,s
012667,smartly,adv.,s
012668,smash,v.,s
012669,smashed,adj.,s
012670,smashing,adj.,s
012671,smattering,n.,s
012672,smear,v.,s
012673,smell,n.,s
012674,smelly,adj.,s
012675,smile,vi.,s
012676,smiling,adj.,s
012677,smirk,v.,s
012678,smite,v.,s
012679,smock,n.,s
012680,smog,n.,s
012681,smoke,n.,s
012682,smokestack,n.,s
012683,smoking,n.,s
012684,smoky,adj.,s
012685,smolder,vi.,s
012686,smooth,adj.,s
012687,smoothly,adv.,s
012688,smoothness,n.,s
012689,smother,v.,s
012690,smudge,n.,s
012691,smug,adj.,s
012692,smuggle,n.,s
012693,smuggler,n.,s
012694,smuggling,v.,s
012695,snack,n.,s
012696,snag,n.,s
012697,snail,n.,s
012698,snake,n.,s
012699,snap,v.,s
012700,snapper,n.,s
012701,snappy,adj.,s
012702,snapshot,n.,s
012703,snare,n.,s
012704,snarl,vi.,s
012705,snatch,v.,s
012706,sneak,vi.,s
012707,sneaky,adj.,s
012708,sneer,v.,s
012709,sneeze,n.,s
012710,snicker,v.,s
012711,sniff,v.,s
012712,snip,v.,s
012713,snipe,n.,s
012714,sniper,n.,s
012715,snippet,n.,s
012716,snob,n.,s
012717,snoop,vi.,s
012718,snore,v.,s
012719,snort,v.,s
012720,snout,n.,s
012721,snow,n.,s
012722,snowball,n.,s
012723,snowfall,n.,s
012724,snowflake,n.,s
012725,snowman,n.,s
012726,snowmobile,n.,s
012727,snowshoe,n.,s
012728,snowstorm,n.,s
012729,snowy,adj.,s
012730,snub,n.,s
012731,snuff,n.,s
012732,snug,adj.,s
012733,snuggle,v.,s
012734,snugly,adv.,s
012735,so,conj.,s
012736,soak,v.,s
012737,soaked,v.,s
012738,soap,n.,s
012739,soapy,adj.,s
012740,soar,v.,s
012741,soaring,adj.,s
012742,sob,v.,s
012743,sober,adj.,s
012744,sobering,adj.,s
012745,sobriety,n.,s
012746,soccer,n.,s
012747,social,adj.,s
012748,socialism,n.,s
012749,socialist,n.,s
012750,socialite,n.,s
012751,socialization,n.,s
012752,socialize,v.,s
012753,socially,adv.,s
012754,societal,adj.,s
012755,society,n.,s
012756,sociological,adj.,s
012757,sociologist,n.,s
012758,sociology,n.,s
012759,sock,n.,s
012760,socket,n.,s
012761,sod,n.,s
012762,soda,n.,s
012763,sodium,n.,s
012764,sofa,n.,s
012765,soft,adj.,s
012766,softball,n.,s
012767,soften,v.,s
012768,softly,adv.,s
012769,softness,n.,s
012770,software,n.,s
012771,soggy,adj.,s
012772,soil,n.,s
012773,sojourn,v.,s
012774,solace,n.,s
012775,solar,adj.,s
012776,soldier,n.,s
012777,sole,adj.,s
012778,solely,adv.,s
012779,solemn,adj.,s
012780,solemnly,adv.,s
012781,solicit,v.,s
012782,solicitation,n.,s
012783,solicitor,n.,s
012784,solid,n.,s
012785,solidarity,n.,s
012786,solidify,v.,s
012787,solidly,adv.,s
012788,solitary,adj.,s
012789,solitude,n.,s
012790,solo,n.,s
012791,soloist,n.,s
012792,solstice,n.,s
012793,soluble,adj.,s
012794,solution,n.,s
012795,solve,vt.,s
012796,solvent,adj.,s
012797,solving,vbl.,s
012798,somatic,adj.,s
012799,somber,adj.,s
012800,some,adj.,s
012801,somebody,n.,s
012802,someday,adv.,s
012803,somehow,adv.,s
012804,someone,pron.,s
012805,someplace,adv.,s
012806,something,pron.,s
012807,sometime,adv.,s
012808,sometimes,adv.,s
012809,somewhat,adv.,s
012810,somewhere,adv.,s
012811,son,n.,s
012812,sonar,n.,s
012813,song,n.,s
012814,songbird,n.,s
012815,sonic,adj.,s
012816,sonnet,n.,s
012817,soon,adv.,s
012818,soot,n.,s
012819,soothe,vt.,s
012820,soothing,adj.,s
012821,sophisticated,adj.,s
012822,sophistication,n.,s
012823,sophomore,n.,s
012824,soprano,n.,s
012825,sorcerer,n.,s
012826,sorcery,n.,s
012827,sordid,adj.,s
012828,sore,adj.,s
012829,sorely,adv.,s
012830,sorority,n.,s
012831,sorrow,n.,s
012832,sorry,adj.,s
012833,sort,n.,s
012834,sortie,n.,s
012835,souffle,n.,s
012836,soul,n.,s
012837,soulful,adj.,s
012838,sound,n.,s
012839,sounding,n.,s
012840,soundly,adv.,s
012841,sour,adj.,s
012842,source,n.,s
012843,south,n.,s
012844,southeast,n.,s
012845,southeastern,adj.,s
012846,southern,adj.,s
012847,southward,adv.,s
012848,southwest,n.,s
012849,southwestern,adj.,s
012850,souvenir,n.,s
012851,sovereign,n.,s
012852,sovereignty,n.,s
012853,sow,n.,s
012854,soy,n.,s
012855,soybean,n.,s
012856,spa,n.,s
012857,space,n.,s
012858,spacecraft,n.,s
012859,spaceship,n.,s
012860,spacing,n.,s
012861,spacious,adj.,s
012862,spade,n.,s
012863,spaghetti,n.,s
012864,span,n.,s
012865,spank,vt.,s
012866,spar,n.,s
012867,spare,adj.,s
012868,sparingly,adv.,s
012869,spark,n.,s
012870,sparkle,v.,s
012871,sparkling,adj.,s
012872,sparrow,n.,s
012873,sparse,adj.,s
012874,sparsely,adv.,s
012875,spasm,n.,s
012876,spate,n.,s
012877,spatial,adj.,s
012878,spatter,v.,s
012879,spatula,n.,s
012880,spawn,n.,s
012881,speak,v.,s
012882,speaker,n.,s
012883,speaking,n.,s
012884,spear,n.,s
012885,spearhead,n.,s
012886,spec,n.,s
012887,special,n.,s
012888,specialist,n.,s
012889,specialization,n.,s
012890,specialize,vi.,s
012891,specially,adv.,s
012892,specialty,n.,s
012893,species,n.,s
012894,specific,n.,s
012895,specifically,adv.,s
012896,specification,n.,s
012897,specify,vt.,s
012898,specimen,n.,s
012899,speck,n.,s
012900,speckled,adj.,s
012901,spectacle,n.,s
012902,spectacular,adj.,s
012903,spectator,n.,s
012904,spectral,adj.,s
012905,spectrometer,n.,s
012906,spectrum,n.,s
012907,speculate,vi.,s
012908,speculation,n.,s
012909,speculative,adj.,s
012910,speculator,n.,s
012911,speech,n.,s
012912,speechless,adj.,s
012913,speechwriter,n.,s
012914,speed,n.,s
012915,speeding,n.,s
012916,speedy,adj.,s
012917,spell,n.,s
012918,spelling,n.,s
012919,spend,v.,s
012920,spender,n.,s
012921,spending,n.,s
012922,spent,adj.,s
012923,sperm,n.,s
012924,spew,v.,s
012925,sphere,n.,s
012926,spherical,adj.,s
012927,spice,n.,s
012928,spicy,adj.,s
012929,spider,n.,s
012930,spike,n.,s
012931,spiky,adj.,s
012932,spill,n.,s
012933,spin,v.,s
012934,spinach,n.,s
012935,spinal,adj.,s
012936,spindle,n.,s
012937,spindly,adj.,s
012938,spine,n.,s
012939,spinner,n.,s
012940,spinning,n.,s
012941,spiral,adj.,s
012942,spire,n.,s
012943,spirit,n.,s
012944,spirited,adj.,s
012945,spiritual,adj.,s
012946,spirituality,n.,s
012947,spiritually,adv.,s
012948,spit,n.,s
012949,spite,n.,s
012950,splash,n.,s
012951,splatter,vt.,s
012952,splay,v.,s
012953,spleen,n.,s
012954,splendid,adj.,s
012955,splendor,n.,s
012956,splice,v.,s
012957,splinter,n.,s
012958,split,v.,s
012959,splitting,adj.,s
012960,splurge,n.,s
012961,spoil,vt.,s
012962,spoke,n.,s
012963,spoken,adj.,s
012964,spokesman,n.,s
012965,spokeswoman,n.,s
012966,sponge,n.,s
012967,spongy,adj.,s
012968,sponsor,n.,s
012969,sponsorship,n.,s
012970,spontaneity,n.,s
012971,spontaneous,adj.,s
012972,spontaneously,adv.,s
012973,spook,n.,s
012974,spooky,adj.,s
012975,spool,n.,s
012976,spoon,n.,s
012977,spoonful,n.,s
012978,sporadic,adj.,s
012979,sporadically,adv.,s
012980,spore,n.,s
012981,sport,n.,s
012982,sporting,adj.,s
012983,sportsman,n.,s
012984,sportsmanship,n.,s
012985,sportswriter,n.,s
012986,sporty,adj.,s
012987,spot,n.,s
012988,spotless,adj.,s
012989,spotlight,n.,s
012990,spotted,adj.,s
012991,spotty,adj.,s
012992,spousal,n.,s
012993,spouse,n.,s
012994,spout,n.,s
012995,sprawl,n.,s
012996,spray,n.,s
012997,spread,n.,s
012998,spreading,v.,s
012999,spreadsheet,n.,s
013000,spree,n.,s
013001,sprig,n.,s
013002,spring,n.,s
013003,springboard,n.,s
013004,springtime,n.,s
013005,sprinkle,v.,s
013006,sprinkler,n.,s
013007,sprinkling,vbl.,s
013008,sprint,v.,s
013009,sprinter,n.,s
013010,sprout,v.,s
013011,spruce,n.,s
013012,spur,n.,s
013013,spurious,adj.,s
013014,spurn,v.,s
013015,spurt,n.,s
013016,sputter,n.,s
013017,spy,n.,s
013018,squabble,v.,s
013019,squad,n.,s
013020,squadron,n.,s
013021,squander,v.,s
013022,square,n.,s
013023,squarely,adv.,s
013024,squash,n.,s
013025,squat,v.,s
013026,squatter,n.,s
013027,squawk,v.,s
013028,squeak,n.,s
013029,squeaky,adj.,s
013030,squeal,v.,s
013031,squeeze,n.,s
013032,squelch,v.,s
013033,squid,n.,s
013034,squint,v.,s
013035,squirm,v.,s
013036,squirrel,n.,s
013037,squirt,v.,s
013038,stab,n.,s
013039,stability,n.,s
013040,stabilization,n.,s
013041,stabilize,v.,s
013042,stable,adj.,s
013043,staccato,n.,s
013044,stack,n.,s
013045,stadium,n.,s
013046,staff,n.,s
013047,staffer,n.,s
013048,stag,n.,s
013049,stage,n.,s
013050,stagger,v.,s
013051,staggering,adj.,s
013052,staging,n.,s
013053,stagnant,adj.,s
013054,stagnate,v.,s
013055,stagnation,n.,s
013056,staid,adj.,s
013057,stain,n.,s
013058,stainless,adj.,s
013059,stair,n.,s
013060,staircase,n.,s
013061,stairs,n.,s
013062,stairway,n.,s
013063,stake,n.,s
013064,stakeholder,n.,s
013065,stale,n.,s
013066,stalemate,n.,s
013067,stalk,n.,s
013068,stalker,n.,s
013069,stall,n.,s
013070,stallion,n.,s
013071,stalwart,adj.,s
013072,stamina,n.,s
013073,stammer,v.,s
013074,stamp,n.,s
013075,stampede,n.,s
013076,stance,n.,s
013077,stand,n.,s
013078,standard,n.,s
013079,standardization,n.,s
013080,standardize,vt.,s
013081,standby,n.,s
013082,standing,adj.,s
013083,standoff,adj.,s
013084,standout,n.,s
013085,standpoint,n.,s
013086,standstill,n.,s
013087,stanza,n.,s
013088,staple,n.,s
013089,star,n.,s
013090,starboard,n.,s
013091,starch,n.,s
013092,starched,adj.,s
013093,stardom,n.,s
013094,stare,v.,s
013095,stark,adj.,s
013096,starlight,n.,s
013097,starry,adj.,s
013098,start,n.,s
013099,starter,n.,s
013100,starting,n.,s
013101,startle,v.,s
013102,startled,v.,s
013103,startling,adj.,s
013104,starvation,n.,s
013105,starve,vt.,s
013106,stash,v.,s
013107,stasis,n.,s
013108,state,n.,s
013109,stated,adj.,s
013110,statehood,n.,s
013111,stately,adj.,s
013112,statement,n.,s
013113,stateroom,n.,s
013114,statesman,n.,s
013115,statewide,adj.,s
013116,static,adj.,s
013117,station,n.,s
013118,stationary,,s
013119,stationery,n.,s
013120,statistic,n.,s
013121,statistical,adj.,s
013122,statistically,adv.,s
013123,statistician,n.,s
013124,statistics,n.,s
013125,statue,vt.,s
013126,stature,n.,s
013127,status,n.,s
013128,statute,n.,s
013129,statutory,adj.,s
013130,staunch,adj.,s
013131,stave,n.,s
013132,stay,n.,s
013133,steadfast,adj.,s
013134,steadfastly,adv.,s
013135,steadily,adv.,s
013136,steady,adj.,s
013137,steak,n.,s
013138,steal,v.,s
013139,stealth,n.,s
013140,steam,n.,s
013141,steamer,n.,s
013142,steamy,adj.,s
013143,steel,n.,s
013144,steely,adj.,s
013145,steep,adj.,s
013146,steeple,n.,s
013147,steeply,adv.,s
013148,steer,v.,s
013149,steering,n.,s
013150,stellar,adj.,s
013151,stem,n.,s
013152,stench,n.,s
013153,step,n.,s
013154,stepfather,n.,s
013155,stepmother,n.,s
013156,steppe,n.,s
013157,stereo,n.,s
013158,stereotype,n.,s
013159,stereotyped,adj.,s
013160,sterile,adj.,s
013161,sterilize,vt.,s
013162,sterling,n.,s
013163,stern,adj.,s
013164,sternly,adv.,s
013165,stethoscope,n.,s
013166,stew,v.,s
013167,steward,n.,s
013168,stewardship,n.,s
013169,stick,n.,s
013170,sticker,n.,s
013171,sticking,adj.,s
013172,sticky,adj.,s
013173,stiff,adj.,s
013174,stiffen,vt.,s
013175,stiffly,adv.,s
013176,stiffness,n.,s
013177,stifle,vt.,s
013178,stigma,n.,s
013179,stigmatize,vt.,s
013180,stiletto,n.,s
013181,still,n.,s
013182,stillness,n.,s
013183,stilt,n.,s
013184,stimulant,n.,s
013185,stimulate,vt.,s
013186,stimulating,adj.,s
013187,stimulation,n.,s
013188,stimulus,n.,s
013189,sting,n.,s
013190,stinging,adj.,s
013191,stingy,adj.,s
013192,stink,v.,s
013193,stint,v.,s
013194,stipend,n.,s
013195,stipulate,v.,s
013196,stipulation,n.,s
013197,stir,n.,s
013198,stirring,adj.,s
013199,stirrup,n.,s
013200,stitch,v.,s
013201,stock,n.,s
013202,stockbroker,n.,s
013203,stockholder,n.,s
013204,stocking,n.,s
013205,stockpile,n.,s
013206,stocky,adj.,s
013207,stoic,n.,s
013208,stoke,v.,s
013209,stolen,vbl.,s
013210,stomach,n.,s
013211,stomp,n.,s
013212,stone,n.,s
013213,stony,adj.,s
013214,stool,n.,s
013215,stoop,n.,s
013216,stop,n.,s
013217,stoplight,n.,s
013218,stopper,n.,s
013219,storage,n.,s
013220,store,vt.,s
013221,storefront,n.,s
013222,storeroom,n.,s
013223,storied,adj.,s
013224,stormy,adj.,s
013225,story,n.,s
013226,storybook,n.,s
013227,storyteller,n.,s
013228,storytelling,adj.,s
013229,stout,adj.,s
013230,stove,n.,s
013231,stow,v.,s
013232,straddle,v.,s
013233,straight,adj.,s
013234,straighten,v.,s
013235,straightforward,,s
013236,strain,n.,s
013237,strained,adj.,s
013238,strainer,n.,s
013239,strait,adj.,s
013240,strand,n.,s
013241,strange,adj.,s
013242,strangely,adv.,s
013243,strangeness,n.,s
013244,stranger,n.,s
013245,strangle,v.,s
013246,strap,n.,s
013247,strapping,adj.,s
013248,strategic,adj.,s
013249,strategically,adv.,s
013250,strategist,n.,s
013251,strategy,n.,s
013252,stratification,,s
013253,stratosphere,n.,s
013254,stratum,n.,s
013255,straw,n.,s
013256,strawberry,n.,s
013257,stray,v.,s
013258,streak,v.,s
013259,stream,n.,s
013260,streamer,n.,s
013261,streamline,adj.,s
013262,streamlined,adj.,s
013263,street,n.,s
013264,streetcar,n.,s
013265,streetlight,n.,s
013266,strength,n.,s
013267,strengthen,v.,s
013268,strenuous,adj.,s
013269,stress,n.,s
013270,stressor,n.,s
013271,stretch,v.,s
013272,stretcher,n.,s
013273,strew,vt.,s
013274,stricken,v.,s
013275,strict,adj.,s
013276,strictly,adv.,s
013277,stricture,n.,s
013278,stride,v.,s
013279,strident,adj.,s
013280,strife,n.,s
013281,strike,n.,s
013282,strikeout,n.,s
013283,striker,n.,s
013284,striking,adj.,s
013285,strikingly,adv.,s
013286,string,n.,s
013287,stringent,adj.,s
013288,stringy,adj.,s
013289,strip,vt.,s
013290,stripe,n.,s
013291,striped,adj.,s
013292,stripper,n.,s
013293,strive,v.,s
013294,stroke,n.,s
013295,stroll,n.,s
013296,stroller,n.,s
013297,strong,adj.,s
013298,stronghold,n.,s
013299,strongly,adv.,s
013300,structural,adj.,s
013301,structurally,adv.,s
013302,structure,n.,s
013303,struggle,n.,s
013304,struggling,adj.,s
013305,strum,n.,s
013306,strut,n.,s
013307,stub,n.,s
013308,stubble,n.,s
013309,stubborn,adj.,s
013310,stubbornly,adv.,s
013311,stubbornness,n.,s
013312,stubby,adj.,s
013313,stucco,n.,s
013314,stuck,vbl.,s
013315,stud,n.,s
013316,student,n.,s
013317,studied,adj.,s
013318,studio,n.,s
013319,study,n.,s
013320,stuff,n.,s
013321,stuffing,n.,s
013322,stuffy,adj.,s
013323,stumble,v.,s
013324,stump,n.,s
013325,stun,vt.,s
013326,stunning,adj.,s
013327,stunt,v.,s
013328,stunted,adj.,s
013329,stupid,adj.,s
013330,stupidity,n.,s
013331,sturdy,adj.,s
013332,sturgeon,n.,s
013333,stutter,n.,s
013334,style,n.,s
013335,stylish,adj.,s
013336,stylist,n.,s
013337,stylistic,adj.,s
013338,stymie,n.,s
013339,sub,n.,s
013340,subcategory,n.,s
013341,subcommittee,n.,s
013342,subconscious,adj.,s
013343,subcontractor,n.,s
013344,subculture,n.,s
013345,subdivide,v.,s
013346,subdivision,n.,s
013347,subdue,v.,s
013348,subdued,adj.,s
013349,subgroup,n.,s
013350,subject,n.,s
013351,subjective,adj.,s
013352,subjectivity,n.,s
013353,sublime,adj.,s
013354,submarine,n.,s
013355,submerge,v.,s
013356,submerged,adj.,s
013357,submission,n.,s
013358,submissive,adj.,s
013359,submit,v.,s
013360,subordinate,adj.,s
013361,subordination,n.,s
013362,subpoena,n.,s
013363,subscribe,v.,s
013364,subscriber,n.,s
013365,subscription,n.,s
013366,subsequent,adj.,s
013367,subsequently,adv.,s
013368,subset,n.,s
013369,subside,v.,s
013370,subsidiary,adj.,s
013371,subsidize,v.,s
013372,subsidy,n.,s
013373,subsist,v.,s
013374,subsistence,n.,s
013375,substance,n.,s
013376,substandard,adj.,s
013377,substantial,adj.,s
013378,substantially,adv.,s
013379,substantiate,vt.,s
013380,substantive,adj.,s
013381,substitute,n.,s
013382,substitution,n.,s
013383,substrate,n.,s
013384,subsume,v.,s
013385,subsystem,n.,s
013386,subterranean,adj.,s
013387,subtitle,n.,s
013388,subtle,adj.,s
013389,subtlety,n.,s
013390,subtly,adv.,s
013391,subtract,v.,s
013392,suburb,n.,s
013393,suburban,adj.,s
013394,suburbia,n.,s
013395,subversion,n.,s
013396,subversive,adj.,s
013397,subvert,vt.,s
013398,subway,n.,s
013399,succeed,vi.,s
013400,success,n.,s
013401,successful,adj.,s
013402,successfully,adv.,s
013403,succession,n.,s
013404,successive,adj.,s
013405,successor,n.,s
013406,succinctly,adv.,s
013407,succulent,adj.,s
013408,succumb,vi.,s
013409,such,adj.,s
013410,suck,v.,s
013411,sucker,n.,s
013412,suction,n.,s
013413,sudden,adj.,s
013414,suddenly,adv.,s
013415,sue,vt.,s
013416,suede,n.,s
013417,suffer,vt.,s
013418,sufferer,n.,s
013419,suffering,n.,s
013420,suffice,vi.,s
013421,sufficient,adj.,s
013422,sufficiently,adv.,s
013423,suffocate,vt.,s
013424,suffrage,n.,s
013425,suffuse,v.,s
013426,sugar,n.,s
013427,sugary,adj.,s
013428,suggest,vt.,s
013429,suggested,,s
013430,suggestion,n.,s
013431,suggestive,adj.,s
013432,suicidal,adj.,s
013433,suicide,n.,s
013434,suit,v.,s
013435,suitability,n.,s
013436,suitable,adj.,s
013437,suitably,adv.,s
013438,suitcase,n.,s
013439,suite,n.,s
013440,suitor,n.,s
013441,sulfur,n.,s
013442,sulk,n.,s
013443,sullen,adj.,s
013444,sully,v.,s
013445,sultan,,s
013446,sultry,adj.,s
013447,sum,n.,s
013448,summarily,adv.,s
013449,summarize,v.,s
013450,summary,n.,s
013451,summation,n.,s
013452,summer,n.,s
013453,summertime,n.,s
013454,summit,n.,s
013455,summon,v.,s
013456,summons,n.,s
013457,sumptuous,adj.,s
013458,sun,n.,s
013459,sunburn,n.,s
013460,sundae,n.,s
013461,sundown,n.,s
013462,sunflower,n.,s
013463,sunken,adj.,s
013464,sunlight,n.,s
013465,sunlit,adj.,s
013466,sunny,adj.,s
013467,sunrise,n.,s
013468,sunscreen,n.,s
013469,sunset,n.,s
013470,sunshine,n.,s
013471,sunspot,n.,s
013472,sup,n.,s
013473,super,n.,s
013474,superb,adj.,s
013475,superbly,adv.,s
013476,supercomputer,n.,s
013477,superconducting,adj.,s
013478,superficial,adj.,s
013479,superficially,adv.,s
013480,superfluous,adj.,s
013481,superhero,n.,s
013482,superhighway,n.,s
013483,superhuman,adj.,s
013484,superimpose,v.,s
013485,superintendent,n.,s
013486,superior,n.,s
013487,superiority,n.,s
013488,supermarket,n.,s
013489,supernatural,adj.,s
013490,supernova,n.,s
013491,superpower,n.,s
013492,supersede,vt.,s
013493,supersonic,adj.,s
013494,superstition,n.,s
013495,superstitious,adj.,s
013496,supervise,v.,s
013497,supervision,n.,s
013498,supervisor,n.,s
013499,supervisory,adj.,s
013500,supper,n.,s
013501,supplant,vt.,s
013502,supple,adj.,s
013503,supplement,n.,s
013504,supplemental,adj.,s
013505,supplementary,n.,s
013506,supplementation,n.,s
013507,supplier,n.,s
013508,supply,n.,s
013509,support,vt.,s
013510,supporter,n.,s
013511,suppose,vt.,s
013512,supposed,adj.,s
013513,supposedly,adv.,s
013514,supposition,n.,s
013515,suppress,vt.,s
013516,suppression,n.,s
013517,supremacist,,s
013518,supremacy,n.,s
013519,supremely,adv.,s
013520,surcharge,n.,s
013521,sure,adj.,s
013522,surely,adv.,s
013523,surf,n.,s
013524,surface,n.,s
013525,surfer,n.,s
013526,surge,n.,s
013527,surgeon,n.,s
013528,surgery,n.,s
013529,surgical,adj.,s
013530,surgically,adv.,s
013531,surly,adj.,s
013532,surmise,v.,s
013533,surmount,vt.,s
013534,surname,n.,s
013535,surpass,vt.,s
013536,surplus,n.,s
013537,surprise,n.,s
013538,surprised,adj.,s
013539,surprising,adj.,s
013540,surprisingly,adv.,s
013541,surrender,vt.,s
013542,surreptitiously,adv.,s
013543,surrogate,n.,s
013544,surround,vt.,s
013545,surrounding,n.,s
013546,surroundings,n.,s
013547,surveillance,n.,s
013548,survey,n.,s
013549,surveyor,n.,s
013550,survival,n.,s
013551,survive,v.,s
013552,survivor,n.,s
013553,susceptibility,n.,s
013554,susceptible,adj.,s
013555,suspect,n.,s
013556,suspend,vt.,s
013557,suspense,n.,s
013558,suspension,n.,s
013559,suspicion,n.,s
013560,suspicious,adj.,s
013561,suspiciously,adv.,s
013562,sustain,vt.,s
013563,sustainable,adj.,s
013564,sustained,adj.,s
013565,sustenance,n.,s
013566,swab,n.,s
013567,swagger,n.,s
013568,swallow,n.,s
013569,swamp,n.,s
013570,swan,n.,s
013571,swap,v.,s
013572,swarm,n.,s
013573,swastika,n.,s
013574,swat,vt.,s
013575,swath,n.,s
013576,sway,v.,s
013577,swear,vi.,s
013578,sweat,n.,s
013579,sweater,n.,s
013580,sweatshop,n.,s
013581,sweaty,adj.,s
013582,sweep,v.,s
013583,sweeping,n.,s
013584,sweet,adj.,s
013585,sweeten,v.,s
013586,sweetener,n.,s
013587,sweetheart,n.,s
013588,sweetie,n.,s
013589,sweetly,adv.,s
013590,sweetness,n.,s
013591,swell,v.,s
013592,swelling,n.,s
013593,sweltering,adj.,s
013594,swerve,v.,s
013595,swift,n.,s
013596,swiftly,adv.,s
013597,swig,n.,s
013598,swim,n.,s
013599,swimmer,n.,s
013600,swimming,n.,s
013601,swimsuit,n.,s
013602,swine,n.,s
013603,swing,v.,s
013604,swipe,n.,s
013605,swirl,n.,s
013606,swish,n.,s
013607,switch,n.,s
013608,swivel,v.,s
013609,swollen,adj.,s
013610,swoon,vi.,s
013611,swoop,n.,s
013612,sword,n.,s
013613,swordfish,n.,s
013614,sworn,vbl.,s
013615,syllable,n.,s
013616,syllabus,n.,s
013617,symbiotic,adj.,s
013618,symbol,n.,s
013619,symbolic,adj.,s
013620,symbolically,adv.,s
013621,symbolism,n.,s
013622,symbolize,vt.,s
013623,symmetrical,adj.,s
013624,symmetry,n.,s
013625,sympathetic,adj.,s
013626,sympathetically,adv.,s
013627,sympathize,vi.,s
013628,sympathizer,n.,s
013629,sympathy,n.,s
013630,symphony,n.,s
013631,symposium,n.,s
013632,symptom,n.,s
013633,symptomatic,adj.,s
013634,synagogue,n.,s
013635,synchronize,v.,s
013636,syndicate,n.,s
013637,syndrome,n.,s
013638,synonym,n.,s
013639,synonymous,adj.,s
013640,synopsis,n.,s
013641,syntax,n.,s
013642,synthesis,n.,s
013643,synthesize,v.,s
013644,synthesizer,n.,s
013645,synthetic,adj.,s
013646,syphilis,n.,s
013647,syringe,n.,s
013648,syrup,n.,s
013649,system,n.,s
013650,systematic,adj.,s
013651,systematically,adv.,s
013652,systemic,adj.,s
013653,ta,,t
013654,tab,n.,t
013655,table,n.,t
013656,tableau,n.,t
013657,tablecloth,n.,t
013658,tablespoon,n.,t
013659,tablet,n.,t
013660,tabletop,n.,t
013661,tabloid,n.,t
013662,taboo,n.,t
013663,tabulate,vt.,t
013664,tacit,adj.,t
013665,tack,n.,t
013666,tackle,n.,t
013667,tacky,adj.,t
013668,tact,n.,t
013669,tactic,n.,t
013670,tactical,adj.,t
013671,tactile,adj.,t
013672,tad,n.,t
013673,tag,n.,t
013674,tail,n.,t
013675,tailored,adj.,t
013676,taint,v.,t
013677,take,v.,t
013678,taking,n.,t
013679,tale,n.,t
013680,talent,n.,t
013681,talented,adj.,t
013682,talk,v.,t
013683,talkative,adj.,t
013684,talker,n.,t
013685,talking,adj.,t
013686,tall,adj.,t
013687,tally,n.,t
013688,talon,n.,t
013689,tamale,n.,t
013690,tame,adj.,t
013691,tamper,vi.,t
013692,tan,n.,t
013693,tandem,adv.,t
013694,tangible,adj.,t
013695,tangle,n.,t
013696,tango,n.,t
013697,tangy,adj.,t
013698,tank,n.,t
013699,tanker,n.,t
013700,tantalize,vt.,t
013701,tantalizing,adj.,t
013702,tantamount,adj.,t
013703,tantrum,n.,t
013704,tap,n.,t
013705,tape,n.,t
013706,taper,n.,t
013707,tapestry,n.,t
013708,tar,n.,t
013709,target,n.,t
013710,tariff,n.,t
013711,tarmac,n.,t
013712,tarnish,v.,t
013713,tarp,n.,t
013714,tarragon,n.,t
013715,tart,adj.,t
013716,task,n.,t
013717,taste,v.,t
013718,tasteful,adj.,t
013719,tasteless,adj.,t
013720,tasty,adj.,t
013721,tattered,adj.,t
013722,tattoo,v.,t
013723,taunt,n.,t
013724,taut,adj.,t
013725,tavern,n.,t
013726,tawny,n.,t
013727,tax,n.,t
013728,taxable,adj.,t
013729,taxation,n.,t
013730,taxi,n.,t
013731,taxing,adj.,t
013732,taxonomy,n.,t
013733,taxpayer,n.,t
013734,tea,n.,t
013735,teach,v.,t
013736,teacher,n.,t
013737,teaching,n.,t
013738,teacup,n.,t
013739,teak,n.,t
013740,team,n.,t
013741,teammate,n.,t
013742,teamwork,n.,t
013743,teapot,n.,t
013744,tear,n.,t
013745,tearful,adj.,t
013746,tease,n.,t
013747,teaspoon,n.,t
013748,tech,n.,t
013749,technical,adj.,t
013750,technicality,n.,t
013751,technically,adv.,t
013752,technician,n.,t
013753,technique,n.,t
013754,technological,adj.,t
013755,technologically,adv.,t
013756,technologist,n.,t
013757,technology,n.,t
013758,teddy,n.,t
013759,tedious,adj.,t
013760,tee,n.,t
013761,teeming,adj.,t
013762,teen,n.,t
013763,teenage,adj.,t
013764,teenager,n.,t
013765,teeter,v.,t
013766,telecast,v.,t
013767,telecom,,t
013768,telegram,n.,t
013769,telegraph,n.,t
013770,telephone,n.,t
013771,telescope,n.,t
013772,telescopic,adj.,t
013773,televise,v.,t
013774,television,n.,t
013775,tell,vt.,t
013776,teller,n.,t
013777,telling,adj.,t
013778,telltale,n.,t
013779,temper,n.,t
013780,temperament,n.,t
013781,temperamental,adj.,t
013782,temperate,adj.,t
013783,temperature,n.,t
013784,template,n.,t
013785,temple,n.,t
013786,tempo,n.,t
013787,temporal,adj.,t
013788,temporarily,adv.,t
013789,temporary,adj.,t
013790,tempt,vt.,t
013791,temptation,n.,t
013792,tempting,adj.,t
013793,ten,num.,t
013794,tenacious,adj.,t
013795,tenacity,n.,t
013796,tenant,n.,t
013797,tend,vi.,t
013798,tendency,n.,t
013799,tender,adj.,t
013800,tenderloin,n.,t
013801,tenderly,adv.,t
013802,tenderness,n.,t
013803,tendon,n.,t
013804,tendril,n.,t
013805,tenement,n.,t
013806,tenet,n.,t
013807,tennis,n.,t
013808,tenor,n.,t
013809,tense,adj.,t
013810,tension,n.,t
013811,tent,n.,t
013812,tentacle,n.,t
013813,tentative,n.,t
013814,tentatively,adv.,t
013815,tenth,num.,t
013816,tenuous,adj.,t
013817,tenure,n.,t
013818,tepid,adj.,t
013819,tequila,n.,t
013820,term,n.,t
013821,terminal,n.,t
013822,terminally,adv.,t
013823,terminate,v.,t
013824,termination,n.,t
013825,terminology,n.,t
013826,termite,n.,t
013827,tern,n.,t
013828,terrace,n.,t
013829,terrain,n.,t
013830,terrestrial,adj.,t
013831,terrible,adj.,t
013832,terribly,adv.,t
013833,terrier,n.,t
013834,terrific,adj.,t
013835,terrified,adj.,t
013836,terrify,vt.,t
013837,terrifying,,t
013838,territorial,adj.,t
013839,territory,n.,t
013840,terror,n.,t
013841,terrorism,n.,t
013842,terrorist,n.,t
013843,terrorize,vt.,t
013844,terse,adj.,t
013845,tertiary,adj.,t
013846,test,n.,t
013847,testament,n.,t
013848,tester,n.,t
013849,testicle,n.,t
013850,testify,v.,t
013851,testimonial,n.,t
013852,testimony,n.,t
013853,testing,n.,t
013854,testosterone,n.,t
013855,tether,n.,t
013856,text,n.,t
013857,textbook,n.,t
013858,textile,n.,t
013859,textual,adj.,t
013860,texture,n.,t
013861,textured,adj.,t
013862,than,conj.,t
013863,thank,vt.,t
013864,thankful,adj.,t
013865,thankfully,adv.,t
013866,thanks,n.,t
013867,that,adj.,t
013868,thaw,n.,t
013869,the,art.,t
013870,theater,n.,t
013871,theatrical,adj.,t
013872,thee,pron.,t
013873,theft,n.,t
013874,their,pron.,t
013875,theirs,pron.,t
013876,them,pron.,t
013877,thematic,adj.,t
013878,theme,n.,t
013879,themselves,pron.,t
013880,then,adv.,t
013881,theologian,n.,t
013882,theological,adj.,t
013883,theologically,adv.,t
013884,theology,n.,t
013885,theorem,n.,t
013886,theoretical,,t
013887,theoretically,adv.,t
013888,theorist,n.,t
013889,theorize,v.,t
013890,theory,n.,t
013891,therapeutic,adj.,t
013892,therapist,n.,t
013893,therapy,n.,t
013894,there,adv.,t
013895,thereafter,adv.,t
013896,thereby,adv.,t
013897,therefore,adv.,t
013898,therein,adv.,t
013899,thereof,adv.,t
013900,thermal,adj.,t
013901,thermometer,n.,t
013902,thermos,n.,t
013903,thermostat,n.,t
013904,these,adj.,t
013905,thesis,n.,t
013906,they,pron.,t
013907,thick,adj.,t
013908,thicken,v.,t
013909,thicket,n.,t
013910,thickly,adv.,t
013911,thickness,n.,t
013912,thief,n.,t
013913,thigh,n.,t
013914,thin,adj.,t
013915,thing,n.,t
013916,think,v.,t
013917,thinker,n.,t
013918,thinking,n.,t
013919,thinly,adv.,t
013920,third,num.,t
013921,thirst,n.,t
013922,thirsty,adj.,t
013923,thirteen,num.,t
013924,thirteenth,num.,t
013925,thirty,num.,t
013926,this,adj.,t
013927,thistle,n.,t
013928,thong,n.,t
013929,thorn,n.,t
013930,thorny,adj.,t
013931,thorough,adj.,t
013932,thoroughfare,n.,t
013933,thoroughly,adv.,t
013934,those,adj.,t
013935,thou,pro.,t
013936,though,adv.,t
013937,thought,n.,t
013938,thoughtful,adj.,t
013939,thoughtfully,adv.,t
013940,thousand,num.,t
013941,thrash,vt.,t
013942,thread,n.,t
013943,threadbare,adj.,t
013944,threat,n.,t
013945,threaten,vt.,t
013946,threatening,adj.,t
013947,three,num.,t
013948,threshold,n.,t
013949,thrift,n.,t
013950,thrill,v.,t
013951,thriller,n.,t
013952,thrilling,adj.,t
013953,thrive,v.,t
013954,throat,n.,t
013955,throb,n.,t
013956,throne,n.,t
013957,throng,v.,t
013958,throttle,v.,t
013959,through,prep.,t
013960,throughout,prep.,t
013961,throw,n.,t
013962,throwback,n.,t
013963,thrust,n.,t
013964,thud,n.,t
013965,thug,n.,t
013966,thumb,n.,t
013967,thumbnail,n.,t
013968,thump,v.,t
013969,thunder,n.,t
013970,thunderous,adj.,t
013971,thunderstorm,n.,t
013972,thus,adv.,t
013973,thwart,adj.,t
013974,thy,pron.,t
013975,thyme,n.,t
013976,thyroid,n.,t
013977,tic,n.,t
013978,tick,n.,t
013979,ticker,n.,t
013980,ticket,n.,t
013981,ticking,n.,t
013982,tickle,n.,t
013983,tidal,adj.,t
013984,tidbit,n.,t
013985,tide,n.,t
013986,tidy,n.,t
013987,tie,n.,t
013988,tier,n.,t
013989,tiger,n.,t
013990,tight,adj.,t
013991,tighten,v.,t
013992,tightly,adv.,t
013993,tightness,n.,t
013994,tightrope,n.,t
013995,tights,n.,t
013996,tile,n.,t
013997,tiled,adj.,t
013998,till,prep.,t
013999,tilt,v.,t
014000,timber,n.,t
014001,timbre,n.,t
014002,time,n.,t
014003,timeless,adj.,t
014004,timely,adj.,t
014005,timer,n.,t
014006,timetable,n.,t
014007,timid,adj.,t
014008,timing,n.,t
014009,tin,n.,t
014010,tinge,n.,t
014011,tingle,vi.,t
014012,tinker,vi.,t
014013,tint,n.,t
014014,tiny,adj.,t
014015,tip,n.,t
014016,tiptoe,n.,t
014017,tirade,n.,t
014018,tire,n.,t
014019,tired,adj.,t
014020,tireless,adj.,t
014021,tirelessly,adv.,t
014022,tiresome,adj.,t
014023,tiring,adj.,t
014024,tissue,n.,t
014025,tit,n.,t
014026,titan,n.,t
014027,titanic,adj.,t
014028,titanium,n.,t
014029,title,n.,t
014030,to,prep.,t
014031,toad,n.,t
014032,toast,n.,t
014033,toaster,n.,t
014034,tobacco,n.,t
014035,today,adv.,t
014036,toddler,n.,t
014037,toe,n.,t
014038,toenail,n.,t
014039,together,adv.,t
014040,toil,n.,t
014041,toilet,n.,t
014042,token,n.,t
014043,tolerable,adj.,t
014044,tolerance,n.,t
014045,tolerant,adj.,t
014046,tolerate,vt.,t
014047,toll,n.,t
014048,tomato,n.,t
014049,tomb,n.,t
014050,tombstone,n.,t
014051,tome,n.,t
014052,tomography,n.,t
014053,tomorrow,adv.,t
014054,tonal,adj.,t
014055,tone,n.,t
014056,tongs,n.,t
014057,tongue,n.,t
014058,tonic,adj.,t
014059,tonight,adv.,t
014060,too,adv.,t
014061,tool,n.,t
014062,toolbox,n.,t
014063,tooth,n.,t
014064,toothbrush,n.,t
014065,toothless,adj.,t
014066,toothpaste,n.,t
014067,toothpick,n.,t
014068,top,n.,t
014069,topic,n.,t
014070,topical,adj.,t
014071,topless,adj.,t
014072,topography,n.,t
014073,topping,adj.,t
014074,topple,v.,t
014075,topsoil,n.,t
014076,torch,n.,t
014077,torment,n.,t
014078,torn,vbl.,t
014079,tornado,n.,t
014080,torpedo,n.,t
014081,torque,n.,t
014082,torrent,n.,t
014083,torso,,t
014084,tort,n.,t
014085,tortilla,n.,t
014086,tortoise,n.,t
014087,torture,n.,t
014088,toss,v.,t
014089,tot,n.,t
014090,total,n.,t
014091,totalitarian,adj.,t
014092,totalitarianism,n.,t
014093,totality,n.,t
014094,totally,adv.,t
014095,tote,vt.,t
014096,totem,n.,t
014097,touch,n.,t
014098,touchdown,n.,t
014099,touching,adj.,t
014100,touchstone,n.,t
014101,touchy,adj.,t
014102,tough,n.,t
014103,toughen,v.,t
014104,toughness,n.,t
014105,tour,n.,t
014106,tourism,n.,t
014107,tourist,n.,t
014108,tournament,n.,t
014109,tout,v.,t
014110,tow,n.,t
014111,toward,prep.,t
014112,towards,prep.,t
014113,towel,n.,t
014114,tower,n.,t
014115,towering,adj.,t
014116,town,n.,t
014117,townhouse,n.,t
014118,township,n.,t
014119,townspeople,n.,t
014120,toxic,adj.,t
014121,toxicity,n.,t
014122,toxin,n.,t
014123,trace,n.,t
014124,tracer,n.,t
014125,track,n.,t
014126,tracker,n.,t
014127,tracking,,t
014128,tract,n.,t
014129,traction,n.,t
014130,tractor,n.,t
014131,trade,n.,t
014132,trademark,n.,t
014133,trader,n.,t
014134,trading,n.,t
014135,tradition,n.,t
014136,traditional,adj.,t
014137,traditionally,adv.,t
014138,traffic,n.,t
014139,trafficker,n.,t
014140,tragedy,n.,t
014141,tragic,adj.,t
014142,tragically,adv.,t
014143,trail,n.,t
014144,trailer,n.,t
014145,trailhead,n.,t
014146,trailing,n.,t
014147,train,n.,t
014148,trainee,n.,t
014149,trainer,n.,t
014150,training,n.,t
014151,trait,n.,t
014152,traitor,n.,t
014153,trajectory,n.,t
014154,tram,n.,t
014155,tramp,v.,t
014156,trample,n.,t
014157,trance,n.,t
014158,tranquil,adj.,t
014159,tranquility,n.,t
014160,tranquilizer,n.,t
014161,transaction,n.,t
014162,transatlantic,adj.,t
014163,transcend,vt.,t
014164,transcendence,n.,t
014165,transcendent,adj.,t
014166,transcendental,,t
014167,transcribe,v.,t
014168,transcript,n.,t
014169,transcription,n.,t
014170,transducer,n.,t
014171,transfer,n.,t
014172,transfix,vt.,t
014173,transform,vt.,t
014174,transformation,,t
014175,transformative,adj.,t
014176,transformer,n.,t
014177,transfusion,n.,t
014178,transgression,n.,t
014179,transient,adj.,t
014180,transistor,n.,t
014181,transit,n.,t
014182,transition,n.,t
014183,transitional,adj.,t
014184,transitory,adj.,t
014185,translate,vt.,t
014186,translation,n.,t
014187,translator,n.,t
014188,translucent,adj.,t
014189,transmission,n.,t
014190,transmit,vt.,t
014191,transmitter,n.,t
014192,transom,n.,t
014193,transparency,n.,t
014194,transparent,adj.,t
014195,transpire,vt.,t
014196,transplant,v.,t
014197,transplantation,n.,t
014198,transport,n.,t
014199,transportation,,t
014200,trap,n.,t
014201,trapper,n.,t
014202,trappings,n.,t
014203,trash,n.,t
014204,trauma,n.,t
014205,traumatic,adj.,t
014206,traumatize,vt.,t
014207,travail,n.,t
014208,travel,v.,t
014209,traveler,,t
014210,traveling,v.,t
014211,traverse,n.,t
014212,travesty,n.,t
014213,trawl,n.,t
014214,trawler,n.,t
014215,tray,n.,t
014216,treacherous,adj.,t
014217,treachery,n.,t
014218,tread,n.,t
014219,treadmill,n.,t
014220,treason,n.,t
014221,treasure,n.,t
014222,treasurer,n.,t
014223,treasury,n.,t
014224,treat,n.,t
014225,treatise,n.,t
014226,treatment,n.,t
014227,treaty,n.,t
014228,tree,n.,t
014229,treetop,n.,t
014230,trek,vi.,t
014231,tremble,n.,t
014232,trembling,n.,t
014233,tremendous,adj.,t
014234,tremendously,adv.,t
014235,tremor,n.,t
014236,trench,n.,t
014237,trend,n.,t
014238,trendy,n.,t
014239,trepidation,n.,t
014240,trespass,n.,t
014241,triad,n.,t
014242,trial,n.,t
014243,triangle,n.,t
014244,triangular,adj.,t
014245,tribal,adj.,t
014246,tribe,n.,t
014247,tribesman,n.,t
014248,tribulation,n.,t
014249,tribunal,n.,t
014250,tributary,adj.,t
014251,tribute,n.,t
014252,trick,n.,t
014253,trickle,v.,t
014254,trickster,n.,t
014255,tricky,adj.,t
014256,tried,adj.,t
014257,trifle,n.,t
014258,trigger,vt.,t
014259,trillion,num.,t
014260,trilogy,n.,t
014261,trim,adj.,t
014262,trimester,n.,t
014263,trimming,v.,t
014264,trinket,n.,t
014265,trio,n.,t
014266,trip,n.,t
014267,triple,n.,t
014268,triplet,n.,t
014269,tripod,n.,t
014270,triumph,n.,t
014271,triumphant,adj.,t
014272,triumphantly,adv.,t
014273,trivia,n.,t
014274,trivial,adj.,t
014275,trivialize,vt.,t
014276,troll,vi.,t
014277,trolley,n.,t
014278,troop,n.,t
014279,trooper,n.,t
014280,trope,n.,t
014281,trophy,n.,t
014282,tropical,adj.,t
014283,trot,v.,t
014284,trouble,n.,t
014285,troubled,adj.,t
014286,troublemaker,n.,t
014287,troublesome,adj.,t
014288,trough,n.,t
014289,troupe,n.,t
014290,trousers,n.,t
014291,trout,n.,t
014292,trove,n.,t
014293,truce,n.,t
014294,truck,n.,t
014295,trucker,n.,t
014296,trucking,n.,t
014297,truckload,n.,t
014298,trudge,v.,t
014299,TRUE,adj.,t
014300,truffle,n.,t
014301,truly,adv.,t
014302,trump,n.,t
014303,trumpet,n.,t
014304,trunk,n.,t
014305,trust,vt.,t
014306,trustee,n.,t
014307,trusting,adj.,t
014308,trustworthy,adj.,t
014309,trusty,adj.,t
014310,truth,n.,t
014311,truthful,adj.,t
014312,truthfully,adv.,t
014313,try,n.,t
014314,trying,adj.,t
014315,tryout,n.,t
014316,tsunami,n.,t
014317,tube,n.,t
014318,tuber,n.,t
014319,tuberculosis,n.,t
014320,tubing,n.,t
014321,tubular,adj.,t
014322,tuck,n.,t
014323,tuft,n.,t
014324,tug,v.,t
014325,tuition,n.,t
014326,tulip,n.,t
014327,tumble,n.,t
014328,tumbler,n.,t
014329,tumbling,n.,t
014330,tummy,n.,t
014331,tumult,n.,t
014332,tumultuous,adj.,t
014333,tuna,n.,t
014334,tundra,n.,t
014335,tune,n.,t
014336,tunic,n.,t
014337,tuning,n.,t
014338,tunnel,n.,t
014339,turban,n.,t
014340,turbine,n.,t
014341,turbulence,n.,t
014342,turbulent,adj.,t
014343,turf,n.,t
014344,turkey,n.,t
014345,turmoil,n.,t
014346,turn,n.,t
014347,turnaround,n.,t
014348,turning,n.,t
014349,turnip,n.,t
014350,turnout,n.,t
014351,turnover,n.,t
014352,turntable,n.,t
014353,turpentine,n.,t
014354,turquoise,n.,t
014355,turret,n.,t
014356,turtle,n.,t
014357,turtleneck,n.,t
014358,tusk,n.,t
014359,tutelage,n.,t
014360,tutor,n.,t
014361,tutorial,n.,t
014362,tuxedo,n.,t
014363,tweak,v.,t
014364,tweed,n.,t
014365,twelfth,num.,t
014366,twelve,num.,t
014367,twentieth,adj.,t
014368,twenty,num.,t
014369,twice,adv.,t
014370,twig,n.,t
014371,twilight,n.,t
014372,twin,n.,t
014373,twine,n.,t
014374,twinge,n.,t
014375,twinkle,v.,t
014376,twirl,vt.,t
014377,twist,n.,t
014378,twitch,v.,t
014379,two,num.,t
014380,twofold,adj.,t
014381,tycoon,n.,t
014382,type,n.,t
014383,typewriter,n.,t
014384,typical,adj.,t
014385,typically,adv.,t
014386,typify,v.,t
014387,typing,n.,t
014388,typology,n.,t
014389,tyranny,n.,t
014390,tyrant,n.,t
014391,ubiquitous,adj.,u
014392,ugh,int.,u
014393,ugliness,n.,u
014394,ugly,adj.,u
014395,uh,,u
014396,ulcer,n.,u
014397,ultimate,adj.,u
014398,ultimately,adv.,u
014399,ultimatum,n.,u
014400,ultra,adj.,u
014401,ultrasound,n.,u
014402,ultraviolet,adj.,u
014403,umbilical,adj.,u
014404,umbrella,n.,u
014405,umpire,n.,u
014406,unabashed,adj.,u
014407,unable,adj.,u
014408,unacceptable,adj.,u
014409,unaccustomed,adj.,u
014410,unaffected,adj.,u
014411,unambiguous,adj.,u
014412,unanimity,n.,u
014413,unanimous,adj.,u
014414,unanimously,,u
014415,unannounced,adj.,u
014416,unanswered,adj.,u
014417,unarmed,adj.,u
014418,unassuming,adj.,u
014419,unattainable,adj.,u
014420,unattended,adj.,u
014421,unattractive,adj.,u
014422,unauthorized,adj.,u
014423,unavailable,adj.,u
014424,unavoidable,adj.,u
014425,unaware,adj.,u
014426,unbalanced,adj.,u
014427,unbearable,adj.,u
014428,unbeaten,adj.,u
014429,unbelievable,adj.,u
014430,unbelievably,adv.,u
014431,unbiased,adj.,u
014432,unborn,adj.,u
014433,unbridled,adj.,u
014434,unbroken,adj.,u
014435,unbutton,vt.,u
014436,uncanny,adj.,u
014437,uncertain,adj.,u
014438,uncertainty,n.,u
014439,unchallenged,adj.,u
014440,unchanged,adj.,u
014441,uncharted,adj.,u
014442,unchecked,adj.,u
014443,uncle,n.,u
014444,unclear,adj.,u
014445,uncomfortable,adj.,u
014446,uncomfortably,adv.,u
014447,uncommon,adj.,u
014448,uncompromising,,u
014449,unconcerned,adj.,u
014450,unconditional,adj.,u
014451,unconditionally,adv.,u
014452,unconscionable,adj.,u
014453,unconscious,adj.,u
014454,unconsciously,adv.,u
014455,unconstitutional,adj.,u
014456,uncontrollable,adj.,u
014457,uncontrolled,adj.,u
014458,unconventional,,u
014459,uncooked,adj.,u
014460,uncover,vt.,u
014461,undaunted,adj.,u
014462,undecided,adj.,u
014463,undeniable,adj.,u
014464,under,prep.,u
014465,underage,n.,u
014466,underbrush,n.,u
014467,underclass,n.,u
014468,undercover,adj.,u
014469,undercurrent,n.,u
014470,undercut,n.,u
014471,underdeveloped,adj.,u
014472,underdog,n.,u
014473,underestimate,vt.,u
014474,underfoot,adv.,u
014475,undergo,vt.,u
014476,undergraduate,n.,u
014477,underground,adj.,u
014478,underlie,vt.,u
014479,underline,vt.,u
014480,underlying,adj.,u
014481,undermine,v.,u
014482,underneath,adv.,u
014483,underpants,,u
014484,underpin,v.,u
014485,underpinning,n.,u
014486,underscore,vt.,u
014487,undersea,adj.,u
014488,undersecretary,n.,u
014489,underserved,adj.,u
014490,underside,n.,u
014491,understand,v.,u
014492,understandable,adj.,u
014493,understandably,adv.,u
014494,understanding,n.,u
014495,understate,v.,u
014496,understatement,n.,u
014497,undertake,vt.,u
014498,undertaking,n.,u
014499,undertone,n.,u
014500,undervalue,v.,u
014501,underwater,adj.,u
014502,underway,adj.,u
014503,underwear,n.,u
014504,underworld,n.,u
014505,underwrite,vt.,u
014506,underwriter,n.,u
014507,underwriting,n.,u
014508,undesirable,adj.,u
014509,undetected,adj.,u
014510,undeveloped,adj.,u
014511,undiscovered,adj.,u
014512,undisputed,adj.,u
014513,undisturbed,adj.,u
014514,undo,vt.,u
014515,undocumented,adj.,u
014516,undoubtedly,adv.,u
014517,undress,vt.,u
014518,undue,adj.,u
014519,unduly,adv.,u
014520,unearth,v.,u
014521,unease,n.,u
014522,uneasily,adv.,u
014523,uneasiness,n.,u
014524,uneasy,adj.,u
014525,uneducated,adj.,u
014526,unemployed,adj.,u
014527,unemployment,n.,u
014528,unending,adj.,u
014529,unequal,adj.,u
014530,unequivocal,adj.,u
014531,uneven,adj.,u
014532,unevenly,adv.,u
014533,unexpected,adj.,u
014534,unexpectedly,adv.,u
014535,unfair,adj.,u
014536,unfaithful,adj.,u
014537,unfamiliar,adj.,u
014538,unfathomable,adj.,u
014539,unfavorable,adj.,u
014540,unfettered,adj.,u
014541,unfinished,adj.,u
014542,unfit,adj.,u
014543,unfold,vt.,u
014544,unforeseen,adj.,u
014545,unforgettable,adj.,u
014546,unforgiving,adj.,u
014547,unfortunate,adj.,u
014548,unfortunately,adv.,u
014549,unfounded,adj.,u
014550,unfriendly,adv.,u
014551,unfurl,vt.,u
014552,unhappily,adv.,u
014553,unhappy,adj.,u
014554,unharmed,adj.,u
014555,unhealthy,adj.,u
014556,unheard,adj.,u
014557,unholy,adj.,u
014558,unhook,vt.,u
014559,unicorn,n.,u
014560,unidentified,adj.,u
014561,unification,n.,u
014562,uniform,adj.,u
014563,uniformity,n.,u
014564,uniformly,adv.,u
014565,unify,vt.,u
014566,unilateral,adj.,u
014567,unimaginable,adj.,u
014568,unimportant,adj.,u
014569,uninformed,adj.,u
014570,uninsured,adj.,u
014571,unintentional,adj.,u
014572,uninterested,adj.,u
014573,uninterrupted,adj.,u
014574,uninvited,adj.,u
014575,union,n.,u
014576,unique,adj.,u
014577,uniquely,adv.,u
014578,unison,n.,u
014579,unit,n.,u
014580,unitary,adj.,u
014581,unite,v.,u
014582,unity,n.,u
014583,universal,adj.,u
014584,universality,n.,u
014585,universally,adv.,u
014586,universe,n.,u
014587,university,n.,u
014588,unjust,adj.,u
014589,unkind,adj.,u
014590,unknowingly,adv.,u
014591,unknown,adj.,u
014592,unlawful,adj.,u
014593,unleash,v.,u
014594,unless,conj.,u
014595,unlicensed,adj.,u
014596,unlike,adj.,u
014597,unlikely,adj.,u
014598,unlimited,adj.,u
014599,unload,vi.,u
014600,unlock,vt.,u
014601,unlucky,a.,u
014602,unmanned,adj.,u
014603,unmarked,adj.,u
014604,unmarried,adj.,u
014605,unmask,vi.,u
014606,unmatched,adj.,u
014607,unmistakable,adj.,u
014608,unmistakably,adv.,u
014609,unnatural,adj.,u
014610,unnecessarily,adv.,u
014611,unnecessary,adj.,u
014612,unnerve,vt.,u
014613,unnoticed,adj.,u
014614,unoccupied,adj.,u
014615,unofficial,adj.,u
014616,unopened,adj.,u
014617,unorthodox,adj.,u
014618,unpack,v.,u
014619,unpaid,adj.,u
014620,unparalleled,adj.,u
014621,unpleasant,adj.,u
014622,unpopular,adj.,u
014623,unprecedented,adj.,u
014624,unpredictable,adj.,u
014625,unprepared,adj.,u
014626,unpretentious,adj.,u
014627,unproductive,adj.,u
014628,unprofitable,adj.,u
014629,unqualified,adj.,u
014630,unquestionably,adv.,u
014631,unquestioned,adj.,u
014632,unravel,v.,u
014633,unreal,adj.,u
014634,unrealistic,adj.,u
014635,unreasonable,adj.,u
014636,unrecognized,adj.,u
014637,unrelenting,adj.,u
014638,unreliable,adj.,u
014639,unresponsive,adj.,u
014640,unrest,n.,u
014641,unrestricted,adj.,u
014642,unruly,adj.,u
014643,unsafe,adj.,u
014644,unsalted,adj.,u
014645,unsatisfactory,adj.,u
014646,unsavory,adj.,u
014647,unscathed,adj.,u
014648,unscrew,v.,u
014649,unscrupulous,adj.,u
014650,unseat,vt.,u
014651,unseen,adj.,u
014652,unsettle,v.,u
014653,unsettled,adj.,u
014654,unskilled,adj.,u
014655,unsolicited,adj.,u
014656,unsolved,adj.,u
014657,unspeakable,adj.,u
014658,unspecified,adj.,u
014659,unspoken,adj.,u
014660,unstable,adj.,u
014661,unsteady,adj.,u
014662,unsuccessful,adj.,u
014663,unsuccessfully,adv.,u
014664,unsuitable,adj.,u
014665,unsure,adj.,u
014666,unsuspecting,adj.,u
014667,untangle,v.,u
014668,untapped,adj.,u
014669,untenable,adj.,u
014670,unthinkable,adj.,u
014671,untie,vt.,u
014672,until,prep.,u
014673,untimely,adj.,u
014674,untitled,adj.,u
014675,unto,prep.,u
014676,untold,adj.,u
014677,untouchable,n.,u
014678,untouched,adj.,u
014679,untrained,adj.,u
014680,untrue,adj.,u
014681,unused,adj.,u
014682,unusual,adj.,u
014683,unusually,adv.,u
014684,unveil,vt.,u
014685,unwanted,adj.,u
014686,unwarranted,adj.,u
014687,unwavering,adj.,u
014688,unwed,adj.,u
014689,unwelcome,adj.,u
014690,unwieldy,adj.,u
014691,unwilling,adj.,u
014692,unwillingness,n.,u
014693,unwind,vt.,u
014694,unwise,adj.,u
014695,unwitting,adj.,u
014696,unwittingly,adv.,u
014697,unworthy,adj.,u
014698,unwrap,vt.,u
014699,unwritten,adj.,u
014700,unyielding,adj.,u
014701,unzip,vi.,u
014702,up,adv.,u
014703,upbeat,n.,u
014704,upbringing,n.,u
014705,upcoming,adj.,u
014706,update,v.,u
014707,upgrade,n.,u
014708,upheaval,n.,u
014709,uphill,n.,u
014710,uphold,vt.,u
014711,upholstery,n.,u
014712,upkeep,n.,u
014713,upland,n.,u
014714,uplift,v.,u
014715,upload,,u
014716,upon,prep.,u
014717,upper,adj.,u
014718,upright,adj.,u
014719,uprising,n.,u
014720,upriver,adj.,u
014721,uproar,n.,u
014722,uproot,vt.,u
014723,upscale,adj.,u
014724,upset,vt.,u
014725,upsetting,adj.,u
014726,upshot,n.,u
014727,upside,n.,u
014728,upstairs,adv.,u
014729,upstart,n.,u
014730,upstate,adj.,u
014731,upstream,adv.,u
014732,upswing,n.,u
014733,uptake,n.,u
014734,uptight,adj.,u
014735,uptown,adv.,u
014736,upturned,adj.,u
014737,upward,adj.,u
014738,upwards,adv.,u
014739,uranium,n.,u
014740,urban,adj.,u
014741,urbanization,n.,u
014742,urchin,n.,u
014743,urge,vt.,u
014744,urgency,n.,u
014745,urgent,adj.,u
014746,urgently,adv.,u
014747,urinary,adj.,u
014748,urinate,vi.,u
014749,urine,n.,u
014750,urn,n.,u
014751,us,pron.,u
014752,usable,adj.,u
014753,usage,n.,u
014754,use,vt.,u
014755,used,adj.,u
014756,useful,adj.,u
014757,usefulness,n.,u
014758,useless,adj.,u
014759,user,n.,u
014760,usher,n.,u
014761,usual,adj.,u
014762,usually,adv.,u
014763,usurp,v.,u
014764,utensil,n.,u
014765,uterine,adj.,u
014766,uterus,n.,u
014767,utilitarian,adj.,u
014768,utility,n.,u
014769,utilization,n.,u
014770,utilize,vt.,u
014771,utmost,n.,u
014772,utopia,n.,u
014773,utopian,adj.,u
014774,utter,adj.,u
014775,utterance,n.,u
014776,utterly,adv.,u
014777,vacancy,n.,v
014778,vacant,adj.,v
014779,vacate,v.,v
014780,vacation,n.,v
014781,vacationer,n.,v
014782,vaccinate,v.,v
014783,vaccination,n.,v
014784,vaccine,adj.,v
014785,vacuum,n.,v
014786,vagina,n.,v
014787,vaginal,adj.,v
014788,vague,adj.,v
014789,vaguely,adv.,v
014790,vain,adj.,v
014791,valet,n.,v
014792,valiant,adj.,v
014793,valid,adj.,v
014794,validate,vt.,v
014795,validation,n.,v
014796,validity,n.,v
014797,valley,n.,v
014798,valor,n.,v
014799,valuable,adj.,v
014800,valuation,n.,v
014801,value,n.,v
014802,valued,adj.,v
014803,valve,n.,v
014804,vampire,n.,v
014805,vandal,n.,v
014806,vandalism,n.,v
014807,vanguard,n.,v
014808,vanilla,n.,v
014809,vanish,vi.,v
014810,vanity,n.,v
014811,vantage,n.,v
014812,vapor,n.,v
014813,vaporize,v.,v
014814,variability,n.,v
014815,variable,n.,v
014816,variance,n.,v
014817,variant,adj.,v
014818,variation,n.,v
014819,varied,adj.,v
014820,variegated,adj.,v
014821,variety,n.,v
014822,various,adj.,v
014823,variously,adv.,v
014824,varnish,n.,v
014825,varsity,n.,v
014826,vary,vt.,v
014827,vascular,adj.,v
014828,vase,n.,v
014829,vast,adj.,v
014830,vastly,adv.,v
014831,vastness,n.,v
014832,vat,n.,v
014833,vault,n.,v
014834,veal,n.,v
014835,vector,n.,v
014836,veer,vi.,v
014837,vegan,n.,v
014838,vegetable,n.,v
014839,vegetarian,n.,v
014840,vegetation,n.,v
014841,vegetative,adj.,v
014842,vehemently,adv.,v
014843,vehicle,n.,v
014844,veil,n.,v
014845,veiled,adj.,v
014846,vein,n.,v
014847,velocity,n.,v
014848,velvet,n.,v
014849,velvety,adj.,v
014850,vend,v.,v
014851,vendetta,n.,v
014852,vendor,n.,v
014853,veneer,n.,v
014854,venerable,adj.,v
014855,vengeance,n.,v
014856,vengeful,adj.,v
014857,venison,n.,v
014858,venom,n.,v
014859,venous,adj.,v
014860,vent,n.,v
014861,ventilation,n.,v
014862,ventilator,n.,v
014863,venture,n.,v
014864,venue,n.,v
014865,veracity,n.,v
014866,veranda,n.,v
014867,verb,n.,v
014868,verbal,adj.,v
014869,verbally,adv.,v
014870,verdant,adj.,v
014871,verdict,n.,v
014872,verge,v.,v
014873,verification,n.,v
014874,verify,vt.,v
014875,veritable,adj.,v
014876,vernacular,adj.,v
014877,versatile,adj.,v
014878,versatility,n.,v
014879,verse,n.,v
014880,version,n.,v
014881,versus,prep.,v
014882,vertebra,n.,v
014883,vertebrate,n.,v
014884,vertical,adj.,v
014885,vertically,adv.,v
014886,vertigo,n.,v
014887,very,adv.,v
014888,vessel,n.,v
014889,vest,n.,v
014890,vested,adj.,v
014891,vestibule,n.,v
014892,vestige,n.,v
014893,vet,n.,v
014894,veteran,n.,v
014895,veterinarian,n.,v
014896,veterinary,n.,v
014897,veto,n.,v
014898,vex,vt.,v
014899,via,prep.,v
014900,viability,n.,v
014901,viable,adj.,v
014902,vial,n.,v
014903,vibrant,adj.,v
014904,vibrate,v.,v
014905,vibration,n.,v
014906,vice,n.,v
014907,vicinity,n.,v
014908,vicious,adj.,v
014909,viciously,adv.,v
014910,victim,n.,v
014911,victimization,n.,v
014912,victimize,v.,v
014913,victor,n.,v
014914,victorious,adj.,v
014915,victory,n.,v
014916,video,n.,v
014917,view,n.,v
014918,viewer,n.,v
014919,viewpoint,n.,v
014920,vigil,n.,v
014921,vigilance,n.,v
014922,vigilant,adj.,v
014923,vigilante,n.,v
014924,vignette,n.,v
014925,vigor,n.,v
014926,vigorous,adj.,v
014927,vigorously,adv.,v
014928,vile,adj.,v
014929,vilify,vt.,v
014930,villa,n.,v
014931,village,n.,v
014932,villager,n.,v
014933,villain,n.,v
014934,vinaigrette,n.,v
014935,vindicate,vt.,v
014936,vindication,n.,v
014937,vindictive,adj.,v
014938,vine,n.,v
014939,vinegar,n.,v
014940,vineyard,n.,v
014941,vintage,n.,v
014942,vinyl,n.,v
014943,violate,vt.,v
014944,violation,n.,v
014945,violator,n.,v
014946,violence,n.,v
014947,violent,adj.,v
014948,violently,adv.,v
014949,violet,n.,v
014950,violin,n.,v
014951,violinist,n.,v
014952,viral,adj.,v
014953,virgin,n.,v
014954,virginity,n.,v
014955,virtual,adj.,v
014956,virtually,adv.,v
014957,virtue,n.,v
014958,virtuoso,n.,v
014959,virtuous,adj.,v
014960,virulent,adj.,v
014961,virus,n.,v
014962,visa,n.,v
014963,visage,n.,v
014964,visceral,adj.,v
014965,visibility,n.,v
014966,visible,adj.,v
014967,visibly,adv.,v
014968,vision,n.,v
014969,visionary,adj.,v
014970,visit,n.,v
014971,visitation,n.,v
014972,visiting,n.,v
014973,visitor,n.,v
014974,visor,n.,v
014975,vista,n.,v
014976,visual,adj.,v
014977,visualization,n.,v
014978,visualize,vt.,v
014979,visually,adv.,v
014980,vital,adj.,v
014981,vitality,n.,v
014982,vitally,adv.,v
014983,vitamin,n.,v
014984,vivid,adj.,v
014985,vividly,adv.,v
014986,vocabulary,n.,v
014987,vocal,adj.,v
014988,vocalist,n.,v
014989,vocation,n.,v
014990,vocational,adj.,v
014991,vodka,n.,v
014992,vogue,n.,v
014993,voice,n.,v
014994,void,n.,v
014995,volatile,adj.,v
014996,volatility,n.,v
014997,volcanic,adj.,v
014998,volcano,n.,v
014999,vole,n.,v
015000,volley,n.,v
015001,volleyball,n.,v
015002,voltage,n.,v
015003,volume,n.,v
015004,voluminous,adj.,v
015005,voluntarily,adv.,v
015006,voluntary,adj.,v
015007,volunteer,n.,v
015008,voluptuous,adj.,v
015009,vomit,n.,v
015010,voodoo,n.,v
015011,voracious,adj.,v
015012,vortex,n.,v
015013,vote,n.,v
015014,voter,n.,v
015015,voting,n.,v
015016,vouch,vt.,v
015017,voucher,n.,v
015018,vow,n.,v
015019,vowel,n.,v
015020,voyage,n.,v
015021,vs,prep.,v
015022,vulgar,adj.,v
015023,vulnerability,n.,v
015024,vulnerable,adj.,v
015025,vulture,n.,v
015026,wacky,adj.,w
015027,wad,n.,w
015028,waddle,,w
015029,wade,vi.,w
015030,wafer,n.,w
015031,waffle,vi.,w
015032,waft,v.,w
015033,wag,vt.,w
015034,wage,n.,w
015035,wager,n.,w
015036,wagon,n.,w
015037,wail,n.,w
015038,waist,n.,w
015039,waistband,n.,w
015040,wait,v.,w
015041,waiter,n.,w
015042,waiting,n.,w
015043,waitress,n.,w
015044,waive,v.,w
015045,waiver,n.,w
015046,wake,vt.,w
015047,walk,vi.,w
015048,walker,n.,w
015049,walking,v.,w
015050,walkway,n.,w
015051,wall,n.,w
015052,wallet,n.,w
015053,walleye,n.,w
015054,wallow,vi.,w
015055,wallpaper,n.,w
015056,walnut,n.,w
015057,wan,adj.,w
015058,wand,n.,w
015059,wander,vi.,w
015060,wanderer,n.,w
015061,wandering,adj.,w
015062,wane,vi.,w
015063,want,vt.,w
015064,wanting,adj.,w
015065,wanton,adj.,w
015066,war,n.,w
015067,ward,n.,w
015068,warden,n.,w
015069,wardrobe,n.,w
015070,warehouse,n.,w
015071,warfare,n.,w
015072,warhead,n.,w
015073,warily,adv.,w
015074,warlord,n.,w
015075,warm,adj.,w
015076,warmly,adv.,w
015077,warmth,n.,w
015078,warn,vt.,w
015079,warning,n.,w
015080,warp,n.,w
015081,warplane,n.,w
015082,warrant,n.,w
015083,warranty,n.,w
015084,warring,adj.,w
015085,warrior,n.,w
015086,warship,n.,w
015087,wart,n.,w
015088,wartime,n.,w
015089,wary,adj.,w
015090,wash,n.,w
015091,washcloth,n.,w
015092,washed,adj.,w
015093,washer,n.,w
015094,washing,n.,w
015095,waste,n.,w
015096,wasteful,adj.,w
015097,wasteland,n.,w
015098,wastewater,n.,w
015099,watch,n.,w
015100,watchdog,n.,w
015101,watcher,n.,w
015102,watchful,adj.,w
015103,water,n.,w
015104,watercolor,,w
015105,waterfall,n.,w
015106,waterfowl,n.,w
015107,waterfront,n.,w
015108,watering,n.,w
015109,watermelon,n.,w
015110,waterproof,adj.,w
015111,watershed,n.,w
015112,waterway,n.,w
015113,watery,adj.,w
015114,wave,n.,w
015115,wavelength,n.,w
015116,waver,n.,w
015117,wavy,adj.,w
015118,wax,n.,w
015119,way,n.,w
015120,wayside,n.,w
015121,wayward,adj.,w
015122,we,pron.,w
015123,weak,adj.,w
015124,weaken,v.,w
015125,weakly,adv.,w
015126,weakness,n.,w
015127,wealth,n.,w
015128,wealthy,adj.,w
015129,wean,vt.,w
015130,weapon,n.,w
015131,weaponry,n.,w
015132,wear,vt.,w
015133,wearer,n.,w
015134,wearily,adv.,w
015135,weariness,n.,w
015136,wearing,adj.,w
015137,weary,adj.,w
015138,weasel,n.,w
015139,weather,n.,w
015140,weave,n.,w
015141,weaver,n.,w
015142,web,n.,w
015143,website,,w
015144,wed,v.,w
015145,wedding,n.,w
015146,wedge,n.,w
015147,wedlock,n.,w
015148,wee,adj.,w
015149,weed,n.,w
015150,week,n.,w
015151,weekday,n.,w
015152,weekend,n.,w
015153,weekly,adj.,w
015154,weep,n.,w
015155,weeping,n.,w
015156,weevil,n.,w
015157,weigh,vt.,w
015158,weight,n.,w
015159,weightless,adj.,w
015160,weighty,adj.,w
015161,weird,adj.,w
015162,welcome,n.,w
015163,weld,vt.,w
015164,welder,n.,w
015165,welfare,n.,w
015166,well,n.,w
015167,welt,n.,w
015168,west,n.,w
015169,western,adj.,w
015170,westward,n.,w
015171,wet,adj.,w
015172,wetland,n.,w
015173,whack,vt.,w
015174,whale,n.,w
015175,whaling,n.,w
015176,wham,n.,w
015177,wharf,n.,w
015178,what,pron.,w
015179,whatever,pron.,w
015180,whatsoever,pron.,w
015181,wheat,n.,w
015182,wheel,n.,w
015183,wheelbarrow,n.,w
015184,wheelchair,n.,w
015185,wheeze,vi.,w
015186,when,conj.,w
015187,whence,n.,w
015188,whenever,conj.,w
015189,where,adv.,w
015190,whereabouts,n.,w
015191,whereas,conj.,w
015192,whereby,adv.,w
015193,wherein,adv.,w
015194,whereupon,adv.,w
015195,wherever,adv.,w
015196,whether,conj.,w
015197,which,pron.,w
015198,whichever,pron.,w
015199,whiff,n.,w
015200,while,n.,w
015201,whilst,conj.,w
015202,whim,n.,w
015203,whimper,vi.,w
015204,whimsical,adj.,w
015205,whine,n.,w
015206,whip,n.,w
015207,whir,n.,w
015208,whirl,v.,w
015209,whirlpool,n.,w
015210,whirlwind,n.,w
015211,whisk,n.,w
015212,whisker,n.,w
015213,whiskey,n.,w
015214,whisky,n.,w
015215,whisper,n.,w
015216,whistle,n.,w
015217,white,n.,w
015218,whiteness,n.,w
015219,whitetail,n.,w
015220,whittle,v.,w
015221,whiz,n.,w
015222,whizz,n.,w
015223,who,pron.,w
015224,whoa,int.,w
015225,whoever,pron.,w
015226,whole,n.,w
015227,wholeness,n.,w
015228,wholesale,n.,w
015229,wholesaler,n.,w
015230,wholesome,adj.,w
015231,wholly,adv.,w
015232,whom,pron.,w
015233,whomever,pron.,w
015234,whoop,n.,w
015235,whopping,adj.,w
015236,whore,n.,w
015237,whose,pron.,w
015238,why,adv.,w
015239,wick,n.,w
015240,wicked,adj.,w
015241,wicker,n.,w
015242,wide,adj.,w
015243,widely,adv.,w
015244,widen,v.,w
015245,widespread,adj.,w
015246,widow,n.,w
015247,widower,n.,w
015248,width,n.,w
015249,wield,v.,w
015250,wife,n.,w
015251,wiggle,v.,w
015252,wild,adj.,w
015253,wilderness,n.,w
015254,wildfire,n.,w
015255,wildflower,n.,w
015256,wildlife,n.,w
015257,wildly,adv.,w
015258,will,n.,w
015259,willful,adj.,w
015260,willfully,adv.,w
015261,willing,adj.,w
015262,willingly,adv.,w
015263,willingness,n.,w
015264,willow,n.,w
015265,wilt,v.,w
015266,wily,adj.,w
015267,win,v.,w
015268,wince,v.,w
015269,wind,n.,w
015270,windbreaker,n.,w
015271,windfall,n.,w
015272,winding,n.,w
015273,windmill,n.,w
015274,window,n.,w
015275,windowsill,n.,w
015276,windshield,n.,w
015277,windswept,adj.,w
015278,windy,adj.,w
015279,wine,n.,w
015280,winery,n.,w
015281,wing,n.,w
015282,winged,adj.,w
015283,wink,n.,w
015284,winner,n.,w
015285,winning,n.,w
015286,winter,n.,w
015287,wintry,adj.,w
015288,wipe,v.,w
015289,wiper,n.,w
015290,wire,n.,w
015291,wired,adj.,w
015292,wireless,adj.,w
015293,wiretap,v.,w
015294,wiring,n.,w
015295,wiry,adj.,w
015296,wisdom,n.,w
015297,wise,adj.,w
015298,wisely,adv.,w
015299,wish,n.,w
015300,wishful,adj.,w
015301,wisp,n.,w
015302,wispy,adj.,w
015303,wistful,adj.,w
015304,wistfully,adv.,w
015305,wit,n.,w
015306,witch,n.,w
015307,witchcraft,n.,w
015308,with,prep.,w
015309,withdraw,vt.,w
015310,withdrawal,n.,w
015311,wither,vt.,w
015312,withering,adj.,w
015313,withhold,vt.,w
015314,within,n.,w
015315,without,prep.,w
015316,withstand,vt.,w
015317,witness,n.,w
015318,witty,adj.,w
015319,wizard,n.,w
015320,wobble,n.,w
015321,wobbly,adj.,w
015322,woefully,adv.,w
015323,wolf,n.,w
015324,woman,n.,w
015325,womanhood,n.,w
015326,womb,n.,w
015327,wonder,n.,w
015328,wonderful,adj.,w
015329,wonderfully,adv.,w
015330,wondrous,adj.,w
015331,woo,v.,w
015332,wood,n.,w
015333,wooded,adj.,w
015334,wooden,adj.,w
015335,woodland,n.,w
015336,woodpecker,n.,w
015337,woodwork,,w
015338,woody,adj.,w
015339,wool,n.,w
015340,woolen,adj.,w
015341,woolly,adj.,w
015342,word,n.,w
015343,wording,n.,w
015344,work,n.,w
015345,workable,adj.,w
015346,workbench,n.,w
015347,workday,n.,w
015348,worker,n.,w
015349,workhorse,n.,w
015350,working,n.,w
015351,workload,n.,w
015352,workman,n.,w
015353,workout,n.,w
015354,worksheet,,w
015355,workshop,n.,w
015356,workstation,n.,w
015357,world,n.,w
015358,worldly,adj.,w
015359,worldwide,adj.,w
015360,worm,n.,w
015361,worn,adj.,w
015362,worried,adj.,w
015363,worrisome,adj.,w
015364,worry,n.,w
015365,worrying,adj.,w
015366,worsen,v.,w
015367,worship,n.,w
015368,worshiper,n.,w
015369,worth,prep.,w
015370,worthless,adj.,w
015371,worthwhile,adj.,w
015372,worthy,n.,w
015373,would,v.,w
015374,wound,n.,w
015375,woven,vbl.,w
015376,wow,n.,w
015377,wrack,n.,w
015378,wrap,n.,w
015379,wrapper,n.,w
015380,wrapping,n.,w
015381,wrath,n.,w
015382,wreak,vt.,w
015383,wreath,n.,w
015384,wreck,n.,w
015385,wreckage,n.,w
015386,wrench,n.,w
015387,wrest,n.,w
015388,wrestle,n.,w
015389,wrestler,n.,w
015390,wrestling,n.,w
015391,wretched,adj.,w
015392,wriggle,v.,w
015393,wring,v.,w
015394,wrinkle,n.,w
015395,wrist,n.,w
015396,wristwatch,n.,w
015397,writ,n.,w
015398,write,vt.,w
015399,writer,n.,w
015400,writhe,v.,w
015401,writing,n.,w
015402,written,vbl.,w
015403,wrong,adj.,w
015404,wrongdoing,n.,w
015405,wrongful,adj.,w
015406,wrongly,adv.,w
015407,wrought,vbl.,w
015408,wry,adj.,w
015409,wryly,adv.,w
015410,ya,,y
015411,yacht,n.,y
015412,yam,n.,y
015413,yank,,y
015414,yard,n.,y
015415,yardage,n.,y
015416,yardstick,n.,y
015417,yarn,n.,y
015418,yawn,v.,y
015419,ye,,y
015420,yea,n.,y
015421,yeah,adv.,y
015422,year,n.,y
015423,yearbook,n.,y
015424,yearly,adj.,y
015425,yearn,vi.,y
015426,yearning,n.,y
015427,yeast,n.,y
015428,yell,vi.,y
015429,yellow,n.,y
015430,yellowish,adj.,y
015431,yelp,v.,y
015432,yen,n.,y
015433,yep,adv.,y
015434,yes,adv.,y
015435,yesterday,n.,y
015436,yet,adv.,y
015437,yield,v.,y
015438,yoga,n.,y
015439,yogurt,n.,y
015440,yoke,n.,y
015441,yolk,n.,y
015442,you,pron.,y
015443,young,adj.,y
015444,youngster,n.,y
015445,your,pron.,y
015446,yours,pron.,y
015447,yourself,pron.,y
015448,youth,n.,y
015449,youthful,adj.,y
015450,yummy,n.,y
015451,yup,int.,y
015452,yuppie,n.,y
015453,zap,v.,z
015454,zeal,n.,z
015455,zealot,n.,z
015456,zealous,adj.,z
015457,zebra,n.,z
015458,zenith,n.,z
015459,zero,n.,z
015460,zest,n.,z
015461,zigzag,n.,z
015462,zinc,n.,z
015463,zip,,z
015464,zipper,n.,z
015465,zombie,n.,z
015466,zone,n.,z
015467,zoning,n.,z
015468,zoo,n.,z
015469,zoom,n.,z
015470,zucchini,n.,z
015471,kissing,n.,k
015472,pairing,n.,p
015473,happiness,n.,h
015474,comforting,adj.,c
015475,fascinated,adj.,f
015476,touring,adj.,t
015477,environmentally,adv.,e
015478,tested,adj.,t
015479,buying,n.,b
015480,welcoming,adj.,w
015481,connecting,v.,c
015482,cosmetics,n.,c
015483,annoyed,adj.,a
015484,steamed,adj.,s
015485,bulging,adj.,b
015486,real-life,adj.,r
015487,depleted,adj.,d
015488,sharing,n.,s
015489,sunglasses,n.,s
015490,playing,v.,p
015491,packed,adj.,p
015492,situational,adj.,s
015493,completed,adj.,c
015494,enlarged,adj.,e
015495,trafficking,n.,t
015496,relaxing,adj.,r
015497,others,pron.,o
015498,shared,adj.,s
015499,spoiled,adj.,s
015500,observed,v.,o
015501,pilings,n.,p
015502,stressful,adj.,s
015503,trained,adj.,t
015504,conscious,adj.,c
015505,managed,v.,m
015506,adequate,adj.,a
015507,swirling,v.,s
015508,loved,v.,l
015509,responsibly,adv.,r
015510,workplace,n.,w
015511,treated,v.,t
015512,fastest,adj.,f
015513,ordering,n.,o
015514,called,v.,c
015515,changed,v.,c
015516,focused,adj.,f
015517,dreaming,v.,d
015518,activate,v.,a
015519,imported,adj.,i
015520,burned,v.,b
015521,shattered,adj.,s
015522,emerging,adj.,e
015523,merging,v.,m
015524,decorated,adj.,d
015525,developed,adj.,d
015526,girlfriend,n.,g
015527,embarrassing,adj.,e
015528,African,adj.,a
015529,AIDS,n.,a
015530,American,adj.,a
015531,ant,n.,a
015532,Antarctic,adj.,a
015533,appointment,n.,a
015534,Arab,n.,a
015535,Arabic,adj.,a
015536,Arctic,adj.,a
015537,Asian,adj.,a
015538,Australian,adj.,a
015539,barbershop,n.,b
015540,basic,adj.,b
015541,bee,n.,b
015542,British,adj.,b
015543,Buddhism,n.,b
015544,Buddhist,n.,b
015545,Canadian,adj.,c
015546,cat,n.,c
015547,challenging,adj.,c
015548,Chinese,n.,c
015549,Christian,n.,c
015550,Christmas,n.,c
015551,collar,n.,c
015552,crossroads,n.,c
015553,deer,n.,d
015554,describe,vt.,d
015555,dip,vt.,d
015556,Easter,n.,e
015557,Egyptian,adj.,e
015558,English,n.,e
015559,European,adj.,e
015560,expression,n.,e
015561,figure,n.,f
015562,firefighter,n.,f
015563,flu,n.,f
015564,founding,n.,f
015565,French,adj.,f
015566,Frenchman,n.,f
015567,furnished,adj.,f
015568,gas,n.,g
015569,German,adj.,g
015570,Greek,n.,g
015571,hay,n.,h
015572,heat,n.,h
015573,hug,vt.,h
015574,I,pron.,i
015575,indeed,adv.,i
015576,Indian,n.,i
015577,ink,n.,i
015578,Irish,adj.,i
015579,Italian,adj.,i
015580,Japanese,adj.,j
015581,judge,n.,j
015582,lake,n.,l
015583,law,n.,l
015584,Mexican,n.,m
015585,Moslem,n.,m
015586,mud,n.,m
015587,OK,int.,o
015588,Olympic,adj.,o
015589,pea,n.,p
015590,post,n.,p
015591,puzzled,,p
015592,rat,n.,r
015593,Russian,adj.,r
015594,Scottish,adj.,s
015595,smoker,n.,s
015596,soup,n.,s
015597,Spanish,adj.,s
015598,storm,n.,s
015599,Swiss,adj.,s
015600,tailor,n.,t
015601,toy,n.,t
015602,workforce,n.,w
015603,works,n.,w
015604,wounded,adj.,w
015605,ape,n.,a
015606,bombard,vt.,b
015607,collapsed,adj.,c
015608,flawed,,f
015609,intrinsically,,i
015610,Islamic,,i
015611,pave,vt.,p
015612,pharmaceutical,adj.,p
015613,projected,adj.,p
015614,rib,n.,r
015615,multicultural,,m
015616,paw,n.,p
015617,up-to-date,adj.,u
015618,well-known,,w
015619,chap,n.,c
015620,Bible,n.,b
015621,so-called,,s
015622,Marxist,n.,m
015623,van,n.,v
015624,mug,n.,m
015625,succeeding,,s
015626,misery,n.,m
015627,tub,n.,t
015628,intrinsic,adj.,i
015629,telecommunications,,t
015630,axis,n.,a
015631,pope,n.,p
015632,air-conditioning,n.,a
015633,Thanksgiving,n.,t
015634,sip,vi.,s
015635,inclusive,adj.,i
015636,defense,n.,d
015637,innovate,vt.,i
015638,individualized,adj.,i
015639,tumor,n.,t
015640,exporter,n.,e
015641,left-handed,adj.,l
015642,second-hand,,s
015643,short-term,adj.,s
015644,motivated,adj.,m
015645,automated,adj.,a
015646,clear-cut,adj.,c
015647,competitiveness,n.,c
015648,exhausting,adj.,e
015649,representation,n.,r
015650,best-seller,n.,b
015651,middle-class,adj.,m
015652,old-fashioned,adj.,o
015653,well-being,n.,w
015654,fractured,adj.,f
015655,funding,n.,f
015656,muted,adj.,m
015657,concurrently,adv.,c
015658,recyclable,adj.,r
015659,respected,adj.,r
015660,Catholic,adj.,c
015661,affordable,adj.,a
015662,supportive,adj.,s
015663,bite,vt.,b
015664,jack,n.,j
015665,Marxism,n.,m
015666,ice-cream,n.,i
015667,Internet,n.,i
015668,mistake,n.,m
015669,mom,n.,m
015670,start-up,n.,s
015671,computing,n.,c
015672,genetically,adv.,g
015673,consistently,adv.,c
015674,historically,adv.,h
015675,parenting,n.,p
015676,predominantly,adv.,p
015677,intimidating,adj.,i
015678,untreated,adj.,u
015679,overview,n.,o
015680,unintended,adj.,u
015681,biodiversity,n.,b
015682,achiever,n.,a
015683,inconsequential,adj.,i
015684,massively,adv.,m
015685,commercialization,n.,c
015686,demographics,n.,d
015687,notoriously,adv.,n
015688,Latin,n.,l
015689,grown-up,n.,g
015690,freelance,n.,f
015691,proceedings,n.,p
015692,misplaced,adj.,m
015693,by-product,n.,b
015694,caregiver,n.,c
015695,biotech,n.,b
015696,instinctively,adv.,i
015697,standardized,adj.,s
015698,outsource,vt.,o
015699,positively,adv.,p
015700,unrelated,adj.,u
015701,sustainability,n.,s
015702,predictably,adv.,p
015703,attractiveness,n.,a
015704,specialized,adj.,s
015705,uniqueness,n.,u
015706,stereotypical,adj.,s
015707,idealized,adj.,i
015708,confusing,adj.,c
015709,varying,adj.,v
015710,Catholicism,n.,c
015711,disproportionately,adv.,d
015712,obsessed,adj.,o
015713,high-profile,adj.,h
015714,embarrassed,adj.,e
015715,outraged,adj.,o
015716,overcrowded,adj.,o
015717,rallying,n.,r
015718,aggressiveness,n.,a
015719,entrepreneurship,n.,e
015720,exclusionary,adj.,e
015721,personalized,adj.,p
015722,searing,adj.,s
015723,insensitivity,n.,i
015724,empowerment,n.,e
015725,postmodern,adj.,p
015726,meaningfully,adv.,m
015727,persistently,adv.,p
015728,passionately,adv.,p
015729,avoidance,n.,a
015730,overreact,vi.,o
015731,conveyor,n.,c
015732,untested,adj.,u
015733,alarmingly,adv.,a
015734,unstoppable,adj.,u
015735,selectively,adv.,s
015736,paradoxically,adv.,p
015737,bombing,n.,b
015738,unfairly,adv.,u
015739,unfairness,n.,u
015740,fleeting,adj.,f
015741,unnamed,adj.,u
015742,entitlement,n.,e
015743,ecologically,adv.,e
015744,bruising,adj.,b
015745,representational,adj.,r
015746,biomedical,adj.,b
015747,wholeheartedly,adv.,w
015748,constitutionality,n.,c
015749,worldview,n.,w
015750,earner,n.,e
015751,interrelationship,n.,i
015752,unpredictability,n.,u
015753,lifestyle,n.,l
015754,well-educated,adj.,w
015755,environmentalist,n.,e
015756,carelessness,n.,c
015757,deprived,adj.,d
015758,globally,adv.,g
015759,opposing,adj.,o
015760,horrifying,adj.,h
015761,robotic,adj.,r
015762,bonding,n.,b
015763,hierarchical,adj.,h
015764,hysteria,n.,h
015765,marginalized,adj.,m
015766,instantaneously,,i
015767,mechanically,adv.,m
015768,Roman,n.,r
015769,moisturizer,n.,m
015770,hospitalization,n.,h
015771,buzzword,n.,b
015772,confrontational,adj.,c
015773,self-esteem,n.,s
015774,sequencing,n.,s
015775,Hebrew,n.,h
015776,Koran,n.,k
015777,unethical,adj.,u
015778,Persian,adj.,p
015779,takeover,n.,t
015780,sweatshirt,n.,s
015781,Scandinavian,adj.,s
015782,Welsh,n.,w
015783,donut,,d
015784,Islam,,i
015785,PhD,,p
015786,wig,n.,w
015787,Dutch,adj.,d
015788,Polish,,p
015789,Spaniard,n.,s
015790,Nazi,n.,n
015791,Jew,n.,j
015792,Hindu,n.,h
015793,nervousness,n.,n
015794,Swede,n.,s
015795,Israeli,n.,i
015796,VIP,n.,v
015797,clam,n.,c
015798,wasp,n.,w
015799,Mediterranean,adj.,m
015800,spokesperson,n.,s
015801,fir,n.,f
015802,Danish,adj.,d
015803,smoked,v.,s
015804,Christianity,,c
015805,oats,n.,o
015806,Scotch,n.,s
015807,Zulu,n.,z
015808,macho,adj.,m
015809,sighting,n.,s
015810,Quaker,n.,q
015811,paranoid,adj.,p
015812,narrator,n.,n
015813,playoff,n.,p
015814,unkempt,adj.,u
015815,aggrieved,adj.,a
015816,God,n.,g
015817,polio,n.,p
015818,plutonium,n.,p
015819,regression,n.,r
015820,vie,vi.,v
015821,Hispanic,adj.,h
015822,Brazilian,adj.,b
015823,extricate,vt.,e
015824,graffiti,n.,g
015825,vibe,n.,v
015826,brunette,n.,b
015827,Englishman,,e
015828,Medicaid,,m
015829,meteorological,,m
015830,checklist,n.,c
015831,loin,n.,l
015832,incomprehensible,adj.,i
015833,exodus,n.,e
015834,basics,n.,b
015835,hotline,n.,h
015836,suspenders,n.,s
015837,minefield,n.,m
015838,wares,,w
015839,Nazism,,n
015840,ion,n.,i
015841,rainforest,n.,r
015842,prod,n.,p
015843,excluding,adj.,e
015844,woe,n.,w
015845,Arabian,adj.,a
015846,mecca,n.,m
015847,Briton,n.,b
015848,Nordic,adj.,n
015849,snorkel,n.,s
015850,deli,n.,d
015851,leek,n.,l
015852,Halloween,n.,h
015853,Protestant,n.,p
015854,helm,n.,h
015855,committed,adj.,c
015856,garland,n.,g
015857,hew,vt.,h
015858,embattled,adj.,e
015859,surreal,adj.,s
015860,recycling,n.,r
015861,high-rise,n.,h
015862,restored,adj.,r
015863,curved,adj.,c
015864,stairwell,n.,s
015865,overhang,,o
015866,positioning,,p
015867,operating,,o
015868,updated,,u
015869,assigned,,a
015870,switching,,s
015871,modified,adj.,m
015872,separated,adj.,s
015873,designated,adj.,d
015874,graphically,adv.,g
015875,micro,adj.,m
015876,labeled,,l
015877,masking,n.,m
015878,hard-working,,h
015879,Portuguese,n.,p
015880,Soviet,n.,s
015881,father-in-law,n.,f
015882,upside-down,adj.,u
015883,TV,n.,t
015884,importantly,adv.,i
015885,justified,adj.,j
015886,prized,adj.,p
015887,timeline,n.,t
015888,Mrs,n.,m
015889,baby-sitter,n.,b
015890,Norwegian,n.,n
015891,open-minded,adj.,o
015892,long-term,adj.,l
015893,taker,n.,t
015894,ever-increasing,,e
015895,unhappiness,n.,u
015896,Olympics,n.,o
015897,GNP,abbr.,g
015898,mother-in-law,,m
015899,graduated,adj.,g
015900,time-consuming,adj.,t
015901,anti-war,adj.,a
015902,white-collar,,w
015903,far-fetched,adj.,f
015904,traditionalist,n.,t
015905,well-established,adj.,w
015906,trade-off,n.,t
015907,Saudi,adj.,s
015908,mid-afternoon,n.,m
015909,foolishness,n.,f
015910,Filipino,n.,f
015911,unchanging,adj.,u
015912,moderation,n.,m
015913,Mr,n.,m
015914,Republican,n.,r
015915,Congress,n.,c
015916,PM,abbr.,p
015917,Democrat,n.,d
015918,Senate,n.,s
015919,AM,abbr.,a
015920,sales,n.,s
015921,Ms,n.,m
015922,terms,n.,t
015923,United,adj.,u
015924,lots,n.,l
015925,Supreme,adj.,s
015926,Iraqi,adj.,i
015927,e-mail,n.,e
015928,Jewish,adj.,j
015929,remaining,adj.,r
015930,CEO,,c
015931,Palestinian,n.,p
015932,Muslim,n.,m
015933,ie,,i
015934,DNA,,d
015935,mm-hmm,,m
015936,depending,v.,d
015937,PC,n.,p
015938,African-American,n.,a
015939,changing,,c
015940,estimated,adj.,e
015941,T-shirt,n.,t
015942,Korean,n.,k
015943,and/or,conj.,a
015944,continuing,adj.,c
015945,full-time,adj.,f
015946,o\'\'clock,adj.,o
015947,Cuban,adj.,c
015948,expected,adj.,e
015949,perceived,,p
015950,two-thirds,,t
015951,high-tech,adj.,h
015952,one-third,n.,o
015953,chopped,adj.,c
015954,videotape,n.,v
015955,Iranian,adj.,i
015956,GOP,,g
015957,lyrics,,l
015958,warming,n.,w
015959,monitoring,n.,m
015960,Oscar,n.,o
015961,part-time,adj.,p
015962,twenty-five,,t
015963,elected,,e
015964,co-worker,n.,c
015965,supporting,,s
015966,Caribbean,adj.,c
015967,Turkish,adj.,t
015968,competing,,c
015969,x-ray,n.,x
015970,nearest,,n
015971,Vietnamese,,v
015972,Latino,n.,l
015973,culturally,,c
015974,coaching,n.,c
015975,Reverend,n.,r
015976,re-election,n.,r
015977,failed,,f
015978,uh-huh,,u
015979,fund-raising,n.,f
015980,large-scale,,l
015981,all-star,n.,a
015982,cleaning,n.,c
015983,Viking,n.,v
015984,protester,n.,p
015985,Sunni,n.,s
015986,frustrating,adj.,f
015987,Victorian,adj.,v
015988,reported,adj.,r
015989,improving,v.,i
015990,middle-aged,adj.,m
015991,subscale,n.,s
015992,protected,adj.,p
015993,five-year,adj.,f
015994,follow-up,n.,f
015995,guiding,adj.,g
015996,deployment,n.,d
015997,grass-roots,n.,g
015998,long-standing,adj.,l
015999,low-income,adj.,l
016000,two-year,adj.,t
016001,re-create,vt.,r
016002,Swedish,adj.,s
016003,Bosnian,n.,b
016004,privatization,n.,p
016005,expanded,adj.,e
016006,four-year,,f
016007,dating,n.,d
016008,Broadway,n.,b
016009,viewing,n.,v
016010,suspected,,s
016011,steroids,n.,s
016012,answering,,a
016013,boomer,n.,b
016014,fund-raiser,n.,f
016015,day-to-day,adj.,d
016016,imaging,n.,i
016017,one-time,,o
016018,Taliban,,t
016019,superstar,n.,s
016020,cease-fire,n.,c
016021,deepest,,d
016022,surviving,,s
016023,high-speed,adj.,h
016024,nervously,,n
016025,Freeman,n.,f
016026,governing,adj.,g
016027,co-author,n.,c
016028,sneakers,n.,s
016029,innings,n.,i
016030,Baptist,n.,b
016031,would-be,,w
016032,all-time,adj.,a
016033,explosives,n.,e
016034,right-wing,,r
016035,unified,adj.,u
016036,restructuring,n.,r
016037,Serbian,,s
016038,pounding,n.,p
016039,published,adj.,p
016040,Pakistani,n.,p
016041,um,int.,u
016042,signing,n.,s
016043,built-in,adj.,b
016044,hmm,,h
016045,Czech,n.,c
016046,Madame,n.,m
016047,high-quality,adj.,h
016048,half-hour,n.,h
016049,GI,abbr.,g
016050,year-round,adj.,y
016051,hands-on,adj.,h
016052,three-year,adj.,t
016053,cooked,adj.,c
016054,best-selling,adj.,b
016055,sprawling,adj.,s
016056,troubling,adj.,t
016057,black-and-white,adj.,b
016058,hiring,n.,h
016059,enhanced,adj.,e
016060,nineteenth-century,,n
016061,convicted,adj.,c
016062,Lebanese,n.,l
016063,Methodist,n.,m
016064,low-fat,,l
016065,long-distance,,l
016066,dealings,n.,d
016067,sliced,adj.,s
016068,IQ,n.,i
016069,Kurdish,adj.,k
016070,roasted,adj.,r
016071,Hawaiian,adj.,h
016072,Texan,n.,t
016073,twenty-four,,t
016074,HMO,abbr.,h
016075,jersey,n.,j
016076,working-class,adj.,w
016077,lobbying,n.,l
016078,recruiting,n.,r
016079,baked,adj.,b
016080,Episcopal,adj.,e
016081,revised,adj.,r
016082,functioning,n.,f
016083,Shiite,n.,s
016084,twisted,adj.,t
016085,attempted,adj.,a
016086,computerized,adj.,c
016087,brand-new,adj.,b
016088,GDP,,g
016089,face-to-face,,f
016090,chilling,adj.,c
016091,saut��,,s
016092,Kurd,n.,k
016093,Syrian,adj.,s
016094,gleaming,adj.,g
016095,pricing,n.,p
016096,fines,n.,f
016097,Dominican,n.,d
016098,Turk,n.,t
016099,co-founder,n.,c
016100,heightened,v.,h
016101,structured,adj.,s
016102,low-cost,adj.,l
016103,Thai,n.,t
016104,high-level,adj.,h
016105,crushed,adj.,c
016106,pry,vt.,p
016107,guided,adj.,g
016108,salsa,n.,s
016109,decision-making,n.,d
016110,hand-held,adj.,h
016111,entrepreneurial,,e
016112,starving,adj.,s
016113,three-quarters,n.,t
016114,stuffed,adj.,s
016115,exceptionally,,e
016116,recorded,adj.,r
016117,Lutheran,adj.,l
016118,hired,adj.,h
016119,president-elect,n.,p
016120,thirty-five,num.,t
016121,anticipated,,a
016122,same-sex,,s
016123,Navajo,,n
016124,three-dimensional,,t
016125,Presbyterian,n.,p
016126,inner-city,adj.,i
016127,dangerously,,d
016128,all-purpose,adj.,a
016129,first-time,adj.,f
016130,stunned,adj.,s
016131,mogul,n.,m
016132,in-depth,adj.,i
016133,differing,adj.,d
016134,high-risk,adj.,h
016135,recycled,adj.,r
016136,cross-country,adj.,c
016137,co-op,n.,c
016138,high-end,,h
016139,participating,,p
016140,long-range,adj.,l
016141,ooh,,o
016142,Judaism,n.,j
016143,midwestern,adj.,m
016144,on-site,,o
016145,guaranteed,adj.,g
016146,ballpark,n.,b
016147,peacefully,adv.,p
016148,lifting,n.,l
016149,one-year,,o
016150,last-minute,adj.,l
016151,Indonesian,adj.,i
016152,open-ended,adj.,o
016153,Finn,n.,f
016154,award-winning,adj.,a
016155,Martian,n.,m
016156,twenty-two,num.,t
016157,Haitian,n.,h
016158,advancing,adj.,a
016159,ex-wife,n.,e
016160,limo,n.,l
016161,burgeoning,adj.,b
016162,world-class,adj.,w
016163,twenty-one,num.,t
016164,cloning,n.,c
016165,networking,n.,n
016166,Cherokee,n.,c
016167,caring,adj.,c
016168,self-determination,n.,s
016169,one-half,n.,o
016170,asshole,n.,a
016171,one-way,adj.,o
016172,state-of-the-art,adj.,s
016173,man-made,adj.,m
016174,medium-high,adj.,m
016175,forty-five,n.,f
016176,tangled,adj.,t
016177,cut-off,n.,c
016178,one-on-one,,o
016179,televised,,t
016180,best-known,,b
016181,two-way,,t
016182,generating,,g
016183,CD-ROM,,c
016184,self-confidence,n.,s
016185,late-night,adj.,l
016186,licensing,n.,l
016187,close-up,n.,c
016188,stained,adj.,s
016189,prescribed,adj.,p
016190,twenty-first,,t
016191,uniformed,,u
016192,pioneering,adj.,p
016193,postseason,n.,p
016194,recurring,adj.,r
016195,prom,n.,p
016196,occupied,adj.,o
016197,self-conscious,adj.,s
016198,transnational,adj.,t
016199,darkened,v.,d
016200,ensuing,adj.,e
016201,ethnographic,,e
016202,good-looking,adj.,g
016203,light-year,,l
016204,problem-solving,n.,p
016205,para,,p
016206,warm-up,n.,w
016207,hard-core,adj.,h
016208,impaired,adj.,i
016209,dysfunctional,adj.,d
016210,buyout,n.,b
016211,soundtrack,n.,s
016212,shimmering,adj.,s
016213,self-efficacy,,s
016214,suspended,adj.,s
016215,altered,adj.,a
016216,frying,n.,f
016217,short-lived,,s
016218,re-establish,,r
016219,twenty-three,num.,t
016220,promised,v.,p
016221,congratulations,n.,c
016222,thriving,,t
016223,displaced,adj.,d
016224,mashed,adj.,m
016225,styling,n.,s
016226,mantra,n.,m
016227,imagined,v.,i
016228,DJ,,d
016229,proactive,adj.,p
016230,two-hour,adj.,t
016231,psychosocial,adj.,p
016232,coordinated,adj.,c
016233,self-defense,n.,s
016234,in-house,adj.,i
016235,self-interest,n.,s
016236,shredded,adj.,s
016237,purchasing,n.,p
016238,Hungarian,,h
016239,minced,adj.,m
016240,re-elect,vt.,r
016241,hip-hop,n.,h
016242,cost-effective,adj.,c
016243,three-day,adj.,t
016244,Colombian,adj.,c
016245,unresolved,adj.,u
016246,first-round,n.,f
016247,rebuilding,n.,r
016248,disproportionate,adj.,d
016249,All-American,adj.,a
016250,two-story,adj.,t
016251,tofu,n.,t
016252,abuser,n.,a
016253,brother-in-law,n.,b
016254,year-old,adj.,y
016255,trusted,adj.,t
016256,grieving,adj.,g
016257,Headnote,n.,h
016258,Belgian,adj.,b
016259,adrenaline,n.,a
016260,present-day,adj.,p
016261,pleasantly,adv.,p
016262,Kuwaiti,n.,k
016263,Pentagon,n.,p
016264,cellphone,n.,c
016265,dues,n.,d
016266,Austrian,adj.,a
016267,folded,adj.,f
016268,makeover,n.,m
016269,nation-state,n.,n
016270,Ethiopian,adj.,e
016271,modern-day,adj.,m
016272,blue-collar,adj.,b
016273,bewildered,adj.,b
016274,anti-semitism,n.,a
016275,defeated,adj.,d
016276,cover-up,n.,c
016277,Yugoslav,n.,y
016278,Mormon,n.,m
016279,small-town,adj.,s
016280,investing,n.,i
016281,life-threatening,adj.,l
016282,tutoring,n.,t
016283,Ukrainian,adj.,u
016284,Peruvian,adj.,p
016285,backcountry,n.,b
016286,Emmy,n.,e
016287,mussels,n.,m
016288,wrinkled,adj.,w
016289,funded,adj.,f
016290,twentieth-century,adj.,t
016291,at-risk,adj.,a
016292,oversized,adj.,o
016293,privatize,vt.,p
016294,Jordanian,adj.,j
016295,specified,adj.,s
016296,co-star,n.,c
016297,Islamist,n.,i
016298,staffing,n.,s
016299,first-class,adj.,f
016300,ATM,n.,a
016301,escalating,adj.,e
016302,far-reaching,adj.,f
016303,dwindling,adj.,d
016304,front-runner,n.,f
016305,syndicated,adj.,s
016306,Nigerian,adj.,n
016307,specificity,n.,s
016308,Taiwanese,n.,t
016309,veggie,n.,v
016310,overlapping,adj.,o
016311,steaming,adj.,s
016312,Argentine,adj.,a
016313,multiculturalism,n.,m
016314,simulated,adj.,s
016315,wake-up,n.,w
016316,third-party,adj.,t
016317,institutionalize,vt.,i
016318,shrinking,v.,s
016319,Dane,n.,d
016320,pricey,adj.,p
016321,censored,adj.,c
016322,community-based,,c
016323,pertaining,vi.,p
016324,unpublished,adj.,u
016325,full-scale,adj.,f
016326,homelessness,n.,h
016327,cross-cultural,adj.,c
016328,two-day,adj.,t
016329,re-examine,vt.,r
016330,Croatian,n.,c
016331,Anglo,n.,a
016332,six-month,n.,s
016333,pro-life,adj.,p
016334,ex-husband,n.,e
016335,quicker,adj.,q
016336,ASCII,n.,a
016337,seventy-five,num.,s
016338,after-school,adj.,a
016339,menacing,adj.,m
016340,debilitating,adj.,d
016341,patterned,adj.,p
016342,targeted,adj.,t
016343,crumbling,adj.,c
016344,songwriter,n.,s
016345,waking,n.,w
016346,toasted,adj.,t
016347,big-time,adj.,b
016348,acclaimed,,a
016349,balancing,n.,b
016350,first-year,,f
016351,glittering,adj.,g
016352,manufactured,adj.,m
016353,Californian,,c
016354,Georgian,adj.,g
016355,two-week,,t
016356,autobiographical,,a
016357,deteriorating,adj.,d
016358,headphone,n.,h
016359,LCD,,l
016360,contrasting,adj.,c
016361,sushi,,s
016362,Baltic,,b
016363,composting,n.,c
016364,Caucasian,n.,c
016365,geographically,,g
016366,oregano,n.,o
016367,secretary-general,,s
016368,low-level,adj.,l
016369,threatened,v.,t
016370,left-wing,adj.,l
016371,twenty-six,num.,t
016372,real-world,adj.,r
016373,small-scale,adj.,s
016374,miraculously,adv.,m
016375,segregated,adj.,s
016376,thirds,n.,t
016377,low-key,adj.,l
016378,restroom,n.,r
016379,IPod,n.,i
016380,bruised,adj.,b
016381,fastest-growing,adj.,f
016382,Chilean,adj.,c
016383,giftedness,n.,g
016384,preschooler,n.,p
016385,hard-line,adj.,h
016386,clinically,adv.,c
016387,bye-bye,int.,b
016388,policy-making,n.,p
016389,bullying,n.,b
016390,breast-feeding,n.,b
016391,wanted,adj.,w
016392,RBI,,r
016393,unprotected,adj.,u
016394,negotiated,v.,n
016395,mysteriously,adv.,m
016396,re-enter,vt.,r
016397,Alaskan,adj.,a
016398,liberating,adj.,l
016399,Tibetan,n.,t
016400,meticulously,adv.,m
016401,y\'\'all,,y
016402,taped,v.,t
016403,shuffling,n.,s
016404,contracting,adj.,c
016405,temp,n.,t
016406,Venetian,n.,v
016407,vice-president,n.,v
016408,nonstick,,n
016409,Jesuit,n.,j
016410,right-hand,adj.,r
016411,logistical,,l
016412,muffled,adj.,m
016413,processed,adj.,p
016414,pumping,n.,p
016415,POW,n.,p
016416,defending,v.,d
016417,facilitator,n.,f
016418,mammogram,n.,m
016419,oppressed,adj.,o
016420,his/her,pron.,h
016421,state-owned,,s
016422,twenty-eight,,t
016423,five-year-old,,f
016424,free-market,,f
016425,anti-American,adj.,a
016426,real-time,adj.,r
016427,for-profit,,f
016428,Albanian,n.,a
016429,self-control,n.,s
016430,meltdown,n.,m
016431,anti-depressant,n.,a
016432,Finnish,adj.,f
016433,wasted,adj.,w
016434,second-largest,,s
016435,weaving,n.,w
016436,high-ranking,adj.,h
016437,sentencing,n.,s
016438,week-long,adj.,w
016439,particulars,n.,p
016440,decreased,v.,d
016441,anti-abortion,adj.,a
016442,UFO,n.,u
016443,twenty-seven,,t
016444,paved,adj.,p
016445,coveted,adj.,c
016446,pouring,v.,p
016447,tasting,n.,t
016448,self-help,n.,s
016449,predicted,v.,p
016450,engineered,v.,e
016451,concealed,adj.,c
016452,accumulated,v.,a
016453,runner-up,n.,r
016454,swinging,adj.,s
016455,eighteenth-century,,e
016456,contested,adj.,c
016457,cutting-edge,adj.,c
016458,delayed,adj.,d
016459,Appalachian,adj.,a
016460,marginally,adv.,m
016461,looting,n.,l
016462,missed,,m
016463,taco,n.,t
016464,one-quarter,n.,o
016465,hard-liner,n.,h
016466,sub-Saharan,adj.,s
016467,overriding,adj.,o
016468,front-page,n.,f
016469,two-time,adj.,t
016470,transmitted,,t
016471,Byzantine,adj.,b
016472,goodies,n.,g
016473,high-powered,,h
016474,prize-winning,adj.,p
016475,Philippine,n.,p
016476,drained,adj.,d
016477,son-in-law,,s
016478,melted,adj.,m
016479,wide-eyed,adj.,w
016480,gridlock,n.,g
016481,simmering,adj.,s
016482,unilaterally,adv.,u
016483,entrenched,adj.,e
016484,intervening,adj.,i
016485,MBA,,m
016486,full-blown,adj.,f
016487,spam,n.,s
016488,nurturing,,n
016489,roasting,n.,r
016490,multimillion-dollar,,m
016491,ANOVA,,a
016492,Parmesan,,p
016493,beleaguered,adj.,b
016494,whipped,adj.,w
016495,self-sufficient,,s
016496,six-year-old,,s
016497,in-law,,i
016498,appalled,adj.,a
016499,one-sided,adj.,o
016500,waxed,adj.,w
016501,full-fledged,adj.,f
016502,anti-semitic,adj.,a
016503,helplessness,n.,h
016504,mail-order,adj.,m
016505,baby-sit,vi.,b
016506,credit-card,n.,c
016507,pre-emptive,adj.,p
016508,English-speaking,,e
016509,mid-air,n.,m
016510,twisting,n.,t
016511,localized,adj.,l
016512,cherished,adj.,c
016513,high-pitched,adj.,h
016514,wellness,n.,w
016515,named,adj.,n
016516,weathered,adj.,w
016517,six-year,,s
016518,publicized,vt.,p
016519,re-evaluate,,r
016520,elongated,adj.,e
016521,stranded,adj.,s
016522,scallions,,s
016523,marching,n.,m
016524,creatively,,c
016525,all-out,adj.,a
016526,co-owner,n.,c
016527,self-concept,n.,s
016528,Amish,n.,a
016529,approaching,v.,a
016530,full-length,adj.,f
016531,self-contained,adj.,s
016532,bloodstream,n.,b
016533,fast-growing,,f
016534,sync,v.,s
016535,boiled,adj.,b
016536,policing,n.,p
016537,over-the-counter,adj.,o
016538,first-rate,adj.,f
016539,defensively,adv.,d
016540,LED,n.,l
016541,buried,adj.,b
016542,wide-ranging,,w
016543,medium-size,,m
016544,Croat,n.,c
016545,effortlessly,,e
016546,Somali,,s
016547,push-up,n.,p
016548,lighted,adj.,l
016549,attracting,v.,a
016550,weakest,adj.,w
016551,Jamaican,adj.,j
016552,three-year-old,,t
016553,prosthetic,adj.,p
016554,year-long,adj.,y
016555,sister-in-law,n.,s
016556,medium-sized,adj.,m
016557,assisted,adj.,a
016558,gathered,v.,g
016559,doc,n.,d
016560,thirty-two,,t
016561,stand-up,adj.,s
016562,sheltered,adj.,s
016563,tropics,n.,t
016564,one-man,adj.,o
016565,two-dimensional,adj.,t
016566,nah,int.,n
016567,little-known,adj.,l
016568,rotting,v.,r
016569,land-use,n.,l
016570,brooding,adj.,b
016571,constitutionally,adv.,c
016572,single-family,adj.,s
016573,know-how,n.,k
016574,consolidated,adj.,c
016575,subsidized,adj.,s
016576,pre-war,adj.,p
016577,unregulated,adj.,u
016578,pre-service,n.,p
016579,banned,adj.,b
016580,million-dollar,adj.,m
016581,Philharmonic,adj.,p
016582,Lithuanian,n.,l
016583,Parisian,n.,p
016584,miniseries,n.,m
016585,honored,adj.,h
016586,Celtic,adj.,c
016587,eerily,adv.,e
016588,faith-based,adj.,f
016589,age-old,adj.,a
016590,Sioux,n.,s
016591,postmodernism,n.,p
016592,residuals,n.,r
016593,Armenian,n.,a
016594,major-league,,m
016595,full-size,,f
016596,lowered,v.,l
016597,organizing,,o
016598,run-down,n.,r
016599,drop-off,n.,d
016600,Romanian,adj.,r
016601,dreaded,adj.,d
016602,decentralized,adj.,d
016603,RNA,,r
016604,murdered,v.,m
016605,Eucharist,n.,e
016606,coincidentally,adv.,c
016607,self-image,n.,s
016608,much-needed,adj.,m
016609,ideologically,adv.,i
016610,TNT,n.,t
016611,heavy-duty,adj.,h
016612,regular-season,n.,r
016613,Creole,n.,c
016614,pre-existing,adj.,p
016615,defined,adj.,d
016616,fiancee,n.,f
016617,tax-free,adj.,t
016618,old-time,adj.,o
016619,HIV-positive,adj.,h
016620,thirty-six,num.,t
016621,Apache,n.,a
016622,discarded,adj.,d
016623,percentile,n.,p
016624,rusted,adj.,r
016625,take-out,n.,t
016626,restoring,v.,r
016627,blocker,n.,b
016628,one-day,n.,o
016629,avant-garde,n.,a
016630,payback,n.,p
016631,vis-a-vis,prep.,v
016632,self-reported,adj.,s
016633,Arab-Israeli,adj.,a
016634,decision-maker,n.,d
016635,flip-flop,n.,f
016636,stored,v.,s
016637,Sudanese,adj.,s
016638,gloved,adj.,g
016639,time-out,n.,t
016640,Andean,adj.,a
016641,never-ending,adj.,n
016642,Norman,n.,n
016643,twenty-nine,,t
016644,appropriateness,n.,a
016645,alarmed,,a
016646,Moroccan,adj.,m
016647,broad-based,,b
016648,abused,,a
016649,unexplained,adj.,u
016650,painstakingly,adv.,p
016651,embroidered,adj.,e
016652,frontline,n.,f
016653,web-based,adj.,w
016654,hopelessness,n.,h
016655,responsiveness,n.,r
016656,one-fifth,n.,o
016657,high-energy,,h
016658,expressed,v.,e
016659,wide-open,,w
016660,co-opt,vt.,c
016661,open-air,,o
016662,three-hour,,t
016663,shaded,adj.,s
016664,one-fourth,n.,o
016665,CPU,,c
016666,MP,abbr.,m
016667,half-century,n.,h
016668,far-flung,adj.,f
016669,deepening,n.,d
016670,self-sufficiency,n.,s
016671,self-employed,adj.,s
016672,back-to-back,adj.,b
016673,morph,vi.,m
016674,left-hand,adj.,l
016675,boyish,adj.,b
016676,Algerian,,a
016677,blackened,adj.,b
016678,Guatemalan,adj.,g
016679,seven-year,,s
016680,decorating,,d
016681,crippling,adj.,c
016682,purposefully,adv.,p
016683,double-digit,,d
016684,vanishing,,v
016685,behind-the-scenes,,b
016686,unifying,adj.,u
016687,chives,n.,c
016688,widowed,adj.,w
016689,high-performance,,h
016690,grudgingly,,g
016691,number-one,adj.,n
016692,compositional,,c
016693,regulated,adj.,r
016694,weighted,adj.,w
016695,four-day,,f
016696,glistening,adj.,g
016697,self-described,adj.,s
016698,multi-ethnic,,m
016699,returning,,r
016700,Anglican,adj.,a
016701,qualifying,adj.,q
016702,developmentally,,d
016703,frayed,adj.,f
016704,seven-year-old,,s
016705,state-run,,s
016706,mocking,adj.,m
016707,overwhelmed,adj.,o
016708,checking,n.,c
016709,long-lasting,,l
016710,dumplings,n.,d
016711,biosolids,n.,b
016712,walk-in,n.,w
016713,charred,adj.,c
016714,airlock,n.,a
016715,simplified,adj.,s
016716,stylized,adj.,s
016717,fiber-optic,adj.,f
016718,head-on,adj.,h
016719,op-ed,n.,o
016720,coded,adj.,c
016721,off-limits,adj.,o
016722,inroads,n.,i
016723,IPO,abbr.,i
016724,ranching,n.,r
016725,widening,n.,w
016726,parked,v.,p
016727,three-month,adj.,t
016728,grinning,adj.,g
016729,polluter,n.,p
016730,presumed,adj.,p
016731,Venezuelan,adj.,v
016732,three-point,n.,t
016733,characteristically,adv.,c
016734,forty-eight,num.,f
016735,well-meaning,adj.,w
016736,looter,n.,l
016737,worsening,adj.,w
016738,chi-square,n.,c
016739,Federalist,n.,f
016740,self-portrait,n.,s
016741,daycare,n.,d
016742,drumming,n.,d
016743,punishing,adj.,p
016744,like-minded,adj.,l
016745,undisclosed,adj.,u
016746,uplifting,adj.,u
016747,sixty-five,num.,s
016748,rotating,adj.,r
016749,decaying,v.,d
016750,longer-term,adj.,l
016751,laid-back,adj.,l
016752,undefeated,adj.,u
016753,five-day,adj.,f
016754,odyssey,n.,o
016755,unequivocally,adv.,u
016756,throes,n.,t
016757,ranked,adj.,r
016758,fat-free,adj.,f
016759,old-timer,n.,o
016760,at-bat,n.,a
016761,post-traumatic,adj.,p
016762,documented,adj.,d
016763,Kenyan,n.,k
016764,throbbing,adj.,t
016765,Pulitzer,n.,p
016766,one-hour,n.,o
016767,thirty-three,num.,t
016768,soft-spoken,adj.,s
016769,Basque,n.,b
016770,quickest,adj.,q
016771,undeniably,adv.,u
016772,Trojan,n.,t
016773,worst-case,n.,w
016774,up-front,adj.,u
016775,entry-level,n.,e
016776,overworked,adj.,o
016777,synergy,n.,s
016778,Pentecostal,adj.,p
016779,single-handedly,adv.,s
016780,Zionist,n.,z
016781,accelerating,adj.,a
016782,multi-party,adj.,m
016783,subtest,n.,s
016784,cross-border,adj.,c
016785,forty-two,n.,f
016786,toll-free,adj.,t
016787,blocked,adj.,b
016788,daughter-in-law,n.,d
016789,small-business,n.,s
016790,Cambodian,adj.,c
016791,three-way,adj.,t
016792,disappearing,adj.,d
016793,non-western,adj.,n
016794,thirty-four,num.,t
016795,unremarkable,adj.,u
016796,blistering,adj.,b
016797,school-based,adj.,s
016798,jalapeno,n.,j
016799,flattened,adj.,f
016800,uh-oh,int.,u
016801,high-priced,adj.,h
016802,first-ever,adj.,f
016803,two-bedroom,n.,t
016804,enchanted,adj.,e
016805,petrified,adj.,p
016806,waving,v.,w
016807,non-native,adj.,n
016808,well-defined,adj.,w
016809,fleeing,v.,f
016810,enriched,vt.,e
016811,philosophically,adv.,p
016812,gripping,adj.,g
016813,self-serving,adj.,s
016814,calming,adj.,c
016815,dark-haired,adj.,d
016816,undulating,adj.,u
016817,mid-size,adj.,m
016818,Band-Aid,n.,b
016819,civil-military,adj.,c
016820,crippled,adj.,c
016821,NAN,n.,n
016822,spectacularly,adv.,s
016823,ever-changing,adj.,e
016824,shattering,adj.,s
016825,sponsored,adj.,s
016826,warped,adj.,w
016827,customized,adj.,c
016828,manicured,adj.,m
016829,out-of-state,adj.,o
016830,pedophile,n.,p
016831,cluttered,adj.,c
016832,self-evident,adj.,s
016833,eight-year-old,adj.,e
016834,greased,vt.,g
016835,middle-income,adj.,m
016836,side-by-side,adv.,s
016837,hushed,adj.,h
016838,drafting,n.,d
016839,stay-at-home,n.,s
016840,exponentially,adv.,e
016841,homophobia,n.,h
016842,moron,n.,m
016843,charged,adj.,c
016844,insulated,adj.,i
016845,cast-iron,adj.,c
016846,Scot,n.,s
016847,predetermined,adj.,p
016848,overarching,adj.,o
016849,hard-pressed,adj.,h
016850,tortured,adj.,t
016851,winnings,n.,w
016852,gurney,n.,g
016853,slaying,n.,s
016854,welding,n.,w
016855,air-conditioned,adj.,a
016856,catering,n.,c
016857,terra-cotta,n.,t
016858,teacher-librarian,,t
016859,Siberian,,s
016860,in-service,adj.,i
016861,three-time,adj.,t
016862,English-language,,e
016863,APR,abbr.,a
016864,run-up,n.,r
016865,paparazzi,n.,p
016866,lentils,n.,l
016867,braided,adj.,b
016868,Audubon,,a
016869,predation,n.,p
016870,neoliberal,,n
016871,starship,n.,s
016872,Yoruba,,y
016873,institutionalized,adj.,i
016874,ICU,n.,i
016875,astonishingly,,a
016876,thirty-seven,,t
016877,ill-fated,,i
016878,thirty-one,,t
016879,good-natured,,g
016880,empowering,,e
016881,unsettling,adj.,u
016882,illustrated,adj.,i
016883,interagency,adj.,i
016884,three-story,adj.,t
016885,sculpted,adj.,s
016886,no-nonsense,adj.,n
016887,dumpster,n.,d
016888,four-year-old,adj.,f
016889,celebratory,adj.,c
016890,well-to-do,adj.,w
016891,one-tenth,n.,o
016892,life-size,adj.,l
016893,stainless-steel,n.,s
016894,golfing,n.,g
016895,re-emerge,vi.,r
016896,pre-dawn,adj.,p
016897,perestroika,n.,p
016898,ready-made,adj.,r
016899,spoils,n.,s
016900,orphaned,adj.,o
016901,Washington-based,adj.,w
016902,encryption,n.,e
016903,second-floor,n.,s
016904,thirty-eight,num.,t
016905,strengthening,n.,s
016906,Cajun,n.,c
016907,US-led,adj.,u
016908,kidding,v.,k
016909,gleefully,adv.,g
016910,mid-morning,n.,m
016911,self-proclaimed,adj.,s
016912,categorization,n.,c
016913,altruistic,adj.,a
016914,waning,adj.,w
016915,fifty-five,n.,f
016916,Nicaraguan,adj.,n
016917,severed,adj.,s
016918,he/she,pron.,h
016919,re-entry,n.,r
016920,adamantly,adv.,a
016921,self-worth,n.,s
016922,stereotyping,n.,s
016923,ever-present,adj.,e
016924,stamped,v.,s
016925,reggae,n.,r
016926,motorized,adj.,m
016927,Enquirer,n.,e
016928,computer-generated,,c
016929,collecting,v.,c
016930,stacked,adj.,s
016931,illuminated,adj.,i
016932,labor-intensive,adj.,l
016933,buzzing,adj.,b
016934,great-grandfather,n.,g
016935,ire,n.,i
016936,weakened,adj.,w
016937,five-minute,adj.,f
016938,well-trained,adj.,w
016939,die-hard,adj.,d
016940,co-director,n.,c
016941,private-sector,n.,p
016942,nine-year-old,adj.,n
016943,Balkan,n.,b
016944,issuing,v.,i
016945,creaking,n.,c
016946,energy-efficient,adj.,e
016947,Tamil,n.,t
016948,Protestantism,n.,p
016949,top-notch,adj.,t
016950,packaged,adj.,p
016951,law-abiding,adj.,l
016952,cross-sectional,adj.,c
016953,sh,,s
016954,riveting,adj.,r
016955,Israeli-Palestinian,adj.,i
016956,self-consciousness,n.,s
016957,deconstruct,vt.,d
016958,self-destructive,adj.,s
016959,domesticated,adj.,d
016960,chewing,n.,c
016961,powered,adj.,p
016962,impressed,adj.,i
016963,jumpsuit,n.,j
016964,well-dressed,,w
016965,health-related,,h
016966,t-test,,t
016967,sterilization,n.,s
016968,co-write,v.,c
016969,coursework,n.,c
016970,top-down,adj.,t
016971,uprooted,v.,u
016972,demeaning,adj.,d
016973,dammit,int.,d
016974,time-honored,adj.,t
016975,underly,vt.,u
016976,Panamanian,adj.,p
016977,Mayan,n.,m
016978,epidemiological,adj.,e
016979,stand-alone,adj.,s
016980,nanotechnology,,n
016981,Ramadan,,r
016982,two-year-old,,t
016983,cross-section,n.,c
016984,e-commerce,n.,e
016985,second-class,adj.,s
016986,hand-painted,adj.,h
016987,first-degree,n.,f
016988,al-Qaeda,n.,a
016989,class-action,n.,c
016990,matter-of-factly,,m
016991,windowless,adj.,w
016992,subtext,n.,s
016993,semi-automatic,adj.,s
016994,Passover,n.,p
016995,blogger,,b
016996,unanticipated,adj.,u
016997,off-road,adj.,o
016998,re-enact,vt.,r
016999,messaging,n.,m
017000,look-alike,n.,l
017001,scrambled,adj.,s
017002,fostering,,f
017003,tanned,adj.,t
017004,unintentionally,,u
017005,tainted,adj.,t
017006,judgmental,,j
017007,self-respect,n.,s
017008,tax-exempt,,t
017009,cross-examination,n.,c
017010,long-awaited,,l
017011,three-fourths,n.,t
017012,teasing,adj.,t
017013,eroding,,e
017014,Chechen,adj.,c
017015,vagaries,n.,v
017016,starkly,,s
017017,motherfucker,n.,m
017018,largemouth,n.,l
017019,hitting,n.,h
017020,meringue,n.,m
017021,self-consciously,,s
017022,Salvadoran,adj.,s
017023,at-large,adv.,a
017024,trapped,adj.,t
017025,eminently,adv.,e
017026,contending,v.,c
017027,two-part,,t
017028,blue-green,adj.,b
017029,Mexican-American,,m
017030,how-to,adj.,h
017031,hated,,h
017032,shuttered,adj.,s
017033,ground-based,,g
017034,long-running,adj.,l
017035,all-night,adj.,a
017036,invading,v.,i
017037,student-athlete,n.,s
017038,high-resolution,,h
017039,Darwinian,adj.,d
017040,co-chair,n.,c
017041,ordered,adj.,o
017042,exasperated,adj.,e
017043,belatedly,adv.,b
017044,aggravated,adj.,a
017045,galvanized,adj.,g
017046,high-stakes,adj.,h
017047,canola,n.,c
017048,maneuvering,n.,m
017049,uncontrollably,adv.,u
017050,self-government,n.,s
017051,clueless,adj.,c
017052,wimp,n.,w
017053,betrayed,v.,b
017054,single-parent,n.,s
017055,down-to-earth,adj.,d
017056,stir-fry,v.,s
017057,spying,n.,s
017058,astounded,adj.,a
017059,dead-end,n.,d
017060,MRI,abbr.,m
017061,self-reliance,n.,s
017062,Labour,n.,l
017063,foundational,adj.,f
017064,all-important,adj.,a
017065,anti-inflammatory,adj.,a
017066,oncologist,n.,o
017067,PVC,abbr.,p
017068,leveraged,adj.,l
017069,half-mile,,h
017070,metaphorically,adv.,m
017071,ethicist,n.,e
017072,categorically,,c
017073,well-documented,adj.,w
017074,tinted,adj.,t
017075,stumbling,adj.,s
017076,Libyan,adj.,l
017077,blue-eyed,,b
017078,first-person,adj.,f
017079,rusher,n.,r
017080,wannabe,n.,w
017081,user-friendly,,u
017082,LSD,,l
017083,turn-of-the-century,adj.,t
017084,able-bodied,adj.,a
017085,Anglo-American,n.,a
017086,big-city,,b
017087,dot-com,n.,d
017088,Aztec,n.,a
017089,mandated,v.,m
017090,keg,n.,k
017091,grandkid,n.,g
017092,clenched,v.,c
017093,cross-legged,adj.,c
017094,pop-up,adj.,p
017095,do-it-yourself,,d
017096,all-white,,a
017097,identified,v.,i
017098,self-report,n.,s
017099,well-intentioned,adj.,w
017100,seventeenth-century,,s
017101,karaoke,n.,k
017102,Slavic,adj.,s
017103,intifada,n.,i
017104,released,v.,r
017105,Spanish-speaking,,s
017106,fourth-quarter,,f
017107,enraged,adj.,e
017108,drive-in,n.,d
017109,editor-in-chief,n.,e
017110,round-trip,n.,r
017111,free-standing,adj.,f
017112,box-office,adj.,b
017113,autoimmune,adj.,a
017114,revered,adj.,r
017115,PDA,abbr.,p
017116,break-in,n.,b
017117,nuanced,adj.,n
017118,shelling,n.,s
017119,East-West,adj.,e
017120,liberated,adj.,l
017121,begging,n.,b
017122,lasagna,n.,l
017123,malevolent,adj.,m
017124,seamlessly,adv.,s
017125,thank-you,n.,t
017126,meth,n.,m
017127,one-room,,o
017128,treasured,adj.,t
017129,crosstalk,n.,c
017130,re-enactment,n.,r
017131,sensing,n.,s
017132,Malaysian,adj.,m
017133,precariously,adv.,p
017134,latte,n.,l
017135,flooded,adj.,f
017136,cold-blooded,adj.,c
017137,eight-year,,e
017138,walled,adj.,w
017139,unfulfilled,adj.,u
017140,mirrored,adj.,m
017141,old-growth,,o
017142,step-by-step,adj.,s
017143,separating,v.,s
017144,umm,,u
017145,sweating,n.,s
017146,slow-moving,adj.,s
017147,pita,n.,p
017148,marginalization,n.,m
017149,door-to-door,adj.,d
017150,Freudian,adj.,f
017151,Olympian,adj.,o
017152,bubbling,adj.,b
017153,dismayed,adj.,d
017154,forged,adj.,f
017155,six-pack,n.,s
017156,fast-moving,adj.,f
017157,sagging,n.,s
017158,next-door,adj.,n
017159,thrilled,adj.,t
017160,Franciscan,n.,f
017161,self-imposed,adj.,s
017162,upper-class,adj.,u
017163,lined,adj.,l
017164,forty-three,,f
017165,rioting,n.,r
017166,institutionalization,n.,i
017167,latter-day,adj.,l
017168,collapsing,v.,c
017169,enforcer,n.,e
017170,improvised,adj.,i
017171,ordained,v.,o
017172,co-host,n.,c
017173,mid-century,n.,m
017174,tailback,n.,t
017175,campaigning,n.,c
017176,withholding,n.,w
017177,ten-year-old,,t
017178,drug-related,,d
017179,first-generation,,f
017180,snowboard,n.,s
017181,khakis,n.,k
017182,white-haired,adj.,w
017183,Irishman,n.,i
017184,commander-in-chief,n.,c
017185,test-retest,n.,t
017186,close-knit,adj.,c
017187,red-hot,adj.,r
017188,prohibited,adj.,p
017189,drive-by,n.,d
017190,overheated,adj.,o
017191,floured,adj.,f
017192,spilled,v.,s
017193,co-chairman,n.,c
017194,signifier,n.,s
017195,second-generation,adj.,s
017196,gendered,adj.,g
017197,unsustainable,adj.,u
017198,CPA,,c
017199,rafting,n.,r
017200,busted,adj.,b
017201,airstrike,n.,a
017202,hour-long,adj.,h
017203,computer-based,adj.,c
017204,spraying,n.,s
017205,stripped,adj.,s
017206,restlessness,n.,r
017207,rinsed,v.,r
017208,extra-virgin,adj.,e
017209,ballgame,n.,b
017210,medium-low,adj.,m
017211,low-wage,adj.,l
017212,forty-four,num.,f
017213,Likert-type,,l
017214,school-age,n.,s
017215,articulated,adj.,a
017216,co-pilot,n.,c
017217,sizzling,adj.,s
017218,all-day,adj.,a
017219,life-saving,adj.,l
017220,centuries-old,adj.,c
017221,ricotta,n.,r
017222,PSI,n.,p
017223,tightening,n.,t
017224,mean-spirited,adj.,m
017225,paralyzed,adj.,p
017226,shaping,n.,s
017227,enforced,vt.,e
017228,politicization,n.,p
017229,well-worn,adj.,w
017230,world-famous,adj.,w
017231,Ponce,n.,p
017232,Inca,n.,i
017233,parent-child,n.,p
017234,Icelandic,adj.,i
017235,filming,n.,f
017236,rumpled,adj.,r
017237,overpriced,adj.,o
017238,chemo,n.,c
017239,weakening,n.,w
017240,ravages,n.,r
017241,four-hour,adj.,f
017242,unplanned,adj.,u
017243,space-time,n.,s
017244,assertiveness,n.,a
017245,molester,n.,m
017246,oeuvre,n.,o
017247,self-awareness,n.,s
017248,non-white,adj.,n
017249,head-to-head,adj.,h
017250,full-service,adj.,f
017251,boxed,adj.,b
017252,quarter-century,n.,q
017253,peeled,adj.,p
017254,patented,adj.,p
017255,eighth-grade,n.,e
017256,lair,n.,l
017257,admitting,v.,a
017258,value-added,adj.,v
017259,matched,adj.,m
017260,marcher,n.,m
017261,second-year,adj.,s
017262,shifter,n.,s
017263,hard-boiled,adj.,h
017264,horse-drawn,adj.,h
017265,Aryan,n.,a
017266,high-pressure,adj.,h
017267,matter-of-fact,adj.,m
017268,self-pity,n.,s
017269,unexplored,adj.,u
017270,black-eyed,adj.,b
017271,panicked,v.,p
017272,screener,n.,s
017273,blurred,adj.,b
017274,wrangling,n.,w
017275,jihadist,n.,j
017276,incriminating,adj.,i
017277,unionized,adj.,u
017278,custom-made,adj.,c
017279,Sandinista,n.,s
017280,sixth-grade,,s
017281,baguette,n.,b
017282,thirty-nine,,t
017283,justifiably,adv.,j
017284,esteemed,adj.,e
017285,forty-seven,,f
017286,soundbite,n.,s
017287,filtering,n.,f
017288,big-name,adj.,b
017289,alienating,v.,a
017290,two-lane,adj.,t
017291,feared,v.,f
017292,sit-up,n.,s
017293,great-grandmother,n.,g
017294,to-do,n.,t
017295,blended,adj.,b
017296,single-minded,adj.,s
017297,light-hearted,adj.,l
017298,delusional,adj.,d
017299,fine-tuning,n.,f
017300,deep-seated,adj.,d
017301,e-mailed,v.,e
017302,self-made,adj.,s
017303,underfunded,adj.,u
017304,stunningly,adv.,s
017305,cul-de-sac,n.,c
017306,ensconced,adj.,e
017307,face-lift,n.,f
017308,uncomplicated,adj.,u
017309,downed,adj.,d
017310,scratching,n.,s
017311,three-week,adj.,t
017312,fifth-grade,n.,f
017313,tree-lined,adj.,t
017314,diced,adj.,d
017315,self-expression,n.,s
017316,whistle-blower,n.,w
017317,coal-fired,adj.,c
017318,Yiddish,n.,y
017319,supermodel,n.,s
017320,heart-shaped,adj.,h
017321,sought-after,adj.,s
017322,third-largest,,t
017323,obsessively,adv.,o
017324,bleached,adj.,b
017325,yellowed,v.,y
017326,molded,adj.,m
017327,gray-haired,adj.,g
017328,uncharacteristically,adv.,u
017329,ten-year,,t
017330,coveralls,n.,c
017331,rollover,n.,r
017332,urging,n.,u
017333,one-dimensional,adj.,o
017334,feel-good,adj.,f
017335,low-tech,adj.,l
017336,stained-glass,n.,s
017337,off-duty,adj.,o
017338,pre-columbian,adj.,p
017339,worn-out,adj.,w
017340,intoxicating,adj.,i
017341,momma,n.,m
017342,subprime,adj.,s
017343,occupying,adj.,o
017344,six-day,n.,s
017345,groupie,n.,g
017346,child-rearing,n.,c
017347,co-found,v.,c
017348,far-off,adj.,f
017349,refrigerated,adj.,r
017350,carry-on,n.,c
017351,low-lying,adj.,l
017352,unraveled,v.,u
017353,forty-one,num.,f
017354,heh,int.,h
017355,not-for-profit,adj.,n
017356,ahh,int.,a
017357,whistling,n.,w
017358,Spanish-language,adj.,s
017359,labeling,n.,l
017360,Alamo,n.,a
017361,cost-benefit,n.,c
017362,sixteenth-century,adj.,s
017363,crumbled,v.,c
017364,floodwaters,n.,f
017365,mass-produced,adj.,m
017366,wrought-iron,,w
017367,naturalized,adj.,n
017368,politicized,adj.,p
017369,eighty-five,num.,e
017370,self-centered,adj.,s
017371,foreign-born,adj.,f
017372,big-screen,n.,b
017373,three-bedroom,adj.,t
017374,pleated,adj.,p
017375,self-regulation,n.,s
017376,Astrodome,n.,a
017377,unwrapped,vt.,u
017378,CFC,,c
017379,triathlon,n.,t
017380,misperception,n.,m
017381,Stalinist,adj.,s
017382,goodnight,int.,g
017383,long-term-care,,l
017384,one-party,adj.,o
017385,yo-yo,n.,y
017386,puffing,n.,p
017387,top-ranked,adj.,t
017388,un-american,adj.,u
017389,unrecognizable,adj.,u
017390,ADHD,,a
017391,no-brainer,n.,n
017392,euphoric,adj.,e
017393,mind-boggling,adj.,m
017394,cooperatively,adv.,c
017395,vanquished,adj.,v
017396,case-by-case,adv.,c
017397,win-win,n.,w
017398,coffeehouse,n.,c
017399,heavy-handed,adj.,h
017400,fiscally,adv.,f
017401,age-related,adj.,a
017402,anti-aircraft,adj.,a
017403,imprisoned,adj.,i
017404,scarred,adj.,s
017405,five-star,adj.,f
017406,mutilated,adj.,m
017407,sprained,adj.,s
017408,old-school,adj.,o
017409,sorbet,n.,s
017410,botched,adj.,b
017411,six-week,adj.,s
017412,well-off,adj.,w
017413,indiscriminately,adv.,i
017414,disguised,adj.,d
017415,vanished,v.,v
017416,unimpressed,adj.,u
017417,amp,n.,a
017418,poisoned,adj.,p
017419,circumcision,n.,c
017420,you-all,pron.,y
017421,magnifying,adj.,m
017422,precipitously,adv.,p
017423,red-haired,adj.,r
017424,video-game,n.,v
017425,uncertainly,adv.,u
017426,self-perception,n.,s
017427,wrecked,adj.,w
017428,anti-communist,n.,a
017429,stand-in,n.,s
017430,run-in,n.,r
017431,cropped,adj.,c
017432,hard-earned,adj.,h
017433,hijacking,n.,h
017434,compromised,adj.,c
017435,first-quarter,n.,f
017436,three-part,adj.,t
017437,well-designed,adj.,w
017438,empty-handed,adj.,e
017439,flushed,adj.,f
017440,sighted,adj.,s
017441,Americanization,n.,a
017442,quivering,adj.,q
017443,second-round,n.,s
017444,chain-link,n.,c
017445,ninety-nine,n.,n
017446,four-wheel,adj.,f
017447,burned-out,adj.,b
017448,renovated,adj.,r
017449,well-rounded,adj.,w
017450,jump-start,n.,j
017451,high-flying,adj.,h
017452,half-hearted,adj.,h
017453,affordability,n.,a
017454,whole-wheat,adj.,w
017455,fifty-two,n.,f
017456,shaved,v.,s
017457,unabashedly,adv.,u
017458,croissant,n.,c
017459,early-morning,,e
017460,fast-paced,adj.,f
017461,long-lost,adj.,l
017462,Euro-American,n.,e
017463,teenaged,adj.,t
017464,drunkenness,n.,d
017465,gutsy,adj.,g
017466,chutney,n.,c
017467,one-of-a-kind,,o
017468,startlingly,adv.,s
017469,self-taught,adj.,s
017470,black-owned,,b
017471,no-hitter,n.,n
017472,destroyed,v.,d
017473,profiling,n.,p
017474,disapproving,adj.,d
017475,yer,,y
017476,third-generation,,t
017477,forty-six,,f
017478,cooperating,v.,c
017479,three-pointer,,t
017480,evolved,v.,e
017481,long-ago,adj.,l
017482,backpacker,n.,b
017483,autopilot,n.,a
017484,microbiologist,n.,m
017485,skewed,adj.,s
017486,ninety-five,,n
017487,tenured,adj.,t
017488,four-star,adj.,f
017489,pent-up,adj.,p
017490,Afro-American,n.,a
017491,meta-analysis,n.,m
017492,snow-covered,adj.,s
017493,defenseman,n.,d
017494,Prussian,adj.,p
017495,one-stop,adj.,o
017496,Hopi,n.,h
017497,role-playing,n.,r
017498,left-hander,n.,l
017499,gamma-ray,n.,g
017500,Christmastime,n.,c
017501,roller-coaster,n.,r
017502,soiled,adj.,s
017503,nightlife,n.,n
017504,deep-sea,adj.,d
017505,assistive,adj.,a
017506,full-page,adj.,f
017507,directed,adj.,d
017508,born-again,adj.,b
017509,co-sponsor,n.,c
017510,fired,v.,f
017511,redshift,n.,r
017512,offered,v.,o
017513,self-righteous,adj.,s
017514,double-edged,adj.,d
017515,dismantling,n.,d
017516,third-quarter,,t
017517,male-dominated,adj.,m
017518,Aussie,n.,a
017519,Anglo-Saxon,n.,a
017520,gated,adj.,g
017521,stalled,adj.,s
017522,counterculture,n.,c
017523,devastated,adj.,d
017524,domed,adj.,d
017525,front-line,n.,f
017526,folic,adj.,f
017527,so-and-so,n.,s
017528,powerlessness,n.,p
017529,blue-chip,adj.,b
017530,second-degree,adj.,s
017531,U-turn,n.,u
017532,self-doubt,n.,s
017533,out-of-town,adj.,o
017534,mammography,n.,m
017535,no-fly,,n
017536,winemaker,n.,w
017537,shake-up,n.,s
017538,above-average,adj.,a
017539,anti-drug,adj.,a
017540,nation-building,n.,n
017541,have-not,n.,h
017542,state-sponsored,adj.,s
017543,preconceived,adj.,p
017544,bloodied,adj.,b
017545,well-developed,adj.,w
017546,well-heeled,adj.,w
017547,pinched,adj.,p
017548,Inter-American,adj.,i
017549,buttered,adj.,b
017550,lightbulb,n.,l
017551,wok,n.,w
017552,songwriting,n.,s
017553,unplugged,adj.,u
017554,generalizability,n.,g
017555,on-the-job,,o
017556,fourth-grade,,f
017557,walkie-talkie,,w
017558,smarts,,s
017559,polarized,,p
017560,eye-catching,,e
017561,bipartisanship,,b
017562,year-end,,y
017563,reassessment,,r
017564,top-rated,,t
017565,long-held,,l
017566,free-trade,,f
017567,overrated,,o
017568,brand-name,,b
017569,undeterred,,u
017570,Sabine,,s
017571,public-relations,,p
017572,impeccably,,i
017573,abnormally,,a
017574,criminalize,,c
017575,methadone,,m
017576,rebuilt,,r
017577,one-bedroom,,o
017578,war-torn,,w
017579,larger-than-life,,l
017580,laissez-faire,,l
017581,store-bought,,s
017582,undemocratic,,u
017583,echoing,,e
017584,high-definition,,h
017585,stalking,,s
017586,post-mortem,,p
017587,escaping,,e
017588,skinless,,s
017589,fluttering,,f
017590,mental-health,,m
017591,blow-up,,b
017592,Florentine,,f
017593,Asian-American,,a
017594,engraved,,e
017595,erroneously,,e
017596,half-million,,h
017597,softened,,s
017598,revamped,,r
017599,uncharacteristic,,u
017600,inscribed,,i
017601,cheating,,c
017602,whispered,,w
017603,intensified,,i
017604,minor-league,adj.,m
017605,exploited,adj.,e
017606,randomized,adj.,r
017607,Flemish,n.,f
017608,work-related,,w
017609,treatable,adj.,t
017610,reflexively,adv.,r
017611,unsweetened,adj.,u
017612,long-lived,adj.,l
017613,deep-water,adj.,d
017614,Shakespearean,adj.,s
017615,discounted,adj.,d
017616,exclusivity,n.,e
017617,two-fold,adj.,t
017618,reinvention,n.,r
017619,escaped,v.,e
017620,first-place,,f
017621,understated,adj.,u
017622,evidence-based,,e
017623,unsubstantiated,adj.,u
017624,anti-government,adj.,a
017625,Newtonian,adj.,n
017626,Sicilian,adj.,s
017627,rejected,v.,r
017628,muddled,adj.,m
017629,Mojave,n.,m
017630,phonological,adj.,p
017631,seven-day,adj.,s
017632,conquering,,c
017633,spatially,adv.,s
017634,smoldering,adj.,s
017635,wrenching,adj.,w
017636,science-fiction,n.,s
017637,granting,v.,g
017638,old-style,adj.,o
017639,naysayer,n.,n
